Algorithm_1,Algorithm_2,Mean_Diff,T_Statistic,P_Value,Cohens_D,Significant_05
selected_dbfp_dense_videomme_blip_k16_alpha0.5_adaptive_short_2.0_med_3.0_long_5.0_score_diff_iter1,selected_dbfp_dense_videomme_blip_k16_alpha0.5_adaptive_short_2.0_med_3.0_long_5.0_score_diff_iter2,-0.004138957103827445,-0.19808315539753776,0.8430473211421308,-0.016200444558223788,No
selected_dbfp_dense_videomme_blip_k16_alpha0.5_adaptive_short_2.0_med_3.0_long_5.0_score_diff_iter1,selected_dbfp_dense_videomme_blip_k16_alpha0.5_adaptive_short_2.0_med_3.0_long_5.0_score_diff_iter3,0.006445496800781408,0.31311930628982754,0.7542991960641598,0.025608800245961464,No
selected_dbfp_dense_videomme_blip_k16_alpha0.5_adaptive_short_2.0_med_3.0_long_5.0_score_diff_iter1,selected_dbfp_dense_videomme_blip_k16_alpha0.5_adaptive_short_2.0_med_3.0_long_5.0_temporal_iter1,-2.8911675117593294e-05,-0.001414713600813657,0.9988716940353193,-0.00011570387794771296,No
selected_dbfp_dense_videomme_blip_k16_alpha0.5_adaptive_short_2.0_med_3.0_long_5.0_score_diff_iter1,selected_dbfp_dense_videomme_blip_k16_alpha0.5_adaptive_short_2.0_med_3.0_long_5.0_temporal_iter2,-0.0047175960309952525,-0.22526388540058,0.8218509509780186,-0.018423449885993697,No
selected_dbfp_dense_videomme_blip_k16_alpha0.5_adaptive_short_2.0_med_3.0_long_5.0_score_diff_iter1,selected_dbfp_dense_videomme_blip_k16_alpha0.5_adaptive_short_2.0_med_3.0_long_5.0_temporal_iter3,0.008565052397630613,0.4196762660216475,0.6748726947158459,0.03432367613540656,No
selected_dbfp_dense_videomme_blip_k16_alpha0.5_adaptive_short_2.0_med_3.0_long_5.0_score_diff_iter1,selected_dbfp_dense_videomme_blip_k16_alpha0.5_adaptive_short_2.0_med_4.0_long_6.0_score_diff_iter1,0.0013429664062956648,0.06559386168927439,0.9477230983004912,0.00536466473723516,No
selected_dbfp_dense_videomme_blip_k16_alpha0.5_adaptive_short_2.0_med_3.0_long_5.0_score_diff_iter1,selected_dbfp_dense_videomme_blip_k16_alpha0.5_adaptive_short_2.0_med_4.0_long_6.0_score_diff_iter2,-0.006900722786625846,-0.3324630148037413,0.7396561698841063,-0.02719084632294936,No
selected_dbfp_dense_videomme_blip_k16_alpha0.5_adaptive_short_2.0_med_3.0_long_5.0_score_diff_iter1,selected_dbfp_dense_videomme_blip_k16_alpha0.5_adaptive_short_2.0_med_4.0_long_6.0_score_diff_iter3,0.002284427309886733,0.11182405300350008,0.9110004391549504,0.009145650803597437,No
selected_dbfp_dense_videomme_blip_k16_alpha0.5_adaptive_short_2.0_med_3.0_long_5.0_score_diff_iter1,selected_dbfp_dense_videomme_blip_k16_alpha0.5_adaptive_short_2.0_med_4.0_long_6.0_temporal_iter1,0.002127428989769531,0.1053062978934977,0.9161680778310181,0.008612589167119203,No
selected_dbfp_dense_videomme_blip_k16_alpha0.5_adaptive_short_2.0_med_3.0_long_5.0_score_diff_iter1,selected_dbfp_dense_videomme_blip_k16_alpha0.5_adaptive_short_2.0_med_4.0_long_6.0_temporal_iter2,-0.021306273509558715,-0.9960165604984834,0.319644949087456,-0.0814602889867245,No
selected_dbfp_dense_videomme_blip_k16_alpha0.5_adaptive_short_2.0_med_3.0_long_5.0_score_diff_iter1,selected_dbfp_dense_videomme_blip_k16_alpha0.5_adaptive_short_2.0_med_4.0_long_6.0_temporal_iter3,-0.007704480585057544,-0.3683873187331642,0.7127148226538627,-0.03012895428349007,No
selected_dbfp_dense_videomme_blip_k16_alpha0.5_adaptive_short_2.0_med_3.0_long_5.0_score_diff_iter1,selected_dbfp_dense_videomme_blip_k16_alpha0.5_adaptive_short_2.0_med_5.0_long_8.0_score_diff_iter1,-0.01461867266908648,-0.6854792962055999,0.4933071566349918,-0.05606266378627628,No
selected_dbfp_dense_videomme_blip_k16_alpha0.5_adaptive_short_2.0_med_3.0_long_5.0_score_diff_iter1,selected_dbfp_dense_videomme_blip_k16_alpha0.5_adaptive_short_2.0_med_5.0_long_8.0_score_diff_iter2,-0.010952506496378162,-0.5276800856463977,0.5979171253776345,-0.04315688505968369,No
selected_dbfp_dense_videomme_blip_k16_alpha0.5_adaptive_short_2.0_med_3.0_long_5.0_score_diff_iter1,selected_dbfp_dense_videomme_blip_k16_alpha0.5_adaptive_short_2.0_med_5.0_long_8.0_score_diff_iter3,-0.00014481737556690244,-0.007058664419327282,0.9943704014886168,-0.0005773004840733704,No
selected_dbfp_dense_videomme_blip_k16_alpha0.5_adaptive_short_2.0_med_3.0_long_5.0_score_diff_iter1,selected_dbfp_dense_videomme_blip_k16_alpha0.5_adaptive_short_2.0_med_5.0_long_8.0_temporal_iter1,-0.008304423897044277,-0.39821891670288445,0.690610953754188,-0.032568763702474586,No
selected_dbfp_dense_videomme_blip_k16_alpha0.5_adaptive_short_2.0_med_3.0_long_5.0_score_diff_iter1,selected_dbfp_dense_videomme_blip_k16_alpha0.5_adaptive_short_2.0_med_5.0_long_8.0_temporal_iter2,-0.021737403067292493,-1.011434310773818,0.31221766709749016,-0.0827212463416989,No
selected_dbfp_dense_videomme_blip_k16_alpha0.5_adaptive_short_2.0_med_3.0_long_5.0_score_diff_iter1,selected_dbfp_dense_videomme_blip_k16_alpha0.5_adaptive_short_2.0_med_5.0_long_8.0_temporal_iter3,-0.0045532739617771545,-0.21659532591950847,0.8285975968511047,-0.017714482399661235,No
selected_dbfp_dense_videomme_blip_k16_alpha0.5_adaptive_short_2.0_med_3.0_long_5.0_score_diff_iter1,selected_dbfp_dense_videomme_blip_k16_alpha0.5_adaptive_short_3.0_med_6.0_long_10.0_score_diff_iter1,-0.011302091845825452,-0.5393437810098045,0.5898504128689166,-0.04411081298416913,No
selected_dbfp_dense_videomme_blip_k16_alpha0.5_adaptive_short_2.0_med_3.0_long_5.0_score_diff_iter1,selected_dbfp_dense_videomme_blip_k16_alpha0.5_adaptive_short_3.0_med_6.0_long_10.0_score_diff_iter2,0.002864806997268071,0.13956247436142583,0.8890526812883093,0.011414267518995751,No
selected_dbfp_dense_videomme_blip_k16_alpha0.5_adaptive_short_2.0_med_3.0_long_5.0_score_diff_iter1,selected_dbfp_dense_videomme_blip_k16_alpha0.5_adaptive_short_3.0_med_6.0_long_10.0_score_diff_iter3,-0.00443223064928272,-0.21424618984721858,0.8304281113032717,-0.017522355760650983,No
selected_dbfp_dense_videomme_blip_k16_alpha0.5_adaptive_short_2.0_med_3.0_long_5.0_score_diff_iter1,selected_dbfp_dense_videomme_blip_k16_alpha0.5_adaptive_short_3.0_med_6.0_long_10.0_temporal_iter1,-0.01287834284182851,-0.617676605307636,0.5370236757054937,-0.05051734751631405,No
selected_dbfp_dense_videomme_blip_k16_alpha0.5_adaptive_short_2.0_med_3.0_long_5.0_score_diff_iter1,selected_dbfp_dense_videomme_blip_k16_alpha0.5_adaptive_short_3.0_med_6.0_long_10.0_temporal_iter2,0.0013022123645397565,0.06377530366715575,0.9491704548201996,0.00521593200707446,No
selected_dbfp_dense_videomme_blip_k16_alpha0.5_adaptive_short_2.0_med_3.0_long_5.0_score_diff_iter1,selected_dbfp_dense_videomme_blip_k16_alpha0.5_adaptive_short_3.0_med_6.0_long_10.0_temporal_iter3,0.00471854914642747,0.22836074651906837,0.8194438684485139,0.01867673000363779,No
selected_dbfp_dense_videomme_blip_k16_alpha0.5_adaptive_short_2.0_med_3.0_long_5.0_score_diff_iter1,selected_dbfp_dense_videomme_blip_k16_alpha0.85_adaptive_short_2.0_med_3.0_long_5.0_score_diff_iter1,-0.005211882091344572,-0.2541218728651197,0.7994887592514448,-0.020783631506126422,No
selected_dbfp_dense_videomme_blip_k16_alpha0.5_adaptive_short_2.0_med_3.0_long_5.0_score_diff_iter1,selected_dbfp_dense_videomme_blip_k16_alpha0.85_adaptive_short_2.0_med_3.0_long_5.0_score_diff_iter2,-0.0035348110664684407,-0.17208649507057458,0.8634277503373673,-0.014074279638434925,No
selected_dbfp_dense_videomme_blip_k16_alpha0.5_adaptive_short_2.0_med_3.0_long_5.0_score_diff_iter1,selected_dbfp_dense_videomme_blip_k16_alpha0.85_adaptive_short_2.0_med_3.0_long_5.0_score_diff_iter3,0.0007133915753188835,0.03519675464469324,0.9719345952128703,0.0028786045457357707,No
selected_dbfp_dense_videomme_blip_k16_alpha0.5_adaptive_short_2.0_med_3.0_long_5.0_score_diff_iter1,selected_dbfp_dense_videomme_blip_k16_alpha0.85_adaptive_short_2.0_med_3.0_long_5.0_temporal_iter1,0.007774580596807051,0.3866191852074684,0.6991756837660926,0.0316200671023632,No
selected_dbfp_dense_videomme_blip_k16_alpha0.5_adaptive_short_2.0_med_3.0_long_5.0_score_diff_iter1,selected_dbfp_dense_videomme_blip_k16_alpha0.85_adaptive_short_2.0_med_3.0_long_5.0_temporal_iter2,0.0035521469249712445,0.17388716415704206,0.8620129875161034,0.014221549299018971,No
selected_dbfp_dense_videomme_blip_k16_alpha0.5_adaptive_short_2.0_med_3.0_long_5.0_score_diff_iter1,selected_dbfp_dense_videomme_blip_k16_alpha0.85_adaptive_short_2.0_med_3.0_long_5.0_temporal_iter3,-0.0075758641681155925,-0.3622893231678521,0.7172638306256796,-0.029630223137420728,No
selected_dbfp_dense_videomme_blip_k16_alpha0.5_adaptive_short_2.0_med_3.0_long_5.0_score_diff_iter1,selected_dbfp_dense_videomme_blip_k16_alpha0.85_adaptive_short_2.0_med_4.0_long_6.0_score_diff_iter1,-0.013803061604912292,-0.6602830065547728,0.5093264784669285,-0.05400195801179923,No
selected_dbfp_dense_videomme_blip_k16_alpha0.5_adaptive_short_2.0_med_3.0_long_5.0_score_diff_iter1,selected_dbfp_dense_videomme_blip_k16_alpha0.85_adaptive_short_2.0_med_4.0_long_6.0_score_diff_iter2,-0.009862871148464708,-0.47455903271903793,0.6352745590073696,-0.03881232244165712,No
selected_dbfp_dense_videomme_blip_k16_alpha0.5_adaptive_short_2.0_med_3.0_long_5.0_score_diff_iter1,selected_dbfp_dense_videomme_blip_k16_alpha0.85_adaptive_short_2.0_med_4.0_long_6.0_score_diff_iter3,-0.005781359261721963,-0.27972703520254183,0.77978366108478,-0.022877777336445013,No
selected_dbfp_dense_videomme_blip_k16_alpha0.5_adaptive_short_2.0_med_3.0_long_5.0_score_diff_iter1,selected_dbfp_dense_videomme_blip_k16_alpha0.85_adaptive_short_2.0_med_4.0_long_6.0_temporal_iter1,-0.008082409871449786,-0.390345754871432,0.6964198989260328,-0.03192484865953722,No
selected_dbfp_dense_videomme_blip_k16_alpha0.5_adaptive_short_2.0_med_3.0_long_5.0_score_diff_iter1,selected_dbfp_dense_videomme_blip_k16_alpha0.85_adaptive_short_2.0_med_4.0_long_6.0_temporal_iter2,-0.015115122625899952,-0.7190528988107705,0.47238920779004345,-0.0588085170642839,No
selected_dbfp_dense_videomme_blip_k16_alpha0.5_adaptive_short_2.0_med_3.0_long_5.0_score_diff_iter1,selected_dbfp_dense_videomme_blip_k16_alpha0.85_adaptive_short_2.0_med_4.0_long_6.0_temporal_iter3,-0.022491407144137138,-1.0549094314947418,0.2918927614055947,-0.08627690596877965,No
selected_dbfp_dense_videomme_blip_k16_alpha0.5_adaptive_short_2.0_med_3.0_long_5.0_score_diff_iter1,selected_dbfp_dense_videomme_blip_k16_alpha0.85_adaptive_short_2.0_med_5.0_long_8.0_score_diff_iter1,-0.015353058816164805,-0.7278320198849315,0.46700129591966777,-0.05952652696055772,No
selected_dbfp_dense_videomme_blip_k16_alpha0.5_adaptive_short_2.0_med_3.0_long_5.0_score_diff_iter1,selected_dbfp_dense_videomme_blip_k16_alpha0.85_adaptive_short_2.0_med_5.0_long_8.0_score_diff_iter2,-0.009431842018299524,-0.4522737468280722,0.6512357999973323,-0.03698969629882376,No
selected_dbfp_dense_videomme_blip_k16_alpha0.5_adaptive_short_2.0_med_3.0_long_5.0_score_diff_iter1,selected_dbfp_dense_videomme_blip_k16_alpha0.85_adaptive_short_2.0_med_5.0_long_8.0_score_diff_iter3,-0.0061161723368889365,-0.29369062420980113,0.7690962191483471,-0.02401980453415036,No
selected_dbfp_dense_videomme_blip_k16_alpha0.5_adaptive_short_2.0_med_3.0_long_5.0_score_diff_iter1,selected_dbfp_dense_videomme_blip_k16_alpha0.85_adaptive_short_2.0_med_5.0_long_8.0_temporal_iter1,-0.002669399603639183,-0.12963865919333403,0.8968959080454779,-0.010602637591447875,No
selected_dbfp_dense_videomme_blip_k16_alpha0.5_adaptive_short_2.0_med_3.0_long_5.0_score_diff_iter1,selected_dbfp_dense_videomme_blip_k16_alpha0.85_adaptive_short_2.0_med_5.0_long_8.0_temporal_iter2,-0.00686634126459898,-0.33103249721382705,0.7407359005271024,-0.02707384989790398,No
selected_dbfp_dense_videomme_blip_k16_alpha0.5_adaptive_short_2.0_med_3.0_long_5.0_score_diff_iter1,selected_dbfp_dense_videomme_blip_k16_alpha0.85_adaptive_short_2.0_med_5.0_long_8.0_temporal_iter3,-0.01152371213083081,-0.5463571786379717,0.5850242194375712,-0.04468441128667276,No
selected_dbfp_dense_videomme_blip_k16_alpha0.5_adaptive_short_2.0_med_3.0_long_5.0_score_diff_iter1,selected_dbfp_dense_videomme_blip_k16_alpha0.85_adaptive_short_3.0_med_6.0_long_10.0_score_diff_iter1,-0.0014048111037106847,-0.06880006085425594,0.9451717681459821,-0.0056268871940031145,No
selected_dbfp_dense_videomme_blip_k16_alpha0.5_adaptive_short_2.0_med_3.0_long_5.0_score_diff_iter1,selected_dbfp_dense_videomme_blip_k16_alpha0.85_adaptive_short_3.0_med_6.0_long_10.0_score_diff_iter2,-0.003453947312815675,-0.16959609123773547,0.8653851517714333,-0.013870599269681422,No
selected_dbfp_dense_videomme_blip_k16_alpha0.5_adaptive_short_2.0_med_3.0_long_5.0_score_diff_iter1,selected_dbfp_dense_videomme_blip_k16_alpha0.85_adaptive_short_3.0_med_6.0_long_10.0_score_diff_iter3,-0.005548338174688666,-0.2704773600964424,0.7868863556329704,-0.022121282672975816,No
selected_dbfp_dense_videomme_blip_k16_alpha0.5_adaptive_short_2.0_med_3.0_long_5.0_score_diff_iter1,selected_dbfp_dense_videomme_blip_k16_alpha0.85_adaptive_short_3.0_med_6.0_long_10.0_temporal_iter1,-0.014474179592746245,-0.6918872264877908,0.48927669349444713,-0.056586743235604926,No
selected_dbfp_dense_videomme_blip_k16_alpha0.5_adaptive_short_2.0_med_3.0_long_5.0_score_diff_iter1,selected_dbfp_dense_videomme_blip_k16_alpha0.85_adaptive_short_3.0_med_6.0_long_10.0_temporal_iter2,-0.0004312334472471868,-0.021055457223186604,0.9832084404181207,-0.001722043282467346,No
selected_dbfp_dense_videomme_blip_k16_alpha0.5_adaptive_short_2.0_med_3.0_long_5.0_score_diff_iter1,selected_dbfp_dense_videomme_blip_k16_alpha0.85_adaptive_short_3.0_med_6.0_long_10.0_temporal_iter3,-0.006869487338801161,-0.33106114399688763,0.7407142733842768,-0.02707619280635694,No
selected_dbfp_dense_videomme_blip_k16_alpha0.5_adaptive_short_2.0_med_3.0_long_5.0_score_diff_iter1,selected_dbfp_dense_videomme_blip_k16_alpha0.8_adaptive_short_2.0_med_3.0_long_5.0_score_diff_iter1,-0.0066088679142473905,-0.32073779218706866,0.7485211565123748,-0.026231886334628828,No
selected_dbfp_dense_videomme_blip_k16_alpha0.5_adaptive_short_2.0_med_3.0_long_5.0_score_diff_iter1,selected_dbfp_dense_videomme_blip_k16_alpha0.8_adaptive_short_2.0_med_3.0_long_5.0_score_diff_iter2,0.001939989060934344,0.09617584553574673,0.9234131356697581,0.007865845271532156,No
selected_dbfp_dense_videomme_blip_k16_alpha0.5_adaptive_short_2.0_med_3.0_long_5.0_score_diff_iter1,selected_dbfp_dense_videomme_blip_k16_alpha0.8_adaptive_short_2.0_med_3.0_long_5.0_score_diff_iter3,0.003900176569318209,0.19259849579732943,0.8473388115956784,0.01575187573628616,No
selected_dbfp_dense_videomme_blip_k16_alpha0.5_adaptive_short_2.0_med_3.0_long_5.0_score_diff_iter1,selected_dbfp_dense_videomme_blip_k16_alpha0.8_adaptive_short_2.0_med_3.0_long_5.0_temporal_iter1,0.0035783623862294944,0.17580695599607887,0.8605051201925896,0.01437856154343251,No
selected_dbfp_dense_videomme_blip_k16_alpha0.5_adaptive_short_2.0_med_3.0_long_5.0_score_diff_iter1,selected_dbfp_dense_videomme_blip_k16_alpha0.8_adaptive_short_2.0_med_3.0_long_5.0_temporal_iter2,-0.01680296255402619,-0.7894440833112824,0.4301653922354013,-0.06456553605982154,No
selected_dbfp_dense_videomme_blip_k16_alpha0.5_adaptive_short_2.0_med_3.0_long_5.0_score_diff_iter1,selected_dbfp_dense_videomme_blip_k16_alpha0.8_adaptive_short_2.0_med_3.0_long_5.0_temporal_iter3,-0.004421026711212195,-0.21129203561554769,0.8327313823166956,-0.017280747077650867,No
selected_dbfp_dense_videomme_blip_k16_alpha0.5_adaptive_short_2.0_med_3.0_long_5.0_score_diff_iter1,selected_dbfp_dense_videomme_blip_k16_alpha0.8_adaptive_short_2.0_med_4.0_long_6.0_score_diff_iter1,-0.012795021224127623,-0.6132419514474821,0.5399495341641731,-0.05015465456764982,No
selected_dbfp_dense_videomme_blip_k16_alpha0.5_adaptive_short_2.0_med_3.0_long_5.0_score_diff_iter1,selected_dbfp_dense_videomme_blip_k16_alpha0.8_adaptive_short_2.0_med_4.0_long_6.0_score_diff_iter2,-0.00656619684953999,-0.3175348871220443,0.7509486120826236,-0.025969933292366635,No
selected_dbfp_dense_videomme_blip_k16_alpha0.5_adaptive_short_2.0_med_3.0_long_5.0_score_diff_iter1,selected_dbfp_dense_videomme_blip_k16_alpha0.8_adaptive_short_2.0_med_4.0_long_6.0_score_diff_iter3,-0.004191091674153713,-0.20013109304168653,0.8414460954931737,-0.01636793734921373,No
selected_dbfp_dense_videomme_blip_k16_alpha0.5_adaptive_short_2.0_med_3.0_long_5.0_score_diff_iter1,selected_dbfp_dense_videomme_blip_k16_alpha0.8_adaptive_short_2.0_med_4.0_long_6.0_temporal_iter1,-0.012177609348826779,-0.5815521727538471,0.5610875093924879,-0.047562871836800344,No
selected_dbfp_dense_videomme_blip_k16_alpha0.5_adaptive_short_2.0_med_3.0_long_5.0_score_diff_iter1,selected_dbfp_dense_videomme_blip_k16_alpha0.8_adaptive_short_2.0_med_4.0_long_6.0_temporal_iter2,-0.0292654131496336,-1.3590218361374273,0.1746519909137778,-0.11114906712360685,No
selected_dbfp_dense_videomme_blip_k16_alpha0.5_adaptive_short_2.0_med_3.0_long_5.0_score_diff_iter1,selected_dbfp_dense_videomme_blip_k16_alpha0.8_adaptive_short_2.0_med_4.0_long_6.0_temporal_iter3,-0.011467525215713453,-0.5481479404804056,0.583794881094436,-0.04483087066165801,No
selected_dbfp_dense_videomme_blip_k16_alpha0.5_adaptive_short_2.0_med_3.0_long_5.0_score_diff_iter1,selected_dbfp_dense_videomme_blip_k16_alpha0.8_adaptive_short_2.0_med_5.0_long_8.0_score_diff_iter1,-0.013766142618476224,-0.6580846351600316,0.5107370025762846,-0.05382216183703496,No
selected_dbfp_dense_videomme_blip_k16_alpha0.5_adaptive_short_2.0_med_3.0_long_5.0_score_diff_iter1,selected_dbfp_dense_videomme_blip_k16_alpha0.8_adaptive_short_2.0_med_5.0_long_8.0_score_diff_iter2,-0.009399539527549905,-0.44903960512053454,0.6535657703837909,-0.03672518853565444,No
selected_dbfp_dense_videomme_blip_k16_alpha0.5_adaptive_short_2.0_med_3.0_long_5.0_score_diff_iter1,selected_dbfp_dense_videomme_blip_k16_alpha0.8_adaptive_short_2.0_med_5.0_long_8.0_score_diff_iter3,-0.012663899692730157,-0.5941424321914439,0.5526415465874766,-0.04859257982085328,No
selected_dbfp_dense_videomme_blip_k16_alpha0.5_adaptive_short_2.0_med_3.0_long_5.0_score_diff_iter1,selected_dbfp_dense_videomme_blip_k16_alpha0.8_adaptive_short_2.0_med_5.0_long_8.0_temporal_iter1,-0.0024479848684674232,-0.11888016689789781,0.9054102177637302,-0.00972274269322585,No
selected_dbfp_dense_videomme_blip_k16_alpha0.5_adaptive_short_2.0_med_3.0_long_5.0_score_diff_iter1,selected_dbfp_dense_videomme_blip_k16_alpha0.8_adaptive_short_2.0_med_5.0_long_8.0_temporal_iter2,-0.018594094024437346,-0.8731330583578505,0.3829410225797917,-0.07141012917484209,No
selected_dbfp_dense_videomme_blip_k16_alpha0.5_adaptive_short_2.0_med_3.0_long_5.0_score_diff_iter1,selected_dbfp_dense_videomme_blip_k16_alpha0.8_adaptive_short_2.0_med_5.0_long_8.0_temporal_iter3,-0.009621593409307738,-0.456409921584213,0.6482609506390968,-0.03732797782912112,No
selected_dbfp_dense_videomme_blip_k16_alpha0.5_adaptive_short_2.0_med_3.0_long_5.0_score_diff_iter1,selected_dbfp_dense_videomme_blip_k16_alpha0.8_adaptive_short_3.0_med_6.0_long_10.0_score_diff_iter1,-0.001058090104574555,-0.05189123561556694,0.9586326864908478,-0.004243980681479127,No
selected_dbfp_dense_videomme_blip_k16_alpha0.5_adaptive_short_2.0_med_3.0_long_5.0_score_diff_iter1,selected_dbfp_dense_videomme_blip_k16_alpha0.8_adaptive_short_3.0_med_6.0_long_10.0_score_diff_iter2,-0.0055282751999676805,-0.2708490250166625,0.7866006120085738,-0.02215167968498637,No
selected_dbfp_dense_videomme_blip_k16_alpha0.5_adaptive_short_2.0_med_3.0_long_5.0_score_diff_iter1,selected_dbfp_dense_videomme_blip_k16_alpha0.8_adaptive_short_3.0_med_6.0_long_10.0_score_diff_iter3,-0.010294254020499993,-0.49870073583654395,0.6181736097139201,-0.040786777664040666,No
selected_dbfp_dense_videomme_blip_k16_alpha0.5_adaptive_short_2.0_med_3.0_long_5.0_score_diff_iter1,selected_dbfp_dense_videomme_blip_k16_alpha0.8_adaptive_short_3.0_med_6.0_long_10.0_temporal_iter1,-0.01909340583403346,-0.9017158960216805,0.3675708340298246,-0.07374780737411829,No
selected_dbfp_dense_videomme_blip_k16_alpha0.5_adaptive_short_2.0_med_3.0_long_5.0_score_diff_iter1,selected_dbfp_dense_videomme_blip_k16_alpha0.8_adaptive_short_3.0_med_6.0_long_10.0_temporal_iter2,-0.006134283560577575,-0.2963328140684599,0.7670788125346284,-0.02423589887640507,No
selected_dbfp_dense_videomme_blip_k16_alpha0.5_adaptive_short_2.0_med_3.0_long_5.0_score_diff_iter1,selected_dbfp_dense_videomme_blip_k16_alpha0.8_adaptive_short_3.0_med_6.0_long_10.0_temporal_iter3,-0.0014995776685997886,-0.0728288559709058,0.9419666602971646,-0.005956386550610164,No
selected_dbfp_dense_videomme_blip_k16_alpha0.5_adaptive_short_2.0_med_3.0_long_5.0_score_diff_iter2,selected_dbfp_dense_videomme_blip_k16_alpha0.5_adaptive_short_2.0_med_3.0_long_5.0_score_diff_iter3,0.010584453904608854,0.5058655548571355,0.613137452596921,0.04137276013887381,No
selected_dbfp_dense_videomme_blip_k16_alpha0.5_adaptive_short_2.0_med_3.0_long_5.0_score_diff_iter2,selected_dbfp_dense_videomme_blip_k16_alpha0.5_adaptive_short_2.0_med_3.0_long_5.0_temporal_iter1,0.004110045428709852,0.19781239856178037,0.8432590672467405,0.016178300414733456,No
selected_dbfp_dense_videomme_blip_k16_alpha0.5_adaptive_short_2.0_med_3.0_long_5.0_score_diff_iter2,selected_dbfp_dense_videomme_blip_k16_alpha0.5_adaptive_short_2.0_med_3.0_long_5.0_temporal_iter2,-0.0005786389271678072,-0.027197436313951204,0.9783113340074304,-0.002224371671352421,No
selected_dbfp_dense_videomme_blip_k16_alpha0.5_adaptive_short_2.0_med_3.0_long_5.0_score_diff_iter2,selected_dbfp_dense_videomme_blip_k16_alpha0.5_adaptive_short_2.0_med_3.0_long_5.0_temporal_iter3,0.012704009501458058,0.6122342200799892,0.5406155201160954,0.05007223615980095,No
selected_dbfp_dense_videomme_blip_k16_alpha0.5_adaptive_short_2.0_med_3.0_long_5.0_score_diff_iter2,selected_dbfp_dense_videomme_blip_k16_alpha0.5_adaptive_short_2.0_med_4.0_long_6.0_score_diff_iter1,0.00548192351012311,0.26337136108734405,0.7923550846552453,0.021540110890850683,No
selected_dbfp_dense_videomme_blip_k16_alpha0.5_adaptive_short_2.0_med_3.0_long_5.0_score_diff_iter2,selected_dbfp_dense_videomme_blip_k16_alpha0.5_adaptive_short_2.0_med_4.0_long_6.0_score_diff_iter2,-0.0027617656827984005,-0.13093736845630607,0.895868889633165,-0.010708853939625831,No
selected_dbfp_dense_videomme_blip_k16_alpha0.5_adaptive_short_2.0_med_3.0_long_5.0_score_diff_iter2,selected_dbfp_dense_videomme_blip_k16_alpha0.5_adaptive_short_2.0_med_4.0_long_6.0_score_diff_iter3,0.006423384413714178,0.30926310744837004,0.7572291155475903,0.025293416872753462,No
selected_dbfp_dense_videomme_blip_k16_alpha0.5_adaptive_short_2.0_med_3.0_long_5.0_score_diff_iter2,selected_dbfp_dense_videomme_blip_k16_alpha0.5_adaptive_short_2.0_med_4.0_long_6.0_temporal_iter1,0.006266386093596976,0.30497431630756877,0.7604918274109284,0.024942653451950524,No
selected_dbfp_dense_videomme_blip_k16_alpha0.5_adaptive_short_2.0_med_3.0_long_5.0_score_diff_iter2,selected_dbfp_dense_videomme_blip_k16_alpha0.5_adaptive_short_2.0_med_4.0_long_6.0_temporal_iter2,-0.01716731640573127,-0.7904806531039907,0.42956047977546963,-0.06465031308817165,No
selected_dbfp_dense_videomme_blip_k16_alpha0.5_adaptive_short_2.0_med_3.0_long_5.0_score_diff_iter2,selected_dbfp_dense_videomme_blip_k16_alpha0.5_adaptive_short_2.0_med_4.0_long_6.0_temporal_iter3,-0.0035655234812300984,-0.16780919189835627,0.8667901255155934,-0.013724455802507304,No
selected_dbfp_dense_videomme_blip_k16_alpha0.5_adaptive_short_2.0_med_3.0_long_5.0_score_diff_iter2,selected_dbfp_dense_videomme_blip_k16_alpha0.5_adaptive_short_2.0_med_5.0_long_8.0_score_diff_iter1,-0.010479715565259035,-0.48397841215025483,0.6285783755727822,-0.039582696612582464,No
selected_dbfp_dense_videomme_blip_k16_alpha0.5_adaptive_short_2.0_med_3.0_long_5.0_score_diff_iter2,selected_dbfp_dense_videomme_blip_k16_alpha0.5_adaptive_short_2.0_med_5.0_long_8.0_score_diff_iter2,-0.006813549392550716,-0.32304152320997437,0.7467767196862947,-0.026420299485717474,No
selected_dbfp_dense_videomme_blip_k16_alpha0.5_adaptive_short_2.0_med_3.0_long_5.0_score_diff_iter2,selected_dbfp_dense_videomme_blip_k16_alpha0.5_adaptive_short_2.0_med_5.0_long_8.0_score_diff_iter3,0.003994139728260543,0.19151009093343416,0.8481909818357923,0.015662859388794127,No
selected_dbfp_dense_videomme_blip_k16_alpha0.5_adaptive_short_2.0_med_3.0_long_5.0_score_diff_iter2,selected_dbfp_dense_videomme_blip_k16_alpha0.5_adaptive_short_2.0_med_5.0_long_8.0_temporal_iter1,-0.004165466793216832,-0.19659303549126705,0.8442128139418523,-0.016078573502842967,No
selected_dbfp_dense_videomme_blip_k16_alpha0.5_adaptive_short_2.0_med_3.0_long_5.0_score_diff_iter2,selected_dbfp_dense_videomme_blip_k16_alpha0.5_adaptive_short_2.0_med_5.0_long_8.0_temporal_iter2,-0.017598445963465048,-0.8066670440848908,0.42017902954243747,-0.06597413454978102,No
selected_dbfp_dense_videomme_blip_k16_alpha0.5_adaptive_short_2.0_med_3.0_long_5.0_score_diff_iter2,selected_dbfp_dense_videomme_blip_k16_alpha0.5_adaptive_short_2.0_med_5.0_long_8.0_temporal_iter3,-0.0004143168579497092,-0.019402527982393517,0.9845264655928447,-0.0015868566840103492,No
selected_dbfp_dense_videomme_blip_k16_alpha0.5_adaptive_short_2.0_med_3.0_long_5.0_score_diff_iter2,selected_dbfp_dense_videomme_blip_k16_alpha0.5_adaptive_short_3.0_med_6.0_long_10.0_score_diff_iter1,-0.007163134741998006,-0.3364865095220875,0.7366220667801614,-0.027519912206070432,No
selected_dbfp_dense_videomme_blip_k16_alpha0.5_adaptive_short_2.0_med_3.0_long_5.0_score_diff_iter2,selected_dbfp_dense_videomme_blip_k16_alpha0.5_adaptive_short_3.0_med_6.0_long_10.0_score_diff_iter2,0.0070037641010955165,0.3356438784248035,0.7372571530314546,0.027450996691393545,No
selected_dbfp_dense_videomme_blip_k16_alpha0.5_adaptive_short_2.0_med_3.0_long_5.0_score_diff_iter2,selected_dbfp_dense_videomme_blip_k16_alpha0.5_adaptive_short_3.0_med_6.0_long_10.0_score_diff_iter3,-0.00029327354545527484,-0.013949092569508484,0.9888752477139161,-0.001140841584489166,No
selected_dbfp_dense_videomme_blip_k16_alpha0.5_adaptive_short_2.0_med_3.0_long_5.0_score_diff_iter2,selected_dbfp_dense_videomme_blip_k16_alpha0.5_adaptive_short_3.0_med_6.0_long_10.0_temporal_iter1,-0.008739385738001065,-0.4125450424998128,0.6800878319189234,-0.033740441376473154,No
selected_dbfp_dense_videomme_blip_k16_alpha0.5_adaptive_short_2.0_med_3.0_long_5.0_score_diff_iter2,selected_dbfp_dense_videomme_blip_k16_alpha0.5_adaptive_short_3.0_med_6.0_long_10.0_temporal_iter2,0.005441169468367202,0.2620971814188226,0.7933367770418845,0.021435900729875834,No
selected_dbfp_dense_videomme_blip_k16_alpha0.5_adaptive_short_2.0_med_3.0_long_5.0_score_diff_iter2,selected_dbfp_dense_videomme_blip_k16_alpha0.5_adaptive_short_3.0_med_6.0_long_10.0_temporal_iter3,0.008857506250254915,0.42178402279079336,0.6733342486466918,0.03449606133540877,No
selected_dbfp_dense_videomme_blip_k16_alpha0.5_adaptive_short_2.0_med_3.0_long_5.0_score_diff_iter2,selected_dbfp_dense_videomme_blip_k16_alpha0.85_adaptive_short_2.0_med_3.0_long_5.0_score_diff_iter1,-0.0010729249875171265,-0.05146105248609426,0.9589753209418782,-0.004208797693897785,No
selected_dbfp_dense_videomme_blip_k16_alpha0.5_adaptive_short_2.0_med_3.0_long_5.0_score_diff_iter2,selected_dbfp_dense_videomme_blip_k16_alpha0.85_adaptive_short_2.0_med_3.0_long_5.0_score_diff_iter2,0.0006041460373590046,0.028933827460020583,0.9769270197876434,0.002366384292846916,No
selected_dbfp_dense_videomme_blip_k16_alpha0.5_adaptive_short_2.0_med_3.0_long_5.0_score_diff_iter2,selected_dbfp_dense_videomme_blip_k16_alpha0.85_adaptive_short_2.0_med_3.0_long_5.0_score_diff_iter3,0.004852348679146329,0.23540775917970785,0.8139728569506768,0.01925307753436548,No
selected_dbfp_dense_videomme_blip_k16_alpha0.5_adaptive_short_2.0_med_3.0_long_5.0_score_diff_iter2,selected_dbfp_dense_videomme_blip_k16_alpha0.85_adaptive_short_2.0_med_3.0_long_5.0_temporal_iter1,0.011913537700634497,0.5824074074357533,0.5605118126294912,0.0476328180838672,No
selected_dbfp_dense_videomme_blip_k16_alpha0.5_adaptive_short_2.0_med_3.0_long_5.0_score_diff_iter2,selected_dbfp_dense_videomme_blip_k16_alpha0.85_adaptive_short_2.0_med_3.0_long_5.0_temporal_iter2,0.00769110402879869,0.3703147372110467,0.7112791182214748,0.030286590274759717,No
selected_dbfp_dense_videomme_blip_k16_alpha0.5_adaptive_short_2.0_med_3.0_long_5.0_score_diff_iter2,selected_dbfp_dense_videomme_blip_k16_alpha0.85_adaptive_short_2.0_med_3.0_long_5.0_temporal_iter3,-0.003436907064288147,-0.1617783310937312,0.8715350616644778,-0.013231215345058967,No
selected_dbfp_dense_videomme_blip_k16_alpha0.5_adaptive_short_2.0_med_3.0_long_5.0_score_diff_iter2,selected_dbfp_dense_videomme_blip_k16_alpha0.85_adaptive_short_2.0_med_4.0_long_6.0_score_diff_iter1,-0.009664104501084847,-0.4550314617476439,0.6492517542634176,-0.03721523901494502,No
selected_dbfp_dense_videomme_blip_k16_alpha0.5_adaptive_short_2.0_med_3.0_long_5.0_score_diff_iter2,selected_dbfp_dense_videomme_blip_k16_alpha0.85_adaptive_short_2.0_med_4.0_long_6.0_score_diff_iter2,-0.005723914044637263,-0.27103522759332344,0.7864574664724007,-0.022166908493350596,No
selected_dbfp_dense_videomme_blip_k16_alpha0.5_adaptive_short_2.0_med_3.0_long_5.0_score_diff_iter2,selected_dbfp_dense_videomme_blip_k16_alpha0.85_adaptive_short_2.0_med_4.0_long_6.0_score_diff_iter3,-0.001642402157894518,-0.0781903459268342,0.9377027966690787,-0.006394881795444762,No
selected_dbfp_dense_videomme_blip_k16_alpha0.5_adaptive_short_2.0_med_3.0_long_5.0_score_diff_iter2,selected_dbfp_dense_videomme_blip_k16_alpha0.85_adaptive_short_2.0_med_4.0_long_6.0_temporal_iter1,-0.003943452767622341,-0.18740435923938958,0.851407171705048,-0.015327067698243728,No
selected_dbfp_dense_videomme_blip_k16_alpha0.5_adaptive_short_2.0_med_3.0_long_5.0_score_diff_iter2,selected_dbfp_dense_videomme_blip_k16_alpha0.85_adaptive_short_2.0_med_4.0_long_6.0_temporal_iter2,-0.010976165522072506,-0.5140430523159277,0.6074117865897453,-0.04204156562356985,No
selected_dbfp_dense_videomme_blip_k16_alpha0.5_adaptive_short_2.0_med_3.0_long_5.0_score_diff_iter2,selected_dbfp_dense_videomme_blip_k16_alpha0.85_adaptive_short_2.0_med_4.0_long_6.0_temporal_iter3,-0.018352450040309692,-0.8477725096770917,0.39690385932806604,-0.069335989383552,No
selected_dbfp_dense_videomme_blip_k16_alpha0.5_adaptive_short_2.0_med_3.0_long_5.0_score_diff_iter2,selected_dbfp_dense_videomme_blip_k16_alpha0.85_adaptive_short_2.0_med_5.0_long_8.0_score_diff_iter1,-0.01121410171233736,-0.5234158898131934,0.6008787687493781,-0.042808133255962166,No
selected_dbfp_dense_videomme_blip_k16_alpha0.5_adaptive_short_2.0_med_3.0_long_5.0_score_diff_iter2,selected_dbfp_dense_videomme_blip_k16_alpha0.85_adaptive_short_2.0_med_5.0_long_8.0_score_diff_iter2,-0.005292884914472079,-0.2497983826957109,0.8028290554894834,-0.02043003022477517,No
selected_dbfp_dense_videomme_blip_k16_alpha0.5_adaptive_short_2.0_med_3.0_long_5.0_score_diff_iter2,selected_dbfp_dense_videomme_blip_k16_alpha0.85_adaptive_short_2.0_med_5.0_long_8.0_score_diff_iter3,-0.001977215233061491,-0.09344103529582745,0.9255844887823962,-0.007642175880513558,No
selected_dbfp_dense_videomme_blip_k16_alpha0.5_adaptive_short_2.0_med_3.0_long_5.0_score_diff_iter2,selected_dbfp_dense_videomme_blip_k16_alpha0.85_adaptive_short_2.0_med_5.0_long_8.0_temporal_iter1,0.0014695575001882621,0.07021420451483526,0.9440466421623418,0.0057425444643845035,No
selected_dbfp_dense_videomme_blip_k16_alpha0.5_adaptive_short_2.0_med_3.0_long_5.0_score_diff_iter2,selected_dbfp_dense_videomme_blip_k16_alpha0.85_adaptive_short_2.0_med_5.0_long_8.0_temporal_iter2,-0.0027273841607715343,-0.12939282877280117,0.8970903301251556,-0.01058253209502834,No
selected_dbfp_dense_videomme_blip_k16_alpha0.5_adaptive_short_2.0_med_3.0_long_5.0_score_diff_iter2,selected_dbfp_dense_videomme_blip_k16_alpha0.85_adaptive_short_2.0_med_5.0_long_8.0_temporal_iter3,-0.007384755027003365,-0.3447188588601722,0.7304269394683109,-0.028193203785112007,No
selected_dbfp_dense_videomme_blip_k16_alpha0.5_adaptive_short_2.0_med_3.0_long_5.0_score_diff_iter2,selected_dbfp_dense_videomme_blip_k16_alpha0.85_adaptive_short_3.0_med_6.0_long_10.0_score_diff_iter1,0.0027341460001167606,0.13170187708445844,0.8952643984051584,0.010771380095879095,No
selected_dbfp_dense_videomme_blip_k16_alpha0.5_adaptive_short_2.0_med_3.0_long_5.0_score_diff_iter2,selected_dbfp_dense_videomme_blip_k16_alpha0.85_adaptive_short_3.0_med_6.0_long_10.0_score_diff_iter2,0.0006850097910117703,0.03307953200973413,0.9736222027579322,0.0027054452109805376,No
selected_dbfp_dense_videomme_blip_k16_alpha0.5_adaptive_short_2.0_med_3.0_long_5.0_score_diff_iter2,selected_dbfp_dense_videomme_blip_k16_alpha0.85_adaptive_short_3.0_med_6.0_long_10.0_score_diff_iter3,-0.0014093810708612209,-0.06758663714021244,0.9461372841130653,-0.005527646031197558,No
selected_dbfp_dense_videomme_blip_k16_alpha0.5_adaptive_short_2.0_med_3.0_long_5.0_score_diff_iter2,selected_dbfp_dense_videomme_blip_k16_alpha0.85_adaptive_short_3.0_med_6.0_long_10.0_temporal_iter1,-0.0103352224889188,-0.48629080573514183,0.626939152818889,-0.0397718181885347,No
selected_dbfp_dense_videomme_blip_k16_alpha0.5_adaptive_short_2.0_med_3.0_long_5.0_score_diff_iter2,selected_dbfp_dense_videomme_blip_k16_alpha0.85_adaptive_short_3.0_med_6.0_long_10.0_temporal_iter2,0.0037077236565802585,0.17807454854177998,0.858724735760763,0.014564019059023605,No
selected_dbfp_dense_videomme_blip_k16_alpha0.5_adaptive_short_2.0_med_3.0_long_5.0_score_diff_iter2,selected_dbfp_dense_videomme_blip_k16_alpha0.85_adaptive_short_3.0_med_6.0_long_10.0_temporal_iter3,-0.002730530234973716,-0.12949548456445073,0.8970091410770128,-0.010590927909845152,No
selected_dbfp_dense_videomme_blip_k16_alpha0.5_adaptive_short_2.0_med_3.0_long_5.0_score_diff_iter2,selected_dbfp_dense_videomme_blip_k16_alpha0.8_adaptive_short_2.0_med_3.0_long_5.0_score_diff_iter1,-0.002469910810419945,-0.11793191319893062,0.9061612067577056,-0.0096451887479444,No
selected_dbfp_dense_videomme_blip_k16_alpha0.5_adaptive_short_2.0_med_3.0_long_5.0_score_diff_iter2,selected_dbfp_dense_videomme_blip_k16_alpha0.8_adaptive_short_2.0_med_3.0_long_5.0_score_diff_iter2,0.006078946164761789,0.2962917896630933,0.7671101240851379,0.024232543642574263,No
selected_dbfp_dense_videomme_blip_k16_alpha0.5_adaptive_short_2.0_med_3.0_long_5.0_score_diff_iter2,selected_dbfp_dense_videomme_blip_k16_alpha0.8_adaptive_short_2.0_med_3.0_long_5.0_score_diff_iter3,0.008039133673145654,0.39035428768319713,0.696413593533177,0.03192554651793638,No
selected_dbfp_dense_videomme_blip_k16_alpha0.5_adaptive_short_2.0_med_3.0_long_5.0_score_diff_iter2,selected_dbfp_dense_videomme_blip_k16_alpha0.8_adaptive_short_2.0_med_3.0_long_5.0_temporal_iter1,0.00771731949005694,0.37288285014646577,0.709367765144109,0.030496626157417803,No
selected_dbfp_dense_videomme_blip_k16_alpha0.5_adaptive_short_2.0_med_3.0_long_5.0_score_diff_iter2,selected_dbfp_dense_videomme_blip_k16_alpha0.8_adaptive_short_2.0_med_3.0_long_5.0_temporal_iter2,-0.012664005450198745,-0.5859643470684014,0.5581205593813198,-0.04792372633127854,No
selected_dbfp_dense_videomme_blip_k16_alpha0.5_adaptive_short_2.0_med_3.0_long_5.0_score_diff_iter2,selected_dbfp_dense_videomme_blip_k16_alpha0.8_adaptive_short_2.0_med_3.0_long_5.0_temporal_iter3,-0.0002820696073847495,-0.013269473348330032,0.9894172284613194,-0.0010852581937535431,No
selected_dbfp_dense_videomme_blip_k16_alpha0.5_adaptive_short_2.0_med_3.0_long_5.0_score_diff_iter2,selected_dbfp_dense_videomme_blip_k16_alpha0.8_adaptive_short_2.0_med_4.0_long_6.0_score_diff_iter1,-0.008656064120300178,-0.40832908820199704,0.683178254007206,-0.033395635006721755,No
selected_dbfp_dense_videomme_blip_k16_alpha0.5_adaptive_short_2.0_med_3.0_long_5.0_score_diff_iter2,selected_dbfp_dense_videomme_blip_k16_alpha0.8_adaptive_short_2.0_med_4.0_long_6.0_score_diff_iter2,-0.002427239745712545,-0.11549590699764754,0.9080908359539448,-0.009445957354035793,No
selected_dbfp_dense_videomme_blip_k16_alpha0.5_adaptive_short_2.0_med_3.0_long_5.0_score_diff_iter2,selected_dbfp_dense_videomme_blip_k16_alpha0.8_adaptive_short_2.0_med_4.0_long_6.0_score_diff_iter3,-5.213457032626767e-05,-0.0024505422277132888,0.9980455693912007,-0.00020042023990233358,No
selected_dbfp_dense_videomme_blip_k16_alpha0.5_adaptive_short_2.0_med_3.0_long_5.0_score_diff_iter2,selected_dbfp_dense_videomme_blip_k16_alpha0.8_adaptive_short_2.0_med_4.0_long_6.0_temporal_iter1,-0.008038652244999334,-0.37788325923492666,0.7056514088643093,-0.030905590042150374,No
selected_dbfp_dense_videomme_blip_k16_alpha0.5_adaptive_short_2.0_med_3.0_long_5.0_score_diff_iter2,selected_dbfp_dense_videomme_blip_k16_alpha0.8_adaptive_short_2.0_med_4.0_long_6.0_temporal_iter2,-0.025126456045806156,-1.1495246397445795,0.25079924295174183,-0.09401511294201836,No
selected_dbfp_dense_videomme_blip_k16_alpha0.5_adaptive_short_2.0_med_3.0_long_5.0_score_diff_iter2,selected_dbfp_dense_videomme_blip_k16_alpha0.8_adaptive_short_2.0_med_4.0_long_6.0_temporal_iter3,-0.007328568111886008,-0.3448120995537063,0.730356872620634,-0.02820082956728116,No
selected_dbfp_dense_videomme_blip_k16_alpha0.5_adaptive_short_2.0_med_3.0_long_5.0_score_diff_iter2,selected_dbfp_dense_videomme_blip_k16_alpha0.8_adaptive_short_2.0_med_5.0_long_8.0_score_diff_iter1,-0.009627185514648778,-0.4530048212126901,0.6507095844636321,-0.037049488033236905,No
selected_dbfp_dense_videomme_blip_k16_alpha0.5_adaptive_short_2.0_med_3.0_long_5.0_score_diff_iter2,selected_dbfp_dense_videomme_blip_k16_alpha0.8_adaptive_short_2.0_med_5.0_long_8.0_score_diff_iter2,-0.00526058242372246,-0.2473745171862989,0.8047033011429827,-0.020231791771919524,No
selected_dbfp_dense_videomme_blip_k16_alpha0.5_adaptive_short_2.0_med_3.0_long_5.0_score_diff_iter2,selected_dbfp_dense_videomme_blip_k16_alpha0.8_adaptive_short_2.0_med_5.0_long_8.0_score_diff_iter3,-0.008524942588902712,-0.3939105066814159,0.6937875313240289,-0.03221639578694061,No
selected_dbfp_dense_videomme_blip_k16_alpha0.5_adaptive_short_2.0_med_3.0_long_5.0_score_diff_iter2,selected_dbfp_dense_videomme_blip_k16_alpha0.8_adaptive_short_2.0_med_5.0_long_8.0_temporal_iter1,0.001690972235360022,0.08078956345462544,0.9356363383950027,0.006607461604143006,No
selected_dbfp_dense_videomme_blip_k16_alpha0.5_adaptive_short_2.0_med_3.0_long_5.0_score_diff_iter2,selected_dbfp_dense_videomme_blip_k16_alpha0.8_adaptive_short_2.0_med_5.0_long_8.0_temporal_iter2,-0.014455136920609901,-0.6684964864854928,0.5040746760750321,-0.05467370639981122,No
selected_dbfp_dense_videomme_blip_k16_alpha0.5_adaptive_short_2.0_med_3.0_long_5.0_score_diff_iter2,selected_dbfp_dense_videomme_blip_k16_alpha0.8_adaptive_short_2.0_med_5.0_long_8.0_temporal_iter3,-0.005482636305480293,-0.2560562329873048,0.7979954730723099,-0.02094183527060739,No
selected_dbfp_dense_videomme_blip_k16_alpha0.5_adaptive_short_2.0_med_3.0_long_5.0_score_diff_iter2,selected_dbfp_dense_videomme_blip_k16_alpha0.8_adaptive_short_3.0_med_6.0_long_10.0_score_diff_iter1,0.0030808669992528903,0.14860180008547844,0.8819179483266146,0.012153558529326508,No
selected_dbfp_dense_videomme_blip_k16_alpha0.5_adaptive_short_2.0_med_3.0_long_5.0_score_diff_iter2,selected_dbfp_dense_videomme_blip_k16_alpha0.8_adaptive_short_3.0_med_6.0_long_10.0_score_diff_iter2,-0.0013893180961402352,-0.0669473277747992,0.9466460117858155,-0.005475359424017721,No
selected_dbfp_dense_videomme_blip_k16_alpha0.5_adaptive_short_2.0_med_3.0_long_5.0_score_diff_iter2,selected_dbfp_dense_videomme_blip_k16_alpha0.8_adaptive_short_3.0_med_6.0_long_10.0_score_diff_iter3,-0.006155296916672548,-0.29339049037786474,0.7693254815255777,-0.02399525777186813,No
selected_dbfp_dense_videomme_blip_k16_alpha0.5_adaptive_short_2.0_med_3.0_long_5.0_score_diff_iter2,selected_dbfp_dense_videomme_blip_k16_alpha0.8_adaptive_short_3.0_med_6.0_long_10.0_temporal_iter1,-0.014954448730206016,-0.6954297080146761,0.4870561958195987,-0.056876468969350474,No
selected_dbfp_dense_videomme_blip_k16_alpha0.5_adaptive_short_2.0_med_3.0_long_5.0_score_diff_iter2,selected_dbfp_dense_videomme_blip_k16_alpha0.8_adaptive_short_3.0_med_6.0_long_10.0_temporal_iter2,-0.0019953264567501294,-0.09484641199841794,0.924468593540596,-0.00775711612857829,No
selected_dbfp_dense_videomme_blip_k16_alpha0.5_adaptive_short_2.0_med_3.0_long_5.0_score_diff_iter2,selected_dbfp_dense_videomme_blip_k16_alpha0.8_adaptive_short_3.0_med_6.0_long_10.0_temporal_iter3,0.0026393794352276567,0.12611111731720034,0.8996863550474898,0.010314133780343035,No
selected_dbfp_dense_videomme_blip_k16_alpha0.5_adaptive_short_2.0_med_3.0_long_5.0_score_diff_iter3,selected_dbfp_dense_videomme_blip_k16_alpha0.5_adaptive_short_2.0_med_3.0_long_5.0_temporal_iter1,-0.006474408475899002,-0.31635788476587134,0.7518412752981991,-0.025873670874283956,No
selected_dbfp_dense_videomme_blip_k16_alpha0.5_adaptive_short_2.0_med_3.0_long_5.0_score_diff_iter3,selected_dbfp_dense_videomme_blip_k16_alpha0.5_adaptive_short_2.0_med_3.0_long_5.0_temporal_iter2,-0.011163092831776661,-0.5323142088955776,0.5947061117923391,-0.043535891846436095,No
selected_dbfp_dense_videomme_blip_k16_alpha0.5_adaptive_short_2.0_med_3.0_long_5.0_score_diff_iter3,selected_dbfp_dense_videomme_blip_k16_alpha0.5_adaptive_short_2.0_med_3.0_long_5.0_temporal_iter3,0.002119555596849204,0.1037076559619967,0.9174361211540215,0.008481842516252988,No
selected_dbfp_dense_videomme_blip_k16_alpha0.5_adaptive_short_2.0_med_3.0_long_5.0_score_diff_iter3,selected_dbfp_dense_videomme_blip_k16_alpha0.5_adaptive_short_2.0_med_4.0_long_6.0_score_diff_iter1,-0.005102530394485744,-0.24886808227978305,0.8035482732833742,-0.020353944575326036,No
selected_dbfp_dense_videomme_blip_k16_alpha0.5_adaptive_short_2.0_med_3.0_long_5.0_score_diff_iter3,selected_dbfp_dense_videomme_blip_k16_alpha0.5_adaptive_short_2.0_med_4.0_long_6.0_score_diff_iter2,-0.013346219587407254,-0.642109590709228,0.5210480976817525,-0.05251562557934328,No
selected_dbfp_dense_videomme_blip_k16_alpha0.5_adaptive_short_2.0_med_3.0_long_5.0_score_diff_iter3,selected_dbfp_dense_videomme_blip_k16_alpha0.5_adaptive_short_2.0_med_4.0_long_6.0_score_diff_iter3,-0.0041610694908946755,-0.20339753545203632,0.8388935174590313,-0.016635086850269917,No
selected_dbfp_dense_videomme_blip_k16_alpha0.5_adaptive_short_2.0_med_3.0_long_5.0_score_diff_iter3,selected_dbfp_dense_videomme_blip_k16_alpha0.5_adaptive_short_2.0_med_4.0_long_6.0_temporal_iter1,-0.0043180678110118775,-0.21343108303650832,0.8310634821777744,-0.017455691355268005,No
selected_dbfp_dense_videomme_blip_k16_alpha0.5_adaptive_short_2.0_med_3.0_long_5.0_score_diff_iter3,selected_dbfp_dense_videomme_blip_k16_alpha0.5_adaptive_short_2.0_med_4.0_long_6.0_temporal_iter2,-0.027751770310340124,-1.295647366918724,0.1955968909063637,-0.10596591776194246,No
selected_dbfp_dense_videomme_blip_k16_alpha0.5_adaptive_short_2.0_med_3.0_long_5.0_score_diff_iter3,selected_dbfp_dense_videomme_blip_k16_alpha0.5_adaptive_short_2.0_med_4.0_long_6.0_temporal_iter3,-0.014149977385838952,-0.6756599187219415,0.49951777948872966,-0.055259575366067244,No
selected_dbfp_dense_videomme_blip_k16_alpha0.5_adaptive_short_2.0_med_3.0_long_5.0_score_diff_iter3,selected_dbfp_dense_videomme_blip_k16_alpha0.5_adaptive_short_2.0_med_5.0_long_8.0_score_diff_iter1,-0.02106416946986789,-0.9864256491124407,0.3243232225018674,-0.0806758859461267,No
selected_dbfp_dense_videomme_blip_k16_alpha0.5_adaptive_short_2.0_med_3.0_long_5.0_score_diff_iter3,selected_dbfp_dense_videomme_blip_k16_alpha0.5_adaptive_short_2.0_med_5.0_long_8.0_score_diff_iter2,-0.01739800329715957,-0.8370640760930712,0.40289093986159485,-0.06846018848189962,No
selected_dbfp_dense_videomme_blip_k16_alpha0.5_adaptive_short_2.0_med_3.0_long_5.0_score_diff_iter3,selected_dbfp_dense_videomme_blip_k16_alpha0.5_adaptive_short_2.0_med_5.0_long_8.0_score_diff_iter3,-0.006590314176348311,-0.3207717096322878,0.748495464075041,-0.026234660306433004,No
selected_dbfp_dense_videomme_blip_k16_alpha0.5_adaptive_short_2.0_med_3.0_long_5.0_score_diff_iter3,selected_dbfp_dense_videomme_blip_k16_alpha0.5_adaptive_short_2.0_med_5.0_long_8.0_temporal_iter1,-0.014749920697825686,-0.7063334416773586,0.48025589997889606,-0.0577682425256029,No
selected_dbfp_dense_videomme_blip_k16_alpha0.5_adaptive_short_2.0_med_3.0_long_5.0_score_diff_iter3,selected_dbfp_dense_videomme_blip_k16_alpha0.5_adaptive_short_2.0_med_5.0_long_8.0_temporal_iter2,-0.028182899868073902,-1.3096582800402077,0.19081438156938238,-0.10711181542680469,No
selected_dbfp_dense_videomme_blip_k16_alpha0.5_adaptive_short_2.0_med_3.0_long_5.0_score_diff_iter3,selected_dbfp_dense_videomme_blip_k16_alpha0.5_adaptive_short_2.0_med_5.0_long_8.0_temporal_iter3,-0.010998770762558563,-0.5225003409063593,0.6015155170181579,-0.04273325407181374,No
selected_dbfp_dense_videomme_blip_k16_alpha0.5_adaptive_short_2.0_med_3.0_long_5.0_score_diff_iter3,selected_dbfp_dense_videomme_blip_k16_alpha0.5_adaptive_short_3.0_med_6.0_long_10.0_score_diff_iter1,-0.01774758864660686,-0.8457842840240888,0.39801138890117993,-0.06917338012065283,No
selected_dbfp_dense_videomme_blip_k16_alpha0.5_adaptive_short_2.0_med_3.0_long_5.0_score_diff_iter3,selected_dbfp_dense_videomme_blip_k16_alpha0.5_adaptive_short_3.0_med_6.0_long_10.0_score_diff_iter2,-0.003580689803513337,-0.17419220296913884,0.8617733662168345,-0.014246497230876901,No
selected_dbfp_dense_videomme_blip_k16_alpha0.5_adaptive_short_2.0_med_3.0_long_5.0_score_diff_iter3,selected_dbfp_dense_videomme_blip_k16_alpha0.5_adaptive_short_3.0_med_6.0_long_10.0_score_diff_iter3,-0.010877727450064129,-0.5250819421765656,0.5997208423264377,-0.042944393089912936,No
selected_dbfp_dense_videomme_blip_k16_alpha0.5_adaptive_short_2.0_med_3.0_long_5.0_score_diff_iter3,selected_dbfp_dense_videomme_blip_k16_alpha0.5_adaptive_short_3.0_med_6.0_long_10.0_temporal_iter1,-0.01932383964260992,-0.9255546333055445,0.3550508324109892,-0.07569748417983907,No
selected_dbfp_dense_videomme_blip_k16_alpha0.5_adaptive_short_2.0_med_3.0_long_5.0_score_diff_iter3,selected_dbfp_dense_videomme_blip_k16_alpha0.5_adaptive_short_3.0_med_6.0_long_10.0_temporal_iter2,-0.005143284436241652,-0.2515321429224926,0.8014891278109746,-0.020571827646629008,No
selected_dbfp_dense_videomme_blip_k16_alpha0.5_adaptive_short_2.0_med_3.0_long_5.0_score_diff_iter3,selected_dbfp_dense_videomme_blip_k16_alpha0.5_adaptive_short_3.0_med_6.0_long_10.0_temporal_iter3,-0.0017269476543539386,-0.0834620126445192,0.9335121119716894,-0.0068260307411342975,No
selected_dbfp_dense_videomme_blip_k16_alpha0.5_adaptive_short_2.0_med_3.0_long_5.0_score_diff_iter3,selected_dbfp_dense_videomme_blip_k16_alpha0.85_adaptive_short_2.0_med_3.0_long_5.0_score_diff_iter1,-0.01165737889212598,-0.5675917117679852,0.5705252575189361,-0.04642110043884893,No
selected_dbfp_dense_videomme_blip_k16_alpha0.5_adaptive_short_2.0_med_3.0_long_5.0_score_diff_iter3,selected_dbfp_dense_videomme_blip_k16_alpha0.85_adaptive_short_2.0_med_3.0_long_5.0_score_diff_iter2,-0.009980307867249849,-0.48519248341903937,0.6277175082183309,-0.03968199066224014,No
selected_dbfp_dense_videomme_blip_k16_alpha0.5_adaptive_short_2.0_med_3.0_long_5.0_score_diff_iter3,selected_dbfp_dense_videomme_blip_k16_alpha0.85_adaptive_short_2.0_med_3.0_long_5.0_score_diff_iter3,-0.005732105225462525,-0.28239815634491333,0.7777359408938309,-0.023096237843955668,No
selected_dbfp_dense_videomme_blip_k16_alpha0.5_adaptive_short_2.0_med_3.0_long_5.0_score_diff_iter3,selected_dbfp_dense_videomme_blip_k16_alpha0.85_adaptive_short_2.0_med_3.0_long_5.0_temporal_iter1,0.001329083796025643,0.06599664836180293,0.9474025511008423,0.005397607076161582,No
selected_dbfp_dense_videomme_blip_k16_alpha0.5_adaptive_short_2.0_med_3.0_long_5.0_score_diff_iter3,selected_dbfp_dense_videomme_blip_k16_alpha0.85_adaptive_short_2.0_med_3.0_long_5.0_temporal_iter2,-0.002893349875810164,-0.14143612081923213,0.8875730534654511,-0.01156750571416817,No
selected_dbfp_dense_videomme_blip_k16_alpha0.5_adaptive_short_2.0_med_3.0_long_5.0_score_diff_iter3,selected_dbfp_dense_videomme_blip_k16_alpha0.85_adaptive_short_2.0_med_3.0_long_5.0_temporal_iter3,-0.014021360968897001,-0.6696139028980863,0.5033624059359617,-0.05476509543906396,No
selected_dbfp_dense_videomme_blip_k16_alpha0.5_adaptive_short_2.0_med_3.0_long_5.0_score_diff_iter3,selected_dbfp_dense_videomme_blip_k16_alpha0.85_adaptive_short_2.0_med_4.0_long_6.0_score_diff_iter1,-0.0202485584056937,-0.9672959805769904,0.33378712586790127,-0.07911134530544572,No
selected_dbfp_dense_videomme_blip_k16_alpha0.5_adaptive_short_2.0_med_3.0_long_5.0_score_diff_iter3,selected_dbfp_dense_videomme_blip_k16_alpha0.85_adaptive_short_2.0_med_4.0_long_6.0_score_diff_iter2,-0.016308367949246116,-0.7836119716245753,0.4335780757226785,-0.06408855045750311,No
selected_dbfp_dense_videomme_blip_k16_alpha0.5_adaptive_short_2.0_med_3.0_long_5.0_score_diff_iter3,selected_dbfp_dense_videomme_blip_k16_alpha0.85_adaptive_short_2.0_med_4.0_long_6.0_score_diff_iter3,-0.012226856062503372,-0.590767088961585,0.5548996924609275,-0.04831652367787363,No
selected_dbfp_dense_videomme_blip_k16_alpha0.5_adaptive_short_2.0_med_3.0_long_5.0_score_diff_iter3,selected_dbfp_dense_videomme_blip_k16_alpha0.85_adaptive_short_2.0_med_4.0_long_6.0_temporal_iter1,-0.014527906672231194,-0.700665677172974,0.48378420495448093,-0.05730469827516974,No
selected_dbfp_dense_videomme_blip_k16_alpha0.5_adaptive_short_2.0_med_3.0_long_5.0_score_diff_iter3,selected_dbfp_dense_videomme_blip_k16_alpha0.85_adaptive_short_2.0_med_4.0_long_6.0_temporal_iter2,-0.02156061942668136,-1.0243006901326548,0.306107438975919,-0.08377353699205393,No
selected_dbfp_dense_videomme_blip_k16_alpha0.5_adaptive_short_2.0_med_3.0_long_5.0_score_diff_iter3,selected_dbfp_dense_videomme_blip_k16_alpha0.85_adaptive_short_2.0_med_4.0_long_6.0_temporal_iter3,-0.028936903944918546,-1.3554513487644082,0.1757855081668945,-0.11085705092497777,No
selected_dbfp_dense_videomme_blip_k16_alpha0.5_adaptive_short_2.0_med_3.0_long_5.0_score_diff_iter3,selected_dbfp_dense_videomme_blip_k16_alpha0.85_adaptive_short_2.0_med_5.0_long_8.0_score_diff_iter1,-0.021798555616946214,-1.0320127648528914,0.30248333025163937,-0.08440427735446482,No
selected_dbfp_dense_videomme_blip_k16_alpha0.5_adaptive_short_2.0_med_3.0_long_5.0_score_diff_iter3,selected_dbfp_dense_videomme_blip_k16_alpha0.85_adaptive_short_2.0_med_5.0_long_8.0_score_diff_iter2,-0.015877338819080933,-0.7603092959468407,0.44736938211493993,-0.06218271599664666,No
selected_dbfp_dense_videomme_blip_k16_alpha0.5_adaptive_short_2.0_med_3.0_long_5.0_score_diff_iter3,selected_dbfp_dense_videomme_blip_k16_alpha0.85_adaptive_short_2.0_med_5.0_long_8.0_score_diff_iter3,-0.012561669137670345,-0.6023706367982025,0.5471557871472329,-0.049265532370025865,No
selected_dbfp_dense_videomme_blip_k16_alpha0.5_adaptive_short_2.0_med_3.0_long_5.0_score_diff_iter3,selected_dbfp_dense_videomme_blip_k16_alpha0.85_adaptive_short_2.0_med_5.0_long_8.0_temporal_iter1,-0.009114896404420592,-0.4420436802860981,0.6586174137504675,-0.03615301925434106,No
selected_dbfp_dense_videomme_blip_k16_alpha0.5_adaptive_short_2.0_med_3.0_long_5.0_score_diff_iter3,selected_dbfp_dense_videomme_blip_k16_alpha0.85_adaptive_short_2.0_med_5.0_long_8.0_temporal_iter2,-0.013311838065380388,-0.640891614302173,0.5218386263480281,-0.05241601206354349,No
selected_dbfp_dense_videomme_blip_k16_alpha0.5_adaptive_short_2.0_med_3.0_long_5.0_score_diff_iter3,selected_dbfp_dense_videomme_blip_k16_alpha0.85_adaptive_short_2.0_med_5.0_long_8.0_temporal_iter3,-0.01796920893161222,-0.8508131434745962,0.3952137015080076,-0.06958467083358585,No
selected_dbfp_dense_videomme_blip_k16_alpha0.5_adaptive_short_2.0_med_3.0_long_5.0_score_diff_iter3,selected_dbfp_dense_videomme_blip_k16_alpha0.85_adaptive_short_3.0_med_6.0_long_10.0_score_diff_iter1,-0.007850307904492093,-0.3839191799922949,0.701174815551258,-0.03139924428453735,No
selected_dbfp_dense_videomme_blip_k16_alpha0.5_adaptive_short_2.0_med_3.0_long_5.0_score_diff_iter3,selected_dbfp_dense_videomme_blip_k16_alpha0.85_adaptive_short_3.0_med_6.0_long_10.0_score_diff_iter2,-0.009899444113597083,-0.48538902148675617,0.6275781957369083,-0.03969806472658776,No
selected_dbfp_dense_videomme_blip_k16_alpha0.5_adaptive_short_2.0_med_3.0_long_5.0_score_diff_iter3,selected_dbfp_dense_videomme_blip_k16_alpha0.85_adaptive_short_3.0_med_6.0_long_10.0_score_diff_iter3,-0.011993834975470075,-0.5838670346332273,0.5595299352428342,-0.04775219527680148,No
selected_dbfp_dense_videomme_blip_k16_alpha0.5_adaptive_short_2.0_med_3.0_long_5.0_score_diff_iter3,selected_dbfp_dense_videomme_blip_k16_alpha0.85_adaptive_short_3.0_med_6.0_long_10.0_temporal_iter1,-0.020919676393527653,-0.9986372163722572,0.3183743774212572,-0.08167462208866975,No
selected_dbfp_dense_videomme_blip_k16_alpha0.5_adaptive_short_2.0_med_3.0_long_5.0_score_diff_iter3,selected_dbfp_dense_videomme_blip_k16_alpha0.85_adaptive_short_3.0_med_6.0_long_10.0_temporal_iter2,-0.006876730248028595,-0.3352896822893788,0.737524162367558,-0.02742202835964958,No
selected_dbfp_dense_videomme_blip_k16_alpha0.5_adaptive_short_2.0_med_3.0_long_5.0_score_diff_iter3,selected_dbfp_dense_videomme_blip_k16_alpha0.85_adaptive_short_3.0_med_6.0_long_10.0_temporal_iter3,-0.01331498413958257,-0.6408056010401406,0.521894476699895,-0.05240897737688236,No
selected_dbfp_dense_videomme_blip_k16_alpha0.5_adaptive_short_2.0_med_3.0_long_5.0_score_diff_iter3,selected_dbfp_dense_videomme_blip_k16_alpha0.8_adaptive_short_2.0_med_3.0_long_5.0_score_diff_iter1,-0.013054364715028799,-0.632662578203253,0.5271958456398602,-0.05174299145527876,No
selected_dbfp_dense_videomme_blip_k16_alpha0.5_adaptive_short_2.0_med_3.0_long_5.0_score_diff_iter3,selected_dbfp_dense_videomme_blip_k16_alpha0.8_adaptive_short_2.0_med_3.0_long_5.0_score_diff_iter2,-0.004505507739847064,-0.22303728506704765,0.823582651011013,-0.018241344949460735,No
selected_dbfp_dense_videomme_blip_k16_alpha0.5_adaptive_short_2.0_med_3.0_long_5.0_score_diff_iter3,selected_dbfp_dense_videomme_blip_k16_alpha0.8_adaptive_short_2.0_med_3.0_long_5.0_score_diff_iter3,-0.0025453202314631995,-0.12551134196827585,0.9001609294353845,-0.010265080493539375,No
selected_dbfp_dense_videomme_blip_k16_alpha0.5_adaptive_short_2.0_med_3.0_long_5.0_score_diff_iter3,selected_dbfp_dense_videomme_blip_k16_alpha0.8_adaptive_short_2.0_med_3.0_long_5.0_temporal_iter1,-0.002867134414551914,-0.14066241838220672,0.8881840027778115,-0.011504227624064984,No
selected_dbfp_dense_videomme_blip_k16_alpha0.5_adaptive_short_2.0_med_3.0_long_5.0_score_diff_iter3,selected_dbfp_dense_videomme_blip_k16_alpha0.8_adaptive_short_2.0_med_3.0_long_5.0_temporal_iter2,-0.0232484593548076,-1.0908400942352283,0.2757825791119936,-0.08921553398432834,No
selected_dbfp_dense_videomme_blip_k16_alpha0.5_adaptive_short_2.0_med_3.0_long_5.0_score_diff_iter3,selected_dbfp_dense_videomme_blip_k16_alpha0.8_adaptive_short_2.0_med_3.0_long_5.0_temporal_iter3,-0.010866523511993603,-0.5186355252063584,0.6042067859536893,-0.042417165942578855,No
selected_dbfp_dense_videomme_blip_k16_alpha0.5_adaptive_short_2.0_med_3.0_long_5.0_score_diff_iter3,selected_dbfp_dense_videomme_blip_k16_alpha0.8_adaptive_short_2.0_med_4.0_long_6.0_score_diff_iter1,-0.01924051802490903,-0.920907301427108,0.35747017848224916,-0.07531739713068807,No
selected_dbfp_dense_videomme_blip_k16_alpha0.5_adaptive_short_2.0_med_3.0_long_5.0_score_diff_iter3,selected_dbfp_dense_videomme_blip_k16_alpha0.8_adaptive_short_2.0_med_4.0_long_6.0_score_diff_iter2,-0.013011693650321399,-0.628360703024083,0.5300075826116906,-0.05139115796023568,No
selected_dbfp_dense_videomme_blip_k16_alpha0.5_adaptive_short_2.0_med_3.0_long_5.0_score_diff_iter3,selected_dbfp_dense_videomme_blip_k16_alpha0.8_adaptive_short_2.0_med_4.0_long_6.0_score_diff_iter3,-0.010636588474935121,-0.5072270664577466,0.6121825018139228,-0.04148411283755264,No
selected_dbfp_dense_videomme_blip_k16_alpha0.5_adaptive_short_2.0_med_3.0_long_5.0_score_diff_iter3,selected_dbfp_dense_videomme_blip_k16_alpha0.8_adaptive_short_2.0_med_4.0_long_6.0_temporal_iter1,-0.018623106149608187,-0.8881602122447028,0.37481167003109195,-0.07263914112423202,No
selected_dbfp_dense_videomme_blip_k16_alpha0.5_adaptive_short_2.0_med_3.0_long_5.0_score_diff_iter3,selected_dbfp_dense_videomme_blip_k16_alpha0.8_adaptive_short_2.0_med_4.0_long_6.0_temporal_iter2,-0.03571090995041501,-1.6562167810863107,0.09820250960375233,-0.13545547634786378,No
selected_dbfp_dense_videomme_blip_k16_alpha0.5_adaptive_short_2.0_med_3.0_long_5.0_score_diff_iter3,selected_dbfp_dense_videomme_blip_k16_alpha0.8_adaptive_short_2.0_med_4.0_long_6.0_temporal_iter3,-0.01791302201649486,-0.855083266273341,0.3928475002685513,-0.06993390741134788,No
selected_dbfp_dense_videomme_blip_k16_alpha0.5_adaptive_short_2.0_med_3.0_long_5.0_score_diff_iter3,selected_dbfp_dense_videomme_blip_k16_alpha0.8_adaptive_short_2.0_med_5.0_long_8.0_score_diff_iter1,-0.020211639419257632,-0.9649001658280804,0.334984852415423,-0.07891540101358255,No
selected_dbfp_dense_videomme_blip_k16_alpha0.5_adaptive_short_2.0_med_3.0_long_5.0_score_diff_iter3,selected_dbfp_dense_videomme_blip_k16_alpha0.8_adaptive_short_2.0_med_5.0_long_8.0_score_diff_iter2,-0.015845036328331313,-0.7559332514490825,0.4499868809911116,-0.06182481648551478,No
selected_dbfp_dense_videomme_blip_k16_alpha0.5_adaptive_short_2.0_med_3.0_long_5.0_score_diff_iter3,selected_dbfp_dense_videomme_blip_k16_alpha0.8_adaptive_short_2.0_med_5.0_long_8.0_score_diff_iter3,-0.019109396493511566,-0.8953711115952643,0.3709489928769495,-0.07322889235697265,No
selected_dbfp_dense_videomme_blip_k16_alpha0.5_adaptive_short_2.0_med_3.0_long_5.0_score_diff_iter3,selected_dbfp_dense_videomme_blip_k16_alpha0.8_adaptive_short_2.0_med_5.0_long_8.0_temporal_iter1,-0.008893481669248832,-0.43128569936505745,0.6664160770094267,-0.03527316617942385,No
selected_dbfp_dense_videomme_blip_k16_alpha0.5_adaptive_short_2.0_med_3.0_long_5.0_score_diff_iter3,selected_dbfp_dense_videomme_blip_k16_alpha0.8_adaptive_short_2.0_med_5.0_long_8.0_temporal_iter2,-0.025039590825218755,-1.1742610014375734,0.2407579116156678,-0.09603820288233587,No
selected_dbfp_dense_videomme_blip_k16_alpha0.5_adaptive_short_2.0_med_3.0_long_5.0_score_diff_iter3,selected_dbfp_dense_videomme_blip_k16_alpha0.8_adaptive_short_2.0_med_5.0_long_8.0_temporal_iter3,-0.016067090210089147,-0.7611420069597524,0.4468722868136219,-0.062250820191327036,No
selected_dbfp_dense_videomme_blip_k16_alpha0.5_adaptive_short_2.0_med_3.0_long_5.0_score_diff_iter3,selected_dbfp_dense_videomme_blip_k16_alpha0.8_adaptive_short_3.0_med_6.0_long_10.0_score_diff_iter1,-0.007503586905355963,-0.3674690741339499,0.7133991684004153,-0.030053854629871625,No
selected_dbfp_dense_videomme_blip_k16_alpha0.5_adaptive_short_2.0_med_3.0_long_5.0_score_diff_iter3,selected_dbfp_dense_videomme_blip_k16_alpha0.8_adaptive_short_3.0_med_6.0_long_10.0_score_diff_iter2,-0.011973772000749089,-0.5858013388906402,0.5582300374146325,-0.04791039442760771,No
selected_dbfp_dense_videomme_blip_k16_alpha0.5_adaptive_short_2.0_med_3.0_long_5.0_score_diff_iter3,selected_dbfp_dense_videomme_blip_k16_alpha0.8_adaptive_short_3.0_med_6.0_long_10.0_score_diff_iter3,-0.0167397508212814,-0.8098221018423736,0.41836454764096154,-0.06623217421503329,No
selected_dbfp_dense_videomme_blip_k16_alpha0.5_adaptive_short_2.0_med_3.0_long_5.0_score_diff_iter3,selected_dbfp_dense_videomme_blip_k16_alpha0.8_adaptive_short_3.0_med_6.0_long_10.0_temporal_iter1,-0.02553890263481487,-1.2045200610715627,0.22886513571365227,-0.09851297269862797,No
selected_dbfp_dense_videomme_blip_k16_alpha0.5_adaptive_short_2.0_med_3.0_long_5.0_score_diff_iter3,selected_dbfp_dense_videomme_blip_k16_alpha0.8_adaptive_short_3.0_med_6.0_long_10.0_temporal_iter2,-0.012579780361358983,-0.6068591043259366,0.5441747475244894,-0.04963262651727461,No
selected_dbfp_dense_videomme_blip_k16_alpha0.5_adaptive_short_2.0_med_3.0_long_5.0_score_diff_iter3,selected_dbfp_dense_videomme_blip_k16_alpha0.8_adaptive_short_3.0_med_6.0_long_10.0_temporal_iter3,-0.007945074469381197,-0.38532303096641884,0.7001351194618328,-0.03151405976132641,No
selected_dbfp_dense_videomme_blip_k16_alpha0.5_adaptive_short_2.0_med_3.0_long_5.0_temporal_iter1,selected_dbfp_dense_videomme_blip_k16_alpha0.5_adaptive_short_2.0_med_3.0_long_5.0_temporal_iter2,-0.004688684355877659,-0.225144283078529,0.8219439475912041,-0.018413668077005722,No
selected_dbfp_dense_videomme_blip_k16_alpha0.5_adaptive_short_2.0_med_3.0_long_5.0_temporal_iter1,selected_dbfp_dense_videomme_blip_k16_alpha0.5_adaptive_short_2.0_med_3.0_long_5.0_temporal_iter3,0.008593964072748206,0.4235913250152803,0.6720161935088866,0.03464387345026873,No
selected_dbfp_dense_videomme_blip_k16_alpha0.5_adaptive_short_2.0_med_3.0_long_5.0_temporal_iter1,selected_dbfp_dense_videomme_blip_k16_alpha0.5_adaptive_short_2.0_med_4.0_long_6.0_score_diff_iter1,0.001371878081413258,0.067400987601537,0.9462850116741739,0.005512462478097484,No
selected_dbfp_dense_videomme_blip_k16_alpha0.5_adaptive_short_2.0_med_3.0_long_5.0_temporal_iter1,selected_dbfp_dense_videomme_blip_k16_alpha0.5_adaptive_short_2.0_med_4.0_long_6.0_score_diff_iter2,-0.0068718111115082525,-0.3329685989791301,0.7392746863113733,-0.02723219606399867,No
selected_dbfp_dense_videomme_blip_k16_alpha0.5_adaptive_short_2.0_med_3.0_long_5.0_temporal_iter1,selected_dbfp_dense_videomme_blip_k16_alpha0.5_adaptive_short_2.0_med_4.0_long_6.0_score_diff_iter3,0.0023133389850043262,0.11390983684808072,0.9093474998825042,0.009316238883129433,No
selected_dbfp_dense_videomme_blip_k16_alpha0.5_adaptive_short_2.0_med_3.0_long_5.0_temporal_iter1,selected_dbfp_dense_videomme_blip_k16_alpha0.5_adaptive_short_2.0_med_4.0_long_6.0_temporal_iter1,0.002156340664887124,0.10738382568145845,0.914520502033138,0.008782502016133467,No
selected_dbfp_dense_videomme_blip_k16_alpha0.5_adaptive_short_2.0_med_3.0_long_5.0_temporal_iter1,selected_dbfp_dense_videomme_blip_k16_alpha0.5_adaptive_short_2.0_med_4.0_long_6.0_temporal_iter2,-0.021277361834441122,-1.0000324486517704,0.3176992821009601,-0.0817887327151445,No
selected_dbfp_dense_videomme_blip_k16_alpha0.5_adaptive_short_2.0_med_3.0_long_5.0_temporal_iter1,selected_dbfp_dense_videomme_blip_k16_alpha0.5_adaptive_short_2.0_med_4.0_long_6.0_temporal_iter3,-0.0076755689099399504,-0.3690775818691253,0.7122005386242195,-0.03018540819206279,No
selected_dbfp_dense_videomme_blip_k16_alpha0.5_adaptive_short_2.0_med_3.0_long_5.0_temporal_iter1,selected_dbfp_dense_videomme_blip_k16_alpha0.5_adaptive_short_2.0_med_5.0_long_8.0_score_diff_iter1,-0.014589760993968887,-0.6878381148727374,0.49182143571755466,-0.0562555823041235,No
selected_dbfp_dense_videomme_blip_k16_alpha0.5_adaptive_short_2.0_med_3.0_long_5.0_temporal_iter1,selected_dbfp_dense_videomme_blip_k16_alpha0.5_adaptive_short_2.0_med_5.0_long_8.0_score_diff_iter2,-0.010923594821260568,-0.5293052149629112,0.596790164202331,-0.04328979800422321,No
selected_dbfp_dense_videomme_blip_k16_alpha0.5_adaptive_short_2.0_med_3.0_long_5.0_temporal_iter1,selected_dbfp_dense_videomme_blip_k16_alpha0.5_adaptive_short_2.0_med_5.0_long_8.0_score_diff_iter3,-0.00011590570044930915,-0.00568262208982626,0.9954678431225219,-0.00046475937763983366,No
selected_dbfp_dense_videomme_blip_k16_alpha0.5_adaptive_short_2.0_med_3.0_long_5.0_temporal_iter1,selected_dbfp_dense_videomme_blip_k16_alpha0.5_adaptive_short_2.0_med_5.0_long_8.0_temporal_iter1,-0.008275512221926684,-0.39908670346146236,0.6899717954001267,-0.03263973657142477,No
selected_dbfp_dense_videomme_blip_k16_alpha0.5_adaptive_short_2.0_med_3.0_long_5.0_temporal_iter1,selected_dbfp_dense_videomme_blip_k16_alpha0.5_adaptive_short_2.0_med_5.0_long_8.0_temporal_iter2,-0.0217084913921749,-1.0154886289503833,0.3102836416757904,-0.0830528331110723,No
selected_dbfp_dense_videomme_blip_k16_alpha0.5_adaptive_short_2.0_med_3.0_long_5.0_temporal_iter1,selected_dbfp_dense_videomme_blip_k16_alpha0.5_adaptive_short_2.0_med_5.0_long_8.0_temporal_iter3,-0.004524362286659561,-0.2164229245420726,0.8287319053735058,-0.017700382363167136,No
selected_dbfp_dense_videomme_blip_k16_alpha0.5_adaptive_short_2.0_med_3.0_long_5.0_temporal_iter1,selected_dbfp_dense_videomme_blip_k16_alpha0.5_adaptive_short_3.0_med_6.0_long_10.0_score_diff_iter1,-0.011273180170707858,-0.5409902234767215,0.5887157803029452,-0.044245469047825454,No
selected_dbfp_dense_videomme_blip_k16_alpha0.5_adaptive_short_2.0_med_3.0_long_5.0_temporal_iter1,selected_dbfp_dense_videomme_blip_k16_alpha0.5_adaptive_short_3.0_med_6.0_long_10.0_score_diff_iter2,0.0028937186723856645,0.14179764733712602,0.8872875992343393,0.011597073549301772,No
selected_dbfp_dense_videomme_blip_k16_alpha0.5_adaptive_short_2.0_med_3.0_long_5.0_temporal_iter1,selected_dbfp_dense_videomme_blip_k16_alpha0.5_adaptive_short_3.0_med_6.0_long_10.0_score_diff_iter3,-0.004403318974165127,-0.21407741429170662,0.8305596617282217,-0.017508552265776217,No
selected_dbfp_dense_videomme_blip_k16_alpha0.5_adaptive_short_2.0_med_3.0_long_5.0_temporal_iter1,selected_dbfp_dense_videomme_blip_k16_alpha0.5_adaptive_short_3.0_med_6.0_long_10.0_temporal_iter1,-0.012849431166710917,-0.6197921639567507,0.5356307107722056,-0.050690370751402744,No
selected_dbfp_dense_videomme_blip_k16_alpha0.5_adaptive_short_2.0_med_3.0_long_5.0_temporal_iter1,selected_dbfp_dense_videomme_blip_k16_alpha0.5_adaptive_short_3.0_med_6.0_long_10.0_temporal_iter2,0.0013311240396573498,0.0655776491778837,0.9477360007800285,0.005363338777649307,No
selected_dbfp_dense_videomme_blip_k16_alpha0.5_adaptive_short_2.0_med_3.0_long_5.0_temporal_iter1,selected_dbfp_dense_videomme_blip_k16_alpha0.5_adaptive_short_3.0_med_6.0_long_10.0_temporal_iter3,0.004747460821545063,0.23108958047577813,0.8173242525238937,0.018899910628252546,No
selected_dbfp_dense_videomme_blip_k16_alpha0.5_adaptive_short_2.0_med_3.0_long_5.0_temporal_iter1,selected_dbfp_dense_videomme_blip_k16_alpha0.85_adaptive_short_2.0_med_3.0_long_5.0_score_diff_iter1,-0.0051829704162269785,-0.25419676966364024,0.7994309267463501,-0.020789757016718036,No
selected_dbfp_dense_videomme_blip_k16_alpha0.5_adaptive_short_2.0_med_3.0_long_5.0_temporal_iter1,selected_dbfp_dense_videomme_blip_k16_alpha0.85_adaptive_short_2.0_med_3.0_long_5.0_score_diff_iter2,-0.0035058993913508474,-0.1716785427249153,0.8637483344909802,-0.014040914812490675,No
selected_dbfp_dense_videomme_blip_k16_alpha0.5_adaptive_short_2.0_med_3.0_long_5.0_temporal_iter1,selected_dbfp_dense_videomme_blip_k16_alpha0.85_adaptive_short_2.0_med_3.0_long_5.0_score_diff_iter3,0.0007423032504364768,0.03684350875944297,0.9706220780229259,0.003013286106650529,No
selected_dbfp_dense_videomme_blip_k16_alpha0.5_adaptive_short_2.0_med_3.0_long_5.0_temporal_iter1,selected_dbfp_dense_videomme_blip_k16_alpha0.85_adaptive_short_2.0_med_3.0_long_5.0_temporal_iter1,0.007803492271924645,0.3904290842114921,0.6963583229111983,0.03193166379414793,No
selected_dbfp_dense_videomme_blip_k16_alpha0.5_adaptive_short_2.0_med_3.0_long_5.0_temporal_iter1,selected_dbfp_dense_videomme_blip_k16_alpha0.85_adaptive_short_2.0_med_3.0_long_5.0_temporal_iter2,0.003581058600088838,0.1763406030363345,0.8600860666425629,0.01442220644095661,No
selected_dbfp_dense_videomme_blip_k16_alpha0.5_adaptive_short_2.0_med_3.0_long_5.0_temporal_iter1,selected_dbfp_dense_videomme_blip_k16_alpha0.85_adaptive_short_2.0_med_3.0_long_5.0_temporal_iter3,-0.007546952492997999,-0.36294553659021134,0.7167738194280426,-0.029683892253540897,No
selected_dbfp_dense_videomme_blip_k16_alpha0.5_adaptive_short_2.0_med_3.0_long_5.0_temporal_iter1,selected_dbfp_dense_videomme_blip_k16_alpha0.85_adaptive_short_2.0_med_4.0_long_6.0_score_diff_iter1,-0.013774149929794699,-0.6626244794288659,0.5078263895289381,-0.054193457884829425,No
selected_dbfp_dense_videomme_blip_k16_alpha0.5_adaptive_short_2.0_med_3.0_long_5.0_temporal_iter1,selected_dbfp_dense_videomme_blip_k16_alpha0.85_adaptive_short_2.0_med_4.0_long_6.0_score_diff_iter2,-0.009833959473347115,-0.4758741925704063,0.6343378045989934,-0.038919884200126105,No
selected_dbfp_dense_videomme_blip_k16_alpha0.5_adaptive_short_2.0_med_3.0_long_5.0_temporal_iter1,selected_dbfp_dense_videomme_blip_k16_alpha0.85_adaptive_short_2.0_med_4.0_long_6.0_score_diff_iter3,-0.00575244758660437,-0.27993802825292485,0.77962185481514,-0.02289503362544421,No
selected_dbfp_dense_videomme_blip_k16_alpha0.5_adaptive_short_2.0_med_3.0_long_5.0_temporal_iter1,selected_dbfp_dense_videomme_blip_k16_alpha0.85_adaptive_short_2.0_med_4.0_long_6.0_temporal_iter1,-0.008053498196332193,-0.39119084642513546,0.6957955136009268,-0.03199396537664259,No
selected_dbfp_dense_videomme_blip_k16_alpha0.5_adaptive_short_2.0_med_3.0_long_5.0_temporal_iter1,selected_dbfp_dense_videomme_blip_k16_alpha0.85_adaptive_short_2.0_med_4.0_long_6.0_temporal_iter2,-0.015086210950782358,-0.7216891888210996,0.47076767045758805,-0.059024128874047774,No
selected_dbfp_dense_videomme_blip_k16_alpha0.5_adaptive_short_2.0_med_3.0_long_5.0_temporal_iter1,selected_dbfp_dense_videomme_blip_k16_alpha0.85_adaptive_short_2.0_med_4.0_long_6.0_temporal_iter3,-0.022462495469019544,-1.0592767291756342,0.28990143657715917,-0.08663409010332038,No
selected_dbfp_dense_videomme_blip_k16_alpha0.5_adaptive_short_2.0_med_3.0_long_5.0_temporal_iter1,selected_dbfp_dense_videomme_blip_k16_alpha0.85_adaptive_short_2.0_med_5.0_long_8.0_score_diff_iter1,-0.015324147141047212,-0.7304937637794348,0.4653745096515026,-0.059744220543707864,No
selected_dbfp_dense_videomme_blip_k16_alpha0.5_adaptive_short_2.0_med_3.0_long_5.0_temporal_iter1,selected_dbfp_dense_videomme_blip_k16_alpha0.85_adaptive_short_2.0_med_5.0_long_8.0_score_diff_iter2,-0.009402930343181931,-0.45344852272516384,0.6503903003469668,-0.037085776604658255,No
selected_dbfp_dense_videomme_blip_k16_alpha0.5_adaptive_short_2.0_med_3.0_long_5.0_temporal_iter1,selected_dbfp_dense_videomme_blip_k16_alpha0.85_adaptive_short_2.0_med_5.0_long_8.0_score_diff_iter3,-0.006087260661771343,-0.2939673427051669,0.7688848609091108,-0.02404243624943906,No
selected_dbfp_dense_videomme_blip_k16_alpha0.5_adaptive_short_2.0_med_3.0_long_5.0_temporal_iter1,selected_dbfp_dense_videomme_blip_k16_alpha0.85_adaptive_short_2.0_med_5.0_long_8.0_temporal_iter1,-0.00264048792852159,-0.12898187742751446,0.8974153566789003,-0.010548921983777045,No
selected_dbfp_dense_videomme_blip_k16_alpha0.5_adaptive_short_2.0_med_3.0_long_5.0_temporal_iter1,selected_dbfp_dense_videomme_blip_k16_alpha0.85_adaptive_short_2.0_med_5.0_long_8.0_temporal_iter2,-0.006837429589481386,-0.33153152652001033,0.7403591833181586,-0.02711466354191683,No
selected_dbfp_dense_videomme_blip_k16_alpha0.5_adaptive_short_2.0_med_3.0_long_5.0_temporal_iter1,selected_dbfp_dense_videomme_blip_k16_alpha0.85_adaptive_short_2.0_med_5.0_long_8.0_temporal_iter3,-0.011494800455713217,-0.548012139570748,0.5838880646483349,-0.044819764042348456,No
selected_dbfp_dense_videomme_blip_k16_alpha0.5_adaptive_short_2.0_med_3.0_long_5.0_temporal_iter1,selected_dbfp_dense_videomme_blip_k16_alpha0.85_adaptive_short_3.0_med_6.0_long_10.0_score_diff_iter1,-0.0013758994285930914,-0.06778352971381639,0.9459806121210381,-0.0055437490967983165,No
selected_dbfp_dense_videomme_blip_k16_alpha0.5_adaptive_short_2.0_med_3.0_long_5.0_temporal_iter1,selected_dbfp_dense_videomme_blip_k16_alpha0.85_adaptive_short_3.0_med_6.0_long_10.0_score_diff_iter2,-0.0034250356376980817,-0.16917854498182172,0.8657134151383081,-0.013836449795412436,No
selected_dbfp_dense_videomme_blip_k16_alpha0.5_adaptive_short_2.0_med_3.0_long_5.0_temporal_iter1,selected_dbfp_dense_videomme_blip_k16_alpha0.85_adaptive_short_3.0_med_6.0_long_10.0_score_diff_iter3,-0.005519426499571073,-0.27064801444045145,0.7867551494935955,-0.022135239817411393,No
selected_dbfp_dense_videomme_blip_k16_alpha0.5_adaptive_short_2.0_med_3.0_long_5.0_temporal_iter1,selected_dbfp_dense_videomme_blip_k16_alpha0.85_adaptive_short_3.0_med_6.0_long_10.0_temporal_iter1,-0.014445267917628651,-0.6944026723415971,0.48769939991578437,-0.05679247167592331,No
selected_dbfp_dense_videomme_blip_k16_alpha0.5_adaptive_short_2.0_med_3.0_long_5.0_temporal_iter1,selected_dbfp_dense_videomme_blip_k16_alpha0.85_adaptive_short_3.0_med_6.0_long_10.0_temporal_iter2,-0.0004023217721295935,-0.019759536018819895,0.9842417881255752,-0.00161605496841953,No
selected_dbfp_dense_videomme_blip_k16_alpha0.5_adaptive_short_2.0_med_3.0_long_5.0_temporal_iter1,selected_dbfp_dense_videomme_blip_k16_alpha0.85_adaptive_short_3.0_med_6.0_long_10.0_temporal_iter3,-0.006840575663683568,-0.3315594402364538,0.7403381130968507,-0.027116946495732642,No
selected_dbfp_dense_videomme_blip_k16_alpha0.5_adaptive_short_2.0_med_3.0_long_5.0_temporal_iter1,selected_dbfp_dense_videomme_blip_k16_alpha0.8_adaptive_short_2.0_med_3.0_long_5.0_score_diff_iter1,-0.006579956239129797,-0.32119306362881006,0.7481763121124547,-0.026269121194554483,No
selected_dbfp_dense_videomme_blip_k16_alpha0.5_adaptive_short_2.0_med_3.0_long_5.0_temporal_iter1,selected_dbfp_dense_videomme_blip_k16_alpha0.8_adaptive_short_2.0_med_3.0_long_5.0_score_diff_iter2,0.0019689007360519373,0.09820212869007114,0.9218046987277195,0.008031567023071524,No
selected_dbfp_dense_videomme_blip_k16_alpha0.5_adaptive_short_2.0_med_3.0_long_5.0_temporal_iter1,selected_dbfp_dense_videomme_blip_k16_alpha0.8_adaptive_short_2.0_med_3.0_long_5.0_score_diff_iter3,0.003929088244435802,0.1951956524431288,0.8453060836944478,0.015964286990249908,No
selected_dbfp_dense_videomme_blip_k16_alpha0.5_adaptive_short_2.0_med_3.0_long_5.0_temporal_iter1,selected_dbfp_dense_videomme_blip_k16_alpha0.8_adaptive_short_2.0_med_3.0_long_5.0_temporal_iter1,0.0036072740613470877,0.17828464594330093,0.8585598155611788,0.014581202085016062,No
selected_dbfp_dense_videomme_blip_k16_alpha0.5_adaptive_short_2.0_med_3.0_long_5.0_temporal_iter1,selected_dbfp_dense_videomme_blip_k16_alpha0.8_adaptive_short_2.0_med_3.0_long_5.0_temporal_iter2,-0.016774050878908597,-0.7923816221424597,0.4284524171060977,-0.06480578582877296,No
selected_dbfp_dense_videomme_blip_k16_alpha0.5_adaptive_short_2.0_med_3.0_long_5.0_temporal_iter1,selected_dbfp_dense_videomme_blip_k16_alpha0.8_adaptive_short_2.0_med_3.0_long_5.0_temporal_iter3,-0.0043921150360946015,-0.21109463719448116,0.8328853398707369,-0.01726460263102017,No
selected_dbfp_dense_videomme_blip_k16_alpha0.5_adaptive_short_2.0_med_3.0_long_5.0_temporal_iter1,selected_dbfp_dense_videomme_blip_k16_alpha0.8_adaptive_short_2.0_med_4.0_long_6.0_score_diff_iter1,-0.01276610954901003,-0.6153282972966568,0.5385720268096355,-0.05032528860249089,No
selected_dbfp_dense_videomme_blip_k16_alpha0.5_adaptive_short_2.0_med_3.0_long_5.0_temporal_iter1,selected_dbfp_dense_videomme_blip_k16_alpha0.8_adaptive_short_2.0_med_4.0_long_6.0_score_diff_iter2,-0.006537285174422397,-0.31796337115234957,0.7506237237133276,-0.026004977315080783,No
selected_dbfp_dense_videomme_blip_k16_alpha0.5_adaptive_short_2.0_med_3.0_long_5.0_temporal_iter1,selected_dbfp_dense_videomme_blip_k16_alpha0.8_adaptive_short_2.0_med_4.0_long_6.0_score_diff_iter3,-0.00416217999903612,-0.19986997480753022,0.841650220178968,-0.016346581509138716,No
selected_dbfp_dense_videomme_blip_k16_alpha0.5_adaptive_short_2.0_med_3.0_long_5.0_temporal_iter1,selected_dbfp_dense_videomme_blip_k16_alpha0.8_adaptive_short_2.0_med_4.0_long_6.0_temporal_iter1,-0.012148697673709186,-0.5834398722695555,0.5598171967108683,-0.04771725936767479,No
selected_dbfp_dense_videomme_blip_k16_alpha0.5_adaptive_short_2.0_med_3.0_long_5.0_temporal_iter1,selected_dbfp_dense_videomme_blip_k16_alpha0.8_adaptive_short_2.0_med_4.0_long_6.0_temporal_iter2,-0.029236501474516008,-1.3649080434840635,0.17279526179620727,-0.11163047691953479,No
selected_dbfp_dense_videomme_blip_k16_alpha0.5_adaptive_short_2.0_med_3.0_long_5.0_temporal_iter1,selected_dbfp_dense_videomme_blip_k16_alpha0.8_adaptive_short_2.0_med_4.0_long_6.0_temporal_iter3,-0.01143861354059586,-0.5498519208871662,0.5826262383922107,-0.04497023252757969,No
selected_dbfp_dense_videomme_blip_k16_alpha0.5_adaptive_short_2.0_med_3.0_long_5.0_temporal_iter1,selected_dbfp_dense_videomme_blip_k16_alpha0.8_adaptive_short_2.0_med_5.0_long_8.0_score_diff_iter1,-0.01373723094335863,-0.6604096809524632,0.509245263713185,-0.054012318203538336,No
selected_dbfp_dense_videomme_blip_k16_alpha0.5_adaptive_short_2.0_med_3.0_long_5.0_temporal_iter1,selected_dbfp_dense_videomme_blip_k16_alpha0.8_adaptive_short_2.0_med_5.0_long_8.0_score_diff_iter2,-0.009370627852432312,-0.4501820837756299,0.6527423069748053,-0.03681862737687527,No
selected_dbfp_dense_videomme_blip_k16_alpha0.5_adaptive_short_2.0_med_3.0_long_5.0_temporal_iter1,selected_dbfp_dense_videomme_blip_k16_alpha0.8_adaptive_short_2.0_med_5.0_long_8.0_score_diff_iter3,-0.012634988017612564,-0.5960081256879793,0.551395317277851,-0.048745167566146635,No
selected_dbfp_dense_videomme_blip_k16_alpha0.5_adaptive_short_2.0_med_3.0_long_5.0_temporal_iter1,selected_dbfp_dense_videomme_blip_k16_alpha0.8_adaptive_short_2.0_med_5.0_long_8.0_temporal_iter1,-0.00241907319334983,-0.1181606898885109,0.9059800146342841,-0.009663899487631645,No
selected_dbfp_dense_videomme_blip_k16_alpha0.5_adaptive_short_2.0_med_3.0_long_5.0_temporal_iter1,selected_dbfp_dense_videomme_blip_k16_alpha0.8_adaptive_short_2.0_med_5.0_long_8.0_temporal_iter2,-0.018565182349319753,-0.8765224376329824,0.3810980484418556,-0.07168733320056694,No
selected_dbfp_dense_videomme_blip_k16_alpha0.5_adaptive_short_2.0_med_3.0_long_5.0_temporal_iter1,selected_dbfp_dense_videomme_blip_k16_alpha0.8_adaptive_short_2.0_med_5.0_long_8.0_temporal_iter3,-0.009592681734190145,-0.45756742115205884,0.6474294498247551,-0.03742264517196297,No
selected_dbfp_dense_videomme_blip_k16_alpha0.5_adaptive_short_2.0_med_3.0_long_5.0_temporal_iter1,selected_dbfp_dense_videomme_blip_k16_alpha0.8_adaptive_short_3.0_med_6.0_long_10.0_score_diff_iter1,-0.0010291784294569617,-0.050773345780627,0.9595230848385352,-0.00415255285443667,No
selected_dbfp_dense_videomme_blip_k16_alpha0.5_adaptive_short_2.0_med_3.0_long_5.0_temporal_iter1,selected_dbfp_dense_videomme_blip_k16_alpha0.8_adaptive_short_3.0_med_6.0_long_10.0_score_diff_iter2,-0.005499363524850087,-0.27103079135802804,0.786460876799092,-0.022166545636023677,No
selected_dbfp_dense_videomme_blip_k16_alpha0.5_adaptive_short_2.0_med_3.0_long_5.0_temporal_iter1,selected_dbfp_dense_videomme_blip_k16_alpha0.8_adaptive_short_3.0_med_6.0_long_10.0_score_diff_iter3,-0.0102653423453824,-0.5001837643142572,0.6171297000171593,-0.04090806873853938,No
selected_dbfp_dense_videomme_blip_k16_alpha0.5_adaptive_short_2.0_med_3.0_long_5.0_temporal_iter1,selected_dbfp_dense_videomme_blip_k16_alpha0.8_adaptive_short_3.0_med_6.0_long_10.0_temporal_iter1,-0.019064494158915868,-0.9053098946945276,0.365665829498224,-0.07404174641721682,No
selected_dbfp_dense_videomme_blip_k16_alpha0.5_adaptive_short_2.0_med_3.0_long_5.0_temporal_iter1,selected_dbfp_dense_videomme_blip_k16_alpha0.8_adaptive_short_3.0_med_6.0_long_10.0_temporal_iter2,-0.0061053718854599814,-0.2966366369791582,0.7668469339885172,-0.024260747355388104,No
selected_dbfp_dense_videomme_blip_k16_alpha0.5_adaptive_short_2.0_med_3.0_long_5.0_temporal_iter1,selected_dbfp_dense_videomme_blip_k16_alpha0.8_adaptive_short_3.0_med_6.0_long_10.0_temporal_iter3,-0.0014706659934821953,-0.07184098882469726,0.9427524728127906,-0.005875592769023441,No
selected_dbfp_dense_videomme_blip_k16_alpha0.5_adaptive_short_2.0_med_3.0_long_5.0_temporal_iter2,selected_dbfp_dense_videomme_blip_k16_alpha0.5_adaptive_short_2.0_med_3.0_long_5.0_temporal_iter3,0.013282648428625865,0.6386484966957244,0.5232961402581207,0.0522325562729404,No
selected_dbfp_dense_videomme_blip_k16_alpha0.5_adaptive_short_2.0_med_3.0_long_5.0_temporal_iter2,selected_dbfp_dense_videomme_blip_k16_alpha0.5_adaptive_short_2.0_med_4.0_long_6.0_score_diff_iter1,0.006060562437290917,0.2905059778163441,0.7715298941500086,0.023759344794917224,No
selected_dbfp_dense_videomme_blip_k16_alpha0.5_adaptive_short_2.0_med_3.0_long_5.0_temporal_iter2,selected_dbfp_dense_videomme_blip_k16_alpha0.5_adaptive_short_2.0_med_4.0_long_6.0_score_diff_iter2,-0.0021831267556305933,-0.1032733442139135,0.9177806538934276,-0.008446321872643874,No
selected_dbfp_dense_videomme_blip_k16_alpha0.5_adaptive_short_2.0_med_3.0_long_5.0_temporal_iter2,selected_dbfp_dense_videomme_blip_k16_alpha0.5_adaptive_short_2.0_med_4.0_long_6.0_score_diff_iter3,0.007002023340881985,0.3363489491081579,0.7367257329748547,0.027508661655332212,No
selected_dbfp_dense_videomme_blip_k16_alpha0.5_adaptive_short_2.0_med_3.0_long_5.0_temporal_iter2,selected_dbfp_dense_videomme_blip_k16_alpha0.5_adaptive_short_2.0_med_4.0_long_6.0_temporal_iter1,0.006845025020764783,0.33235466743776365,0.739737930684007,0.02718198500837579,No
selected_dbfp_dense_videomme_blip_k16_alpha0.5_adaptive_short_2.0_med_3.0_long_5.0_temporal_iter2,selected_dbfp_dense_videomme_blip_k16_alpha0.5_adaptive_short_2.0_med_4.0_long_6.0_temporal_iter2,-0.016588677478563463,-0.7622332710972347,0.44622132279476945,-0.06234007047870227,No
selected_dbfp_dense_videomme_blip_k16_alpha0.5_adaptive_short_2.0_med_3.0_long_5.0_temporal_iter2,selected_dbfp_dense_videomme_blip_k16_alpha0.5_adaptive_short_2.0_med_4.0_long_6.0_temporal_iter3,-0.0029868845540622913,-0.1402676252360927,0.8884957744134674,-0.011471939060429802,No
selected_dbfp_dense_videomme_blip_k16_alpha0.5_adaptive_short_2.0_med_3.0_long_5.0_temporal_iter2,selected_dbfp_dense_videomme_blip_k16_alpha0.5_adaptive_short_2.0_med_5.0_long_8.0_score_diff_iter1,-0.009901076638091227,-0.45628984642629633,0.6483472329730694,-0.03731815739402718,No
selected_dbfp_dense_videomme_blip_k16_alpha0.5_adaptive_short_2.0_med_3.0_long_5.0_temporal_iter2,selected_dbfp_dense_videomme_blip_k16_alpha0.5_adaptive_short_2.0_med_5.0_long_8.0_score_diff_iter2,-0.006234910465382909,-0.29494947996536414,0.7681348412646621,-0.024122761424229696,No
selected_dbfp_dense_videomme_blip_k16_alpha0.5_adaptive_short_2.0_med_3.0_long_5.0_temporal_iter2,selected_dbfp_dense_videomme_blip_k16_alpha0.5_adaptive_short_2.0_med_5.0_long_8.0_score_diff_iter3,0.00457277865542835,0.21875556289492343,0.8269151009414979,0.01789115970727837,No
selected_dbfp_dense_videomme_blip_k16_alpha0.5_adaptive_short_2.0_med_3.0_long_5.0_temporal_iter2,selected_dbfp_dense_videomme_blip_k16_alpha0.5_adaptive_short_2.0_med_5.0_long_8.0_temporal_iter1,-0.003586827866049025,-0.16891033543921152,0.8659242863492449,-0.01381451401466883,No
selected_dbfp_dense_videomme_blip_k16_alpha0.5_adaptive_short_2.0_med_3.0_long_5.0_temporal_iter2,selected_dbfp_dense_videomme_blip_k16_alpha0.5_adaptive_short_2.0_med_5.0_long_8.0_temporal_iter2,-0.01701980703629724,-0.7785206787246108,0.43657005559378403,-0.06367215369537903,No
selected_dbfp_dense_videomme_blip_k16_alpha0.5_adaptive_short_2.0_med_3.0_long_5.0_temporal_iter2,selected_dbfp_dense_videomme_blip_k16_alpha0.5_adaptive_short_2.0_med_5.0_long_8.0_temporal_iter3,0.000164322069218098,0.007678521718657608,0.9938760470895399,0.0006279961830046348,No
selected_dbfp_dense_videomme_blip_k16_alpha0.5_adaptive_short_2.0_med_3.0_long_5.0_temporal_iter2,selected_dbfp_dense_videomme_blip_k16_alpha0.5_adaptive_short_3.0_med_6.0_long_10.0_score_diff_iter1,-0.006584495814830199,-0.30862936481072506,0.7577109659176388,-0.025241585573765126,No
selected_dbfp_dense_videomme_blip_k16_alpha0.5_adaptive_short_2.0_med_3.0_long_5.0_temporal_iter2,selected_dbfp_dense_videomme_blip_k16_alpha0.5_adaptive_short_3.0_med_6.0_long_10.0_score_diff_iter2,0.007582403028263324,0.36254807881124507,0.7170705972839124,0.029651385747036896,No
selected_dbfp_dense_videomme_blip_k16_alpha0.5_adaptive_short_2.0_med_3.0_long_5.0_temporal_iter2,selected_dbfp_dense_videomme_blip_k16_alpha0.5_adaptive_short_3.0_med_6.0_long_10.0_score_diff_iter3,0.00028536538171253234,0.013542555852085532,0.9891994508230135,0.001107592540567438,No
selected_dbfp_dense_videomme_blip_k16_alpha0.5_adaptive_short_2.0_med_3.0_long_5.0_temporal_iter2,selected_dbfp_dense_videomme_blip_k16_alpha0.5_adaptive_short_3.0_med_6.0_long_10.0_temporal_iter1,-0.008160746810833258,-0.3843803929787406,0.7008331778825436,-0.03143696513254158,No
selected_dbfp_dense_videomme_blip_k16_alpha0.5_adaptive_short_2.0_med_3.0_long_5.0_temporal_iter2,selected_dbfp_dense_videomme_blip_k16_alpha0.5_adaptive_short_3.0_med_6.0_long_10.0_temporal_iter2,0.006019808395535009,0.2893038021731768,0.7724491725603723,0.02366102356061286,No
selected_dbfp_dense_videomme_blip_k16_alpha0.5_adaptive_short_2.0_med_3.0_long_5.0_temporal_iter2,selected_dbfp_dense_videomme_blip_k16_alpha0.5_adaptive_short_3.0_med_6.0_long_10.0_temporal_iter3,0.009436145177422722,0.4483294709782286,0.6540778264842959,0.0366671094565367,No
selected_dbfp_dense_videomme_blip_k16_alpha0.5_adaptive_short_2.0_med_3.0_long_5.0_temporal_iter2,selected_dbfp_dense_videomme_blip_k16_alpha0.85_adaptive_short_2.0_med_3.0_long_5.0_score_diff_iter1,-0.0004942860603493193,-0.023653616092638153,0.9811367951803922,-0.0019345365098942212,No
selected_dbfp_dense_videomme_blip_k16_alpha0.5_adaptive_short_2.0_med_3.0_long_5.0_temporal_iter2,selected_dbfp_dense_videomme_blip_k16_alpha0.85_adaptive_short_2.0_med_3.0_long_5.0_score_diff_iter2,0.0011827849645268118,0.056517450065732326,0.9549484728484349,0.004622340625484186,No
selected_dbfp_dense_videomme_blip_k16_alpha0.5_adaptive_short_2.0_med_3.0_long_5.0_temporal_iter2,selected_dbfp_dense_videomme_blip_k16_alpha0.85_adaptive_short_2.0_med_3.0_long_5.0_score_diff_iter3,0.005430987606314136,0.26286613536046555,0.7927442966909459,0.021498790453454725,No
selected_dbfp_dense_videomme_blip_k16_alpha0.5_adaptive_short_2.0_med_3.0_long_5.0_temporal_iter2,selected_dbfp_dense_videomme_blip_k16_alpha0.85_adaptive_short_2.0_med_3.0_long_5.0_temporal_iter1,0.012492176627802304,0.6092503141204615,0.5425899245982657,0.04982819416833181,No
selected_dbfp_dense_videomme_blip_k16_alpha0.5_adaptive_short_2.0_med_3.0_long_5.0_temporal_iter2,selected_dbfp_dense_videomme_blip_k16_alpha0.85_adaptive_short_2.0_med_3.0_long_5.0_temporal_iter2,0.008269742955966497,0.39726157235431403,0.6913163313511235,0.03249046625987282,No
selected_dbfp_dense_videomme_blip_k16_alpha0.5_adaptive_short_2.0_med_3.0_long_5.0_temporal_iter2,selected_dbfp_dense_videomme_blip_k16_alpha0.85_adaptive_short_2.0_med_3.0_long_5.0_temporal_iter3,-0.00285826813712034,-0.13424614671305518,0.8932531044965623,-0.010979465942974108,No
selected_dbfp_dense_videomme_blip_k16_alpha0.5_adaptive_short_2.0_med_3.0_long_5.0_temporal_iter2,selected_dbfp_dense_videomme_blip_k16_alpha0.85_adaptive_short_2.0_med_4.0_long_6.0_score_diff_iter1,-0.00908546557391704,-0.42684749423578616,0.6696440395678178,-0.03491018282834161,No
selected_dbfp_dense_videomme_blip_k16_alpha0.5_adaptive_short_2.0_med_3.0_long_5.0_temporal_iter2,selected_dbfp_dense_videomme_blip_k16_alpha0.85_adaptive_short_2.0_med_4.0_long_6.0_score_diff_iter2,-0.0051452751174694555,-0.2430950773774212,0.8080151054930674,-0.019881793166598844,No
selected_dbfp_dense_videomme_blip_k16_alpha0.5_adaptive_short_2.0_med_3.0_long_5.0_temporal_iter2,selected_dbfp_dense_videomme_blip_k16_alpha0.85_adaptive_short_2.0_med_4.0_long_6.0_score_diff_iter3,-0.0010637632307267109,-0.050529277706080546,0.9597174916335599,-0.004132591489877539,No
selected_dbfp_dense_videomme_blip_k16_alpha0.5_adaptive_short_2.0_med_3.0_long_5.0_temporal_iter2,selected_dbfp_dense_videomme_blip_k16_alpha0.85_adaptive_short_2.0_med_4.0_long_6.0_temporal_iter1,-0.0033648138404545336,-0.15954824189925523,0.8732908260651819,-0.013048825090639423,No
selected_dbfp_dense_videomme_blip_k16_alpha0.5_adaptive_short_2.0_med_3.0_long_5.0_temporal_iter2,selected_dbfp_dense_videomme_blip_k16_alpha0.85_adaptive_short_2.0_med_4.0_long_6.0_temporal_iter2,-0.010397526594904699,-0.48588645618016324,0.6272256575515955,-0.03973874803437005,No
selected_dbfp_dense_videomme_blip_k16_alpha0.5_adaptive_short_2.0_med_3.0_long_5.0_temporal_iter2,selected_dbfp_dense_videomme_blip_k16_alpha0.85_adaptive_short_2.0_med_4.0_long_6.0_temporal_iter3,-0.017773811113141885,-0.8193081375395138,0.4129370325520497,-0.06700800000281859,No
selected_dbfp_dense_videomme_blip_k16_alpha0.5_adaptive_short_2.0_med_3.0_long_5.0_temporal_iter2,selected_dbfp_dense_videomme_blip_k16_alpha0.85_adaptive_short_2.0_med_5.0_long_8.0_score_diff_iter1,-0.010635462785169553,-0.4953373224205479,0.6205439929202892,-0.040511697331435774,No
selected_dbfp_dense_videomme_blip_k16_alpha0.5_adaptive_short_2.0_med_3.0_long_5.0_temporal_iter2,selected_dbfp_dense_videomme_blip_k16_alpha0.85_adaptive_short_2.0_med_5.0_long_8.0_score_diff_iter2,-0.004714245987304272,-0.22199882755846603,0.8243905885521179,-0.01815641361775728,No
selected_dbfp_dense_videomme_blip_k16_alpha0.5_adaptive_short_2.0_med_3.0_long_5.0_temporal_iter2,selected_dbfp_dense_videomme_blip_k16_alpha0.85_adaptive_short_2.0_med_5.0_long_8.0_score_diff_iter3,-0.001398576305893684,-0.06594904977917694,0.9474404307395956,-0.00539371418577156,No
selected_dbfp_dense_videomme_blip_k16_alpha0.5_adaptive_short_2.0_med_3.0_long_5.0_temporal_iter2,selected_dbfp_dense_videomme_blip_k16_alpha0.85_adaptive_short_2.0_med_5.0_long_8.0_temporal_iter1,0.0020481964273560693,0.09763992777335163,0.9222509345763332,0.007985586829069736,No
selected_dbfp_dense_videomme_blip_k16_alpha0.5_adaptive_short_2.0_med_3.0_long_5.0_temporal_iter2,selected_dbfp_dense_videomme_blip_k16_alpha0.85_adaptive_short_2.0_med_5.0_long_8.0_temporal_iter2,-0.002148745233603727,-0.10171384022324836,0.9190179112212675,-0.008318776156089659,No
selected_dbfp_dense_videomme_blip_k16_alpha0.5_adaptive_short_2.0_med_3.0_long_5.0_temporal_iter2,selected_dbfp_dense_videomme_blip_k16_alpha0.85_adaptive_short_2.0_med_5.0_long_8.0_temporal_iter3,-0.006806116099835557,-0.31702269298803354,0.7513370298411665,-0.025928042980318197,No
selected_dbfp_dense_videomme_blip_k16_alpha0.5_adaptive_short_2.0_med_3.0_long_5.0_temporal_iter2,selected_dbfp_dense_videomme_blip_k16_alpha0.85_adaptive_short_3.0_med_6.0_long_10.0_score_diff_iter1,0.0033127849272845677,0.1592079971285548,0.8735587583269979,0.013020997798161425,No
selected_dbfp_dense_videomme_blip_k16_alpha0.5_adaptive_short_2.0_med_3.0_long_5.0_temporal_iter2,selected_dbfp_dense_videomme_blip_k16_alpha0.85_adaptive_short_3.0_med_6.0_long_10.0_score_diff_iter2,0.0012636487181795775,0.060881492241249634,0.9514739302721096,0.004979258521190237,No
selected_dbfp_dense_videomme_blip_k16_alpha0.5_adaptive_short_2.0_med_3.0_long_5.0_temporal_iter2,selected_dbfp_dense_videomme_blip_k16_alpha0.85_adaptive_short_3.0_med_6.0_long_10.0_score_diff_iter3,-0.0008307421436934137,-0.039747413506980245,0.9683077669850081,-0.00325078509359836,No
selected_dbfp_dense_videomme_blip_k16_alpha0.5_adaptive_short_2.0_med_3.0_long_5.0_temporal_iter2,selected_dbfp_dense_videomme_blip_k16_alpha0.85_adaptive_short_3.0_med_6.0_long_10.0_temporal_iter1,-0.009756583561750992,-0.4580586280145844,0.6470767198955705,-0.03746281907814767,No
selected_dbfp_dense_videomme_blip_k16_alpha0.5_adaptive_short_2.0_med_3.0_long_5.0_temporal_iter2,selected_dbfp_dense_videomme_blip_k16_alpha0.85_adaptive_short_3.0_med_6.0_long_10.0_temporal_iter2,0.004286362583748066,0.20539535131296177,0.837333149306664,0.0167984803888091,No
selected_dbfp_dense_videomme_blip_k16_alpha0.5_adaptive_short_2.0_med_3.0_long_5.0_temporal_iter2,selected_dbfp_dense_videomme_blip_k16_alpha0.85_adaptive_short_3.0_med_6.0_long_10.0_temporal_iter3,-0.0021518913078059088,-0.10182628363815092,0.9189286958350769,-0.008327972462201908,No
selected_dbfp_dense_videomme_blip_k16_alpha0.5_adaptive_short_2.0_med_3.0_long_5.0_temporal_iter2,selected_dbfp_dense_videomme_blip_k16_alpha0.8_adaptive_short_2.0_med_3.0_long_5.0_score_diff_iter1,-0.001891271883252138,-0.09009958466476116,0.9282382481178203,-0.00736889173343359,No
selected_dbfp_dense_videomme_blip_k16_alpha0.5_adaptive_short_2.0_med_3.0_long_5.0_temporal_iter2,selected_dbfp_dense_videomme_blip_k16_alpha0.8_adaptive_short_2.0_med_3.0_long_5.0_score_diff_iter2,0.0066575850919295965,0.32373201114454436,0.7462541195014005,0.026476771760074888,No
selected_dbfp_dense_videomme_blip_k16_alpha0.5_adaptive_short_2.0_med_3.0_long_5.0_temporal_iter2,selected_dbfp_dense_videomme_blip_k16_alpha0.8_adaptive_short_2.0_med_3.0_long_5.0_score_diff_iter3,0.008617772600313461,0.41747455990921634,0.6764811699284357,0.03414360724145224,No
selected_dbfp_dense_videomme_blip_k16_alpha0.5_adaptive_short_2.0_med_3.0_long_5.0_temporal_iter2,selected_dbfp_dense_videomme_blip_k16_alpha0.8_adaptive_short_2.0_med_3.0_long_5.0_temporal_iter1,0.008295958417224747,0.39991502673201945,0.6893619101569056,0.032707481884198655,No
selected_dbfp_dense_videomme_blip_k16_alpha0.5_adaptive_short_2.0_med_3.0_long_5.0_temporal_iter2,selected_dbfp_dense_videomme_blip_k16_alpha0.8_adaptive_short_2.0_med_3.0_long_5.0_temporal_iter2,-0.012085366523030938,-0.5580053152494585,0.5770495930728436,-0.04563706675218141,No
selected_dbfp_dense_videomme_blip_k16_alpha0.5_adaptive_short_2.0_med_3.0_long_5.0_temporal_iter2,selected_dbfp_dense_videomme_blip_k16_alpha0.8_adaptive_short_2.0_med_3.0_long_5.0_temporal_iter3,0.00029656931978305767,0.01392101911839934,0.9888976355473589,0.0011385455675840756,No
selected_dbfp_dense_videomme_blip_k16_alpha0.5_adaptive_short_2.0_med_3.0_long_5.0_temporal_iter2,selected_dbfp_dense_videomme_blip_k16_alpha0.8_adaptive_short_2.0_med_4.0_long_6.0_score_diff_iter1,-0.00807742519313237,-0.38019375691301305,0.70393659118669,-0.03109455658593547,No
selected_dbfp_dense_videomme_blip_k16_alpha0.5_adaptive_short_2.0_med_3.0_long_5.0_temporal_iter2,selected_dbfp_dense_videomme_blip_k16_alpha0.8_adaptive_short_2.0_med_4.0_long_6.0_score_diff_iter2,-0.0018486008185447378,-0.08776523741741864,0.9300926488506436,-0.007177974626416528,No
selected_dbfp_dense_videomme_blip_k16_alpha0.5_adaptive_short_2.0_med_3.0_long_5.0_temporal_iter2,selected_dbfp_dense_videomme_blip_k16_alpha0.8_adaptive_short_2.0_med_4.0_long_6.0_score_diff_iter3,0.0005265043568415395,0.024693767604420727,0.980307464027528,0.00201960642498493,No
selected_dbfp_dense_videomme_blip_k16_alpha0.5_adaptive_short_2.0_med_3.0_long_5.0_temporal_iter2,selected_dbfp_dense_videomme_blip_k16_alpha0.8_adaptive_short_2.0_med_4.0_long_6.0_temporal_iter1,-0.0074600133178315264,-0.3499152280032857,0.7265255201875647,-0.028618194436503343,No
selected_dbfp_dense_videomme_blip_k16_alpha0.5_adaptive_short_2.0_med_3.0_long_5.0_temporal_iter2,selected_dbfp_dense_videomme_blip_k16_alpha0.8_adaptive_short_2.0_med_4.0_long_6.0_temporal_iter2,-0.02454781711863835,-1.12072460477897,0.2628549749090722,-0.09165967101564369,No
selected_dbfp_dense_videomme_blip_k16_alpha0.5_adaptive_short_2.0_med_3.0_long_5.0_temporal_iter2,selected_dbfp_dense_videomme_blip_k16_alpha0.8_adaptive_short_2.0_med_4.0_long_6.0_temporal_iter3,-0.006749929184718201,-0.3168908595219152,0.7514370147758351,-0.02591726083025265,No
selected_dbfp_dense_videomme_blip_k16_alpha0.5_adaptive_short_2.0_med_3.0_long_5.0_temporal_iter2,selected_dbfp_dense_videomme_blip_k16_alpha0.8_adaptive_short_2.0_med_5.0_long_8.0_score_diff_iter1,-0.009048546587480971,-0.4248437778208966,0.6711033791666019,-0.03474630672044905,No
selected_dbfp_dense_videomme_blip_k16_alpha0.5_adaptive_short_2.0_med_3.0_long_5.0_temporal_iter2,selected_dbfp_dense_videomme_blip_k16_alpha0.8_adaptive_short_2.0_med_5.0_long_8.0_score_diff_iter2,-0.0046819434965546525,-0.21968251189847837,0.8261933923840284,-0.017966971245018074,No
selected_dbfp_dense_videomme_blip_k16_alpha0.5_adaptive_short_2.0_med_3.0_long_5.0_temporal_iter2,selected_dbfp_dense_videomme_blip_k16_alpha0.8_adaptive_short_2.0_med_5.0_long_8.0_score_diff_iter3,-0.007946303661734905,-0.36639722650137774,0.714198283340324,-0.02996619248517657,No
selected_dbfp_dense_videomme_blip_k16_alpha0.5_adaptive_short_2.0_med_3.0_long_5.0_temporal_iter2,selected_dbfp_dense_videomme_blip_k16_alpha0.8_adaptive_short_2.0_med_5.0_long_8.0_temporal_iter1,0.0022696111625278292,0.10819016442574932,0.9138811368278978,0.008848449315531588,No
selected_dbfp_dense_videomme_blip_k16_alpha0.5_adaptive_short_2.0_med_3.0_long_5.0_temporal_iter2,selected_dbfp_dense_videomme_blip_k16_alpha0.8_adaptive_short_2.0_med_5.0_long_8.0_temporal_iter2,-0.013876497993442094,-0.6403776225051474,0.5221724186264085,-0.052373974775437586,No
selected_dbfp_dense_videomme_blip_k16_alpha0.5_adaptive_short_2.0_med_3.0_long_5.0_temporal_iter2,selected_dbfp_dense_videomme_blip_k16_alpha0.8_adaptive_short_2.0_med_5.0_long_8.0_temporal_iter3,-0.004903997378312486,-0.2285373859643952,0.8193066239185064,-0.018691176678654237,No
selected_dbfp_dense_videomme_blip_k16_alpha0.5_adaptive_short_2.0_med_3.0_long_5.0_temporal_iter2,selected_dbfp_dense_videomme_blip_k16_alpha0.8_adaptive_short_3.0_med_6.0_long_10.0_score_diff_iter1,0.0036595059264206975,0.17610524071946962,0.8602708832209832,0.014402957093174538,No
selected_dbfp_dense_videomme_blip_k16_alpha0.5_adaptive_short_2.0_med_3.0_long_5.0_temporal_iter2,selected_dbfp_dense_videomme_blip_k16_alpha0.8_adaptive_short_3.0_med_6.0_long_10.0_score_diff_iter2,-0.000810679168972428,-0.03897455826898335,0.96892368039321,-0.0031875762935927947,No
selected_dbfp_dense_videomme_blip_k16_alpha0.5_adaptive_short_2.0_med_3.0_long_5.0_temporal_iter2,selected_dbfp_dense_videomme_blip_k16_alpha0.8_adaptive_short_3.0_med_6.0_long_10.0_score_diff_iter3,-0.005576657989504741,-0.2652120029774002,0.790937544033869,-0.02169064978213165,No
selected_dbfp_dense_videomme_blip_k16_alpha0.5_adaptive_short_2.0_med_3.0_long_5.0_temporal_iter2,selected_dbfp_dense_videomme_blip_k16_alpha0.8_adaptive_short_3.0_med_6.0_long_10.0_temporal_iter1,-0.014375809803038209,-0.6670897461491153,0.5049721262276561,-0.05455865461662316,No
selected_dbfp_dense_videomme_blip_k16_alpha0.5_adaptive_short_2.0_med_3.0_long_5.0_temporal_iter2,selected_dbfp_dense_videomme_blip_k16_alpha0.8_adaptive_short_3.0_med_6.0_long_10.0_temporal_iter2,-0.0014166875295823222,-0.06719059515975648,0.9464524302306283,-0.00549525531294256,No
selected_dbfp_dense_videomme_blip_k16_alpha0.5_adaptive_short_2.0_med_3.0_long_5.0_temporal_iter2,selected_dbfp_dense_videomme_blip_k16_alpha0.8_adaptive_short_3.0_med_6.0_long_10.0_temporal_iter3,0.003218018362395464,0.15341133611217905,0.8781256588384487,0.012546911627481993,No
selected_dbfp_dense_videomme_blip_k16_alpha0.5_adaptive_short_2.0_med_3.0_long_5.0_temporal_iter3,selected_dbfp_dense_videomme_blip_k16_alpha0.5_adaptive_short_2.0_med_4.0_long_6.0_score_diff_iter1,-0.007222085991334948,-0.35530989113798367,0.7224827328630457,-0.02905940272665492,No
selected_dbfp_dense_videomme_blip_k16_alpha0.5_adaptive_short_2.0_med_3.0_long_5.0_temporal_iter3,selected_dbfp_dense_videomme_blip_k16_alpha0.5_adaptive_short_2.0_med_4.0_long_6.0_score_diff_iter2,-0.015465775184256458,-0.7503802609358059,0.4533208532733808,-0.06137065912501059,No
selected_dbfp_dense_videomme_blip_k16_alpha0.5_adaptive_short_2.0_med_3.0_long_5.0_temporal_iter3,selected_dbfp_dense_videomme_blip_k16_alpha0.5_adaptive_short_2.0_med_4.0_long_6.0_score_diff_iter3,-0.00628062508774388,-0.30968586855788643,0.756907732283634,-0.025327992822101845,No
selected_dbfp_dense_videomme_blip_k16_alpha0.5_adaptive_short_2.0_med_3.0_long_5.0_temporal_iter3,selected_dbfp_dense_videomme_blip_k16_alpha0.5_adaptive_short_2.0_med_4.0_long_6.0_temporal_iter1,-0.006437623407861082,-0.32103860884038654,0.7482932979116996,-0.026256488920405014,No
selected_dbfp_dense_videomme_blip_k16_alpha0.5_adaptive_short_2.0_med_3.0_long_5.0_temporal_iter3,selected_dbfp_dense_videomme_blip_k16_alpha0.5_adaptive_short_2.0_med_4.0_long_6.0_temporal_iter2,-0.029871325907189328,-1.4057052146425248,0.1603310144707983,-0.11496711754318653,No
selected_dbfp_dense_videomme_blip_k16_alpha0.5_adaptive_short_2.0_med_3.0_long_5.0_temporal_iter3,selected_dbfp_dense_videomme_blip_k16_alpha0.5_adaptive_short_2.0_med_4.0_long_6.0_temporal_iter3,-0.016269532982688156,-0.783341313857277,0.4337368323478876,-0.06406641441488188,No
selected_dbfp_dense_videomme_blip_k16_alpha0.5_adaptive_short_2.0_med_3.0_long_5.0_temporal_iter3,selected_dbfp_dense_videomme_blip_k16_alpha0.5_adaptive_short_2.0_med_5.0_long_8.0_score_diff_iter1,-0.023183725066717092,-1.0943798631037776,0.274229015051171,-0.08950503777943429,No
selected_dbfp_dense_videomme_blip_k16_alpha0.5_adaptive_short_2.0_med_3.0_long_5.0_temporal_iter3,selected_dbfp_dense_videomme_blip_k16_alpha0.5_adaptive_short_2.0_med_5.0_long_8.0_score_diff_iter2,-0.019517558894008774,-0.946986426624026,0.3440281956106608,-0.07745030647771986,No
selected_dbfp_dense_videomme_blip_k16_alpha0.5_adaptive_short_2.0_med_3.0_long_5.0_temporal_iter3,selected_dbfp_dense_videomme_blip_k16_alpha0.5_adaptive_short_2.0_med_5.0_long_8.0_score_diff_iter3,-0.008709869773197515,-0.4276092216693221,0.6690895884421548,-0.034972481467847275,No
selected_dbfp_dense_videomme_blip_k16_alpha0.5_adaptive_short_2.0_med_3.0_long_5.0_temporal_iter3,selected_dbfp_dense_videomme_blip_k16_alpha0.5_adaptive_short_2.0_med_5.0_long_8.0_temporal_iter1,-0.01686947629467489,-0.8146032847591271,0.4156237087171327,-0.06662320842252814,No
selected_dbfp_dense_videomme_blip_k16_alpha0.5_adaptive_short_2.0_med_3.0_long_5.0_temporal_iter3,selected_dbfp_dense_videomme_blip_k16_alpha0.5_adaptive_short_2.0_med_5.0_long_8.0_temporal_iter2,-0.030302455464923106,-1.4192587178594163,0.156344626221945,-0.11607560544725556,No
selected_dbfp_dense_videomme_blip_k16_alpha0.5_adaptive_short_2.0_med_3.0_long_5.0_temporal_iter3,selected_dbfp_dense_videomme_blip_k16_alpha0.5_adaptive_short_2.0_med_5.0_long_8.0_temporal_iter3,-0.013118326359407767,-0.6283292425668555,0.5300281734955954,-0.05138858494940129,No
selected_dbfp_dense_videomme_blip_k16_alpha0.5_adaptive_short_2.0_med_3.0_long_5.0_temporal_iter3,selected_dbfp_dense_videomme_blip_k16_alpha0.5_adaptive_short_3.0_med_6.0_long_10.0_score_diff_iter1,-0.019867144243456064,-0.9546518213360268,0.3401395385159586,-0.07807722908328422,No
selected_dbfp_dense_videomme_blip_k16_alpha0.5_adaptive_short_2.0_med_3.0_long_5.0_temporal_iter3,selected_dbfp_dense_videomme_blip_k16_alpha0.5_adaptive_short_3.0_med_6.0_long_10.0_score_diff_iter2,-0.005700245400362541,-0.27970296005317774,0.7798021244341871,-0.022875808311580266,No
selected_dbfp_dense_videomme_blip_k16_alpha0.5_adaptive_short_2.0_med_3.0_long_5.0_temporal_iter3,selected_dbfp_dense_videomme_blip_k16_alpha0.5_adaptive_short_3.0_med_6.0_long_10.0_score_diff_iter3,-0.012997283046913333,-0.6327393181443558,0.527145757210653,-0.051749267704888344,No
selected_dbfp_dense_videomme_blip_k16_alpha0.5_adaptive_short_2.0_med_3.0_long_5.0_temporal_iter3,selected_dbfp_dense_videomme_blip_k16_alpha0.5_adaptive_short_3.0_med_6.0_long_10.0_temporal_iter1,-0.021443395239459123,-1.0356861033028346,0.30076723182021836,-0.08470470523636395,No
selected_dbfp_dense_videomme_blip_k16_alpha0.5_adaptive_short_2.0_med_3.0_long_5.0_temporal_iter3,selected_dbfp_dense_videomme_blip_k16_alpha0.5_adaptive_short_3.0_med_6.0_long_10.0_temporal_iter2,-0.007262840033090856,-0.3582951706218635,0.7202488752705593,-0.029303557026290374,No
selected_dbfp_dense_videomme_blip_k16_alpha0.5_adaptive_short_2.0_med_3.0_long_5.0_temporal_iter3,selected_dbfp_dense_videomme_blip_k16_alpha0.5_adaptive_short_3.0_med_6.0_long_10.0_temporal_iter3,-0.0038465032512031427,-0.18748565244003865,0.8513434671357514,-0.015333716335074124,No
selected_dbfp_dense_videomme_blip_k16_alpha0.5_adaptive_short_2.0_med_3.0_long_5.0_temporal_iter3,selected_dbfp_dense_videomme_blip_k16_alpha0.85_adaptive_short_2.0_med_3.0_long_5.0_score_diff_iter1,-0.013776934488975184,-0.6766057963455622,0.4989177185703376,-0.05533693492632086,No
selected_dbfp_dense_videomme_blip_k16_alpha0.5_adaptive_short_2.0_med_3.0_long_5.0_temporal_iter3,selected_dbfp_dense_videomme_blip_k16_alpha0.85_adaptive_short_2.0_med_3.0_long_5.0_score_diff_iter2,-0.012099863464099053,-0.5933173164006199,0.5531931415363036,-0.04852509675161698,No
selected_dbfp_dense_videomme_blip_k16_alpha0.5_adaptive_short_2.0_med_3.0_long_5.0_temporal_iter3,selected_dbfp_dense_videomme_blip_k16_alpha0.85_adaptive_short_2.0_med_3.0_long_5.0_score_diff_iter3,-0.007851660822311729,-0.3902539483288501,0.6964877414714318,-0.03191734012566787,No
selected_dbfp_dense_videomme_blip_k16_alpha0.5_adaptive_short_2.0_med_3.0_long_5.0_temporal_iter3,selected_dbfp_dense_videomme_blip_k16_alpha0.85_adaptive_short_2.0_med_3.0_long_5.0_temporal_iter1,-0.0007904718008235612,-0.039605498252660014,0.9684208624448688,-0.003239178395442347,No
selected_dbfp_dense_videomme_blip_k16_alpha0.5_adaptive_short_2.0_med_3.0_long_5.0_temporal_iter3,selected_dbfp_dense_videomme_blip_k16_alpha0.85_adaptive_short_2.0_med_3.0_long_5.0_temporal_iter2,-0.005012905472659368,-0.24718779687900058,0.8048477288165904,-0.020216520612341707,No
selected_dbfp_dense_videomme_blip_k16_alpha0.5_adaptive_short_2.0_med_3.0_long_5.0_temporal_iter3,selected_dbfp_dense_videomme_blip_k16_alpha0.85_adaptive_short_2.0_med_3.0_long_5.0_temporal_iter3,-0.016140916565746205,-0.7772613184115291,0.4373119744092441,-0.06356915542794819,No
selected_dbfp_dense_videomme_blip_k16_alpha0.5_adaptive_short_2.0_med_3.0_long_5.0_temporal_iter3,selected_dbfp_dense_videomme_blip_k16_alpha0.85_adaptive_short_2.0_med_4.0_long_6.0_score_diff_iter1,-0.022368114002542905,-1.0774606167845382,0.281708984956495,-0.08812127889629191,No
selected_dbfp_dense_videomme_blip_k16_alpha0.5_adaptive_short_2.0_med_3.0_long_5.0_temporal_iter3,selected_dbfp_dense_videomme_blip_k16_alpha0.85_adaptive_short_2.0_med_4.0_long_6.0_score_diff_iter2,-0.01842792354609532,-0.8929276506408947,0.3722551030578428,-0.07302905117105456,No
selected_dbfp_dense_videomme_blip_k16_alpha0.5_adaptive_short_2.0_med_3.0_long_5.0_temporal_iter3,selected_dbfp_dense_videomme_blip_k16_alpha0.85_adaptive_short_2.0_med_4.0_long_6.0_score_diff_iter3,-0.014346411659352576,-0.6990933682630088,0.4847654931416432,-0.05717610527137861,No
selected_dbfp_dense_videomme_blip_k16_alpha0.5_adaptive_short_2.0_med_3.0_long_5.0_temporal_iter3,selected_dbfp_dense_videomme_blip_k16_alpha0.85_adaptive_short_2.0_med_4.0_long_6.0_temporal_iter1,-0.0166474622690804,-0.8097158922530694,0.4184255537331869,-0.06622348773501578,No
selected_dbfp_dense_videomme_blip_k16_alpha0.5_adaptive_short_2.0_med_3.0_long_5.0_temporal_iter3,selected_dbfp_dense_videomme_blip_k16_alpha0.85_adaptive_short_2.0_med_4.0_long_6.0_temporal_iter2,-0.023680175023530564,-1.1342739219522344,0.25713414193118506,-0.09276781636946285,No
selected_dbfp_dense_videomme_blip_k16_alpha0.5_adaptive_short_2.0_med_3.0_long_5.0_temporal_iter3,selected_dbfp_dense_videomme_blip_k16_alpha0.85_adaptive_short_2.0_med_4.0_long_6.0_temporal_iter3,-0.03105645954176775,-1.466393323491249,0.14306680869359498,-0.11993055998401728,No
selected_dbfp_dense_videomme_blip_k16_alpha0.5_adaptive_short_2.0_med_3.0_long_5.0_temporal_iter3,selected_dbfp_dense_videomme_blip_k16_alpha0.85_adaptive_short_2.0_med_5.0_long_8.0_score_diff_iter1,-0.023918111213795418,-1.141632013411851,0.25406394460532533,-0.09336960583034314,No
selected_dbfp_dense_videomme_blip_k16_alpha0.5_adaptive_short_2.0_med_3.0_long_5.0_temporal_iter3,selected_dbfp_dense_videomme_blip_k16_alpha0.85_adaptive_short_2.0_med_5.0_long_8.0_score_diff_iter2,-0.017996894415930137,-0.8690294691404704,0.3851796604995129,-0.07107451262613629,No
selected_dbfp_dense_videomme_blip_k16_alpha0.5_adaptive_short_2.0_med_3.0_long_5.0_temporal_iter3,selected_dbfp_dense_videomme_blip_k16_alpha0.85_adaptive_short_2.0_med_5.0_long_8.0_score_diff_iter3,-0.014681224734519549,-0.7099262829798978,0.47802658205454807,-0.058062086905254676,No
selected_dbfp_dense_videomme_blip_k16_alpha0.5_adaptive_short_2.0_med_3.0_long_5.0_temporal_iter3,selected_dbfp_dense_videomme_blip_k16_alpha0.85_adaptive_short_2.0_med_5.0_long_8.0_temporal_iter1,-0.011234452001269796,-0.5495199655450591,0.5828538178165238,-0.04494308317078987,No
selected_dbfp_dense_videomme_blip_k16_alpha0.5_adaptive_short_2.0_med_3.0_long_5.0_temporal_iter3,selected_dbfp_dense_videomme_blip_k16_alpha0.85_adaptive_short_2.0_med_5.0_long_8.0_temporal_iter2,-0.015431393662229592,-0.7492306907412589,0.45401278829314917,-0.06127664028484869,No
selected_dbfp_dense_videomme_blip_k16_alpha0.5_adaptive_short_2.0_med_3.0_long_5.0_temporal_iter3,selected_dbfp_dense_videomme_blip_k16_alpha0.85_adaptive_short_2.0_med_5.0_long_8.0_temporal_iter3,-0.020088764528461422,-0.9589614617570081,0.3379657083266693,-0.0784296976945832,No
selected_dbfp_dense_videomme_blip_k16_alpha0.5_adaptive_short_2.0_med_3.0_long_5.0_temporal_iter3,selected_dbfp_dense_videomme_blip_k16_alpha0.85_adaptive_short_3.0_med_6.0_long_10.0_score_diff_iter1,-0.009969863501341297,-0.49184001736648164,0.623012933508249,-0.04022566637360821,No
selected_dbfp_dense_videomme_blip_k16_alpha0.5_adaptive_short_2.0_med_3.0_long_5.0_temporal_iter3,selected_dbfp_dense_videomme_blip_k16_alpha0.85_adaptive_short_3.0_med_6.0_long_10.0_score_diff_iter2,-0.012018999710446288,-0.5944958529135465,0.5524053654480061,-0.04862148461463234,No
selected_dbfp_dense_videomme_blip_k16_alpha0.5_adaptive_short_2.0_med_3.0_long_5.0_temporal_iter3,selected_dbfp_dense_videomme_blip_k16_alpha0.85_adaptive_short_3.0_med_6.0_long_10.0_score_diff_iter3,-0.014113390572319279,-0.693000990393874,0.4885779757073364,-0.05667783355790516,No
selected_dbfp_dense_videomme_blip_k16_alpha0.5_adaptive_short_2.0_med_3.0_long_5.0_temporal_iter3,selected_dbfp_dense_videomme_blip_k16_alpha0.85_adaptive_short_3.0_med_6.0_long_10.0_temporal_iter1,-0.023039231990376857,-1.1089764305078946,0.2678861360588441,-0.09069883372318015,No
selected_dbfp_dense_videomme_blip_k16_alpha0.5_adaptive_short_2.0_med_3.0_long_5.0_temporal_iter3,selected_dbfp_dense_videomme_blip_k16_alpha0.85_adaptive_short_3.0_med_6.0_long_10.0_temporal_iter2,-0.0089962858448778,-0.44244566959703396,0.658326717650852,-0.03618589636354323,No
selected_dbfp_dense_videomme_blip_k16_alpha0.5_adaptive_short_2.0_med_3.0_long_5.0_temporal_iter3,selected_dbfp_dense_videomme_blip_k16_alpha0.85_adaptive_short_3.0_med_6.0_long_10.0_temporal_iter3,-0.015434539736431774,-0.7491011040077722,0.4540908249584893,-0.061266041894973644,No
selected_dbfp_dense_videomme_blip_k16_alpha0.5_adaptive_short_2.0_med_3.0_long_5.0_temporal_iter3,selected_dbfp_dense_videomme_blip_k16_alpha0.8_adaptive_short_2.0_med_3.0_long_5.0_score_diff_iter1,-0.015173920311878003,-0.7416981769642137,0.4585614103703728,-0.060660585503549073,No
selected_dbfp_dense_videomme_blip_k16_alpha0.5_adaptive_short_2.0_med_3.0_long_5.0_temporal_iter3,selected_dbfp_dense_videomme_blip_k16_alpha0.8_adaptive_short_2.0_med_3.0_long_5.0_score_diff_iter2,-0.006625063336696269,-0.33090186690119144,0.740834523643238,-0.027063166118436826,No
selected_dbfp_dense_videomme_blip_k16_alpha0.5_adaptive_short_2.0_med_3.0_long_5.0_temporal_iter3,selected_dbfp_dense_videomme_blip_k16_alpha0.8_adaptive_short_2.0_med_3.0_long_5.0_score_diff_iter3,-0.004664875828312404,-0.2320735872905115,0.8165602548688211,-0.01898038867044613,No
selected_dbfp_dense_videomme_blip_k16_alpha0.5_adaptive_short_2.0_med_3.0_long_5.0_temporal_iter3,selected_dbfp_dense_videomme_blip_k16_alpha0.8_adaptive_short_2.0_med_3.0_long_5.0_temporal_iter1,-0.004986690011401118,-0.24680172741103873,0.8051463737180433,-0.02018494550144506,No
selected_dbfp_dense_videomme_blip_k16_alpha0.5_adaptive_short_2.0_med_3.0_long_5.0_temporal_iter3,selected_dbfp_dense_videomme_blip_k16_alpha0.8_adaptive_short_2.0_med_3.0_long_5.0_temporal_iter2,-0.025368014951656803,-1.1998636794794297,0.230667432580773,-0.09813214549578189,No
selected_dbfp_dense_videomme_blip_k16_alpha0.5_adaptive_short_2.0_med_3.0_long_5.0_temporal_iter3,selected_dbfp_dense_videomme_blip_k16_alpha0.8_adaptive_short_2.0_med_3.0_long_5.0_temporal_iter3,-0.012986079108842807,-0.6249565990207137,0.532237930842737,-0.051112749649014515,No
selected_dbfp_dense_videomme_blip_k16_alpha0.5_adaptive_short_2.0_med_3.0_long_5.0_temporal_iter3,selected_dbfp_dense_videomme_blip_k16_alpha0.8_adaptive_short_2.0_med_4.0_long_6.0_score_diff_iter1,-0.021360073621758235,-1.0309145227829803,0.30299766890452584,-0.08431445637847311,No
selected_dbfp_dense_videomme_blip_k16_alpha0.5_adaptive_short_2.0_med_3.0_long_5.0_temporal_iter3,selected_dbfp_dense_videomme_blip_k16_alpha0.8_adaptive_short_2.0_med_4.0_long_6.0_score_diff_iter2,-0.015131249247170603,-0.7369474084299906,0.46144335557071925,-0.06027203878280893,No
selected_dbfp_dense_videomme_blip_k16_alpha0.5_adaptive_short_2.0_med_3.0_long_5.0_temporal_iter3,selected_dbfp_dense_videomme_blip_k16_alpha0.8_adaptive_short_2.0_med_4.0_long_6.0_score_diff_iter3,-0.012756144071784326,-0.6133571736135661,0.5398734127759672,-0.05016407813044175,No
selected_dbfp_dense_videomme_blip_k16_alpha0.5_adaptive_short_2.0_med_3.0_long_5.0_temporal_iter3,selected_dbfp_dense_videomme_blip_k16_alpha0.8_adaptive_short_2.0_med_4.0_long_6.0_temporal_iter1,-0.02074266174645739,-0.997466465076674,0.318941581963052,-0.08157887090751856,No
selected_dbfp_dense_videomme_blip_k16_alpha0.5_adaptive_short_2.0_med_3.0_long_5.0_temporal_iter3,selected_dbfp_dense_videomme_blip_k16_alpha0.8_adaptive_short_2.0_med_4.0_long_6.0_temporal_iter2,-0.037830465547264214,-1.7682996281344496,0.07752062151798389,-0.14462229287776818,No
selected_dbfp_dense_videomme_blip_k16_alpha0.5_adaptive_short_2.0_med_3.0_long_5.0_temporal_iter3,selected_dbfp_dense_videomme_blip_k16_alpha0.8_adaptive_short_2.0_med_4.0_long_6.0_temporal_iter3,-0.020032577613344066,-0.9642234600017385,0.3353236563884614,-0.07886005587218951,No
selected_dbfp_dense_videomme_blip_k16_alpha0.5_adaptive_short_2.0_med_3.0_long_5.0_temporal_iter3,selected_dbfp_dense_videomme_blip_k16_alpha0.8_adaptive_short_2.0_med_5.0_long_8.0_score_diff_iter1,-0.022331195016106836,-1.0749661929228138,0.28282339303111603,-0.08791726975210959,No
selected_dbfp_dense_videomme_blip_k16_alpha0.5_adaptive_short_2.0_med_3.0_long_5.0_temporal_iter3,selected_dbfp_dense_videomme_blip_k16_alpha0.8_adaptive_short_2.0_med_5.0_long_8.0_score_diff_iter2,-0.017964591925180518,-0.8641809951109103,0.38783496705114817,-0.07067797495776895,No
selected_dbfp_dense_videomme_blip_k16_alpha0.5_adaptive_short_2.0_med_3.0_long_5.0_temporal_iter3,selected_dbfp_dense_videomme_blip_k16_alpha0.8_adaptive_short_2.0_med_5.0_long_8.0_score_diff_iter3,-0.02122895209036077,-1.0026591519212464,0.3164308829312847,-0.082003560460416,No
selected_dbfp_dense_videomme_blip_k16_alpha0.5_adaptive_short_2.0_med_3.0_long_5.0_temporal_iter3,selected_dbfp_dense_videomme_blip_k16_alpha0.8_adaptive_short_2.0_med_5.0_long_8.0_temporal_iter1,-0.011013037266098036,-0.5386642306093349,0.5903190139054535,-0.04405523517864907,No
selected_dbfp_dense_videomme_blip_k16_alpha0.5_adaptive_short_2.0_med_3.0_long_5.0_temporal_iter3,selected_dbfp_dense_videomme_blip_k16_alpha0.8_adaptive_short_2.0_med_5.0_long_8.0_temporal_iter2,-0.02715914642206796,-1.283891520111165,0.1996771411066126,-0.10500445309722854,No
selected_dbfp_dense_videomme_blip_k16_alpha0.5_adaptive_short_2.0_med_3.0_long_5.0_temporal_iter3,selected_dbfp_dense_videomme_blip_k16_alpha0.8_adaptive_short_2.0_med_5.0_long_8.0_temporal_iter3,-0.01818664580693835,-0.8686152214807387,0.38540609047101226,-0.07104063296499824,No
selected_dbfp_dense_videomme_blip_k16_alpha0.5_adaptive_short_2.0_med_3.0_long_5.0_temporal_iter3,selected_dbfp_dense_videomme_blip_k16_alpha0.8_adaptive_short_3.0_med_6.0_long_10.0_score_diff_iter1,-0.009623142502205168,-0.4754018407333506,0.6346741811480904,-0.03888125236342142,No
selected_dbfp_dense_videomme_blip_k16_alpha0.5_adaptive_short_2.0_med_3.0_long_5.0_temporal_iter3,selected_dbfp_dense_videomme_blip_k16_alpha0.8_adaptive_short_3.0_med_6.0_long_10.0_score_diff_iter2,-0.014093327597598293,-0.6955324152962705,0.48699189835862433,-0.05688486886265418,No
selected_dbfp_dense_videomme_blip_k16_alpha0.5_adaptive_short_2.0_med_3.0_long_5.0_temporal_iter3,selected_dbfp_dense_videomme_blip_k16_alpha0.8_adaptive_short_3.0_med_6.0_long_10.0_score_diff_iter3,-0.018859306418130606,-0.9201656273421496,0.35785724582717005,-0.07525673845839768,No
selected_dbfp_dense_videomme_blip_k16_alpha0.5_adaptive_short_2.0_med_3.0_long_5.0_temporal_iter3,selected_dbfp_dense_videomme_blip_k16_alpha0.8_adaptive_short_3.0_med_6.0_long_10.0_temporal_iter1,-0.027658458231664074,-1.315087720213756,0.188984473338106,-0.107555867954458,No
selected_dbfp_dense_videomme_blip_k16_alpha0.5_adaptive_short_2.0_med_3.0_long_5.0_temporal_iter3,selected_dbfp_dense_videomme_blip_k16_alpha0.8_adaptive_short_3.0_med_6.0_long_10.0_temporal_iter2,-0.014699335958208187,-0.7151401785950539,0.4748015306077559,-0.058488510968650605,No
selected_dbfp_dense_videomme_blip_k16_alpha0.5_adaptive_short_2.0_med_3.0_long_5.0_temporal_iter3,selected_dbfp_dense_videomme_blip_k16_alpha0.8_adaptive_short_3.0_med_6.0_long_10.0_temporal_iter3,-0.010064630066230401,-0.4923151270757577,0.6226772770324479,-0.04026452374742952,No
selected_dbfp_dense_videomme_blip_k16_alpha0.5_adaptive_short_2.0_med_4.0_long_6.0_score_diff_iter1,selected_dbfp_dense_videomme_blip_k16_alpha0.5_adaptive_short_2.0_med_4.0_long_6.0_score_diff_iter2,-0.00824368919292151,-0.3987235826994456,0.6902392208769901,-0.032610038344383675,No
selected_dbfp_dense_videomme_blip_k16_alpha0.5_adaptive_short_2.0_med_4.0_long_6.0_score_diff_iter1,selected_dbfp_dense_videomme_blip_k16_alpha0.5_adaptive_short_2.0_med_4.0_long_6.0_score_diff_iter3,0.0009414609035910682,0.04627186077789715,0.9631090149968669,0.003784394048259059,No
selected_dbfp_dense_videomme_blip_k16_alpha0.5_adaptive_short_2.0_med_4.0_long_6.0_score_diff_iter1,selected_dbfp_dense_videomme_blip_k16_alpha0.5_adaptive_short_2.0_med_4.0_long_6.0_temporal_iter1,0.0007844625834738661,0.03899133168326755,0.9689103129166736,0.003188948121128868,No
selected_dbfp_dense_videomme_blip_k16_alpha0.5_adaptive_short_2.0_med_4.0_long_6.0_score_diff_iter1,selected_dbfp_dense_videomme_blip_k16_alpha0.5_adaptive_short_2.0_med_4.0_long_6.0_temporal_iter2,-0.02264923991585438,-1.0627089591190961,0.28834291652076743,-0.08691479874899713,No
selected_dbfp_dense_videomme_blip_k16_alpha0.5_adaptive_short_2.0_med_4.0_long_6.0_score_diff_iter1,selected_dbfp_dense_videomme_blip_k16_alpha0.5_adaptive_short_2.0_med_4.0_long_6.0_temporal_iter3,-0.009047446991353209,-0.43427341598706176,0.6642465509893478,-0.035517519820784924,No
selected_dbfp_dense_videomme_blip_k16_alpha0.5_adaptive_short_2.0_med_4.0_long_6.0_score_diff_iter1,selected_dbfp_dense_videomme_blip_k16_alpha0.5_adaptive_short_2.0_med_5.0_long_8.0_score_diff_iter1,-0.015961639075382145,-0.7512342702512895,0.45280720509355277,-0.061440505271205315,No
selected_dbfp_dense_videomme_blip_k16_alpha0.5_adaptive_short_2.0_med_4.0_long_6.0_score_diff_iter1,selected_dbfp_dense_videomme_blip_k16_alpha0.5_adaptive_short_2.0_med_5.0_long_8.0_score_diff_iter2,-0.012295472902673826,-0.5947083612961697,0.5522633759779253,-0.048638864885494605,No
selected_dbfp_dense_videomme_blip_k16_alpha0.5_adaptive_short_2.0_med_4.0_long_6.0_score_diff_iter1,selected_dbfp_dense_videomme_blip_k16_alpha0.5_adaptive_short_2.0_med_5.0_long_8.0_score_diff_iter3,-0.0014877837818625672,-0.07280873075035948,0.9419826686183198,-0.005954740585928363,No
selected_dbfp_dense_videomme_blip_k16_alpha0.5_adaptive_short_2.0_med_4.0_long_6.0_score_diff_iter1,selected_dbfp_dense_videomme_blip_k16_alpha0.5_adaptive_short_2.0_med_5.0_long_8.0_temporal_iter1,-0.009647390303339942,-0.46441671063813483,0.6425182496421287,-0.037982821688082626,No
selected_dbfp_dense_videomme_blip_k16_alpha0.5_adaptive_short_2.0_med_4.0_long_6.0_score_diff_iter1,selected_dbfp_dense_videomme_blip_k16_alpha0.5_adaptive_short_2.0_med_5.0_long_8.0_temporal_iter2,-0.023080369473588158,-1.0778528586035787,0.2815340192246745,-0.0881533589225555,No
selected_dbfp_dense_videomme_blip_k16_alpha0.5_adaptive_short_2.0_med_4.0_long_6.0_score_diff_iter1,selected_dbfp_dense_videomme_blip_k16_alpha0.5_adaptive_short_2.0_med_5.0_long_8.0_temporal_iter3,-0.005896240368072819,-0.2815523361690557,0.7783841922303723,-0.023027061557003434,No
selected_dbfp_dense_videomme_blip_k16_alpha0.5_adaptive_short_2.0_med_4.0_long_6.0_score_diff_iter1,selected_dbfp_dense_videomme_blip_k16_alpha0.5_adaptive_short_3.0_med_6.0_long_10.0_score_diff_iter1,-0.012645058252121116,-0.605754935761579,0.5449073355871694,-0.049542320913707756,No
selected_dbfp_dense_videomme_blip_k16_alpha0.5_adaptive_short_2.0_med_4.0_long_6.0_score_diff_iter1,selected_dbfp_dense_videomme_blip_k16_alpha0.5_adaptive_short_3.0_med_6.0_long_10.0_score_diff_iter2,0.0015218405909724064,0.07443589131301621,0.9406884432498239,0.006087819667953645,No
selected_dbfp_dense_videomme_blip_k16_alpha0.5_adaptive_short_2.0_med_4.0_long_6.0_score_diff_iter1,selected_dbfp_dense_videomme_blip_k16_alpha0.5_adaptive_short_3.0_med_6.0_long_10.0_score_diff_iter3,-0.005775197055578385,-0.28026605468557336,0.779370317040231,-0.02292186162362769,No
selected_dbfp_dense_videomme_blip_k16_alpha0.5_adaptive_short_2.0_med_4.0_long_6.0_score_diff_iter1,selected_dbfp_dense_videomme_blip_k16_alpha0.5_adaptive_short_3.0_med_6.0_long_10.0_temporal_iter1,-0.014221309248124175,-0.6847421381020814,0.49377195531951024,-0.056002374457843514,No
selected_dbfp_dense_videomme_blip_k16_alpha0.5_adaptive_short_2.0_med_4.0_long_6.0_score_diff_iter1,selected_dbfp_dense_videomme_blip_k16_alpha0.5_adaptive_short_3.0_med_6.0_long_10.0_temporal_iter2,-4.0754041755908244e-05,-0.0020040101912089875,0.9984017006055345,-0.00016390013525744785,No
selected_dbfp_dense_videomme_blip_k16_alpha0.5_adaptive_short_2.0_med_4.0_long_6.0_score_diff_iter1,selected_dbfp_dense_videomme_blip_k16_alpha0.5_adaptive_short_3.0_med_6.0_long_10.0_temporal_iter3,0.003375582740131805,0.1640132020975475,0.8697761689220983,0.013413996664579412,No
selected_dbfp_dense_videomme_blip_k16_alpha0.5_adaptive_short_2.0_med_4.0_long_6.0_score_diff_iter1,selected_dbfp_dense_videomme_blip_k16_alpha0.85_adaptive_short_2.0_med_3.0_long_5.0_score_diff_iter1,-0.006554848497640237,-0.32088770271160205,0.7484076015271268,-0.026244146919520442,No
selected_dbfp_dense_videomme_blip_k16_alpha0.5_adaptive_short_2.0_med_4.0_long_6.0_score_diff_iter1,selected_dbfp_dense_videomme_blip_k16_alpha0.85_adaptive_short_2.0_med_3.0_long_5.0_score_diff_iter2,-0.0048777774727641054,-0.23841860985920962,0.8116381103851444,-0.019499323199380966,No
selected_dbfp_dense_videomme_blip_k16_alpha0.5_adaptive_short_2.0_med_4.0_long_6.0_score_diff_iter1,selected_dbfp_dense_videomme_blip_k16_alpha0.85_adaptive_short_2.0_med_3.0_long_5.0_score_diff_iter3,-0.0006295748309767812,-0.031189381851826282,0.9751289143738828,-0.002550857238650948,No
selected_dbfp_dense_videomme_blip_k16_alpha0.5_adaptive_short_2.0_med_4.0_long_6.0_score_diff_iter1,selected_dbfp_dense_videomme_blip_k16_alpha0.85_adaptive_short_2.0_med_3.0_long_5.0_temporal_iter1,0.006431614190511387,0.3211735194790544,0.7481911147508237,0.02626752273106161,No
selected_dbfp_dense_videomme_blip_k16_alpha0.5_adaptive_short_2.0_med_4.0_long_6.0_score_diff_iter1,selected_dbfp_dense_videomme_blip_k16_alpha0.85_adaptive_short_2.0_med_3.0_long_5.0_temporal_iter2,0.0022091805186755797,0.10858372850858362,0.9135690907510199,0.008880637367867233,No
selected_dbfp_dense_videomme_blip_k16_alpha0.5_adaptive_short_2.0_med_4.0_long_6.0_score_diff_iter1,selected_dbfp_dense_videomme_blip_k16_alpha0.85_adaptive_short_2.0_med_3.0_long_5.0_temporal_iter3,-0.008918830574411257,-0.42816152809993074,0.6686876851059954,-0.035017652476231606,No
selected_dbfp_dense_videomme_blip_k16_alpha0.5_adaptive_short_2.0_med_4.0_long_6.0_score_diff_iter1,selected_dbfp_dense_videomme_blip_k16_alpha0.85_adaptive_short_2.0_med_4.0_long_6.0_score_diff_iter1,-0.015146028011207957,-0.7273288917671089,0.46730914923790845,-0.05948537805473748,No
selected_dbfp_dense_videomme_blip_k16_alpha0.5_adaptive_short_2.0_med_4.0_long_6.0_score_diff_iter1,selected_dbfp_dense_videomme_blip_k16_alpha0.85_adaptive_short_2.0_med_4.0_long_6.0_score_diff_iter2,-0.011205837554760373,-0.5412879374548141,0.5885107210230223,-0.044269817895294133,No
selected_dbfp_dense_videomme_blip_k16_alpha0.5_adaptive_short_2.0_med_4.0_long_6.0_score_diff_iter1,selected_dbfp_dense_videomme_blip_k16_alpha0.85_adaptive_short_2.0_med_4.0_long_6.0_score_diff_iter3,-0.007124325668017628,-0.34607040878152534,0.7294115217942146,-0.02830374170971002,No
selected_dbfp_dense_videomme_blip_k16_alpha0.5_adaptive_short_2.0_med_4.0_long_6.0_score_diff_iter1,selected_dbfp_dense_videomme_blip_k16_alpha0.85_adaptive_short_2.0_med_4.0_long_6.0_temporal_iter1,-0.00942537627774545,-0.4570010536855827,0.647836250249345,-0.03737632417366306,No
selected_dbfp_dense_videomme_blip_k16_alpha0.5_adaptive_short_2.0_med_4.0_long_6.0_score_diff_iter1,selected_dbfp_dense_videomme_blip_k16_alpha0.85_adaptive_short_2.0_med_4.0_long_6.0_temporal_iter2,-0.016458089032195616,-0.7859364190327883,0.43221603875099823,-0.06427865791194518,No
selected_dbfp_dense_videomme_blip_k16_alpha0.5_adaptive_short_2.0_med_4.0_long_6.0_score_diff_iter1,selected_dbfp_dense_videomme_blip_k16_alpha0.85_adaptive_short_2.0_med_4.0_long_6.0_temporal_iter3,-0.023834373550432802,-1.122056252275659,0.26228885020679943,-0.09176858113618883,No
selected_dbfp_dense_videomme_blip_k16_alpha0.5_adaptive_short_2.0_med_4.0_long_6.0_score_diff_iter1,selected_dbfp_dense_videomme_blip_k16_alpha0.85_adaptive_short_2.0_med_5.0_long_8.0_score_diff_iter1,-0.01669602522246047,-0.7945049638079367,0.427216708018737,-0.06497944559916288,No
selected_dbfp_dense_videomme_blip_k16_alpha0.5_adaptive_short_2.0_med_4.0_long_6.0_score_diff_iter1,selected_dbfp_dense_videomme_blip_k16_alpha0.85_adaptive_short_2.0_med_5.0_long_8.0_score_diff_iter2,-0.01077480842459519,-0.5186805607960782,0.604175394178029,-0.04242084921262942,No
selected_dbfp_dense_videomme_blip_k16_alpha0.5_adaptive_short_2.0_med_4.0_long_6.0_score_diff_iter1,selected_dbfp_dense_videomme_blip_k16_alpha0.85_adaptive_short_2.0_med_5.0_long_8.0_score_diff_iter3,-0.007459138743184601,-0.3595748698216011,0.7192920192692835,-0.029408218632865933,No
selected_dbfp_dense_videomme_blip_k16_alpha0.5_adaptive_short_2.0_med_4.0_long_6.0_score_diff_iter1,selected_dbfp_dense_videomme_blip_k16_alpha0.85_adaptive_short_2.0_med_5.0_long_8.0_temporal_iter1,-0.004012366009934848,-0.1956368105288434,0.8449609027378888,-0.016000367592216395,No
selected_dbfp_dense_videomme_blip_k16_alpha0.5_adaptive_short_2.0_med_4.0_long_6.0_score_diff_iter1,selected_dbfp_dense_videomme_blip_k16_alpha0.85_adaptive_short_2.0_med_5.0_long_8.0_temporal_iter2,-0.008209307670894644,-0.3973339442812881,0.6912629978452445,-0.03249638526636173,No
selected_dbfp_dense_videomme_blip_k16_alpha0.5_adaptive_short_2.0_med_4.0_long_6.0_score_diff_iter1,selected_dbfp_dense_videomme_blip_k16_alpha0.85_adaptive_short_2.0_med_5.0_long_8.0_temporal_iter3,-0.012866678537126475,-0.6123480620260553,0.5405402640295293,-0.05008154687076466,No
selected_dbfp_dense_videomme_blip_k16_alpha0.5_adaptive_short_2.0_med_4.0_long_6.0_score_diff_iter1,selected_dbfp_dense_videomme_blip_k16_alpha0.85_adaptive_short_3.0_med_6.0_long_10.0_score_diff_iter1,-0.0027477775100063495,-0.1351173055852669,0.8925645941772757,-0.011050714591269934,No
selected_dbfp_dense_videomme_blip_k16_alpha0.5_adaptive_short_2.0_med_4.0_long_6.0_score_diff_iter1,selected_dbfp_dense_videomme_blip_k16_alpha0.85_adaptive_short_3.0_med_6.0_long_10.0_score_diff_iter2,-0.00479691371911134,-0.23649924784035078,0.8131262758133397,-0.019342346099468236,No
selected_dbfp_dense_videomme_blip_k16_alpha0.5_adaptive_short_2.0_med_4.0_long_6.0_score_diff_iter1,selected_dbfp_dense_videomme_blip_k16_alpha0.85_adaptive_short_3.0_med_6.0_long_10.0_score_diff_iter3,-0.006891304580984331,-0.3372964347157992,0.73601180072484,-0.027586152767384263,No
selected_dbfp_dense_videomme_blip_k16_alpha0.5_adaptive_short_2.0_med_4.0_long_6.0_score_diff_iter1,selected_dbfp_dense_videomme_blip_k16_alpha0.85_adaptive_short_3.0_med_6.0_long_10.0_temporal_iter1,-0.01581714599904191,-0.759004657864308,0.44814883247471526,-0.0620760147585486,No
selected_dbfp_dense_videomme_blip_k16_alpha0.5_adaptive_short_2.0_med_4.0_long_6.0_score_diff_iter1,selected_dbfp_dense_videomme_blip_k16_alpha0.85_adaptive_short_3.0_med_6.0_long_10.0_temporal_iter2,-0.0017741998535428516,-0.08697663644933175,0.9307191983697307,-0.0071134780364740515,No
selected_dbfp_dense_videomme_blip_k16_alpha0.5_adaptive_short_2.0_med_4.0_long_6.0_score_diff_iter1,selected_dbfp_dense_videomme_blip_k16_alpha0.85_adaptive_short_3.0_med_6.0_long_10.0_temporal_iter3,-0.008212453745096826,-0.3973373948921032,0.6912604550029577,-0.03249666747877129,No
selected_dbfp_dense_videomme_blip_k16_alpha0.5_adaptive_short_2.0_med_4.0_long_6.0_score_diff_iter1,selected_dbfp_dense_videomme_blip_k16_alpha0.8_adaptive_short_2.0_med_3.0_long_5.0_score_diff_iter1,-0.007951834320543055,-0.3874512787380841,0.6985600074123204,-0.03168812079534749,No
selected_dbfp_dense_videomme_blip_k16_alpha0.5_adaptive_short_2.0_med_4.0_long_6.0_score_diff_iter1,selected_dbfp_dense_videomme_blip_k16_alpha0.8_adaptive_short_2.0_med_3.0_long_5.0_score_diff_iter2,0.0005970226546386792,0.02972074276760544,0.9762996849519884,0.002430743006451527,No
selected_dbfp_dense_videomme_blip_k16_alpha0.5_adaptive_short_2.0_med_4.0_long_6.0_score_diff_iter1,selected_dbfp_dense_videomme_blip_k16_alpha0.8_adaptive_short_2.0_med_3.0_long_5.0_score_diff_iter3,0.002557210163022544,0.1268011124703859,0.899140438400415,0.010370565763012865,No
selected_dbfp_dense_videomme_blip_k16_alpha0.5_adaptive_short_2.0_med_4.0_long_6.0_score_diff_iter1,selected_dbfp_dense_videomme_blip_k16_alpha0.8_adaptive_short_2.0_med_3.0_long_5.0_temporal_iter1,0.0022353959799338297,0.11027472523470526,0.9122284987969831,0.009018937357902507,No
selected_dbfp_dense_videomme_blip_k16_alpha0.5_adaptive_short_2.0_med_4.0_long_6.0_score_diff_iter1,selected_dbfp_dense_videomme_blip_k16_alpha0.8_adaptive_short_2.0_med_3.0_long_5.0_temporal_iter2,-0.018145928960321855,-0.8557217354496239,0.39249444681036827,-0.06998612533477808,No
selected_dbfp_dense_videomme_blip_k16_alpha0.5_adaptive_short_2.0_med_4.0_long_6.0_score_diff_iter1,selected_dbfp_dense_videomme_blip_k16_alpha0.8_adaptive_short_2.0_med_3.0_long_5.0_temporal_iter3,-0.00576399311750786,-0.2765398824126006,0.7822289832687461,-0.022617112614831986,No
selected_dbfp_dense_videomme_blip_k16_alpha0.5_adaptive_short_2.0_med_4.0_long_6.0_score_diff_iter1,selected_dbfp_dense_videomme_blip_k16_alpha0.8_adaptive_short_2.0_med_4.0_long_6.0_score_diff_iter1,-0.014137987630423288,-0.6802402571315157,0.4966156088266307,-0.05563418326765745,No
selected_dbfp_dense_videomme_blip_k16_alpha0.5_adaptive_short_2.0_med_4.0_long_6.0_score_diff_iter1,selected_dbfp_dense_videomme_blip_k16_alpha0.8_adaptive_short_2.0_med_4.0_long_6.0_score_diff_iter2,-0.007909163255835655,-0.38399229246449756,0.7011206543725941,-0.03140522387605572,No
selected_dbfp_dense_videomme_blip_k16_alpha0.5_adaptive_short_2.0_med_4.0_long_6.0_score_diff_iter1,selected_dbfp_dense_videomme_blip_k16_alpha0.8_adaptive_short_2.0_med_4.0_long_6.0_score_diff_iter3,-0.005534058080449378,-0.26527881575937595,0.7908861022540088,-0.02169611413087494,No
selected_dbfp_dense_videomme_blip_k16_alpha0.5_adaptive_short_2.0_med_4.0_long_6.0_score_diff_iter1,selected_dbfp_dense_videomme_blip_k16_alpha0.8_adaptive_short_2.0_med_4.0_long_6.0_temporal_iter1,-0.013520575755122444,-0.6481769519355214,0.5171193014878286,-0.05301185127010458,No
selected_dbfp_dense_videomme_blip_k16_alpha0.5_adaptive_short_2.0_med_4.0_long_6.0_score_diff_iter1,selected_dbfp_dense_videomme_blip_k16_alpha0.8_adaptive_short_2.0_med_4.0_long_6.0_temporal_iter2,-0.030608379555929266,-1.4265681680901223,0.15422627196110725,-0.11667341674226128,No
selected_dbfp_dense_videomme_blip_k16_alpha0.5_adaptive_short_2.0_med_4.0_long_6.0_score_diff_iter1,selected_dbfp_dense_videomme_blip_k16_alpha0.8_adaptive_short_2.0_med_4.0_long_6.0_temporal_iter3,-0.012810491622009118,-0.6147078211120914,0.5389815108055512,-0.050274542297232404,No
selected_dbfp_dense_videomme_blip_k16_alpha0.5_adaptive_short_2.0_med_4.0_long_6.0_score_diff_iter1,selected_dbfp_dense_videomme_blip_k16_alpha0.8_adaptive_short_2.0_med_5.0_long_8.0_score_diff_iter1,-0.015109109024771888,-0.7250759850005412,0.4686890370874791,-0.059301121645941375,No
selected_dbfp_dense_videomme_blip_k16_alpha0.5_adaptive_short_2.0_med_4.0_long_6.0_score_diff_iter1,selected_dbfp_dense_videomme_blip_k16_alpha0.8_adaptive_short_2.0_med_5.0_long_8.0_score_diff_iter2,-0.01074250593384557,-0.5151771537882103,0.606619611321138,-0.042134319297297156,No
selected_dbfp_dense_videomme_blip_k16_alpha0.5_adaptive_short_2.0_med_4.0_long_6.0_score_diff_iter1,selected_dbfp_dense_videomme_blip_k16_alpha0.8_adaptive_short_2.0_med_5.0_long_8.0_score_diff_iter3,-0.014006866099025822,-0.659594998474408,0.5097676998090619,-0.053945688561591765,No
selected_dbfp_dense_videomme_blip_k16_alpha0.5_adaptive_short_2.0_med_4.0_long_6.0_score_diff_iter1,selected_dbfp_dense_videomme_blip_k16_alpha0.8_adaptive_short_2.0_med_5.0_long_8.0_temporal_iter1,-0.003790951274763088,-0.18483227532629623,0.8534232582484101,-0.015116707025317288,No
selected_dbfp_dense_videomme_blip_k16_alpha0.5_adaptive_short_2.0_med_4.0_long_6.0_score_diff_iter1,selected_dbfp_dense_videomme_blip_k16_alpha0.8_adaptive_short_2.0_med_5.0_long_8.0_temporal_iter2,-0.01993706043073301,-0.9396857839765914,0.3477581591483887,-0.07685321563030473,No
selected_dbfp_dense_videomme_blip_k16_alpha0.5_adaptive_short_2.0_med_4.0_long_6.0_score_diff_iter1,selected_dbfp_dense_videomme_blip_k16_alpha0.8_adaptive_short_2.0_med_5.0_long_8.0_temporal_iter3,-0.010964559815603403,-0.5220939097799837,0.6017982805542768,-0.04270001365978982,No
selected_dbfp_dense_videomme_blip_k16_alpha0.5_adaptive_short_2.0_med_4.0_long_6.0_score_diff_iter1,selected_dbfp_dense_videomme_blip_k16_alpha0.8_adaptive_short_3.0_med_6.0_long_10.0_score_diff_iter1,-0.0024010565108702198,-0.11823257569605641,0.905923081777659,-0.009669778742812716,No
selected_dbfp_dense_videomme_blip_k16_alpha0.5_adaptive_short_2.0_med_4.0_long_6.0_score_diff_iter1,selected_dbfp_dense_videomme_blip_k16_alpha0.8_adaptive_short_3.0_med_6.0_long_10.0_score_diff_iter2,-0.006871241606263345,-0.33801246682988795,0.7354724206673557,-0.027644714220658107,No
selected_dbfp_dense_videomme_blip_k16_alpha0.5_adaptive_short_2.0_med_4.0_long_6.0_score_diff_iter1,selected_dbfp_dense_videomme_blip_k16_alpha0.8_adaptive_short_3.0_med_6.0_long_10.0_score_diff_iter3,-0.011637220426795658,-0.5659980070324366,0.5716074599270126,-0.04629075757982818,No
selected_dbfp_dense_videomme_blip_k16_alpha0.5_adaptive_short_2.0_med_4.0_long_6.0_score_diff_iter1,selected_dbfp_dense_videomme_blip_k16_alpha0.8_adaptive_short_3.0_med_6.0_long_10.0_temporal_iter1,-0.020436372240329126,-0.968779386378712,0.33304692479596554,-0.07923266727300649,No
selected_dbfp_dense_videomme_blip_k16_alpha0.5_adaptive_short_2.0_med_4.0_long_6.0_score_diff_iter1,selected_dbfp_dense_videomme_blip_k16_alpha0.8_adaptive_short_3.0_med_6.0_long_10.0_temporal_iter2,-0.0074772499668732395,-0.3626340328558727,0.717006412604142,-0.029658415574715782,No
selected_dbfp_dense_videomme_blip_k16_alpha0.5_adaptive_short_2.0_med_4.0_long_6.0_score_diff_iter1,selected_dbfp_dense_videomme_blip_k16_alpha0.8_adaptive_short_3.0_med_6.0_long_10.0_temporal_iter3,-0.0028425440748954534,-0.13860245783737835,0.8898109615556555,-0.011335751531550234,No
selected_dbfp_dense_videomme_blip_k16_alpha0.5_adaptive_short_2.0_med_4.0_long_6.0_score_diff_iter2,selected_dbfp_dense_videomme_blip_k16_alpha0.5_adaptive_short_2.0_med_4.0_long_6.0_score_diff_iter3,0.009185150096512579,0.44522318513746567,0.6563195909303636,0.036413058489293,No
selected_dbfp_dense_videomme_blip_k16_alpha0.5_adaptive_short_2.0_med_4.0_long_6.0_score_diff_iter2,selected_dbfp_dense_videomme_blip_k16_alpha0.5_adaptive_short_2.0_med_4.0_long_6.0_temporal_iter1,0.009028151776395377,0.44242180554663996,0.6583439733472298,0.036183944621654446,No
selected_dbfp_dense_videomme_blip_k16_alpha0.5_adaptive_short_2.0_med_4.0_long_6.0_score_diff_iter2,selected_dbfp_dense_videomme_blip_k16_alpha0.5_adaptive_short_2.0_med_4.0_long_6.0_temporal_iter2,-0.01440555072293287,-0.6674128821856967,0.5047659023149477,-0.05458508264928423,No
selected_dbfp_dense_videomme_blip_k16_alpha0.5_adaptive_short_2.0_med_4.0_long_6.0_score_diff_iter2,selected_dbfp_dense_videomme_blip_k16_alpha0.5_adaptive_short_2.0_med_4.0_long_6.0_temporal_iter3,-0.0008037577984316979,-0.03807272983184954,0.9696424001956112,-0.003113819283776757,No
selected_dbfp_dense_videomme_blip_k16_alpha0.5_adaptive_short_2.0_med_4.0_long_6.0_score_diff_iter2,selected_dbfp_dense_videomme_blip_k16_alpha0.5_adaptive_short_2.0_med_5.0_long_8.0_score_diff_iter1,-0.007717949882460634,-0.35864959807690616,0.7199838189025496,-0.02933254432671174,No
selected_dbfp_dense_videomme_blip_k16_alpha0.5_adaptive_short_2.0_med_4.0_long_6.0_score_diff_iter2,selected_dbfp_dense_videomme_blip_k16_alpha0.5_adaptive_short_2.0_med_5.0_long_8.0_score_diff_iter2,-0.004051783709752316,-0.19336116537603482,0.846741783435863,-0.015814251511942132,No
selected_dbfp_dense_videomme_blip_k16_alpha0.5_adaptive_short_2.0_med_4.0_long_6.0_score_diff_iter2,selected_dbfp_dense_videomme_blip_k16_alpha0.5_adaptive_short_2.0_med_5.0_long_8.0_score_diff_iter3,0.006755905411058943,0.3261031630087748,0.7444603901117042,0.026670698980971397,No
selected_dbfp_dense_videomme_blip_k16_alpha0.5_adaptive_short_2.0_med_4.0_long_6.0_score_diff_iter2,selected_dbfp_dense_videomme_blip_k16_alpha0.5_adaptive_short_2.0_med_5.0_long_8.0_temporal_iter1,-0.0014037011104184316,-0.06667932900487983,0.9468592771519062,-0.005453440858559829,No
selected_dbfp_dense_videomme_blip_k16_alpha0.5_adaptive_short_2.0_med_4.0_long_6.0_score_diff_iter2,selected_dbfp_dense_videomme_blip_k16_alpha0.5_adaptive_short_2.0_med_5.0_long_8.0_temporal_iter2,-0.014836680280666648,-0.6842397790997482,0.4940888412237068,-0.05596128857784921,No
selected_dbfp_dense_videomme_blip_k16_alpha0.5_adaptive_short_2.0_med_4.0_long_6.0_score_diff_iter2,selected_dbfp_dense_videomme_blip_k16_alpha0.5_adaptive_short_2.0_med_5.0_long_8.0_temporal_iter3,0.0023474488248486913,0.11063442367786497,0.911943368471108,0.009048355699379108,No
selected_dbfp_dense_videomme_blip_k16_alpha0.5_adaptive_short_2.0_med_4.0_long_6.0_score_diff_iter2,selected_dbfp_dense_videomme_blip_k16_alpha0.5_adaptive_short_3.0_med_6.0_long_10.0_score_diff_iter1,-0.004401369059199606,-0.20808366334173836,0.8352344910545607,-0.017018346897175025,No
selected_dbfp_dense_videomme_blip_k16_alpha0.5_adaptive_short_2.0_med_4.0_long_6.0_score_diff_iter2,selected_dbfp_dense_videomme_blip_k16_alpha0.5_adaptive_short_3.0_med_6.0_long_10.0_score_diff_iter2,0.009765529783893917,0.471132535327369,0.6377179118124149,0.038532082651942856,No
selected_dbfp_dense_videomme_blip_k16_alpha0.5_adaptive_short_2.0_med_4.0_long_6.0_score_diff_iter2,selected_dbfp_dense_videomme_blip_k16_alpha0.5_adaptive_short_3.0_med_6.0_long_10.0_score_diff_iter3,0.0024684921373431257,0.11818468333925412,0.9059610120020496,0.009665861825537093,No
selected_dbfp_dense_videomme_blip_k16_alpha0.5_adaptive_short_2.0_med_4.0_long_6.0_score_diff_iter2,selected_dbfp_dense_videomme_blip_k16_alpha0.5_adaptive_short_3.0_med_6.0_long_10.0_temporal_iter1,-0.005977620055202665,-0.28400894480078276,0.7765018337123746,-0.023227977948722747,No
selected_dbfp_dense_videomme_blip_k16_alpha0.5_adaptive_short_2.0_med_4.0_long_6.0_score_diff_iter2,selected_dbfp_dense_videomme_blip_k16_alpha0.5_adaptive_short_3.0_med_6.0_long_10.0_temporal_iter2,0.008202935151165602,0.39780431079990664,0.6909164050834514,0.032534854696979566,No
selected_dbfp_dense_videomme_blip_k16_alpha0.5_adaptive_short_2.0_med_4.0_long_6.0_score_diff_iter2,selected_dbfp_dense_videomme_blip_k16_alpha0.5_adaptive_short_3.0_med_6.0_long_10.0_temporal_iter3,0.011619271933053316,0.5569557042329496,0.5777660755493124,0.045551223117111975,No
selected_dbfp_dense_videomme_blip_k16_alpha0.5_adaptive_short_2.0_med_4.0_long_6.0_score_diff_iter2,selected_dbfp_dense_videomme_blip_k16_alpha0.85_adaptive_short_2.0_med_3.0_long_5.0_score_diff_iter1,0.001688840695281274,0.08154604996611613,0.9350349892717711,0.006669331666822193,No
selected_dbfp_dense_videomme_blip_k16_alpha0.5_adaptive_short_2.0_med_4.0_long_6.0_score_diff_iter2,selected_dbfp_dense_videomme_blip_k16_alpha0.85_adaptive_short_2.0_med_3.0_long_5.0_score_diff_iter2,0.003365911720157405,0.16227922994593497,0.8711407875297171,0.01327218188569494,No
selected_dbfp_dense_videomme_blip_k16_alpha0.5_adaptive_short_2.0_med_4.0_long_6.0_score_diff_iter2,selected_dbfp_dense_videomme_blip_k16_alpha0.85_adaptive_short_2.0_med_3.0_long_5.0_score_diff_iter3,0.007614114361944729,0.37192954474364825,0.7100770624559776,0.03041865903346411,No
selected_dbfp_dense_videomme_blip_k16_alpha0.5_adaptive_short_2.0_med_4.0_long_6.0_score_diff_iter2,selected_dbfp_dense_videomme_blip_k16_alpha0.85_adaptive_short_2.0_med_3.0_long_5.0_temporal_iter1,0.014675303383432897,0.7224234329217584,0.47031659831335715,0.05908417975278731,No
selected_dbfp_dense_videomme_blip_k16_alpha0.5_adaptive_short_2.0_med_4.0_long_6.0_score_diff_iter2,selected_dbfp_dense_videomme_blip_k16_alpha0.85_adaptive_short_2.0_med_3.0_long_5.0_temporal_iter2,0.01045286971159709,0.5066935851823939,0.612556601733832,0.041440481469240016,No
selected_dbfp_dense_videomme_blip_k16_alpha0.5_adaptive_short_2.0_med_4.0_long_6.0_score_diff_iter2,selected_dbfp_dense_videomme_blip_k16_alpha0.85_adaptive_short_2.0_med_3.0_long_5.0_temporal_iter3,-0.0006751413814897467,-0.03198485908890041,0.9744947976232095,-0.0026159162071967743,No
selected_dbfp_dense_videomme_blip_k16_alpha0.5_adaptive_short_2.0_med_4.0_long_6.0_score_diff_iter2,selected_dbfp_dense_videomme_blip_k16_alpha0.85_adaptive_short_2.0_med_4.0_long_6.0_score_diff_iter1,-0.0069023388182864465,-0.3270957368093161,0.7437099394594614,-0.026751877719278557,No
selected_dbfp_dense_videomme_blip_k16_alpha0.5_adaptive_short_2.0_med_4.0_long_6.0_score_diff_iter2,selected_dbfp_dense_videomme_blip_k16_alpha0.85_adaptive_short_2.0_med_4.0_long_6.0_score_diff_iter2,-0.002962148361838862,-0.14117904783287466,0.8877760421380718,-0.011546480734204887,No
selected_dbfp_dense_videomme_blip_k16_alpha0.5_adaptive_short_2.0_med_4.0_long_6.0_score_diff_iter2,selected_dbfp_dense_videomme_blip_k16_alpha0.85_adaptive_short_2.0_med_4.0_long_6.0_score_diff_iter3,0.0011193635249038825,0.05364218606408133,0.9572381602768821,0.004387184056734396,No
selected_dbfp_dense_videomme_blip_k16_alpha0.5_adaptive_short_2.0_med_4.0_long_6.0_score_diff_iter2,selected_dbfp_dense_videomme_blip_k16_alpha0.85_adaptive_short_2.0_med_4.0_long_6.0_temporal_iter1,-0.0011816870848239402,-0.056527140923928486,0.9549407562509808,-0.004623133202577533,No
selected_dbfp_dense_videomme_blip_k16_alpha0.5_adaptive_short_2.0_med_4.0_long_6.0_score_diff_iter2,selected_dbfp_dense_videomme_blip_k16_alpha0.85_adaptive_short_2.0_med_4.0_long_6.0_temporal_iter2,-0.008214399839274106,-0.3871626127106213,0.6987735725012874,-0.03166451197413583,No
selected_dbfp_dense_videomme_blip_k16_alpha0.5_adaptive_short_2.0_med_4.0_long_6.0_score_diff_iter2,selected_dbfp_dense_videomme_blip_k16_alpha0.85_adaptive_short_2.0_med_4.0_long_6.0_temporal_iter3,-0.015590684357511292,-0.7246757274004675,0.4689344280328257,-0.059268386219418726,No
selected_dbfp_dense_videomme_blip_k16_alpha0.5_adaptive_short_2.0_med_4.0_long_6.0_score_diff_iter2,selected_dbfp_dense_videomme_blip_k16_alpha0.85_adaptive_short_2.0_med_5.0_long_8.0_score_diff_iter1,-0.00845233602953896,-0.3970170340210369,0.6914965519038105,-0.032470466456805444,No
selected_dbfp_dense_videomme_blip_k16_alpha0.5_adaptive_short_2.0_med_4.0_long_6.0_score_diff_iter2,selected_dbfp_dense_videomme_blip_k16_alpha0.85_adaptive_short_2.0_med_5.0_long_8.0_score_diff_iter2,-0.0025311192316736786,-0.12023248008162259,0.9043393724121773,-0.009833343094312615,No
selected_dbfp_dense_videomme_blip_k16_alpha0.5_adaptive_short_2.0_med_4.0_long_6.0_score_diff_iter2,selected_dbfp_dense_videomme_blip_k16_alpha0.85_adaptive_short_2.0_med_5.0_long_8.0_score_diff_iter3,0.0007845504497369093,0.0373185065658798,0.970243503813897,0.0030521343197862393,No
selected_dbfp_dense_videomme_blip_k16_alpha0.5_adaptive_short_2.0_med_4.0_long_6.0_score_diff_iter2,selected_dbfp_dense_videomme_blip_k16_alpha0.85_adaptive_short_2.0_med_5.0_long_8.0_temporal_iter1,0.004231323182986663,0.2035153247142039,0.838801502004404,0.01664472038280964,No
selected_dbfp_dense_videomme_blip_k16_alpha0.5_adaptive_short_2.0_med_4.0_long_6.0_score_diff_iter2,selected_dbfp_dense_videomme_blip_k16_alpha0.85_adaptive_short_2.0_med_5.0_long_8.0_temporal_iter2,3.4381522026866174e-05,0.0016418395914202409,0.9986905496714786,0.00013427962222833356,No
selected_dbfp_dense_videomme_blip_k16_alpha0.5_adaptive_short_2.0_med_4.0_long_6.0_score_diff_iter2,selected_dbfp_dense_videomme_blip_k16_alpha0.85_adaptive_short_2.0_med_5.0_long_8.0_temporal_iter3,-0.004622989344204964,-0.21717128949902537,0.8281489314436217,-0.01776158821098905,No
selected_dbfp_dense_videomme_blip_k16_alpha0.5_adaptive_short_2.0_med_4.0_long_6.0_score_diff_iter2,selected_dbfp_dense_videomme_blip_k16_alpha0.85_adaptive_short_3.0_med_6.0_long_10.0_score_diff_iter1,0.005495911682915161,0.2665263300259759,0.7899257600555872,0.02179814342101456,No
selected_dbfp_dense_videomme_blip_k16_alpha0.5_adaptive_short_2.0_med_4.0_long_6.0_score_diff_iter2,selected_dbfp_dense_videomme_blip_k16_alpha0.85_adaptive_short_3.0_med_6.0_long_10.0_score_diff_iter2,0.003446775473810171,0.16757937246704896,0.8669708548707193,0.013705659754946146,No
selected_dbfp_dense_videomme_blip_k16_alpha0.5_adaptive_short_2.0_med_4.0_long_6.0_score_diff_iter2,selected_dbfp_dense_videomme_blip_k16_alpha0.85_adaptive_short_3.0_med_6.0_long_10.0_score_diff_iter3,0.0013523846119371796,0.06528847551585056,0.9479661375267519,0.005339688402079835,No
selected_dbfp_dense_videomme_blip_k16_alpha0.5_adaptive_short_2.0_med_4.0_long_6.0_score_diff_iter2,selected_dbfp_dense_videomme_blip_k16_alpha0.85_adaptive_short_3.0_med_6.0_long_10.0_temporal_iter1,-0.007573456806120399,-0.35864538555711395,0.7199869690112135,-0.029332199779980056,No
selected_dbfp_dense_videomme_blip_k16_alpha0.5_adaptive_short_2.0_med_4.0_long_6.0_score_diff_iter2,selected_dbfp_dense_videomme_blip_k16_alpha0.85_adaptive_short_3.0_med_6.0_long_10.0_temporal_iter2,0.006469489339378659,0.31280762191970213,0.7545358811918048,0.025583308808295315,No
selected_dbfp_dense_videomme_blip_k16_alpha0.5_adaptive_short_2.0_med_4.0_long_6.0_score_diff_iter2,selected_dbfp_dense_videomme_blip_k16_alpha0.85_adaptive_short_3.0_med_6.0_long_10.0_temporal_iter3,3.123544782468457e-05,0.0014910597491180103,0.9988108041476738,0.0001219479301635642,No
selected_dbfp_dense_videomme_blip_k16_alpha0.5_adaptive_short_2.0_med_4.0_long_6.0_score_diff_iter2,selected_dbfp_dense_videomme_blip_k16_alpha0.8_adaptive_short_2.0_med_3.0_long_5.0_score_diff_iter1,0.0002918548723784553,0.014027997970046426,0.9888123227947013,0.0011472949473270058,No
selected_dbfp_dense_videomme_blip_k16_alpha0.5_adaptive_short_2.0_med_4.0_long_6.0_score_diff_iter2,selected_dbfp_dense_videomme_blip_k16_alpha0.8_adaptive_short_2.0_med_3.0_long_5.0_score_diff_iter2,0.00884071184756019,0.4338894343327514,0.6645252212814063,0.03548611543563186,No
selected_dbfp_dense_videomme_blip_k16_alpha0.5_adaptive_short_2.0_med_4.0_long_6.0_score_diff_iter2,selected_dbfp_dense_videomme_blip_k16_alpha0.8_adaptive_short_2.0_med_3.0_long_5.0_score_diff_iter3,0.010800899355944055,0.5280650063432588,0.5976501109423717,0.04318836618897855,No
selected_dbfp_dense_videomme_blip_k16_alpha0.5_adaptive_short_2.0_med_4.0_long_6.0_score_diff_iter2,selected_dbfp_dense_videomme_blip_k16_alpha0.8_adaptive_short_2.0_med_3.0_long_5.0_temporal_iter1,0.01047908517285534,0.509773919185373,0.6103979377276525,0.04169240990275279,No
selected_dbfp_dense_videomme_blip_k16_alpha0.5_adaptive_short_2.0_med_4.0_long_6.0_score_diff_iter2,selected_dbfp_dense_videomme_blip_k16_alpha0.8_adaptive_short_2.0_med_3.0_long_5.0_temporal_iter2,-0.009902239767400345,-0.461036950608412,0.644939725057428,-0.03770640441672981,No
selected_dbfp_dense_videomme_blip_k16_alpha0.5_adaptive_short_2.0_med_4.0_long_6.0_score_diff_iter2,selected_dbfp_dense_videomme_blip_k16_alpha0.8_adaptive_short_2.0_med_3.0_long_5.0_temporal_iter3,0.002479696075413651,0.11740583792700225,0.9065778791996641,0.0096021631174365,No
selected_dbfp_dense_videomme_blip_k16_alpha0.5_adaptive_short_2.0_med_4.0_long_6.0_score_diff_iter2,selected_dbfp_dense_videomme_blip_k16_alpha0.8_adaptive_short_2.0_med_4.0_long_6.0_score_diff_iter1,-0.005894298437501777,-0.2798538622735528,0.7796863988419974,-0.02288815004221698,No
selected_dbfp_dense_videomme_blip_k16_alpha0.5_adaptive_short_2.0_med_4.0_long_6.0_score_diff_iter2,selected_dbfp_dense_videomme_blip_k16_alpha0.8_adaptive_short_2.0_med_4.0_long_6.0_score_diff_iter2,0.00033452593708585554,0.016022950504836923,0.987221426431105,0.001310454292710986,No
selected_dbfp_dense_videomme_blip_k16_alpha0.5_adaptive_short_2.0_med_4.0_long_6.0_score_diff_iter2,selected_dbfp_dense_videomme_blip_k16_alpha0.8_adaptive_short_2.0_med_4.0_long_6.0_score_diff_iter3,0.002709631112472133,0.12818456588930707,0.8980460095084044,0.010483713012740602,No
selected_dbfp_dense_videomme_blip_k16_alpha0.5_adaptive_short_2.0_med_4.0_long_6.0_score_diff_iter2,selected_dbfp_dense_videomme_blip_k16_alpha0.8_adaptive_short_2.0_med_4.0_long_6.0_temporal_iter1,-0.005276886562200933,-0.24965590083457845,0.8029391977657021,-0.02041837719010678,No
selected_dbfp_dense_videomme_blip_k16_alpha0.5_adaptive_short_2.0_med_4.0_long_6.0_score_diff_iter2,selected_dbfp_dense_videomme_blip_k16_alpha0.8_adaptive_short_2.0_med_4.0_long_6.0_temporal_iter2,-0.022364690363007755,-1.0294169339621226,0.303699972131682,-0.08419197461507937,No
selected_dbfp_dense_videomme_blip_k16_alpha0.5_adaptive_short_2.0_med_4.0_long_6.0_score_diff_iter2,selected_dbfp_dense_videomme_blip_k16_alpha0.8_adaptive_short_2.0_med_4.0_long_6.0_temporal_iter3,-0.0045668024290876075,-0.21625705853621968,0.828861127281481,-0.017686816839896143,No
selected_dbfp_dense_videomme_blip_k16_alpha0.5_adaptive_short_2.0_med_4.0_long_6.0_score_diff_iter2,selected_dbfp_dense_videomme_blip_k16_alpha0.8_adaptive_short_2.0_med_5.0_long_8.0_score_diff_iter1,-0.006865419831850378,-0.3251365574382108,0.745191440934959,-0.026591644121433493,No
selected_dbfp_dense_videomme_blip_k16_alpha0.5_adaptive_short_2.0_med_4.0_long_6.0_score_diff_iter2,selected_dbfp_dense_videomme_blip_k16_alpha0.8_adaptive_short_2.0_med_5.0_long_8.0_score_diff_iter2,-0.002498816740924059,-0.11826251229022726,0.9058993724307512,-0.009672227154604748,No
selected_dbfp_dense_videomme_blip_k16_alpha0.5_adaptive_short_2.0_med_4.0_long_6.0_score_diff_iter2,selected_dbfp_dense_videomme_blip_k16_alpha0.8_adaptive_short_2.0_med_5.0_long_8.0_score_diff_iter3,-0.0057631769061043114,-0.26795558764749117,0.7888259040923244,-0.02191503683329036,No
selected_dbfp_dense_videomme_blip_k16_alpha0.5_adaptive_short_2.0_med_4.0_long_6.0_score_diff_iter2,selected_dbfp_dense_videomme_blip_k16_alpha0.8_adaptive_short_2.0_med_5.0_long_8.0_temporal_iter1,0.004452737918158423,0.21415498093869728,0.8304992025867328,0.017514896145155896,No
selected_dbfp_dense_videomme_blip_k16_alpha0.5_adaptive_short_2.0_med_4.0_long_6.0_score_diff_iter2,selected_dbfp_dense_videomme_blip_k16_alpha0.8_adaptive_short_2.0_med_5.0_long_8.0_temporal_iter2,-0.0116933712378115,-0.5441467712274268,0.586543300907087,-0.04450363076384441,No
selected_dbfp_dense_videomme_blip_k16_alpha0.5_adaptive_short_2.0_med_4.0_long_6.0_score_diff_iter2,selected_dbfp_dense_videomme_blip_k16_alpha0.8_adaptive_short_2.0_med_5.0_long_8.0_temporal_iter3,-0.0027208706226818924,-0.1278813288428355,0.8982858791470547,-0.010458912446373586,No
selected_dbfp_dense_videomme_blip_k16_alpha0.5_adaptive_short_2.0_med_4.0_long_6.0_score_diff_iter2,selected_dbfp_dense_videomme_blip_k16_alpha0.8_adaptive_short_3.0_med_6.0_long_10.0_score_diff_iter1,0.005842632682051291,0.28372507295443783,0.7767192814597723,0.02320476116360856,No
selected_dbfp_dense_videomme_blip_k16_alpha0.5_adaptive_short_2.0_med_4.0_long_6.0_score_diff_iter2,selected_dbfp_dense_videomme_blip_k16_alpha0.8_adaptive_short_3.0_med_6.0_long_10.0_score_diff_iter2,0.0013724475866581654,0.0665824275134652,0.9469363893867677,0.0054455156610406725,No
selected_dbfp_dense_videomme_blip_k16_alpha0.5_adaptive_short_2.0_med_4.0_long_6.0_score_diff_iter2,selected_dbfp_dense_videomme_blip_k16_alpha0.8_adaptive_short_3.0_med_6.0_long_10.0_score_diff_iter3,-0.0033935312338741475,-0.1628236620007823,0.8707122833729692,-0.013316708851152692,No
selected_dbfp_dense_videomme_blip_k16_alpha0.5_adaptive_short_2.0_med_4.0_long_6.0_score_diff_iter2,selected_dbfp_dense_videomme_blip_k16_alpha0.8_adaptive_short_3.0_med_6.0_long_10.0_temporal_iter1,-0.012192683047407615,-0.5705737394974429,0.5685029495852302,-0.04666498886582743,No
selected_dbfp_dense_videomme_blip_k16_alpha0.5_adaptive_short_2.0_med_4.0_long_6.0_score_diff_iter2,selected_dbfp_dense_videomme_blip_k16_alpha0.8_adaptive_short_3.0_med_6.0_long_10.0_temporal_iter2,0.0007664392260482711,0.03667224760206989,0.9707585751427119,0.0029992793325391304,No
selected_dbfp_dense_videomme_blip_k16_alpha0.5_adaptive_short_2.0_med_4.0_long_6.0_score_diff_iter2,selected_dbfp_dense_videomme_blip_k16_alpha0.8_adaptive_short_3.0_med_6.0_long_10.0_temporal_iter3,0.005401145118026057,0.2597886003651954,0.7951162600304646,0.021247090939157887,No
selected_dbfp_dense_videomme_blip_k16_alpha0.5_adaptive_short_2.0_med_4.0_long_6.0_score_diff_iter3,selected_dbfp_dense_videomme_blip_k16_alpha0.5_adaptive_short_2.0_med_4.0_long_6.0_temporal_iter1,-0.00015699832011720205,-0.007821407817624023,0.9937620915569322,-0.0006396822751497532,No
selected_dbfp_dense_videomme_blip_k16_alpha0.5_adaptive_short_2.0_med_4.0_long_6.0_score_diff_iter3,selected_dbfp_dense_videomme_blip_k16_alpha0.5_adaptive_short_2.0_med_4.0_long_6.0_temporal_iter2,-0.023590700819445448,-1.1091420564854038,0.26781474870537886,-0.09071237970538534,No
selected_dbfp_dense_videomme_blip_k16_alpha0.5_adaptive_short_2.0_med_4.0_long_6.0_score_diff_iter3,selected_dbfp_dense_videomme_blip_k16_alpha0.5_adaptive_short_2.0_med_4.0_long_6.0_temporal_iter3,-0.009988907894944277,-0.48048753508195435,0.6310564878515119,-0.03929719140346927,No
selected_dbfp_dense_videomme_blip_k16_alpha0.5_adaptive_short_2.0_med_4.0_long_6.0_score_diff_iter3,selected_dbfp_dense_videomme_blip_k16_alpha0.5_adaptive_short_2.0_med_5.0_long_8.0_score_diff_iter1,-0.016903099978973213,-0.7971781157279831,0.4256639927734842,-0.06519807223546753,No
selected_dbfp_dense_videomme_blip_k16_alpha0.5_adaptive_short_2.0_med_4.0_long_6.0_score_diff_iter3,selected_dbfp_dense_videomme_blip_k16_alpha0.5_adaptive_short_2.0_med_5.0_long_8.0_score_diff_iter2,-0.013236933806264894,-0.6416341087342609,0.5213566361060854,-0.052476737757567754,No
selected_dbfp_dense_videomme_blip_k16_alpha0.5_adaptive_short_2.0_med_4.0_long_6.0_score_diff_iter3,selected_dbfp_dense_videomme_blip_k16_alpha0.5_adaptive_short_2.0_med_5.0_long_8.0_score_diff_iter3,-0.0024292446854536354,-0.11914573191269442,0.9051999132655046,-0.009744462210585702,No
selected_dbfp_dense_videomme_blip_k16_alpha0.5_adaptive_short_2.0_med_4.0_long_6.0_score_diff_iter3,selected_dbfp_dense_videomme_blip_k16_alpha0.5_adaptive_short_2.0_med_5.0_long_8.0_temporal_iter1,-0.01058885120693101,-0.510833256556753,0.6096563487119981,-0.04177904896625134,No
selected_dbfp_dense_videomme_blip_k16_alpha0.5_adaptive_short_2.0_med_4.0_long_6.0_score_diff_iter3,selected_dbfp_dense_videomme_blip_k16_alpha0.5_adaptive_short_2.0_med_5.0_long_8.0_temporal_iter2,-0.024021830377179226,-1.1240875137222581,0.2614269251327738,-0.09193471006631432,No
selected_dbfp_dense_videomme_blip_k16_alpha0.5_adaptive_short_2.0_med_4.0_long_6.0_score_diff_iter3,selected_dbfp_dense_videomme_blip_k16_alpha0.5_adaptive_short_2.0_med_5.0_long_8.0_temporal_iter3,-0.006837701271663887,-0.32719857928239654,0.7436321977670401,-0.026760288791756494,No
selected_dbfp_dense_videomme_blip_k16_alpha0.5_adaptive_short_2.0_med_4.0_long_6.0_score_diff_iter3,selected_dbfp_dense_videomme_blip_k16_alpha0.5_adaptive_short_3.0_med_6.0_long_10.0_score_diff_iter1,-0.013586519155712184,-0.6522402200305255,0.5144968396428669,-0.05334417003182919,No
selected_dbfp_dense_videomme_blip_k16_alpha0.5_adaptive_short_2.0_med_4.0_long_6.0_score_diff_iter3,selected_dbfp_dense_videomme_blip_k16_alpha0.5_adaptive_short_3.0_med_6.0_long_10.0_score_diff_iter2,0.0005803796873813383,0.028450375174146645,0.9773124387268242,0.0023268446239478285,No
selected_dbfp_dense_videomme_blip_k16_alpha0.5_adaptive_short_2.0_med_4.0_long_6.0_score_diff_iter3,selected_dbfp_dense_videomme_blip_k16_alpha0.5_adaptive_short_3.0_med_6.0_long_10.0_score_diff_iter3,-0.006716657959169453,-0.3266663958641913,0.7440345193663025,-0.02671676357966191,No
selected_dbfp_dense_videomme_blip_k16_alpha0.5_adaptive_short_2.0_med_4.0_long_6.0_score_diff_iter3,selected_dbfp_dense_videomme_blip_k16_alpha0.5_adaptive_short_3.0_med_6.0_long_10.0_temporal_iter1,-0.015162770151715244,-0.7316421872216161,0.46467360041346406,-0.05983814556533581,No
selected_dbfp_dense_videomme_blip_k16_alpha0.5_adaptive_short_2.0_med_4.0_long_6.0_score_diff_iter3,selected_dbfp_dense_videomme_blip_k16_alpha0.5_adaptive_short_3.0_med_6.0_long_10.0_temporal_iter2,-0.0009822149453469764,-0.04840705772823782,0.9614079969813936,-0.003959023433693845,No
selected_dbfp_dense_videomme_blip_k16_alpha0.5_adaptive_short_2.0_med_4.0_long_6.0_score_diff_iter3,selected_dbfp_dense_videomme_blip_k16_alpha0.5_adaptive_short_3.0_med_6.0_long_10.0_temporal_iter3,0.002434121836540737,0.1185283401501202,0.9056888443248389,0.009693968162074473,No
selected_dbfp_dense_videomme_blip_k16_alpha0.5_adaptive_short_2.0_med_4.0_long_6.0_score_diff_iter3,selected_dbfp_dense_videomme_blip_k16_alpha0.85_adaptive_short_2.0_med_3.0_long_5.0_score_diff_iter1,-0.007496309401231305,-0.36779189984101807,0.7131585477300598,-0.030080257276338566,No
selected_dbfp_dense_videomme_blip_k16_alpha0.5_adaptive_short_2.0_med_4.0_long_6.0_score_diff_iter3,selected_dbfp_dense_videomme_blip_k16_alpha0.85_adaptive_short_2.0_med_3.0_long_5.0_score_diff_iter2,-0.005819238376355174,-0.285066097022698,0.7756922025541426,-0.023314438255561308,No
selected_dbfp_dense_videomme_blip_k16_alpha0.5_adaptive_short_2.0_med_4.0_long_6.0_score_diff_iter3,selected_dbfp_dense_videomme_blip_k16_alpha0.85_adaptive_short_2.0_med_3.0_long_5.0_score_diff_iter3,-0.0015710357345678494,-0.07800689577450451,0.9378486612678284,-0.006379878116150613,No
selected_dbfp_dense_videomme_blip_k16_alpha0.5_adaptive_short_2.0_med_4.0_long_6.0_score_diff_iter3,selected_dbfp_dense_videomme_blip_k16_alpha0.85_adaptive_short_2.0_med_3.0_long_5.0_temporal_iter1,0.0054901532869203185,0.2747942481396223,0.7835692265539524,0.02247434399448159,No
selected_dbfp_dense_videomme_blip_k16_alpha0.5_adaptive_short_2.0_med_4.0_long_6.0_score_diff_iter3,selected_dbfp_dense_videomme_blip_k16_alpha0.85_adaptive_short_2.0_med_3.0_long_5.0_temporal_iter2,0.0012677196150845116,0.062449474127576884,0.9502257641576881,0.005107497606763639,No
selected_dbfp_dense_videomme_blip_k16_alpha0.5_adaptive_short_2.0_med_4.0_long_6.0_score_diff_iter3,selected_dbfp_dense_videomme_blip_k16_alpha0.85_adaptive_short_2.0_med_3.0_long_5.0_temporal_iter3,-0.009860291478002325,-0.4743694016406898,0.6354096766631503,-0.03879681325955264,No
selected_dbfp_dense_videomme_blip_k16_alpha0.5_adaptive_short_2.0_med_4.0_long_6.0_score_diff_iter3,selected_dbfp_dense_videomme_blip_k16_alpha0.85_adaptive_short_2.0_med_4.0_long_6.0_score_diff_iter1,-0.016087488914799025,-0.7741909634550537,0.43912383901038154,-0.06331804313716656,No
selected_dbfp_dense_videomme_blip_k16_alpha0.5_adaptive_short_2.0_med_4.0_long_6.0_score_diff_iter3,selected_dbfp_dense_videomme_blip_k16_alpha0.85_adaptive_short_2.0_med_4.0_long_6.0_score_diff_iter2,-0.012147298458351441,-0.5880340483177378,0.5567314367977949,-0.04809299899687231,No
selected_dbfp_dense_videomme_blip_k16_alpha0.5_adaptive_short_2.0_med_4.0_long_6.0_score_diff_iter3,selected_dbfp_dense_videomme_blip_k16_alpha0.85_adaptive_short_2.0_med_4.0_long_6.0_score_diff_iter3,-0.008065786571608696,-0.39266011473432216,0.6947104553271837,-0.0321141310674593,No
selected_dbfp_dense_videomme_blip_k16_alpha0.5_adaptive_short_2.0_med_4.0_long_6.0_score_diff_iter3,selected_dbfp_dense_videomme_blip_k16_alpha0.85_adaptive_short_2.0_med_4.0_long_6.0_temporal_iter1,-0.010366837181336519,-0.5037448679817131,0.6146261930803909,-0.041199317448028315,No
selected_dbfp_dense_videomme_blip_k16_alpha0.5_adaptive_short_2.0_med_4.0_long_6.0_score_diff_iter3,selected_dbfp_dense_videomme_blip_k16_alpha0.85_adaptive_short_2.0_med_4.0_long_6.0_temporal_iter2,-0.017399549935786685,-0.8326518543632188,0.40537351229727103,-0.06809933018221266,No
selected_dbfp_dense_videomme_blip_k16_alpha0.5_adaptive_short_2.0_med_4.0_long_6.0_score_diff_iter3,selected_dbfp_dense_videomme_blip_k16_alpha0.85_adaptive_short_2.0_med_4.0_long_6.0_temporal_iter3,-0.02477583445402387,-1.1687745490245258,0.24296017581340673,-0.09558948743082538,No
selected_dbfp_dense_videomme_blip_k16_alpha0.5_adaptive_short_2.0_med_4.0_long_6.0_score_diff_iter3,selected_dbfp_dense_videomme_blip_k16_alpha0.85_adaptive_short_2.0_med_5.0_long_8.0_score_diff_iter1,-0.017637486126051538,-0.8410681913240723,0.4006459168138974,-0.06878766938965789,No
selected_dbfp_dense_videomme_blip_k16_alpha0.5_adaptive_short_2.0_med_4.0_long_6.0_score_diff_iter3,selected_dbfp_dense_videomme_blip_k16_alpha0.85_adaptive_short_2.0_med_5.0_long_8.0_score_diff_iter2,-0.011716269328186257,-0.565212889062931,0.572140952502021,-0.046226545874679954,No
selected_dbfp_dense_videomme_blip_k16_alpha0.5_adaptive_short_2.0_med_4.0_long_6.0_score_diff_iter3,selected_dbfp_dense_videomme_blip_k16_alpha0.85_adaptive_short_2.0_med_5.0_long_8.0_score_diff_iter3,-0.00840059964677567,-0.40583159926976586,0.6850115068664138,-0.03319137514909809,No
selected_dbfp_dense_videomme_blip_k16_alpha0.5_adaptive_short_2.0_med_4.0_long_6.0_score_diff_iter3,selected_dbfp_dense_videomme_blip_k16_alpha0.85_adaptive_short_2.0_med_5.0_long_8.0_temporal_iter1,-0.004953826913525916,-0.24207357634254284,0.8088061447868905,-0.019798248576187717,No
selected_dbfp_dense_videomme_blip_k16_alpha0.5_adaptive_short_2.0_med_4.0_long_6.0_score_diff_iter3,selected_dbfp_dense_videomme_blip_k16_alpha0.85_adaptive_short_2.0_med_5.0_long_8.0_temporal_iter2,-0.009150768574485713,-0.4438632696674144,0.6573020022941247,-0.03630183633454578,No
selected_dbfp_dense_videomme_blip_k16_alpha0.5_adaptive_short_2.0_med_4.0_long_6.0_score_diff_iter3,selected_dbfp_dense_videomme_blip_k16_alpha0.85_adaptive_short_2.0_med_5.0_long_8.0_temporal_iter3,-0.013808139440717543,-0.6585340952421471,0.5104484526065505,-0.05385892141970503,No
selected_dbfp_dense_videomme_blip_k16_alpha0.5_adaptive_short_2.0_med_4.0_long_6.0_score_diff_iter3,selected_dbfp_dense_videomme_blip_k16_alpha0.85_adaptive_short_3.0_med_6.0_long_10.0_score_diff_iter1,-0.0036892384135974177,-0.18181890709511947,0.8557864589371027,-0.01487025544744619,No
selected_dbfp_dense_videomme_blip_k16_alpha0.5_adaptive_short_2.0_med_4.0_long_6.0_score_diff_iter3,selected_dbfp_dense_videomme_blip_k16_alpha0.85_adaptive_short_3.0_med_6.0_long_10.0_score_diff_iter2,-0.005738374622702408,-0.28355335417630795,0.7768508277169767,-0.02319071694192883,No
selected_dbfp_dense_videomme_blip_k16_alpha0.5_adaptive_short_2.0_med_4.0_long_6.0_score_diff_iter3,selected_dbfp_dense_videomme_blip_k16_alpha0.85_adaptive_short_3.0_med_6.0_long_10.0_score_diff_iter3,-0.007832765484575399,-0.38422826875904037,0.7009458552686503,-0.0314245234389228,No
selected_dbfp_dense_videomme_blip_k16_alpha0.5_adaptive_short_2.0_med_4.0_long_6.0_score_diff_iter3,selected_dbfp_dense_videomme_blip_k16_alpha0.85_adaptive_short_3.0_med_6.0_long_10.0_temporal_iter1,-0.016758606902632978,-0.8058990321352919,0.4206214156268221,-0.06591132174248329,No
selected_dbfp_dense_videomme_blip_k16_alpha0.5_adaptive_short_2.0_med_4.0_long_6.0_score_diff_iter3,selected_dbfp_dense_videomme_blip_k16_alpha0.85_adaptive_short_3.0_med_6.0_long_10.0_temporal_iter2,-0.0027156607571339197,-0.1334266383844056,0.8939008670431039,-0.010912441550854022,No
selected_dbfp_dense_videomme_blip_k16_alpha0.5_adaptive_short_2.0_med_4.0_long_6.0_score_diff_iter3,selected_dbfp_dense_videomme_blip_k16_alpha0.85_adaptive_short_3.0_med_6.0_long_10.0_temporal_iter3,-0.009153914648687894,-0.4438489074616173,0.6573123808128136,-0.036300661706592706,No
selected_dbfp_dense_videomme_blip_k16_alpha0.5_adaptive_short_2.0_med_4.0_long_6.0_score_diff_iter3,selected_dbfp_dense_videomme_blip_k16_alpha0.8_adaptive_short_2.0_med_3.0_long_5.0_score_diff_iter1,-0.008893295224134123,-0.4342778585195849,0.6642433271444086,-0.035517883133916926,No
selected_dbfp_dense_videomme_blip_k16_alpha0.5_adaptive_short_2.0_med_4.0_long_6.0_score_diff_iter3,selected_dbfp_dense_videomme_blip_k16_alpha0.8_adaptive_short_2.0_med_3.0_long_5.0_score_diff_iter2,-0.00034443824895238895,-0.017186102783019096,0.9862938812325713,-0.001405583954301582,No
selected_dbfp_dense_videomme_blip_k16_alpha0.5_adaptive_short_2.0_med_4.0_long_6.0_score_diff_iter3,selected_dbfp_dense_videomme_blip_k16_alpha0.8_adaptive_short_2.0_med_3.0_long_5.0_score_diff_iter3,0.001615749259431476,0.08030081297900338,0.9360248773719282,0.006567488608900182,No
selected_dbfp_dense_videomme_blip_k16_alpha0.5_adaptive_short_2.0_med_4.0_long_6.0_score_diff_iter3,selected_dbfp_dense_videomme_blip_k16_alpha0.8_adaptive_short_2.0_med_3.0_long_5.0_temporal_iter1,0.0012939350763427615,0.06397542584467425,0.9490111729792323,0.0052322992132391175,No
selected_dbfp_dense_videomme_blip_k16_alpha0.5_adaptive_short_2.0_med_4.0_long_6.0_score_diff_iter3,selected_dbfp_dense_videomme_blip_k16_alpha0.8_adaptive_short_2.0_med_3.0_long_5.0_temporal_iter2,-0.019087389863912924,-0.9019750575327224,0.367433258078673,-0.07376900317617853,No
selected_dbfp_dense_videomme_blip_k16_alpha0.5_adaptive_short_2.0_med_4.0_long_6.0_score_diff_iter3,selected_dbfp_dense_videomme_blip_k16_alpha0.8_adaptive_short_2.0_med_3.0_long_5.0_temporal_iter3,-0.006705454021098928,-0.322395195495196,0.7472660027271248,-0.026367438861876945,No
selected_dbfp_dense_videomme_blip_k16_alpha0.5_adaptive_short_2.0_med_4.0_long_6.0_score_diff_iter3,selected_dbfp_dense_videomme_blip_k16_alpha0.8_adaptive_short_2.0_med_4.0_long_6.0_score_diff_iter1,-0.015079448534014356,-0.7270956737414195,0.46745188860448617,-0.059466304057351455,No
selected_dbfp_dense_videomme_blip_k16_alpha0.5_adaptive_short_2.0_med_4.0_long_6.0_score_diff_iter3,selected_dbfp_dense_videomme_blip_k16_alpha0.8_adaptive_short_2.0_med_4.0_long_6.0_score_diff_iter2,-0.008850624159426723,-0.4306398597634203,0.6668854212291686,-0.035220345486231104,No
selected_dbfp_dense_videomme_blip_k16_alpha0.5_adaptive_short_2.0_med_4.0_long_6.0_score_diff_iter3,selected_dbfp_dense_videomme_blip_k16_alpha0.8_adaptive_short_2.0_med_4.0_long_6.0_score_diff_iter3,-0.006475518984040446,-0.3110698264634289,0.7558559416349621,-0.025441181338731387,No
selected_dbfp_dense_videomme_blip_k16_alpha0.5_adaptive_short_2.0_med_4.0_long_6.0_score_diff_iter3,selected_dbfp_dense_videomme_blip_k16_alpha0.8_adaptive_short_2.0_med_4.0_long_6.0_temporal_iter1,-0.014462036658713512,-0.6947882637423901,0.48745786079784603,-0.05682400768596271,No
selected_dbfp_dense_videomme_blip_k16_alpha0.5_adaptive_short_2.0_med_4.0_long_6.0_score_diff_iter3,selected_dbfp_dense_videomme_blip_k16_alpha0.8_adaptive_short_2.0_med_4.0_long_6.0_temporal_iter2,-0.031549840459520334,-1.4734085041196168,0.14116708448475457,-0.12050430415091248,No
selected_dbfp_dense_videomme_blip_k16_alpha0.5_adaptive_short_2.0_med_4.0_long_6.0_score_diff_iter3,selected_dbfp_dense_videomme_blip_k16_alpha0.8_adaptive_short_2.0_med_4.0_long_6.0_temporal_iter3,-0.013751952525600186,-0.6612925829231747,0.5086793977069656,-0.05408452729312003,No
selected_dbfp_dense_videomme_blip_k16_alpha0.5_adaptive_short_2.0_med_4.0_long_6.0_score_diff_iter3,selected_dbfp_dense_videomme_blip_k16_alpha0.8_adaptive_short_2.0_med_5.0_long_8.0_score_diff_iter1,-0.016050569928362957,-0.7719010788387186,0.4404779452561467,-0.06313076245516135,No
selected_dbfp_dense_videomme_blip_k16_alpha0.5_adaptive_short_2.0_med_4.0_long_6.0_score_diff_iter3,selected_dbfp_dense_videomme_blip_k16_alpha0.8_adaptive_short_2.0_med_5.0_long_8.0_score_diff_iter2,-0.011683966837436638,-0.5615217430908214,0.574652282776184,-0.04592466152625772,No
selected_dbfp_dense_videomme_blip_k16_alpha0.5_adaptive_short_2.0_med_4.0_long_6.0_score_diff_iter3,selected_dbfp_dense_videomme_blip_k16_alpha0.8_adaptive_short_2.0_med_5.0_long_8.0_score_diff_iter3,-0.01494832700261689,-0.705376602737879,0.48085056443281793,-0.05768998645370146,No
selected_dbfp_dense_videomme_blip_k16_alpha0.5_adaptive_short_2.0_med_4.0_long_6.0_score_diff_iter3,selected_dbfp_dense_videomme_blip_k16_alpha0.8_adaptive_short_2.0_med_5.0_long_8.0_temporal_iter1,-0.004732412178354156,-0.2312430066107142,0.8172051187014493,-0.01891245874731183,No
selected_dbfp_dense_videomme_blip_k16_alpha0.5_adaptive_short_2.0_med_4.0_long_6.0_score_diff_iter3,selected_dbfp_dense_videomme_blip_k16_alpha0.8_adaptive_short_2.0_med_5.0_long_8.0_temporal_iter2,-0.02087852133432408,-0.9860863328892697,0.3244895493995953,-0.08064813457634028,No
selected_dbfp_dense_videomme_blip_k16_alpha0.5_adaptive_short_2.0_med_4.0_long_6.0_score_diff_iter3,selected_dbfp_dense_videomme_blip_k16_alpha0.8_adaptive_short_2.0_med_5.0_long_8.0_temporal_iter3,-0.011906020719194471,-0.5681149435116737,0.5701701714305819,-0.046463893548414924,No
selected_dbfp_dense_videomme_blip_k16_alpha0.5_adaptive_short_2.0_med_4.0_long_6.0_score_diff_iter3,selected_dbfp_dense_videomme_blip_k16_alpha0.8_adaptive_short_3.0_med_6.0_long_10.0_score_diff_iter1,-0.003342517414461288,-0.16496206296757548,0.8690295892599988,-0.013491600265992687,No
selected_dbfp_dense_videomme_blip_k16_alpha0.5_adaptive_short_2.0_med_4.0_long_6.0_score_diff_iter3,selected_dbfp_dense_videomme_blip_k16_alpha0.8_adaptive_short_3.0_med_6.0_long_10.0_score_diff_iter2,-0.007812702509854413,-0.38518773594416594,0.7002352948569135,-0.03150299449125428,No
selected_dbfp_dense_videomme_blip_k16_alpha0.5_adaptive_short_2.0_med_4.0_long_6.0_score_diff_iter3,selected_dbfp_dense_videomme_blip_k16_alpha0.8_adaptive_short_3.0_med_6.0_long_10.0_score_diff_iter3,-0.012578681330386726,-0.6131299173981328,0.5400235544898713,-0.0501454917086194,No
selected_dbfp_dense_videomme_blip_k16_alpha0.5_adaptive_short_2.0_med_4.0_long_6.0_score_diff_iter3,selected_dbfp_dense_videomme_blip_k16_alpha0.8_adaptive_short_3.0_med_6.0_long_10.0_temporal_iter1,-0.021377833143920194,-1.0155207603924423,0.3102683457985721,-0.08305546096647673,No
selected_dbfp_dense_videomme_blip_k16_alpha0.5_adaptive_short_2.0_med_4.0_long_6.0_score_diff_iter3,selected_dbfp_dense_videomme_blip_k16_alpha0.8_adaptive_short_3.0_med_6.0_long_10.0_temporal_iter2,-0.008418710870464308,-0.4091839398889577,0.6825511893894665,-0.03346554993502084,No
selected_dbfp_dense_videomme_blip_k16_alpha0.5_adaptive_short_2.0_med_4.0_long_6.0_score_diff_iter3,selected_dbfp_dense_videomme_blip_k16_alpha0.8_adaptive_short_3.0_med_6.0_long_10.0_temporal_iter3,-0.0037840049784865215,-0.1849149442257163,0.8533584445588592,-0.01512346818905815,No
selected_dbfp_dense_videomme_blip_k16_alpha0.5_adaptive_short_2.0_med_4.0_long_6.0_temporal_iter1,selected_dbfp_dense_videomme_blip_k16_alpha0.5_adaptive_short_2.0_med_4.0_long_6.0_temporal_iter2,-0.023433702499328246,-1.1131396380086103,0.2660957044730063,-0.09103932618696045,No
selected_dbfp_dense_videomme_blip_k16_alpha0.5_adaptive_short_2.0_med_4.0_long_6.0_temporal_iter1,selected_dbfp_dense_videomme_blip_k16_alpha0.5_adaptive_short_2.0_med_4.0_long_6.0_temporal_iter3,-0.009831909574827075,-0.478052061974454,0.6327878555820186,-0.03909800359135946,No
selected_dbfp_dense_videomme_blip_k16_alpha0.5_adaptive_short_2.0_med_4.0_long_6.0_temporal_iter1,selected_dbfp_dense_videomme_blip_k16_alpha0.5_adaptive_short_2.0_med_5.0_long_8.0_score_diff_iter1,-0.01674610165885601,-0.7979820130806984,0.425197691170496,-0.06526381982158617,No
selected_dbfp_dense_videomme_blip_k16_alpha0.5_adaptive_short_2.0_med_4.0_long_6.0_temporal_iter1,selected_dbfp_dense_videomme_blip_k16_alpha0.5_adaptive_short_2.0_med_5.0_long_8.0_score_diff_iter2,-0.013079935486147692,-0.6409910911741935,0.5217740376134425,-0.05242414784991233,No
selected_dbfp_dense_videomme_blip_k16_alpha0.5_adaptive_short_2.0_med_4.0_long_6.0_temporal_iter1,selected_dbfp_dense_videomme_blip_k16_alpha0.5_adaptive_short_2.0_med_5.0_long_8.0_score_diff_iter3,-0.0022722463653364333,-0.11269981930756516,0.9103063655645995,-0.009217276290612983,No
selected_dbfp_dense_videomme_blip_k16_alpha0.5_adaptive_short_2.0_med_4.0_long_6.0_temporal_iter1,selected_dbfp_dense_videomme_blip_k16_alpha0.5_adaptive_short_2.0_med_5.0_long_8.0_temporal_iter1,-0.010431852886813808,-0.5087361533490008,0.6111248145074395,-0.041607535100217995,No
selected_dbfp_dense_videomme_blip_k16_alpha0.5_adaptive_short_2.0_med_4.0_long_6.0_temporal_iter1,selected_dbfp_dense_videomme_blip_k16_alpha0.5_adaptive_short_2.0_med_5.0_long_8.0_temporal_iter2,-0.023864832057062024,-1.128164446703812,0.2597028890952807,-0.09226814639261352,No
selected_dbfp_dense_videomme_blip_k16_alpha0.5_adaptive_short_2.0_med_4.0_long_6.0_temporal_iter1,selected_dbfp_dense_videomme_blip_k16_alpha0.5_adaptive_short_2.0_med_5.0_long_8.0_temporal_iter3,-0.006680702951546685,-0.32310798152923226,0.7467264152031046,-0.02642573483046484,No
selected_dbfp_dense_videomme_blip_k16_alpha0.5_adaptive_short_2.0_med_4.0_long_6.0_temporal_iter1,selected_dbfp_dense_videomme_blip_k16_alpha0.5_adaptive_short_3.0_med_6.0_long_10.0_score_diff_iter1,-0.013429520835594982,-0.6516498765358546,0.514877420708063,-0.05329588812970831,No
selected_dbfp_dense_videomme_blip_k16_alpha0.5_adaptive_short_2.0_med_4.0_long_6.0_temporal_iter1,selected_dbfp_dense_videomme_blip_k16_alpha0.5_adaptive_short_3.0_med_6.0_long_10.0_score_diff_iter2,0.0007373780074985403,0.036552855725302154,0.9708537323551999,0.0029895147348816937,No
selected_dbfp_dense_videomme_blip_k16_alpha0.5_adaptive_short_2.0_med_4.0_long_6.0_temporal_iter1,selected_dbfp_dense_videomme_blip_k16_alpha0.5_adaptive_short_3.0_med_6.0_long_10.0_score_diff_iter3,-0.006559659639052251,-0.3225604070874893,0.7471409245162857,-0.026380950846582363,No
selected_dbfp_dense_videomme_blip_k16_alpha0.5_adaptive_short_2.0_med_4.0_long_6.0_temporal_iter1,selected_dbfp_dense_videomme_blip_k16_alpha0.5_adaptive_short_3.0_med_6.0_long_10.0_temporal_iter1,-0.015005771831598042,-0.7319498462846344,0.46448592904903974,-0.059863307767981364,No
selected_dbfp_dense_videomme_blip_k16_alpha0.5_adaptive_short_2.0_med_4.0_long_6.0_temporal_iter1,selected_dbfp_dense_videomme_blip_k16_alpha0.5_adaptive_short_3.0_med_6.0_long_10.0_temporal_iter2,-0.0008252166252297743,-0.04113185980397871,0.9672045044474791,-0.0033640135220564787,No
selected_dbfp_dense_videomme_blip_k16_alpha0.5_adaptive_short_2.0_med_4.0_long_6.0_temporal_iter1,selected_dbfp_dense_videomme_blip_k16_alpha0.5_adaptive_short_3.0_med_6.0_long_10.0_temporal_iter3,0.002591120156657939,0.12757269931325965,0.8985300239693923,0.010433670828259977,No
selected_dbfp_dense_videomme_blip_k16_alpha0.5_adaptive_short_2.0_med_4.0_long_6.0_temporal_iter1,selected_dbfp_dense_videomme_blip_k16_alpha0.85_adaptive_short_2.0_med_3.0_long_5.0_score_diff_iter1,-0.007339311081114103,-0.3641445927428419,0.7158787557871469,-0.029781958317398455,No
selected_dbfp_dense_videomme_blip_k16_alpha0.5_adaptive_short_2.0_med_4.0_long_6.0_temporal_iter1,selected_dbfp_dense_videomme_blip_k16_alpha0.85_adaptive_short_2.0_med_3.0_long_5.0_score_diff_iter2,-0.0056622400562379716,-0.2804893274284436,0.7791991199091686,-0.022940122206858638,No
selected_dbfp_dense_videomme_blip_k16_alpha0.5_adaptive_short_2.0_med_4.0_long_6.0_temporal_iter1,selected_dbfp_dense_videomme_blip_k16_alpha0.85_adaptive_short_2.0_med_3.0_long_5.0_score_diff_iter3,-0.0014140374144506473,-0.0710216586148487,0.9434042627164507,-0.0058085829574229435,No
selected_dbfp_dense_videomme_blip_k16_alpha0.5_adaptive_short_2.0_med_4.0_long_6.0_temporal_iter1,selected_dbfp_dense_videomme_blip_k16_alpha0.85_adaptive_short_2.0_med_3.0_long_5.0_temporal_iter1,0.0056471516070375205,0.28596767873531875,0.7750019097157623,0.023388175056886777,No
selected_dbfp_dense_videomme_blip_k16_alpha0.5_adaptive_short_2.0_med_4.0_long_6.0_temporal_iter1,selected_dbfp_dense_videomme_blip_k16_alpha0.85_adaptive_short_2.0_med_3.0_long_5.0_temporal_iter2,0.0014247179352017136,0.07098036121817777,0.9434371164461117,0.0058052054072160264,No
selected_dbfp_dense_videomme_blip_k16_alpha0.5_adaptive_short_2.0_med_4.0_long_6.0_temporal_iter1,selected_dbfp_dense_videomme_blip_k16_alpha0.85_adaptive_short_2.0_med_3.0_long_5.0_temporal_iter3,-0.009703293157885123,-0.4718681198365535,0.6371930502510315,-0.03859224321240369,No
selected_dbfp_dense_videomme_blip_k16_alpha0.5_adaptive_short_2.0_med_4.0_long_6.0_temporal_iter1,selected_dbfp_dense_videomme_blip_k16_alpha0.85_adaptive_short_2.0_med_4.0_long_6.0_score_diff_iter1,-0.015930490594681823,-0.7749370953110131,0.43868313776720713,-0.06337906630891554,No
selected_dbfp_dense_videomme_blip_k16_alpha0.5_adaptive_short_2.0_med_4.0_long_6.0_temporal_iter1,selected_dbfp_dense_videomme_blip_k16_alpha0.85_adaptive_short_2.0_med_4.0_long_6.0_score_diff_iter2,-0.011990300138234239,-0.5867950370285526,0.5575628217669628,-0.047991665101151416,No
selected_dbfp_dense_videomme_blip_k16_alpha0.5_adaptive_short_2.0_med_4.0_long_6.0_temporal_iter1,selected_dbfp_dense_videomme_blip_k16_alpha0.85_adaptive_short_2.0_med_4.0_long_6.0_score_diff_iter3,-0.007908788251491494,-0.38928517408037494,0.6972037876423103,-0.031838107891291045,No
selected_dbfp_dense_videomme_blip_k16_alpha0.5_adaptive_short_2.0_med_4.0_long_6.0_temporal_iter1,selected_dbfp_dense_videomme_blip_k16_alpha0.85_adaptive_short_2.0_med_4.0_long_6.0_temporal_iter1,-0.010209838861219317,-0.5015949661738287,0.6161370689836883,-0.0410234853914361,No
selected_dbfp_dense_videomme_blip_k16_alpha0.5_adaptive_short_2.0_med_4.0_long_6.0_temporal_iter1,selected_dbfp_dense_videomme_blip_k16_alpha0.85_adaptive_short_2.0_med_4.0_long_6.0_temporal_iter2,-0.017242551615669482,-0.8339725031366224,0.4046294791972478,-0.06820734083829498,No
selected_dbfp_dense_videomme_blip_k16_alpha0.5_adaptive_short_2.0_med_4.0_long_6.0_temporal_iter1,selected_dbfp_dense_videomme_blip_k16_alpha0.85_adaptive_short_2.0_med_4.0_long_6.0_temporal_iter3,-0.02461883613390667,-1.173444936784455,0.24108458490135742,-0.0959714600939413,No
selected_dbfp_dense_videomme_blip_k16_alpha0.5_adaptive_short_2.0_med_4.0_long_6.0_temporal_iter1,selected_dbfp_dense_videomme_blip_k16_alpha0.85_adaptive_short_2.0_med_5.0_long_8.0_score_diff_iter1,-0.017480487805934336,-0.8424419660217368,0.39987740965524665,-0.06890002500680083,No
selected_dbfp_dense_videomme_blip_k16_alpha0.5_adaptive_short_2.0_med_4.0_long_6.0_temporal_iter1,selected_dbfp_dense_videomme_blip_k16_alpha0.85_adaptive_short_2.0_med_5.0_long_8.0_score_diff_iter2,-0.011559271008069055,-0.5637075095057027,0.5731645301859118,-0.04610342676381721,No
selected_dbfp_dense_videomme_blip_k16_alpha0.5_adaptive_short_2.0_med_4.0_long_6.0_temporal_iter1,selected_dbfp_dense_videomme_blip_k16_alpha0.85_adaptive_short_2.0_med_5.0_long_8.0_score_diff_iter3,-0.008243601326658467,-0.40259339644828673,0.687391242507327,-0.03292653522383829,No
selected_dbfp_dense_videomme_blip_k16_alpha0.5_adaptive_short_2.0_med_4.0_long_6.0_temporal_iter1,selected_dbfp_dense_videomme_blip_k16_alpha0.85_adaptive_short_2.0_med_5.0_long_8.0_temporal_iter1,-0.004796828593408714,-0.23702013185860366,0.8127223444982196,-0.019384947159050016,No
selected_dbfp_dense_videomme_blip_k16_alpha0.5_adaptive_short_2.0_med_4.0_long_6.0_temporal_iter1,selected_dbfp_dense_videomme_blip_k16_alpha0.85_adaptive_short_2.0_med_5.0_long_8.0_temporal_iter2,-0.00899377025436851,-0.44104836802058445,0.6593373902214985,-0.03607161655099203,No
selected_dbfp_dense_videomme_blip_k16_alpha0.5_adaptive_short_2.0_med_4.0_long_6.0_temporal_iter1,selected_dbfp_dense_videomme_blip_k16_alpha0.85_adaptive_short_2.0_med_5.0_long_8.0_temporal_iter3,-0.01365114112060034,-0.657968371373266,0.5108116569577781,-0.053812653060458016,No
selected_dbfp_dense_videomme_blip_k16_alpha0.5_adaptive_short_2.0_med_4.0_long_6.0_temporal_iter1,selected_dbfp_dense_videomme_blip_k16_alpha0.85_adaptive_short_3.0_med_6.0_long_10.0_score_diff_iter1,-0.0035322400934802156,-0.17606002955922934,0.8603063858404997,-0.014399259429392745,No
selected_dbfp_dense_videomme_blip_k16_alpha0.5_adaptive_short_2.0_med_4.0_long_6.0_temporal_iter1,selected_dbfp_dense_videomme_blip_k16_alpha0.85_adaptive_short_3.0_med_6.0_long_10.0_score_diff_iter2,-0.005581376302585206,-0.2789469665156885,0.7803819628599653,-0.022813978547633063,No
selected_dbfp_dense_videomme_blip_k16_alpha0.5_adaptive_short_2.0_med_4.0_long_6.0_temporal_iter1,selected_dbfp_dense_videomme_blip_k16_alpha0.85_adaptive_short_3.0_med_6.0_long_10.0_score_diff_iter3,-0.007675767164458197,-0.3807659219982792,0.7035121712357102,-0.03114135166009173,No
selected_dbfp_dense_videomme_blip_k16_alpha0.5_adaptive_short_2.0_med_4.0_long_6.0_temporal_iter1,selected_dbfp_dense_videomme_blip_k16_alpha0.85_adaptive_short_3.0_med_6.0_long_10.0_temporal_iter1,-0.016601608582515776,-0.8069812672729725,0.4199981114251937,-0.06599983348266118,No
selected_dbfp_dense_videomme_blip_k16_alpha0.5_adaptive_short_2.0_med_4.0_long_6.0_temporal_iter1,selected_dbfp_dense_videomme_blip_k16_alpha0.85_adaptive_short_3.0_med_6.0_long_10.0_temporal_iter2,-0.0025586624370167177,-0.12713286236283444,0.8988779785147214,-0.010397698284960196,No
selected_dbfp_dense_videomme_blip_k16_alpha0.5_adaptive_short_2.0_med_4.0_long_6.0_temporal_iter1,selected_dbfp_dense_videomme_blip_k16_alpha0.85_adaptive_short_3.0_med_6.0_long_10.0_temporal_iter3,-0.008996916328570692,-0.44103307370260236,0.6593484561038825,-0.036070365689253446,No
selected_dbfp_dense_videomme_blip_k16_alpha0.5_adaptive_short_2.0_med_4.0_long_6.0_temporal_iter1,selected_dbfp_dense_videomme_blip_k16_alpha0.8_adaptive_short_2.0_med_3.0_long_5.0_score_diff_iter1,-0.008736296904016921,-0.4313701306992738,0.6663547287849794,-0.035280071461719714,No
selected_dbfp_dense_videomme_blip_k16_alpha0.5_adaptive_short_2.0_med_4.0_long_6.0_temporal_iter1,selected_dbfp_dense_videomme_blip_k16_alpha0.8_adaptive_short_2.0_med_3.0_long_5.0_score_diff_iter2,-0.0001874399288351869,-0.009461512268626944,0.9924540735696532,-0.0007738199864034659,No
selected_dbfp_dense_videomme_blip_k16_alpha0.5_adaptive_short_2.0_med_4.0_long_6.0_temporal_iter1,selected_dbfp_dense_videomme_blip_k16_alpha0.8_adaptive_short_2.0_med_3.0_long_5.0_score_diff_iter3,0.001772747579548678,0.08912204161221941,0.9290147593799232,0.007288942304583723,No
selected_dbfp_dense_videomme_blip_k16_alpha0.5_adaptive_short_2.0_med_4.0_long_6.0_temporal_iter1,selected_dbfp_dense_videomme_blip_k16_alpha0.8_adaptive_short_2.0_med_3.0_long_5.0_temporal_iter1,0.0014509333964599636,0.0725585313410876,0.9421816881484336,0.005934277752146159,No
selected_dbfp_dense_videomme_blip_k16_alpha0.5_adaptive_short_2.0_med_4.0_long_6.0_temporal_iter1,selected_dbfp_dense_videomme_blip_k16_alpha0.8_adaptive_short_2.0_med_3.0_long_5.0_temporal_iter2,-0.01893039154379572,-0.9038907372215634,0.36641731679593526,-0.0739256790764481,No
selected_dbfp_dense_videomme_blip_k16_alpha0.5_adaptive_short_2.0_med_4.0_long_6.0_temporal_iter1,selected_dbfp_dense_videomme_blip_k16_alpha0.8_adaptive_short_2.0_med_3.0_long_5.0_temporal_iter3,-0.006548455700981726,-0.3182497265155236,0.7504066259133437,-0.026028397198201304,No
selected_dbfp_dense_videomme_blip_k16_alpha0.5_adaptive_short_2.0_med_4.0_long_6.0_temporal_iter1,selected_dbfp_dense_videomme_blip_k16_alpha0.8_adaptive_short_2.0_med_4.0_long_6.0_score_diff_iter1,-0.014922450213897154,-0.7273478612421869,0.467297540176562,-0.059486929458654816,No
selected_dbfp_dense_videomme_blip_k16_alpha0.5_adaptive_short_2.0_med_4.0_long_6.0_temporal_iter1,selected_dbfp_dense_videomme_blip_k16_alpha0.8_adaptive_short_2.0_med_4.0_long_6.0_score_diff_iter2,-0.008693625839309521,-0.4276849867302625,0.6690344499585335,-0.03497867799221251,No
selected_dbfp_dense_videomme_blip_k16_alpha0.5_adaptive_short_2.0_med_4.0_long_6.0_temporal_iter1,selected_dbfp_dense_videomme_blip_k16_alpha0.8_adaptive_short_2.0_med_4.0_long_6.0_score_diff_iter3,-0.006318520663923244,-0.30680278776645487,0.7591002856135866,-0.025092196964991455,No
selected_dbfp_dense_videomme_blip_k16_alpha0.5_adaptive_short_2.0_med_4.0_long_6.0_temporal_iter1,selected_dbfp_dense_videomme_blip_k16_alpha0.8_adaptive_short_2.0_med_4.0_long_6.0_temporal_iter1,-0.01430503833859631,-0.6946619142849946,0.4875370004942061,-0.05681367403519485,No
selected_dbfp_dense_videomme_blip_k16_alpha0.5_adaptive_short_2.0_med_4.0_long_6.0_temporal_iter1,selected_dbfp_dense_videomme_blip_k16_alpha0.8_adaptive_short_2.0_med_4.0_long_6.0_temporal_iter2,-0.03139284213940313,-1.4810128498245412,0.13912983156001046,-0.12112623372148695,No
selected_dbfp_dense_videomme_blip_k16_alpha0.5_adaptive_short_2.0_med_4.0_long_6.0_temporal_iter1,selected_dbfp_dense_videomme_blip_k16_alpha0.8_adaptive_short_2.0_med_4.0_long_6.0_temporal_iter3,-0.013594954205482984,-0.6608110662488352,0.5089879684828955,-0.054045145909471105,No
selected_dbfp_dense_videomme_blip_k16_alpha0.5_adaptive_short_2.0_med_4.0_long_6.0_temporal_iter1,selected_dbfp_dense_videomme_blip_k16_alpha0.8_adaptive_short_2.0_med_5.0_long_8.0_score_diff_iter1,-0.015893571608245755,-0.772616315297687,0.4400547379158294,-0.06318925881367439,No
selected_dbfp_dense_videomme_blip_k16_alpha0.5_adaptive_short_2.0_med_4.0_long_6.0_temporal_iter1,selected_dbfp_dense_videomme_blip_k16_alpha0.8_adaptive_short_2.0_med_5.0_long_8.0_score_diff_iter2,-0.011526968517319436,-0.5599588878945951,0.5757171696319373,-0.04579684170859306,No
selected_dbfp_dense_videomme_blip_k16_alpha0.5_adaptive_short_2.0_med_4.0_long_6.0_temporal_iter1,selected_dbfp_dense_videomme_blip_k16_alpha0.8_adaptive_short_2.0_med_5.0_long_8.0_score_diff_iter3,-0.014791328682499688,-0.7052304008252518,0.48094146264558857,-0.05767802914938603,No
selected_dbfp_dense_videomme_blip_k16_alpha0.5_adaptive_short_2.0_med_4.0_long_6.0_temporal_iter1,selected_dbfp_dense_videomme_blip_k16_alpha0.8_adaptive_short_2.0_med_5.0_long_8.0_temporal_iter1,-0.004575413858236954,-0.22606870360086845,0.821225231067614,-0.018489272785657897,No
selected_dbfp_dense_videomme_blip_k16_alpha0.5_adaptive_short_2.0_med_4.0_long_6.0_temporal_iter1,selected_dbfp_dense_videomme_blip_k16_alpha0.8_adaptive_short_2.0_med_5.0_long_8.0_temporal_iter2,-0.020721523014206877,-0.9888726121683219,0.323125412021824,-0.0808760134005964,No
selected_dbfp_dense_videomme_blip_k16_alpha0.5_adaptive_short_2.0_med_4.0_long_6.0_temporal_iter1,selected_dbfp_dense_videomme_blip_k16_alpha0.8_adaptive_short_2.0_med_5.0_long_8.0_temporal_iter3,-0.011749022399077269,-0.5665902734288282,0.5712051682081973,-0.04633919674159897,No
selected_dbfp_dense_videomme_blip_k16_alpha0.5_adaptive_short_2.0_med_4.0_long_6.0_temporal_iter1,selected_dbfp_dense_videomme_blip_k16_alpha0.8_adaptive_short_3.0_med_6.0_long_10.0_score_diff_iter1,-0.003185519094344086,-0.1590057274013496,0.8737180463901131,-0.013004454930568555,No
selected_dbfp_dense_videomme_blip_k16_alpha0.5_adaptive_short_2.0_med_4.0_long_6.0_temporal_iter1,selected_dbfp_dense_videomme_blip_k16_alpha0.8_adaptive_short_3.0_med_6.0_long_10.0_score_diff_iter2,-0.007655704189737211,-0.3817406449164877,0.7027893556820493,-0.031221070418813456,No
selected_dbfp_dense_videomme_blip_k16_alpha0.5_adaptive_short_2.0_med_4.0_long_6.0_temporal_iter1,selected_dbfp_dense_videomme_blip_k16_alpha0.8_adaptive_short_3.0_med_6.0_long_10.0_score_diff_iter3,-0.012421683010269524,-0.6122064570565857,0.5406338738708683,-0.05006996548621867,No
selected_dbfp_dense_videomme_blip_k16_alpha0.5_adaptive_short_2.0_med_4.0_long_6.0_temporal_iter1,selected_dbfp_dense_videomme_blip_k16_alpha0.8_adaptive_short_3.0_med_6.0_long_10.0_temporal_iter1,-0.021220834823802992,-1.0186945239266934,0.3087599640092854,-0.08331503060694931,No
selected_dbfp_dense_videomme_blip_k16_alpha0.5_adaptive_short_2.0_med_4.0_long_6.0_temporal_iter1,selected_dbfp_dense_videomme_blip_k16_alpha0.8_adaptive_short_3.0_med_6.0_long_10.0_temporal_iter2,-0.008261712550347106,-0.4059900625767274,0.6848951332957198,-0.03320433521902932,No
selected_dbfp_dense_videomme_blip_k16_alpha0.5_adaptive_short_2.0_med_4.0_long_6.0_temporal_iter1,selected_dbfp_dense_videomme_blip_k16_alpha0.8_adaptive_short_3.0_med_6.0_long_10.0_temporal_iter3,-0.0036270066583693195,-0.1792228795905773,0.8578234057165224,-0.014657936536058281,No
selected_dbfp_dense_videomme_blip_k16_alpha0.5_adaptive_short_2.0_med_4.0_long_6.0_temporal_iter2,selected_dbfp_dense_videomme_blip_k16_alpha0.5_adaptive_short_2.0_med_4.0_long_6.0_temporal_iter3,0.013601792924501172,0.6257761842794864,0.5317005083952577,0.05117978040222986,No
selected_dbfp_dense_videomme_blip_k16_alpha0.5_adaptive_short_2.0_med_4.0_long_6.0_temporal_iter2,selected_dbfp_dense_videomme_blip_k16_alpha0.5_adaptive_short_2.0_med_5.0_long_8.0_score_diff_iter1,0.006687600840472235,0.302159188825849,0.7626357731888926,0.024712415284486228,No
selected_dbfp_dense_videomme_blip_k16_alpha0.5_adaptive_short_2.0_med_4.0_long_6.0_temporal_iter2,selected_dbfp_dense_videomme_blip_k16_alpha0.5_adaptive_short_2.0_med_5.0_long_8.0_score_diff_iter2,0.010353767013180554,0.479701305763513,0.6316151937803313,0.03923288884730831,No
selected_dbfp_dense_videomme_blip_k16_alpha0.5_adaptive_short_2.0_med_4.0_long_6.0_temporal_iter2,selected_dbfp_dense_videomme_blip_k16_alpha0.5_adaptive_short_2.0_med_5.0_long_8.0_score_diff_iter3,0.021161456133991813,0.9910124044492415,0.3220803370790364,0.08105101867980216,No
selected_dbfp_dense_videomme_blip_k16_alpha0.5_adaptive_short_2.0_med_4.0_long_6.0_temporal_iter2,selected_dbfp_dense_videomme_blip_k16_alpha0.5_adaptive_short_2.0_med_5.0_long_8.0_temporal_iter1,0.013001849612514438,0.5997717683115321,0.548885535304666,0.04905298118032535,No
selected_dbfp_dense_videomme_blip_k16_alpha0.5_adaptive_short_2.0_med_4.0_long_6.0_temporal_iter2,selected_dbfp_dense_videomme_blip_k16_alpha0.5_adaptive_short_2.0_med_5.0_long_8.0_temporal_iter2,-0.00043112955773377815,-0.019339948806486647,0.9845763663023189,-0.00158173858114374,No
selected_dbfp_dense_videomme_blip_k16_alpha0.5_adaptive_short_2.0_med_4.0_long_6.0_temporal_iter2,selected_dbfp_dense_videomme_blip_k16_alpha0.5_adaptive_short_2.0_med_5.0_long_8.0_temporal_iter3,0.01675299954778156,0.7670868464317672,0.44333262016838004,0.06273702538240096,No
selected_dbfp_dense_videomme_blip_k16_alpha0.5_adaptive_short_2.0_med_4.0_long_6.0_temporal_iter2,selected_dbfp_dense_videomme_blip_k16_alpha0.5_adaptive_short_3.0_med_6.0_long_10.0_score_diff_iter1,0.010004181663733264,0.4594235495481954,0.646097003008473,0.037574450689862614,No
selected_dbfp_dense_videomme_blip_k16_alpha0.5_adaptive_short_2.0_med_4.0_long_6.0_temporal_iter2,selected_dbfp_dense_videomme_blip_k16_alpha0.5_adaptive_short_3.0_med_6.0_long_10.0_score_diff_iter2,0.024171080506826786,1.131406313154915,0.2583376269088125,0.09253328597297901,No
selected_dbfp_dense_videomme_blip_k16_alpha0.5_adaptive_short_2.0_med_4.0_long_6.0_temporal_iter2,selected_dbfp_dense_videomme_blip_k16_alpha0.5_adaptive_short_3.0_med_6.0_long_10.0_score_diff_iter3,0.016874042860275995,0.7841823142825667,0.4332436466635855,0.06413519662978961,No
selected_dbfp_dense_videomme_blip_k16_alpha0.5_adaptive_short_2.0_med_4.0_long_6.0_temporal_iter2,selected_dbfp_dense_videomme_blip_k16_alpha0.5_adaptive_short_3.0_med_6.0_long_10.0_temporal_iter1,0.008427930667730205,0.3888517021792007,0.6975242655868921,0.03180265600445883,No
selected_dbfp_dense_videomme_blip_k16_alpha0.5_adaptive_short_2.0_med_4.0_long_6.0_temporal_iter2,selected_dbfp_dense_videomme_blip_k16_alpha0.5_adaptive_short_3.0_med_6.0_long_10.0_temporal_iter2,0.022608485874098472,1.0634428259708413,0.28801041572141894,0.08697481883289053,No
selected_dbfp_dense_videomme_blip_k16_alpha0.5_adaptive_short_2.0_med_4.0_long_6.0_temporal_iter2,selected_dbfp_dense_videomme_blip_k16_alpha0.5_adaptive_short_3.0_med_6.0_long_10.0_temporal_iter3,0.026024822655986185,1.2107885814261254,0.22645474937316895,0.09902565045047082,No
selected_dbfp_dense_videomme_blip_k16_alpha0.5_adaptive_short_2.0_med_4.0_long_6.0_temporal_iter2,selected_dbfp_dense_videomme_blip_k16_alpha0.85_adaptive_short_2.0_med_3.0_long_5.0_score_diff_iter1,0.016094391418214143,0.7539499353301268,0.45117604645039633,0.06166260888057648,No
selected_dbfp_dense_videomme_blip_k16_alpha0.5_adaptive_short_2.0_med_4.0_long_6.0_temporal_iter2,selected_dbfp_dense_videomme_blip_k16_alpha0.85_adaptive_short_2.0_med_3.0_long_5.0_score_diff_iter2,0.017771462443090275,0.8313338355165233,0.4061168803311125,0.06799153464875794,No
selected_dbfp_dense_videomme_blip_k16_alpha0.5_adaptive_short_2.0_med_4.0_long_6.0_temporal_iter2,selected_dbfp_dense_videomme_blip_k16_alpha0.85_adaptive_short_2.0_med_3.0_long_5.0_score_diff_iter3,0.0220196650848776,1.04281470349035,0.29745550484552874,0.0852877255584803,No
selected_dbfp_dense_videomme_blip_k16_alpha0.5_adaptive_short_2.0_med_4.0_long_6.0_temporal_iter2,selected_dbfp_dense_videomme_blip_k16_alpha0.85_adaptive_short_2.0_med_3.0_long_5.0_temporal_iter1,0.029080854106365767,1.3872784378155831,0.16587366493740555,0.11346006366052423,No
selected_dbfp_dense_videomme_blip_k16_alpha0.5_adaptive_short_2.0_med_4.0_long_6.0_temporal_iter2,selected_dbfp_dense_videomme_blip_k16_alpha0.85_adaptive_short_2.0_med_3.0_long_5.0_temporal_iter2,0.02485842043452996,1.1687917231205927,0.24295326004653797,0.09559089204499925,No
selected_dbfp_dense_videomme_blip_k16_alpha0.5_adaptive_short_2.0_med_4.0_long_6.0_temporal_iter2,selected_dbfp_dense_videomme_blip_k16_alpha0.85_adaptive_short_2.0_med_3.0_long_5.0_temporal_iter3,0.013730409341443123,0.6317769871392269,0.5277740501356136,0.051670562538324215,No
selected_dbfp_dense_videomme_blip_k16_alpha0.5_adaptive_short_2.0_med_4.0_long_6.0_temporal_iter2,selected_dbfp_dense_videomme_blip_k16_alpha0.85_adaptive_short_2.0_med_4.0_long_6.0_score_diff_iter1,0.007503211904646423,0.34534177613347694,0.7299588835686268,0.028244149761473356,No
selected_dbfp_dense_videomme_blip_k16_alpha0.5_adaptive_short_2.0_med_4.0_long_6.0_temporal_iter2,selected_dbfp_dense_videomme_blip_k16_alpha0.85_adaptive_short_2.0_med_4.0_long_6.0_score_diff_iter2,0.011443402361094007,0.5295417863531336,0.5966261923926768,0.0433091463278091,No
selected_dbfp_dense_videomme_blip_k16_alpha0.5_adaptive_short_2.0_med_4.0_long_6.0_temporal_iter2,selected_dbfp_dense_videomme_blip_k16_alpha0.85_adaptive_short_2.0_med_4.0_long_6.0_score_diff_iter3,0.015524914247836752,0.7221201931283764,0.47050286024218224,0.05905937909024469,No
selected_dbfp_dense_videomme_blip_k16_alpha0.5_adaptive_short_2.0_med_4.0_long_6.0_temporal_iter2,selected_dbfp_dense_videomme_blip_k16_alpha0.85_adaptive_short_2.0_med_4.0_long_6.0_temporal_iter1,0.01322386363810893,0.614048957877744,0.539416499563453,0.050220656520484706,No
selected_dbfp_dense_videomme_blip_k16_alpha0.5_adaptive_short_2.0_med_4.0_long_6.0_temporal_iter2,selected_dbfp_dense_videomme_blip_k16_alpha0.85_adaptive_short_2.0_med_4.0_long_6.0_temporal_iter2,0.006191150883658764,0.2834950375864245,0.7768955029693116,0.023185947525424504,No
selected_dbfp_dense_videomme_blip_k16_alpha0.5_adaptive_short_2.0_med_4.0_long_6.0_temporal_iter2,selected_dbfp_dense_videomme_blip_k16_alpha0.85_adaptive_short_2.0_med_4.0_long_6.0_temporal_iter3,-0.0011851336345784225,-0.05355954850028601,0.9573039731860116,-0.004380425464207139,No
selected_dbfp_dense_videomme_blip_k16_alpha0.5_adaptive_short_2.0_med_4.0_long_6.0_temporal_iter2,selected_dbfp_dense_videomme_blip_k16_alpha0.85_adaptive_short_2.0_med_5.0_long_8.0_score_diff_iter1,0.00595321469339391,0.27172119943107687,0.7859301795897135,0.022223011471212195,No
selected_dbfp_dense_videomme_blip_k16_alpha0.5_adaptive_short_2.0_med_4.0_long_6.0_temporal_iter2,selected_dbfp_dense_videomme_blip_k16_alpha0.85_adaptive_short_2.0_med_5.0_long_8.0_score_diff_iter2,0.01187443149125919,0.547755506033756,0.5840641798122101,0.04479877504830037,No
selected_dbfp_dense_videomme_blip_k16_alpha0.5_adaptive_short_2.0_med_4.0_long_6.0_temporal_iter2,selected_dbfp_dense_videomme_blip_k16_alpha0.85_adaptive_short_2.0_med_5.0_long_8.0_score_diff_iter3,0.015190101172669779,0.7016085633025411,0.48319626220854905,0.05738181333020496,No
selected_dbfp_dense_videomme_blip_k16_alpha0.5_adaptive_short_2.0_med_4.0_long_6.0_temporal_iter2,selected_dbfp_dense_videomme_blip_k16_alpha0.85_adaptive_short_2.0_med_5.0_long_8.0_temporal_iter1,0.018636873905919532,0.8698548750447904,0.38472873233445604,0.07114201943235599,No
selected_dbfp_dense_videomme_blip_k16_alpha0.5_adaptive_short_2.0_med_4.0_long_6.0_temporal_iter2,selected_dbfp_dense_videomme_blip_k16_alpha0.85_adaptive_short_2.0_med_5.0_long_8.0_temporal_iter2,0.014439932244959736,0.6694282608901223,0.5034807020333532,0.05474991256973174,No
selected_dbfp_dense_videomme_blip_k16_alpha0.5_adaptive_short_2.0_med_4.0_long_6.0_temporal_iter2,selected_dbfp_dense_videomme_blip_k16_alpha0.85_adaptive_short_2.0_med_5.0_long_8.0_temporal_iter3,0.009782561378727905,0.44654893955748726,0.655362430894295,0.03652148682908671,No
selected_dbfp_dense_videomme_blip_k16_alpha0.5_adaptive_short_2.0_med_4.0_long_6.0_temporal_iter2,selected_dbfp_dense_videomme_blip_k16_alpha0.85_adaptive_short_3.0_med_6.0_long_10.0_score_diff_iter1,0.01990146240584803,0.9361120071531048,0.3495933978290645,0.07656093044316245,No
selected_dbfp_dense_videomme_blip_k16_alpha0.5_adaptive_short_2.0_med_4.0_long_6.0_temporal_iter2,selected_dbfp_dense_videomme_blip_k16_alpha0.85_adaptive_short_3.0_med_6.0_long_10.0_score_diff_iter2,0.01785232619674304,0.841742194026563,0.40026875996997535,0.06884279345799496,No
selected_dbfp_dense_videomme_blip_k16_alpha0.5_adaptive_short_2.0_med_4.0_long_6.0_temporal_iter2,selected_dbfp_dense_videomme_blip_k16_alpha0.85_adaptive_short_3.0_med_6.0_long_10.0_score_diff_iter3,0.01575793533487005,0.738063799308269,0.46076521223800615,0.06036334410722517,No
selected_dbfp_dense_videomme_blip_k16_alpha0.5_adaptive_short_2.0_med_4.0_long_6.0_temporal_iter2,selected_dbfp_dense_videomme_blip_k16_alpha0.85_adaptive_short_3.0_med_6.0_long_10.0_temporal_iter1,0.006832093916812471,0.3142430240381369,0.7534460657805706,0.025700704768553826,No
selected_dbfp_dense_videomme_blip_k16_alpha0.5_adaptive_short_2.0_med_4.0_long_6.0_temporal_iter2,selected_dbfp_dense_videomme_blip_k16_alpha0.85_adaptive_short_3.0_med_6.0_long_10.0_temporal_iter2,0.02087504006231153,0.9791595475390242,0.3278971046639618,0.08008161998471276,No
selected_dbfp_dense_videomme_blip_k16_alpha0.5_adaptive_short_2.0_med_4.0_long_6.0_temporal_iter2,selected_dbfp_dense_videomme_blip_k16_alpha0.85_adaptive_short_3.0_med_6.0_long_10.0_temporal_iter3,0.014436786170757554,0.6690525044018387,0.5037201892432684,0.054719180920642735,No
selected_dbfp_dense_videomme_blip_k16_alpha0.5_adaptive_short_2.0_med_4.0_long_6.0_temporal_iter2,selected_dbfp_dense_videomme_blip_k16_alpha0.8_adaptive_short_2.0_med_3.0_long_5.0_score_diff_iter1,0.014697405595311325,0.6855502098655871,0.49326245598963026,0.05606846354776263,No
selected_dbfp_dense_videomme_blip_k16_alpha0.5_adaptive_short_2.0_med_4.0_long_6.0_temporal_iter2,selected_dbfp_dense_videomme_blip_k16_alpha0.8_adaptive_short_2.0_med_3.0_long_5.0_score_diff_iter2,0.02324626257049306,1.1057997129810908,0.2692578877027272,0.09043902249505142,No
selected_dbfp_dense_videomme_blip_k16_alpha0.5_adaptive_short_2.0_med_4.0_long_6.0_temporal_iter2,selected_dbfp_dense_videomme_blip_k16_alpha0.8_adaptive_short_2.0_med_3.0_long_5.0_score_diff_iter3,0.025206450078876924,1.1947336742247372,0.2326647325725548,0.09771258247357183,No
selected_dbfp_dense_videomme_blip_k16_alpha0.5_adaptive_short_2.0_med_4.0_long_6.0_temporal_iter2,selected_dbfp_dense_videomme_blip_k16_alpha0.8_adaptive_short_2.0_med_3.0_long_5.0_temporal_iter1,0.02488463589578821,1.1739444936517356,0.24088457356792065,0.09601231692966711,No
selected_dbfp_dense_videomme_blip_k16_alpha0.5_adaptive_short_2.0_med_4.0_long_6.0_temporal_iter2,selected_dbfp_dense_videomme_blip_k16_alpha0.8_adaptive_short_2.0_med_3.0_long_5.0_temporal_iter2,0.004503310955532525,0.2038382337079902,0.8385492609908757,0.01667112988184897,No
selected_dbfp_dense_videomme_blip_k16_alpha0.5_adaptive_short_2.0_med_4.0_long_6.0_temporal_iter2,selected_dbfp_dense_videomme_blip_k16_alpha0.8_adaptive_short_2.0_med_3.0_long_5.0_temporal_iter3,0.01688524679834652,0.7765043540772775,0.43775826980074306,0.06350724639584979,No
selected_dbfp_dense_videomme_blip_k16_alpha0.5_adaptive_short_2.0_med_4.0_long_6.0_temporal_iter2,selected_dbfp_dense_videomme_blip_k16_alpha0.8_adaptive_short_2.0_med_4.0_long_6.0_score_diff_iter1,0.008511252285431092,0.3924364413758615,0.6948755982631059,0.032095837768122276,No
selected_dbfp_dense_videomme_blip_k16_alpha0.5_adaptive_short_2.0_med_4.0_long_6.0_temporal_iter2,selected_dbfp_dense_videomme_blip_k16_alpha0.8_adaptive_short_2.0_med_4.0_long_6.0_score_diff_iter2,0.014740076660018725,0.6852835184936862,0.49343057701268656,0.05604665191319974,No
selected_dbfp_dense_videomme_blip_k16_alpha0.5_adaptive_short_2.0_med_4.0_long_6.0_temporal_iter2,selected_dbfp_dense_videomme_blip_k16_alpha0.8_adaptive_short_2.0_med_4.0_long_6.0_score_diff_iter3,0.017115181835405002,0.7864534351672358,0.4319134252241903,0.06432094272912367,No
selected_dbfp_dense_videomme_blip_k16_alpha0.5_adaptive_short_2.0_med_4.0_long_6.0_temporal_iter2,selected_dbfp_dense_videomme_blip_k16_alpha0.8_adaptive_short_2.0_med_4.0_long_6.0_temporal_iter1,0.009128664160731936,0.41950298924542784,0.674999229698251,0.034309504592765536,No
selected_dbfp_dense_videomme_blip_k16_alpha0.5_adaptive_short_2.0_med_4.0_long_6.0_temporal_iter2,selected_dbfp_dense_videomme_blip_k16_alpha0.8_adaptive_short_2.0_med_4.0_long_6.0_temporal_iter2,-0.007959139640074886,-0.35638204807904483,0.7216801734090303,-0.02914709034403129,No
selected_dbfp_dense_videomme_blip_k16_alpha0.5_adaptive_short_2.0_med_4.0_long_6.0_temporal_iter2,selected_dbfp_dense_videomme_blip_k16_alpha0.8_adaptive_short_2.0_med_4.0_long_6.0_temporal_iter3,0.009838748293845262,0.45252166779507264,0.651057330952187,0.03700997284183368,No
selected_dbfp_dense_videomme_blip_k16_alpha0.5_adaptive_short_2.0_med_4.0_long_6.0_temporal_iter2,selected_dbfp_dense_videomme_blip_k16_alpha0.8_adaptive_short_2.0_med_5.0_long_8.0_score_diff_iter1,0.007540130891082492,0.3468300730542629,0.7288409956784718,0.028365871731560438,No
selected_dbfp_dense_videomme_blip_k16_alpha0.5_adaptive_short_2.0_med_4.0_long_6.0_temporal_iter2,selected_dbfp_dense_videomme_blip_k16_alpha0.8_adaptive_short_2.0_med_5.0_long_8.0_score_diff_iter2,0.01190673398200881,0.5473444176453727,0.5843463415093021,0.04476515374676859,No
selected_dbfp_dense_videomme_blip_k16_alpha0.5_adaptive_short_2.0_med_4.0_long_6.0_temporal_iter2,selected_dbfp_dense_videomme_blip_k16_alpha0.8_adaptive_short_2.0_med_5.0_long_8.0_score_diff_iter3,0.008642373816828558,0.3906773847264632,0.6961748537410296,0.03195197144575752,No
selected_dbfp_dense_videomme_blip_k16_alpha0.5_adaptive_short_2.0_med_4.0_long_6.0_temporal_iter2,selected_dbfp_dense_videomme_blip_k16_alpha0.8_adaptive_short_2.0_med_5.0_long_8.0_temporal_iter1,0.018858288641091292,0.8801512269879713,0.3791309575948897,0.07198411768476784,No
selected_dbfp_dense_videomme_blip_k16_alpha0.5_adaptive_short_2.0_med_4.0_long_6.0_temporal_iter2,selected_dbfp_dense_videomme_blip_k16_alpha0.8_adaptive_short_2.0_med_5.0_long_8.0_temporal_iter2,0.0027121794851213687,0.12270395134999051,0.9023827603153348,0.010035475056850525,No
selected_dbfp_dense_videomme_blip_k16_alpha0.5_adaptive_short_2.0_med_4.0_long_6.0_temporal_iter2,selected_dbfp_dense_videomme_blip_k16_alpha0.8_adaptive_short_2.0_med_5.0_long_8.0_temporal_iter3,0.011684680100250977,0.5336306633033236,0.5937953746258171,0.043643559562350116,No
selected_dbfp_dense_videomme_blip_k16_alpha0.5_adaptive_short_2.0_med_4.0_long_6.0_temporal_iter2,selected_dbfp_dense_videomme_blip_k16_alpha0.8_adaptive_short_3.0_med_6.0_long_10.0_score_diff_iter1,0.02024818340498416,0.9536362140957423,0.3406531271815342,0.07799416661038451,No
selected_dbfp_dense_videomme_blip_k16_alpha0.5_adaptive_short_2.0_med_4.0_long_6.0_temporal_iter2,selected_dbfp_dense_videomme_blip_k16_alpha0.8_adaptive_short_3.0_med_6.0_long_10.0_score_diff_iter2,0.015777998309591035,0.7424180591154156,0.4581255946655046,0.060719461932520716,No
selected_dbfp_dense_videomme_blip_k16_alpha0.5_adaptive_short_2.0_med_4.0_long_6.0_temporal_iter2,selected_dbfp_dense_videomme_blip_k16_alpha0.8_adaptive_short_3.0_med_6.0_long_10.0_score_diff_iter3,0.011012019489058722,0.5127986229912961,0.6082815585638861,0.04193978863777352,No
selected_dbfp_dense_videomme_blip_k16_alpha0.5_adaptive_short_2.0_med_4.0_long_6.0_temporal_iter2,selected_dbfp_dense_videomme_blip_k16_alpha0.8_adaptive_short_3.0_med_6.0_long_10.0_temporal_iter1,0.002212867675525254,0.10064623907052118,0.9198650231401123,0.008231461256520387,No
selected_dbfp_dense_videomme_blip_k16_alpha0.5_adaptive_short_2.0_med_4.0_long_6.0_temporal_iter2,selected_dbfp_dense_videomme_blip_k16_alpha0.8_adaptive_short_3.0_med_6.0_long_10.0_temporal_iter2,0.01517198994898114,0.7046709670488076,0.4812893663928025,0.05763227531257343,No
selected_dbfp_dense_videomme_blip_k16_alpha0.5_adaptive_short_2.0_med_4.0_long_6.0_temporal_iter2,selected_dbfp_dense_videomme_blip_k16_alpha0.8_adaptive_short_3.0_med_6.0_long_10.0_temporal_iter3,0.019806695840958927,0.9244816912455505,0.3556084714629969,0.07560973253152044,No
selected_dbfp_dense_videomme_blip_k16_alpha0.5_adaptive_short_2.0_med_4.0_long_6.0_temporal_iter3,selected_dbfp_dense_videomme_blip_k16_alpha0.5_adaptive_short_2.0_med_5.0_long_8.0_score_diff_iter1,-0.006914192084028936,-0.31904342525774165,0.7498049938092951,-0.026093310758455536,No
selected_dbfp_dense_videomme_blip_k16_alpha0.5_adaptive_short_2.0_med_4.0_long_6.0_temporal_iter3,selected_dbfp_dense_videomme_blip_k16_alpha0.5_adaptive_short_2.0_med_5.0_long_8.0_score_diff_iter2,-0.003248025911320618,-0.15385671279749297,0.8777746224887558,-0.012583337243294123,No
selected_dbfp_dense_videomme_blip_k16_alpha0.5_adaptive_short_2.0_med_4.0_long_6.0_temporal_iter3,selected_dbfp_dense_videomme_blip_k16_alpha0.5_adaptive_short_2.0_med_5.0_long_8.0_score_diff_iter3,0.007559663209490641,0.3621379706197004,0.7173768659759638,0.029617844603991614,No
selected_dbfp_dense_videomme_blip_k16_alpha0.5_adaptive_short_2.0_med_4.0_long_6.0_temporal_iter3,selected_dbfp_dense_videomme_blip_k16_alpha0.5_adaptive_short_2.0_med_5.0_long_8.0_temporal_iter1,-0.0005999433119867337,-0.0282898217285126,0.9774404366916614,-0.0023137135907337633,No
selected_dbfp_dense_videomme_blip_k16_alpha0.5_adaptive_short_2.0_med_4.0_long_6.0_temporal_iter3,selected_dbfp_dense_videomme_blip_k16_alpha0.5_adaptive_short_2.0_med_5.0_long_8.0_temporal_iter2,-0.01403292248223495,-0.6426957979835275,0.5206678398076205,-0.052563569273085094,No
selected_dbfp_dense_videomme_blip_k16_alpha0.5_adaptive_short_2.0_med_4.0_long_6.0_temporal_iter3,selected_dbfp_dense_videomme_blip_k16_alpha0.5_adaptive_short_2.0_med_5.0_long_8.0_temporal_iter3,0.0031512066232803893,0.14744296909154292,0.8828320886739912,0.012058782300603615,No
selected_dbfp_dense_videomme_blip_k16_alpha0.5_adaptive_short_2.0_med_4.0_long_6.0_temporal_iter3,selected_dbfp_dense_videomme_blip_k16_alpha0.5_adaptive_short_3.0_med_6.0_long_10.0_score_diff_iter1,-0.003597611260767908,-0.16884877132884424,0.8659726905211534,-0.013809478929270797,No
selected_dbfp_dense_videomme_blip_k16_alpha0.5_adaptive_short_2.0_med_4.0_long_6.0_temporal_iter3,selected_dbfp_dense_videomme_blip_k16_alpha0.5_adaptive_short_3.0_med_6.0_long_10.0_score_diff_iter2,0.010569287582325615,0.5060536325282367,0.6130054975323268,0.04138814227118188,No
selected_dbfp_dense_videomme_blip_k16_alpha0.5_adaptive_short_2.0_med_4.0_long_6.0_temporal_iter3,selected_dbfp_dense_videomme_blip_k16_alpha0.5_adaptive_short_3.0_med_6.0_long_10.0_score_diff_iter3,0.0032722499357748236,0.15549952693485214,0.8764800004883001,0.012717696568281148,No
selected_dbfp_dense_videomme_blip_k16_alpha0.5_adaptive_short_2.0_med_4.0_long_6.0_temporal_iter3,selected_dbfp_dense_videomme_blip_k16_alpha0.5_adaptive_short_3.0_med_6.0_long_10.0_temporal_iter1,-0.005173862256770967,-0.24401735583896336,0.8073010720425435,-0.01995722270692816,No
selected_dbfp_dense_videomme_blip_k16_alpha0.5_adaptive_short_2.0_med_4.0_long_6.0_temporal_iter3,selected_dbfp_dense_videomme_blip_k16_alpha0.5_adaptive_short_3.0_med_6.0_long_10.0_temporal_iter2,0.0090066929495973,0.4334459919754798,0.6648471023483207,0.03544984805173892,No
selected_dbfp_dense_videomme_blip_k16_alpha0.5_adaptive_short_2.0_med_4.0_long_6.0_temporal_iter3,selected_dbfp_dense_videomme_blip_k16_alpha0.5_adaptive_short_3.0_med_6.0_long_10.0_temporal_iter3,0.012423029731485014,0.591037191132715,0.5547188244933212,0.04833861430462446,No
selected_dbfp_dense_videomme_blip_k16_alpha0.5_adaptive_short_2.0_med_4.0_long_6.0_temporal_iter3,selected_dbfp_dense_videomme_blip_k16_alpha0.85_adaptive_short_2.0_med_3.0_long_5.0_score_diff_iter1,0.002492598493712972,0.11944406703982598,0.9049636656258984,0.009768861879784834,No
selected_dbfp_dense_videomme_blip_k16_alpha0.5_adaptive_short_2.0_med_4.0_long_6.0_temporal_iter3,selected_dbfp_dense_videomme_blip_k16_alpha0.85_adaptive_short_2.0_med_3.0_long_5.0_score_diff_iter2,0.004169669518589103,0.19951231964095906,0.8419298282649259,0.01631733029779849,No
selected_dbfp_dense_videomme_blip_k16_alpha0.5_adaptive_short_2.0_med_4.0_long_6.0_temporal_iter3,selected_dbfp_dense_videomme_blip_k16_alpha0.85_adaptive_short_2.0_med_3.0_long_5.0_score_diff_iter3,0.008417872160376427,0.4080044354609987,0.6834164559887752,0.03336908289667007,No
selected_dbfp_dense_videomme_blip_k16_alpha0.5_adaptive_short_2.0_med_4.0_long_6.0_temporal_iter3,selected_dbfp_dense_videomme_blip_k16_alpha0.85_adaptive_short_2.0_med_3.0_long_5.0_temporal_iter1,0.015479061181864595,0.7559939181126533,0.44995053429485754,0.0618297781168058,No
selected_dbfp_dense_videomme_blip_k16_alpha0.5_adaptive_short_2.0_med_4.0_long_6.0_temporal_iter3,selected_dbfp_dense_videomme_blip_k16_alpha0.85_adaptive_short_2.0_med_3.0_long_5.0_temporal_iter2,0.011256627510028788,0.5414900580547444,0.5883715233534652,0.04428634855384682,No
selected_dbfp_dense_videomme_blip_k16_alpha0.5_adaptive_short_2.0_med_4.0_long_6.0_temporal_iter3,selected_dbfp_dense_videomme_blip_k16_alpha0.85_adaptive_short_2.0_med_3.0_long_5.0_temporal_iter3,0.00012861641694195125,0.006048762653830153,0.9951758323586568,0.000494704579442841,No
selected_dbfp_dense_videomme_blip_k16_alpha0.5_adaptive_short_2.0_med_4.0_long_6.0_temporal_iter3,selected_dbfp_dense_videomme_blip_k16_alpha0.85_adaptive_short_2.0_med_4.0_long_6.0_score_diff_iter1,-0.0060985810198547485,-0.286896966902346,0.774290590057805,-0.023464177960989006,No
selected_dbfp_dense_videomme_blip_k16_alpha0.5_adaptive_short_2.0_med_4.0_long_6.0_temporal_iter3,selected_dbfp_dense_videomme_blip_k16_alpha0.85_adaptive_short_2.0_med_4.0_long_6.0_score_diff_iter2,-0.0021583905634071643,-0.1021117407248418,0.9187022117213693,-0.008351318878070977,No
selected_dbfp_dense_videomme_blip_k16_alpha0.5_adaptive_short_2.0_med_4.0_long_6.0_temporal_iter3,selected_dbfp_dense_videomme_blip_k16_alpha0.85_adaptive_short_2.0_med_4.0_long_6.0_score_diff_iter3,0.0019231213233355804,0.09147220075011214,0.927148026409591,0.007481152621245992,No
selected_dbfp_dense_videomme_blip_k16_alpha0.5_adaptive_short_2.0_med_4.0_long_6.0_temporal_iter3,selected_dbfp_dense_videomme_blip_k16_alpha0.85_adaptive_short_2.0_med_4.0_long_6.0_temporal_iter1,-0.0003779292863922423,-0.017944187329883322,0.9856893635282933,-0.0014675847195921132,No
selected_dbfp_dense_videomme_blip_k16_alpha0.5_adaptive_short_2.0_med_4.0_long_6.0_temporal_iter3,selected_dbfp_dense_videomme_blip_k16_alpha0.85_adaptive_short_2.0_med_4.0_long_6.0_temporal_iter2,-0.007410642040842408,-0.34675770094024627,0.7288953423921609,-0.028359952681715074,No
selected_dbfp_dense_videomme_blip_k16_alpha0.5_adaptive_short_2.0_med_4.0_long_6.0_temporal_iter3,selected_dbfp_dense_videomme_blip_k16_alpha0.85_adaptive_short_2.0_med_4.0_long_6.0_temporal_iter3,-0.014786926559079594,-0.6824877720271763,0.49519485276821607,-0.05581799878745774,No
selected_dbfp_dense_videomme_blip_k16_alpha0.5_adaptive_short_2.0_med_4.0_long_6.0_temporal_iter3,selected_dbfp_dense_videomme_blip_k16_alpha0.85_adaptive_short_2.0_med_5.0_long_8.0_score_diff_iter1,-0.007648578231107261,-0.3566868542426565,0.7214520678037795,-0.029172019200684875,No
selected_dbfp_dense_videomme_blip_k16_alpha0.5_adaptive_short_2.0_med_4.0_long_6.0_temporal_iter3,selected_dbfp_dense_videomme_blip_k16_alpha0.85_adaptive_short_2.0_med_5.0_long_8.0_score_diff_iter2,-0.0017273614332419807,-0.08145091090423648,0.935110615539632,-0.006661550622178729,No
selected_dbfp_dense_videomme_blip_k16_alpha0.5_adaptive_short_2.0_med_4.0_long_6.0_temporal_iter3,selected_dbfp_dense_videomme_blip_k16_alpha0.85_adaptive_short_2.0_med_5.0_long_8.0_score_diff_iter3,0.0015883082481686073,0.0749951195454964,0.9402436754297365,0.0061335567607101365,No
selected_dbfp_dense_videomme_blip_k16_alpha0.5_adaptive_short_2.0_med_4.0_long_6.0_temporal_iter3,selected_dbfp_dense_videomme_blip_k16_alpha0.85_adaptive_short_2.0_med_5.0_long_8.0_temporal_iter1,0.005035080981418361,0.2403537192613533,0.8101384256698008,0.01965758822768968,No
selected_dbfp_dense_videomme_blip_k16_alpha0.5_adaptive_short_2.0_med_4.0_long_6.0_temporal_iter3,selected_dbfp_dense_videomme_blip_k16_alpha0.85_adaptive_short_2.0_med_5.0_long_8.0_temporal_iter2,0.0008381393204585641,0.0397275363861358,0.9683236074714975,0.003249159423011599,No
selected_dbfp_dense_videomme_blip_k16_alpha0.5_adaptive_short_2.0_med_4.0_long_6.0_temporal_iter3,selected_dbfp_dense_videomme_blip_k16_alpha0.85_adaptive_short_2.0_med_5.0_long_8.0_temporal_iter3,-0.003819231545773266,-0.17812662413292818,0.8586838573971324,-0.014568278133969773,No
selected_dbfp_dense_videomme_blip_k16_alpha0.5_adaptive_short_2.0_med_4.0_long_6.0_temporal_iter3,selected_dbfp_dense_videomme_blip_k16_alpha0.85_adaptive_short_3.0_med_6.0_long_10.0_score_diff_iter1,0.006299669481346859,0.30317093503666087,0.7618650360059855,0.024795161980321324,No
selected_dbfp_dense_videomme_blip_k16_alpha0.5_adaptive_short_2.0_med_4.0_long_6.0_temporal_iter3,selected_dbfp_dense_videomme_blip_k16_alpha0.85_adaptive_short_3.0_med_6.0_long_10.0_score_diff_iter2,0.004250533272241869,0.20507065373883346,0.8375867066549587,0.016771924642930636,No
selected_dbfp_dense_videomme_blip_k16_alpha0.5_adaptive_short_2.0_med_4.0_long_6.0_temporal_iter3,selected_dbfp_dense_videomme_blip_k16_alpha0.85_adaptive_short_3.0_med_6.0_long_10.0_score_diff_iter3,0.0021561424103688775,0.10330300054382462,0.9177571274960833,0.008448747343394382,No
selected_dbfp_dense_videomme_blip_k16_alpha0.5_adaptive_short_2.0_med_4.0_long_6.0_temporal_iter3,selected_dbfp_dense_videomme_blip_k16_alpha0.85_adaptive_short_3.0_med_6.0_long_10.0_temporal_iter1,-0.006769699007688701,-0.318246380411016,0.7504091626186681,-0.026028123567255566,No
selected_dbfp_dense_videomme_blip_k16_alpha0.5_adaptive_short_2.0_med_4.0_long_6.0_temporal_iter3,selected_dbfp_dense_videomme_blip_k16_alpha0.85_adaptive_short_3.0_med_6.0_long_10.0_temporal_iter2,0.007273247137810357,0.34899943046481935,0.7272125858000298,0.028543294921612082,No
selected_dbfp_dense_videomme_blip_k16_alpha0.5_adaptive_short_2.0_med_4.0_long_6.0_temporal_iter3,selected_dbfp_dense_videomme_blip_k16_alpha0.85_adaptive_short_3.0_med_6.0_long_10.0_temporal_iter3,0.0008349932462563825,0.039564201243285295,0.9684537730807004,0.003235800882186063,No
selected_dbfp_dense_videomme_blip_k16_alpha0.5_adaptive_short_2.0_med_4.0_long_6.0_temporal_iter3,selected_dbfp_dense_videomme_blip_k16_alpha0.8_adaptive_short_2.0_med_3.0_long_5.0_score_diff_iter1,0.0010956126708101532,0.05226532224127662,0.9583347382945416,0.0042745757643796855,No
selected_dbfp_dense_videomme_blip_k16_alpha0.5_adaptive_short_2.0_med_4.0_long_6.0_temporal_iter3,selected_dbfp_dense_videomme_blip_k16_alpha0.8_adaptive_short_2.0_med_3.0_long_5.0_score_diff_iter2,0.009644469645991888,0.46963413818552885,0.6387876262507851,0.03840953461110786,No
selected_dbfp_dense_videomme_blip_k16_alpha0.5_adaptive_short_2.0_med_4.0_long_6.0_temporal_iter3,selected_dbfp_dense_videomme_blip_k16_alpha0.8_adaptive_short_2.0_med_3.0_long_5.0_score_diff_iter3,0.011604657154375753,0.562956828689793,0.573675278214653,0.04604203153310981,No
selected_dbfp_dense_videomme_blip_k16_alpha0.5_adaptive_short_2.0_med_4.0_long_6.0_temporal_iter3,selected_dbfp_dense_videomme_blip_k16_alpha0.8_adaptive_short_2.0_med_3.0_long_5.0_temporal_iter1,0.011282842971287038,0.544655057265606,0.5861938239159947,0.04454520142253936,No
selected_dbfp_dense_videomme_blip_k16_alpha0.5_adaptive_short_2.0_med_4.0_long_6.0_temporal_iter3,selected_dbfp_dense_videomme_blip_k16_alpha0.8_adaptive_short_2.0_med_3.0_long_5.0_temporal_iter2,-0.009098481968968647,-0.42062928732406807,0.6741769178021346,-0.03440162008855984,No
selected_dbfp_dense_videomme_blip_k16_alpha0.5_adaptive_short_2.0_med_4.0_long_6.0_temporal_iter3,selected_dbfp_dense_videomme_blip_k16_alpha0.8_adaptive_short_2.0_med_3.0_long_5.0_temporal_iter3,0.003283453873845349,0.15432857130259783,0.8774027400225723,0.012621928703987763,No
selected_dbfp_dense_videomme_blip_k16_alpha0.5_adaptive_short_2.0_med_4.0_long_6.0_temporal_iter3,selected_dbfp_dense_videomme_blip_k16_alpha0.8_adaptive_short_2.0_med_4.0_long_6.0_score_diff_iter1,-0.005090540639070079,-0.23992178562924205,0.8104731082743548,-0.019622262079317568,No
selected_dbfp_dense_videomme_blip_k16_alpha0.5_adaptive_short_2.0_med_4.0_long_6.0_temporal_iter3,selected_dbfp_dense_videomme_blip_k16_alpha0.8_adaptive_short_2.0_med_4.0_long_6.0_score_diff_iter2,0.0011382837355175535,0.054114501432297506,0.9568620119199231,0.004425812880041667,No
selected_dbfp_dense_videomme_blip_k16_alpha0.5_adaptive_short_2.0_med_4.0_long_6.0_temporal_iter3,selected_dbfp_dense_videomme_blip_k16_alpha0.8_adaptive_short_2.0_med_4.0_long_6.0_score_diff_iter3,0.0035133889109038308,0.16499898620869935,0.8690005397955884,0.013494620099472204,No
selected_dbfp_dense_videomme_blip_k16_alpha0.5_adaptive_short_2.0_med_4.0_long_6.0_temporal_iter3,selected_dbfp_dense_videomme_blip_k16_alpha0.8_adaptive_short_2.0_med_4.0_long_6.0_temporal_iter1,-0.004473128763769235,-0.2100895263452878,0.8336693585841357,-0.017182398571299363,No
selected_dbfp_dense_videomme_blip_k16_alpha0.5_adaptive_short_2.0_med_4.0_long_6.0_temporal_iter3,selected_dbfp_dense_videomme_blip_k16_alpha0.8_adaptive_short_2.0_med_4.0_long_6.0_temporal_iter2,-0.021560932564576057,-0.9855832501027338,0.3247362542572908,-0.08060698950797748,No
selected_dbfp_dense_videomme_blip_k16_alpha0.5_adaptive_short_2.0_med_4.0_long_6.0_temporal_iter3,selected_dbfp_dense_videomme_blip_k16_alpha0.8_adaptive_short_2.0_med_4.0_long_6.0_temporal_iter3,-0.0037630446306559096,-0.1768970722690148,0.859649133725574,-0.014467717903853063,No
selected_dbfp_dense_videomme_blip_k16_alpha0.5_adaptive_short_2.0_med_4.0_long_6.0_temporal_iter3,selected_dbfp_dense_videomme_blip_k16_alpha0.8_adaptive_short_2.0_med_5.0_long_8.0_score_diff_iter1,-0.00606166203341868,-0.2849791187946576,0.7757588065329233,-0.023307324684973325,No
selected_dbfp_dense_videomme_blip_k16_alpha0.5_adaptive_short_2.0_med_4.0_long_6.0_temporal_iter3,selected_dbfp_dense_videomme_blip_k16_alpha0.8_adaptive_short_2.0_med_5.0_long_8.0_score_diff_iter2,-0.0016950589424923612,-0.0796387193817298,0.9365512422142994,-0.006513338584323521,No
selected_dbfp_dense_videomme_blip_k16_alpha0.5_adaptive_short_2.0_med_4.0_long_6.0_temporal_iter3,selected_dbfp_dense_videomme_blip_k16_alpha0.8_adaptive_short_2.0_med_5.0_long_8.0_score_diff_iter3,-0.0049594191076726135,-0.2289646241174375,0.8189746932700027,-0.01872611881860197,No
selected_dbfp_dense_videomme_blip_k16_alpha0.5_adaptive_short_2.0_med_4.0_long_6.0_temporal_iter3,selected_dbfp_dense_videomme_blip_k16_alpha0.8_adaptive_short_2.0_med_5.0_long_8.0_temporal_iter1,0.0052564957165901205,0.2509118229116754,0.8019684719150248,0.020521094125038823,No
selected_dbfp_dense_videomme_blip_k16_alpha0.5_adaptive_short_2.0_med_4.0_long_6.0_temporal_iter3,selected_dbfp_dense_videomme_blip_k16_alpha0.8_adaptive_short_2.0_med_5.0_long_8.0_temporal_iter2,-0.010889613439379803,-0.5031763587134989,0.615025562503936,-0.041152821384513046,No
selected_dbfp_dense_videomme_blip_k16_alpha0.5_adaptive_short_2.0_med_4.0_long_6.0_temporal_iter3,selected_dbfp_dense_videomme_blip_k16_alpha0.8_adaptive_short_2.0_med_5.0_long_8.0_temporal_iter3,-0.0019171128242501945,-0.08945757252141934,0.9287482227481278,-0.007316384083518347,No
selected_dbfp_dense_videomme_blip_k16_alpha0.5_adaptive_short_2.0_med_4.0_long_6.0_temporal_iter3,selected_dbfp_dense_videomme_blip_k16_alpha0.8_adaptive_short_3.0_med_6.0_long_10.0_score_diff_iter1,0.006646390480482989,0.3202841424339085,0.7488648227329466,0.026194784107517365,No
selected_dbfp_dense_videomme_blip_k16_alpha0.5_adaptive_short_2.0_med_4.0_long_6.0_temporal_iter3,selected_dbfp_dense_videomme_blip_k16_alpha0.8_adaptive_short_3.0_med_6.0_long_10.0_score_diff_iter2,0.0021762053850898633,0.10476848725747354,0.9165946457046346,0.008568603753622504,No
selected_dbfp_dense_videomme_blip_k16_alpha0.5_adaptive_short_2.0_med_4.0_long_6.0_temporal_iter3,selected_dbfp_dense_videomme_blip_k16_alpha0.8_adaptive_short_3.0_med_6.0_long_10.0_score_diff_iter3,-0.0025897734354424495,-0.1233294150595618,0.9018876875403907,-0.01008662926157093,No
selected_dbfp_dense_videomme_blip_k16_alpha0.5_adaptive_short_2.0_med_4.0_long_6.0_temporal_iter3,selected_dbfp_dense_videomme_blip_k16_alpha0.8_adaptive_short_3.0_med_6.0_long_10.0_temporal_iter1,-0.011388925248975917,-0.5291664600020721,0.5968863472823662,-0.04327844985057375,No
selected_dbfp_dense_videomme_blip_k16_alpha0.5_adaptive_short_2.0_med_4.0_long_6.0_temporal_iter3,selected_dbfp_dense_videomme_blip_k16_alpha0.8_adaptive_short_3.0_med_6.0_long_10.0_temporal_iter2,0.001570197024479969,0.07457119634999984,0.9405808301557892,0.006098885743445899,No
selected_dbfp_dense_videomme_blip_k16_alpha0.5_adaptive_short_2.0_med_4.0_long_6.0_temporal_iter3,selected_dbfp_dense_videomme_blip_k16_alpha0.8_adaptive_short_3.0_med_6.0_long_10.0_temporal_iter3,0.006204902916457755,0.29620507999966134,0.7671763057990513,0.02422545201909254,No
selected_dbfp_dense_videomme_blip_k16_alpha0.5_adaptive_short_2.0_med_5.0_long_8.0_score_diff_iter1,selected_dbfp_dense_videomme_blip_k16_alpha0.5_adaptive_short_2.0_med_5.0_long_8.0_score_diff_iter2,0.0036661661727083183,0.17036813953740526,0.8647782500273321,0.013933742102689686,No
selected_dbfp_dense_videomme_blip_k16_alpha0.5_adaptive_short_2.0_med_5.0_long_8.0_score_diff_iter1,selected_dbfp_dense_videomme_blip_k16_alpha0.5_adaptive_short_2.0_med_5.0_long_8.0_score_diff_iter3,0.014473855293519577,0.6799075507766904,0.49682611256958553,0.05560697257132936,No
selected_dbfp_dense_videomme_blip_k16_alpha0.5_adaptive_short_2.0_med_5.0_long_8.0_score_diff_iter1,selected_dbfp_dense_videomme_blip_k16_alpha0.5_adaptive_short_2.0_med_5.0_long_8.0_temporal_iter1,0.0063142487720422025,0.2921426404364826,0.7702788896934837,0.023893201045512617,No
selected_dbfp_dense_videomme_blip_k16_alpha0.5_adaptive_short_2.0_med_5.0_long_8.0_score_diff_iter1,selected_dbfp_dense_videomme_blip_k16_alpha0.5_adaptive_short_2.0_med_5.0_long_8.0_temporal_iter2,-0.0071187303982060135,-0.3202373749164977,0.7489002547074326,-0.026190959244285265,No
selected_dbfp_dense_videomme_blip_k16_alpha0.5_adaptive_short_2.0_med_5.0_long_8.0_score_diff_iter1,selected_dbfp_dense_videomme_blip_k16_alpha0.5_adaptive_short_2.0_med_5.0_long_8.0_temporal_iter3,0.010065398707309325,0.4622279376652763,0.6440859934923806,0.03780381059780343,No
selected_dbfp_dense_videomme_blip_k16_alpha0.5_adaptive_short_2.0_med_5.0_long_8.0_score_diff_iter1,selected_dbfp_dense_videomme_blip_k16_alpha0.5_adaptive_short_3.0_med_6.0_long_10.0_score_diff_iter1,0.0033165808232610283,0.15275768440416168,0.8786408965783136,0.012493452033857764,No
selected_dbfp_dense_videomme_blip_k16_alpha0.5_adaptive_short_2.0_med_5.0_long_8.0_score_diff_iter1,selected_dbfp_dense_videomme_blip_k16_alpha0.5_adaptive_short_3.0_med_6.0_long_10.0_score_diff_iter2,0.01748347966635455,0.8208828903216369,0.41204008916970036,0.06713679281117178,No
selected_dbfp_dense_videomme_blip_k16_alpha0.5_adaptive_short_2.0_med_5.0_long_8.0_score_diff_iter1,selected_dbfp_dense_videomme_blip_k16_alpha0.5_adaptive_short_3.0_med_6.0_long_10.0_score_diff_iter3,0.01018644201980376,0.47482343037667785,0.6350861883123097,0.03883394653703582,No
selected_dbfp_dense_videomme_blip_k16_alpha0.5_adaptive_short_2.0_med_5.0_long_8.0_score_diff_iter1,selected_dbfp_dense_videomme_blip_k16_alpha0.5_adaptive_short_3.0_med_6.0_long_10.0_temporal_iter1,0.0017403298272579693,0.08053552332563757,0.9358382892108716,0.0065866846662171455,No
selected_dbfp_dense_videomme_blip_k16_alpha0.5_adaptive_short_2.0_med_5.0_long_8.0_score_diff_iter1,selected_dbfp_dense_videomme_blip_k16_alpha0.5_adaptive_short_3.0_med_6.0_long_10.0_temporal_iter2,0.015920885033626236,0.7511968701179582,0.45282969268963824,0.06143744645501565,No
selected_dbfp_dense_videomme_blip_k16_alpha0.5_adaptive_short_2.0_med_5.0_long_8.0_score_diff_iter1,selected_dbfp_dense_videomme_blip_k16_alpha0.5_adaptive_short_3.0_med_6.0_long_10.0_temporal_iter3,0.01933722181551395,0.9023796082678287,0.36721856651770446,0.07380208983008708,No
selected_dbfp_dense_videomme_blip_k16_alpha0.5_adaptive_short_2.0_med_5.0_long_8.0_score_diff_iter1,selected_dbfp_dense_videomme_blip_k16_alpha0.85_adaptive_short_2.0_med_3.0_long_5.0_score_diff_iter1,0.009406790577741908,0.4420204351264009,0.658634224927337,0.03615111816844587,No
selected_dbfp_dense_videomme_blip_k16_alpha0.5_adaptive_short_2.0_med_5.0_long_8.0_score_diff_iter1,selected_dbfp_dense_videomme_blip_k16_alpha0.85_adaptive_short_2.0_med_3.0_long_5.0_score_diff_iter2,0.01108386160261804,0.5200828356119186,0.6031983148613604,0.04253553581349745,No
selected_dbfp_dense_videomme_blip_k16_alpha0.5_adaptive_short_2.0_med_5.0_long_8.0_score_diff_iter1,selected_dbfp_dense_videomme_blip_k16_alpha0.85_adaptive_short_2.0_med_3.0_long_5.0_score_diff_iter3,0.015332064244405363,0.7283823710306535,0.46666467702303804,0.05957153801783981,No
selected_dbfp_dense_videomme_blip_k16_alpha0.5_adaptive_short_2.0_med_5.0_long_8.0_score_diff_iter1,selected_dbfp_dense_videomme_blip_k16_alpha0.85_adaptive_short_2.0_med_3.0_long_5.0_temporal_iter1,0.02239325326589353,1.0716576383161818,0.2843061373748391,0.08764667606452076,No
selected_dbfp_dense_videomme_blip_k16_alpha0.5_adaptive_short_2.0_med_5.0_long_8.0_score_diff_iter1,selected_dbfp_dense_videomme_blip_k16_alpha0.85_adaptive_short_2.0_med_3.0_long_5.0_temporal_iter2,0.018170819594057724,0.8570001528392539,0.3917881019637487,0.07009068207988793,No
selected_dbfp_dense_videomme_blip_k16_alpha0.5_adaptive_short_2.0_med_5.0_long_8.0_score_diff_iter1,selected_dbfp_dense_videomme_blip_k16_alpha0.85_adaptive_short_2.0_med_3.0_long_5.0_temporal_iter3,0.007042808500970887,0.3250214511954571,0.7452785119697207,0.026582230059476436,No
selected_dbfp_dense_videomme_blip_k16_alpha0.5_adaptive_short_2.0_med_5.0_long_8.0_score_diff_iter1,selected_dbfp_dense_videomme_blip_k16_alpha0.85_adaptive_short_2.0_med_4.0_long_6.0_score_diff_iter1,0.0008156110641741876,0.037650570836758254,0.9699788519078028,0.0030792925579573895,No
selected_dbfp_dense_videomme_blip_k16_alpha0.5_adaptive_short_2.0_med_5.0_long_8.0_score_diff_iter1,selected_dbfp_dense_videomme_blip_k16_alpha0.85_adaptive_short_2.0_med_4.0_long_6.0_score_diff_iter2,0.004755801520621772,0.22073405371757476,0.8253748559536439,0.018052972734666713,No
selected_dbfp_dense_videomme_blip_k16_alpha0.5_adaptive_short_2.0_med_5.0_long_8.0_score_diff_iter1,selected_dbfp_dense_videomme_blip_k16_alpha0.85_adaptive_short_2.0_med_4.0_long_6.0_score_diff_iter3,0.008837313407364517,0.4123011857900952,0.6802664401698677,0.03372049730757037,No
selected_dbfp_dense_videomme_blip_k16_alpha0.5_adaptive_short_2.0_med_5.0_long_8.0_score_diff_iter1,selected_dbfp_dense_videomme_blip_k16_alpha0.85_adaptive_short_2.0_med_4.0_long_6.0_temporal_iter1,0.006536262797636694,0.30442739478916514,0.7609082083531313,0.024897922928196082,No
selected_dbfp_dense_videomme_blip_k16_alpha0.5_adaptive_short_2.0_med_5.0_long_8.0_score_diff_iter1,selected_dbfp_dense_videomme_blip_k16_alpha0.85_adaptive_short_2.0_med_4.0_long_6.0_temporal_iter2,-0.0004964499568134717,-0.022799374369553163,0.9818179125040701,-0.0018646714319494326,No
selected_dbfp_dense_videomme_blip_k16_alpha0.5_adaptive_short_2.0_med_5.0_long_8.0_score_diff_iter1,selected_dbfp_dense_videomme_blip_k16_alpha0.85_adaptive_short_2.0_med_4.0_long_6.0_temporal_iter3,-0.007872734475050658,-0.3568087176031344,0.7213608767419455,-0.02918198595841974,No
selected_dbfp_dense_videomme_blip_k16_alpha0.5_adaptive_short_2.0_med_5.0_long_8.0_score_diff_iter1,selected_dbfp_dense_videomme_blip_k16_alpha0.85_adaptive_short_2.0_med_5.0_long_8.0_score_diff_iter1,-0.0007343861470783253,-0.03361720590250099,0.9731936191579265,-0.0027494194559873515,No
selected_dbfp_dense_videomme_blip_k16_alpha0.5_adaptive_short_2.0_med_5.0_long_8.0_score_diff_iter1,selected_dbfp_dense_videomme_blip_k16_alpha0.85_adaptive_short_2.0_med_5.0_long_8.0_score_diff_iter2,0.0051868306507869555,0.2399762891742058,0.810430874433752,0.01962671972442005,No
selected_dbfp_dense_videomme_blip_k16_alpha0.5_adaptive_short_2.0_med_5.0_long_8.0_score_diff_iter1,selected_dbfp_dense_videomme_blip_k16_alpha0.85_adaptive_short_2.0_med_5.0_long_8.0_score_diff_iter3,0.008502500332197543,0.3938914557581827,0.69380158954727,0.03221483768347522,No
selected_dbfp_dense_videomme_blip_k16_alpha0.5_adaptive_short_2.0_med_5.0_long_8.0_score_diff_iter1,selected_dbfp_dense_videomme_blip_k16_alpha0.85_adaptive_short_2.0_med_5.0_long_8.0_temporal_iter1,0.011949273065447297,0.5594204833468296,0.5760842400456208,0.04575280777777246,No
selected_dbfp_dense_videomme_blip_k16_alpha0.5_adaptive_short_2.0_med_5.0_long_8.0_score_diff_iter1,selected_dbfp_dense_videomme_blip_k16_alpha0.85_adaptive_short_2.0_med_5.0_long_8.0_temporal_iter2,0.0077523314044875,0.3604761572984799,0.7186183735716178,0.029481931442615843,No
selected_dbfp_dense_videomme_blip_k16_alpha0.5_adaptive_short_2.0_med_5.0_long_8.0_score_diff_iter1,selected_dbfp_dense_videomme_blip_k16_alpha0.85_adaptive_short_2.0_med_5.0_long_8.0_temporal_iter3,0.00309496053825567,0.14168928771742492,0.8873731563232394,0.011588211271442774,No
selected_dbfp_dense_videomme_blip_k16_alpha0.5_adaptive_short_2.0_med_5.0_long_8.0_score_diff_iter1,selected_dbfp_dense_videomme_blip_k16_alpha0.85_adaptive_short_3.0_med_6.0_long_10.0_score_diff_iter1,0.013213861565375795,0.6234713113028626,0.533212573153506,0.050991273829978326,No
selected_dbfp_dense_videomme_blip_k16_alpha0.5_adaptive_short_2.0_med_5.0_long_8.0_score_diff_iter1,selected_dbfp_dense_videomme_blip_k16_alpha0.85_adaptive_short_3.0_med_6.0_long_10.0_score_diff_iter2,0.011164725356270805,0.5280593123448757,0.5976540603984578,0.04318790055547132,No
selected_dbfp_dense_videomme_blip_k16_alpha0.5_adaptive_short_2.0_med_5.0_long_8.0_score_diff_iter1,selected_dbfp_dense_videomme_blip_k16_alpha0.85_adaptive_short_3.0_med_6.0_long_10.0_score_diff_iter3,0.009070334494397814,0.42613810016138476,0.6701605603228722,0.03485216426861919,No
selected_dbfp_dense_videomme_blip_k16_alpha0.5_adaptive_short_2.0_med_5.0_long_8.0_score_diff_iter1,selected_dbfp_dense_videomme_blip_k16_alpha0.85_adaptive_short_3.0_med_6.0_long_10.0_temporal_iter1,0.00014449307634023523,0.006665668061633385,0.9946838287589941,0.0005451588541782045,No
selected_dbfp_dense_videomme_blip_k16_alpha0.5_adaptive_short_2.0_med_5.0_long_8.0_score_diff_iter1,selected_dbfp_dense_videomme_blip_k16_alpha0.85_adaptive_short_3.0_med_6.0_long_10.0_temporal_iter2,0.014187439221839293,0.6675234453483389,0.5046953516396948,0.05459412514467812,No
selected_dbfp_dense_videomme_blip_k16_alpha0.5_adaptive_short_2.0_med_5.0_long_8.0_score_diff_iter1,selected_dbfp_dense_videomme_blip_k16_alpha0.85_adaptive_short_3.0_med_6.0_long_10.0_temporal_iter3,0.007749185330285319,0.3602053445301903,0.7188207630677013,0.02945978272856837,No
selected_dbfp_dense_videomme_blip_k16_alpha0.5_adaptive_short_2.0_med_5.0_long_8.0_score_diff_iter1,selected_dbfp_dense_videomme_blip_k16_alpha0.8_adaptive_short_2.0_med_3.0_long_5.0_score_diff_iter1,0.00800980475483909,0.37475029348217714,0.7079790448377915,0.030649357063570536,No
selected_dbfp_dense_videomme_blip_k16_alpha0.5_adaptive_short_2.0_med_5.0_long_8.0_score_diff_iter1,selected_dbfp_dense_videomme_blip_k16_alpha0.8_adaptive_short_2.0_med_3.0_long_5.0_score_diff_iter2,0.016558661730020824,0.7901746785898922,0.4297389861827845,0.06462528854392995,No
selected_dbfp_dense_videomme_blip_k16_alpha0.5_adaptive_short_2.0_med_5.0_long_8.0_score_diff_iter1,selected_dbfp_dense_videomme_blip_k16_alpha0.8_adaptive_short_2.0_med_3.0_long_5.0_score_diff_iter3,0.01851884923840469,0.8805176369656448,0.378932683101053,0.0720140848685574,No
selected_dbfp_dense_videomme_blip_k16_alpha0.5_adaptive_short_2.0_med_5.0_long_8.0_score_diff_iter1,selected_dbfp_dense_videomme_blip_k16_alpha0.8_adaptive_short_2.0_med_3.0_long_5.0_temporal_iter1,0.018197035055315974,0.8611300204903566,0.38951157690299265,0.07042844775210778,No
selected_dbfp_dense_videomme_blip_k16_alpha0.5_adaptive_short_2.0_med_5.0_long_8.0_score_diff_iter1,selected_dbfp_dense_videomme_blip_k16_alpha0.8_adaptive_short_2.0_med_3.0_long_5.0_temporal_iter2,-0.0021842898849397108,-0.09915352984279721,0.9210495991838881,-0.008109378422330303,No
selected_dbfp_dense_videomme_blip_k16_alpha0.5_adaptive_short_2.0_med_5.0_long_8.0_score_diff_iter1,selected_dbfp_dense_videomme_blip_k16_alpha0.8_adaptive_short_2.0_med_3.0_long_5.0_temporal_iter3,0.010197645957874285,0.4703496152140513,0.6382767488625309,0.03846805075260625,No
selected_dbfp_dense_videomme_blip_k16_alpha0.5_adaptive_short_2.0_med_5.0_long_8.0_score_diff_iter1,selected_dbfp_dense_videomme_blip_k16_alpha0.8_adaptive_short_2.0_med_4.0_long_6.0_score_diff_iter1,0.001823651444958857,0.08433519582700995,0.932818154576758,0.006897444981441297,No
selected_dbfp_dense_videomme_blip_k16_alpha0.5_adaptive_short_2.0_med_5.0_long_8.0_score_diff_iter1,selected_dbfp_dense_videomme_blip_k16_alpha0.8_adaptive_short_2.0_med_4.0_long_6.0_score_diff_iter2,0.00805247581954649,0.3755024273396603,0.7074199966816784,0.03071087114644923,No
selected_dbfp_dense_videomme_blip_k16_alpha0.5_adaptive_short_2.0_med_5.0_long_8.0_score_diff_iter1,selected_dbfp_dense_videomme_blip_k16_alpha0.8_adaptive_short_2.0_med_4.0_long_6.0_score_diff_iter3,0.010427580994932767,0.48057082717475635,0.6309973116585388,0.03930400360192585,No
selected_dbfp_dense_videomme_blip_k16_alpha0.5_adaptive_short_2.0_med_5.0_long_8.0_score_diff_iter1,selected_dbfp_dense_videomme_blip_k16_alpha0.8_adaptive_short_2.0_med_4.0_long_6.0_temporal_iter1,0.002441063320259701,0.11250955986048129,0.9104571466161664,0.009201715742902062,No
selected_dbfp_dense_videomme_blip_k16_alpha0.5_adaptive_short_2.0_med_5.0_long_8.0_score_diff_iter1,selected_dbfp_dense_videomme_blip_k16_alpha0.8_adaptive_short_2.0_med_4.0_long_6.0_temporal_iter2,-0.014646740480547121,-0.657670160292185,0.5110031680286008,-0.05378826369050867,No
selected_dbfp_dense_videomme_blip_k16_alpha0.5_adaptive_short_2.0_med_5.0_long_8.0_score_diff_iter1,selected_dbfp_dense_videomme_blip_k16_alpha0.8_adaptive_short_2.0_med_4.0_long_6.0_temporal_iter3,0.0031511474533730266,0.14536270947834556,0.8844734869502798,0.01188864603019558,No
selected_dbfp_dense_videomme_blip_k16_alpha0.5_adaptive_short_2.0_med_5.0_long_8.0_score_diff_iter1,selected_dbfp_dense_videomme_blip_k16_alpha0.8_adaptive_short_2.0_med_5.0_long_8.0_score_diff_iter1,0.0008525300506102562,0.03933077831649771,0.9686397947516487,0.0032167101395769067,No
selected_dbfp_dense_videomme_blip_k16_alpha0.5_adaptive_short_2.0_med_5.0_long_8.0_score_diff_iter1,selected_dbfp_dense_videomme_blip_k16_alpha0.8_adaptive_short_2.0_med_5.0_long_8.0_score_diff_iter2,0.005219133141536575,0.2406300159745418,0.8099243561558674,0.019680185478694955,No
selected_dbfp_dense_videomme_blip_k16_alpha0.5_adaptive_short_2.0_med_5.0_long_8.0_score_diff_iter1,selected_dbfp_dense_videomme_blip_k16_alpha0.8_adaptive_short_2.0_med_5.0_long_8.0_score_diff_iter3,0.0019547729763563226,0.08861810979847572,0.9294150841019815,0.007247727726909176,No
selected_dbfp_dense_videomme_blip_k16_alpha0.5_adaptive_short_2.0_med_5.0_long_8.0_score_diff_iter1,selected_dbfp_dense_videomme_blip_k16_alpha0.8_adaptive_short_2.0_med_5.0_long_8.0_temporal_iter1,0.012170687800619057,0.5697615939492524,0.5690533780381399,0.04659856666528046,No
selected_dbfp_dense_videomme_blip_k16_alpha0.5_adaptive_short_2.0_med_5.0_long_8.0_score_diff_iter1,selected_dbfp_dense_videomme_blip_k16_alpha0.8_adaptive_short_2.0_med_5.0_long_8.0_temporal_iter2,-0.003975421355350867,-0.1803708097412807,0.8569225760227931,-0.014751821290478187,No
selected_dbfp_dense_videomme_blip_k16_alpha0.5_adaptive_short_2.0_med_5.0_long_8.0_score_diff_iter1,selected_dbfp_dense_videomme_blip_k16_alpha0.8_adaptive_short_2.0_med_5.0_long_8.0_temporal_iter3,0.004997079259778742,0.22887946058153563,0.819040856087043,0.018719153632521107,No
selected_dbfp_dense_videomme_blip_k16_alpha0.5_adaptive_short_2.0_med_5.0_long_8.0_score_diff_iter1,selected_dbfp_dense_videomme_blip_k16_alpha0.8_adaptive_short_3.0_med_6.0_long_10.0_score_diff_iter1,0.013560582564511925,0.6406522497173945,0.5219940588182675,0.052396435411354046,No
selected_dbfp_dense_videomme_blip_k16_alpha0.5_adaptive_short_2.0_med_5.0_long_8.0_score_diff_iter1,selected_dbfp_dense_videomme_blip_k16_alpha0.8_adaptive_short_3.0_med_6.0_long_10.0_score_diff_iter2,0.0090903974691188,0.4290662421528493,0.6680295468104986,0.03509164551420216,No
selected_dbfp_dense_videomme_blip_k16_alpha0.5_adaptive_short_2.0_med_5.0_long_8.0_score_diff_iter1,selected_dbfp_dense_videomme_blip_k16_alpha0.8_adaptive_short_3.0_med_6.0_long_10.0_score_diff_iter3,0.004324418648586487,0.20198759283817022,0.8399951175264195,0.01651977320198336,No
selected_dbfp_dense_videomme_blip_k16_alpha0.5_adaptive_short_2.0_med_5.0_long_8.0_score_diff_iter1,selected_dbfp_dense_videomme_blip_k16_alpha0.8_adaptive_short_3.0_med_6.0_long_10.0_temporal_iter1,-0.004474733164946981,-0.20411057259780646,0.8383365358417776,-0.016693403407024007,No
selected_dbfp_dense_videomme_blip_k16_alpha0.5_adaptive_short_2.0_med_5.0_long_8.0_score_diff_iter1,selected_dbfp_dense_videomme_blip_k16_alpha0.8_adaptive_short_3.0_med_6.0_long_10.0_temporal_iter2,0.008484389108508905,0.3952524765585143,0.6927975193004292,0.03232615023119667,No
selected_dbfp_dense_videomme_blip_k16_alpha0.5_adaptive_short_2.0_med_5.0_long_8.0_score_diff_iter1,selected_dbfp_dense_videomme_blip_k16_alpha0.8_adaptive_short_3.0_med_6.0_long_10.0_temporal_iter3,0.013119095000486691,0.6142050449652037,0.5393134332191261,0.05023342225561185,No
selected_dbfp_dense_videomme_blip_k16_alpha0.5_adaptive_short_2.0_med_5.0_long_8.0_score_diff_iter2,selected_dbfp_dense_videomme_blip_k16_alpha0.5_adaptive_short_2.0_med_5.0_long_8.0_score_diff_iter3,0.010807689120811259,0.5216902910492575,0.6020791468999959,0.04266700324364842,No
selected_dbfp_dense_videomme_blip_k16_alpha0.5_adaptive_short_2.0_med_5.0_long_8.0_score_diff_iter2,selected_dbfp_dense_videomme_blip_k16_alpha0.5_adaptive_short_2.0_med_5.0_long_8.0_temporal_iter1,0.002648082599333884,0.12579294882685976,0.8999381025354951,0.010288112029447922,No
selected_dbfp_dense_videomme_blip_k16_alpha0.5_adaptive_short_2.0_med_5.0_long_8.0_score_diff_iter2,selected_dbfp_dense_videomme_blip_k16_alpha0.5_adaptive_short_2.0_med_5.0_long_8.0_temporal_iter2,-0.010784896570914332,-0.49738798210741364,0.6190983076188854,-0.040679412761517784,No
selected_dbfp_dense_videomme_blip_k16_alpha0.5_adaptive_short_2.0_med_5.0_long_8.0_score_diff_iter2,selected_dbfp_dense_videomme_blip_k16_alpha0.5_adaptive_short_2.0_med_5.0_long_8.0_temporal_iter3,0.006399232534601007,0.3015991416763763,0.763062512501125,0.02466661118477295,No
selected_dbfp_dense_videomme_blip_k16_alpha0.5_adaptive_short_2.0_med_5.0_long_8.0_score_diff_iter2,selected_dbfp_dense_videomme_blip_k16_alpha0.5_adaptive_short_3.0_med_6.0_long_10.0_score_diff_iter1,-0.00034958534944729003,-0.01652766639221455,0.986818943139625,-0.0013517330267362032,No
selected_dbfp_dense_videomme_blip_k16_alpha0.5_adaptive_short_2.0_med_5.0_long_8.0_score_diff_iter2,selected_dbfp_dense_videomme_blip_k16_alpha0.5_adaptive_short_3.0_med_6.0_long_10.0_score_diff_iter2,0.013817313493646233,0.6666215511738689,0.5052710050240732,0.054520362703309955,No
selected_dbfp_dense_videomme_blip_k16_alpha0.5_adaptive_short_2.0_med_5.0_long_8.0_score_diff_iter2,selected_dbfp_dense_videomme_blip_k16_alpha0.5_adaptive_short_3.0_med_6.0_long_10.0_score_diff_iter3,0.006520275847095441,0.31217903933893515,0.7550132809886618,0.025531899513704236,No
selected_dbfp_dense_videomme_blip_k16_alpha0.5_adaptive_short_2.0_med_5.0_long_8.0_score_diff_iter2,selected_dbfp_dense_videomme_blip_k16_alpha0.5_adaptive_short_3.0_med_6.0_long_10.0_temporal_iter1,-0.001925836345450349,-0.09150214731723547,0.9271242424029569,-0.0074836018338606545,No
selected_dbfp_dense_videomme_blip_k16_alpha0.5_adaptive_short_2.0_med_5.0_long_8.0_score_diff_iter2,selected_dbfp_dense_videomme_blip_k16_alpha0.5_adaptive_short_3.0_med_6.0_long_10.0_temporal_iter2,0.012254718860917918,0.594308714259425,0.5525304187668894,0.048606179316367036,No
selected_dbfp_dense_videomme_blip_k16_alpha0.5_adaptive_short_2.0_med_5.0_long_8.0_score_diff_iter2,selected_dbfp_dense_videomme_blip_k16_alpha0.5_adaptive_short_3.0_med_6.0_long_10.0_temporal_iter3,0.01567105564280563,0.7511874704967206,0.45283534450382235,0.06143667765908663,No
selected_dbfp_dense_videomme_blip_k16_alpha0.5_adaptive_short_2.0_med_5.0_long_8.0_score_diff_iter2,selected_dbfp_dense_videomme_blip_k16_alpha0.85_adaptive_short_2.0_med_3.0_long_5.0_score_diff_iter1,0.00574062440503359,0.2771927338108631,0.7817279106701694,0.022670506765006346,No
selected_dbfp_dense_videomme_blip_k16_alpha0.5_adaptive_short_2.0_med_5.0_long_8.0_score_diff_iter2,selected_dbfp_dense_videomme_blip_k16_alpha0.85_adaptive_short_2.0_med_3.0_long_5.0_score_diff_iter2,0.007417695429909721,0.3576330561195478,0.7207441237717165,0.029249405304260553,No
selected_dbfp_dense_videomme_blip_k16_alpha0.5_adaptive_short_2.0_med_5.0_long_8.0_score_diff_iter2,selected_dbfp_dense_videomme_blip_k16_alpha0.85_adaptive_short_2.0_med_3.0_long_5.0_score_diff_iter3,0.011665898071697045,0.5698599347669405,0.5689867143589473,0.046606609497617454,No
selected_dbfp_dense_videomme_blip_k16_alpha0.5_adaptive_short_2.0_med_5.0_long_8.0_score_diff_iter2,selected_dbfp_dense_videomme_blip_k16_alpha0.85_adaptive_short_2.0_med_3.0_long_5.0_temporal_iter1,0.018727087093185213,0.921899894546371,0.3569525743070391,0.07539857734557778,No
selected_dbfp_dense_videomme_blip_k16_alpha0.5_adaptive_short_2.0_med_5.0_long_8.0_score_diff_iter2,selected_dbfp_dense_videomme_blip_k16_alpha0.85_adaptive_short_2.0_med_3.0_long_5.0_temporal_iter2,0.014504653421349406,0.7031140179649847,0.48225833300974963,0.05750493845650243,No
selected_dbfp_dense_videomme_blip_k16_alpha0.5_adaptive_short_2.0_med_5.0_long_8.0_score_diff_iter2,selected_dbfp_dense_videomme_blip_k16_alpha0.85_adaptive_short_2.0_med_3.0_long_5.0_temporal_iter3,0.003376642328262569,0.15997161272624352,0.87295745494324,0.013083450930909455,No
selected_dbfp_dense_videomme_blip_k16_alpha0.5_adaptive_short_2.0_med_5.0_long_8.0_score_diff_iter2,selected_dbfp_dense_videomme_blip_k16_alpha0.85_adaptive_short_2.0_med_4.0_long_6.0_score_diff_iter1,-0.0028505551085341307,-0.13508782374037154,0.8925878934876041,-0.011048303402896318,No
selected_dbfp_dense_videomme_blip_k16_alpha0.5_adaptive_short_2.0_med_5.0_long_8.0_score_diff_iter2,selected_dbfp_dense_videomme_blip_k16_alpha0.85_adaptive_short_2.0_med_4.0_long_6.0_score_diff_iter2,0.0010896353479134535,0.05193413145498692,0.9585985210130996,0.004247488968774528,No
selected_dbfp_dense_videomme_blip_k16_alpha0.5_adaptive_short_2.0_med_5.0_long_8.0_score_diff_iter2,selected_dbfp_dense_videomme_blip_k16_alpha0.85_adaptive_short_2.0_med_4.0_long_6.0_score_diff_iter3,0.005171147234656198,0.24781669391219688,0.8043613052463877,0.020267955657597588,No
selected_dbfp_dense_videomme_blip_k16_alpha0.5_adaptive_short_2.0_med_5.0_long_8.0_score_diff_iter2,selected_dbfp_dense_videomme_blip_k16_alpha0.85_adaptive_short_2.0_med_4.0_long_6.0_temporal_iter1,0.0028700966249283755,0.13729646558004088,0.8908426769342346,0.011228939554423207,No
selected_dbfp_dense_videomme_blip_k16_alpha0.5_adaptive_short_2.0_med_5.0_long_8.0_score_diff_iter2,selected_dbfp_dense_videomme_blip_k16_alpha0.85_adaptive_short_2.0_med_4.0_long_6.0_temporal_iter2,-0.00416261612952179,-0.1961968371538342,0.8445227569408938,-0.016046169995200782,No
selected_dbfp_dense_videomme_blip_k16_alpha0.5_adaptive_short_2.0_med_5.0_long_8.0_score_diff_iter2,selected_dbfp_dense_videomme_blip_k16_alpha0.85_adaptive_short_2.0_med_4.0_long_6.0_temporal_iter3,-0.011538900647758976,-0.5363531240276124,0.5919139799781008,-0.04386621892093745,No
selected_dbfp_dense_videomme_blip_k16_alpha0.5_adaptive_short_2.0_med_5.0_long_8.0_score_diff_iter2,selected_dbfp_dense_videomme_blip_k16_alpha0.85_adaptive_short_2.0_med_5.0_long_8.0_score_diff_iter1,-0.004400552319786644,-0.20670338356128806,0.8363118746488102,-0.016905459230433427,No
selected_dbfp_dense_videomme_blip_k16_alpha0.5_adaptive_short_2.0_med_5.0_long_8.0_score_diff_iter2,selected_dbfp_dense_videomme_blip_k16_alpha0.85_adaptive_short_2.0_med_5.0_long_8.0_score_diff_iter2,0.0015206644780786371,0.07223551872129183,0.9424386318345094,0.005907859828719904,No
selected_dbfp_dense_videomme_blip_k16_alpha0.5_adaptive_short_2.0_med_5.0_long_8.0_score_diff_iter2,selected_dbfp_dense_videomme_blip_k16_alpha0.85_adaptive_short_2.0_med_5.0_long_8.0_score_diff_iter3,0.004836334159489225,0.23005299690578496,0.8181292597659784,0.018815132539823635,No
selected_dbfp_dense_videomme_blip_k16_alpha0.5_adaptive_short_2.0_med_5.0_long_8.0_score_diff_iter2,selected_dbfp_dense_videomme_blip_k16_alpha0.85_adaptive_short_2.0_med_5.0_long_8.0_temporal_iter1,0.008283106892738978,0.39840298632508836,0.6904753608922841,0.03258381803122054,No
selected_dbfp_dense_videomme_blip_k16_alpha0.5_adaptive_short_2.0_med_5.0_long_8.0_score_diff_iter2,selected_dbfp_dense_videomme_blip_k16_alpha0.85_adaptive_short_2.0_med_5.0_long_8.0_temporal_iter2,0.004086165231779182,0.19513259925498175,0.8453554216392363,0.015959130142370628,No
selected_dbfp_dense_videomme_blip_k16_alpha0.5_adaptive_short_2.0_med_5.0_long_8.0_score_diff_iter2,selected_dbfp_dense_videomme_blip_k16_alpha0.85_adaptive_short_2.0_med_5.0_long_8.0_temporal_iter3,-0.0005712056344526484,-0.026833666191641986,0.9786013532248745,-0.0021946203394849987,No
selected_dbfp_dense_videomme_blip_k16_alpha0.5_adaptive_short_2.0_med_5.0_long_8.0_score_diff_iter2,selected_dbfp_dense_videomme_blip_k16_alpha0.85_adaptive_short_3.0_med_6.0_long_10.0_score_diff_iter1,0.009547695392667477,0.4630282279718612,0.643512588094713,0.0378692631242748,No
selected_dbfp_dense_videomme_blip_k16_alpha0.5_adaptive_short_2.0_med_5.0_long_8.0_score_diff_iter2,selected_dbfp_dense_videomme_blip_k16_alpha0.85_adaptive_short_3.0_med_6.0_long_10.0_score_diff_iter2,0.0074985591835624865,0.3645809498548252,0.7155531238181096,0.02981764627877404,No
selected_dbfp_dense_videomme_blip_k16_alpha0.5_adaptive_short_2.0_med_5.0_long_8.0_score_diff_iter2,selected_dbfp_dense_videomme_blip_k16_alpha0.85_adaptive_short_3.0_med_6.0_long_10.0_score_diff_iter3,0.005404168321689495,0.26089973440574227,0.7942596500814358,0.021337966232229777,No
selected_dbfp_dense_videomme_blip_k16_alpha0.5_adaptive_short_2.0_med_5.0_long_8.0_score_diff_iter2,selected_dbfp_dense_videomme_blip_k16_alpha0.85_adaptive_short_3.0_med_6.0_long_10.0_temporal_iter1,-0.003521673096368083,-0.16677397362702526,0.8676042732232745,-0.013639789356069814,No
selected_dbfp_dense_videomme_blip_k16_alpha0.5_adaptive_short_2.0_med_5.0_long_8.0_score_diff_iter2,selected_dbfp_dense_videomme_blip_k16_alpha0.85_adaptive_short_3.0_med_6.0_long_10.0_temporal_iter2,0.010521273049130975,0.508726200148008,0.6111317878364897,0.04160672108107394,No
selected_dbfp_dense_videomme_blip_k16_alpha0.5_adaptive_short_2.0_med_5.0_long_8.0_score_diff_iter2,selected_dbfp_dense_videomme_blip_k16_alpha0.85_adaptive_short_3.0_med_6.0_long_10.0_temporal_iter3,0.004083019157577,0.19491129243452335,0.8455285949132856,0.015941030325536877,No
selected_dbfp_dense_videomme_blip_k16_alpha0.5_adaptive_short_2.0_med_5.0_long_8.0_score_diff_iter2,selected_dbfp_dense_videomme_blip_k16_alpha0.8_adaptive_short_2.0_med_3.0_long_5.0_score_diff_iter1,0.004343638582130771,0.2087809245967907,0.8346903583323841,0.017075373150141956,No
selected_dbfp_dense_videomme_blip_k16_alpha0.5_adaptive_short_2.0_med_5.0_long_8.0_score_diff_iter2,selected_dbfp_dense_videomme_blip_k16_alpha0.8_adaptive_short_2.0_med_3.0_long_5.0_score_diff_iter2,0.012892495557312506,0.6327578989689647,0.5271336298072247,0.051750787340864975,No
selected_dbfp_dense_videomme_blip_k16_alpha0.5_adaptive_short_2.0_med_5.0_long_8.0_score_diff_iter2,selected_dbfp_dense_videomme_blip_k16_alpha0.8_adaptive_short_2.0_med_3.0_long_5.0_score_diff_iter3,0.01485268306569637,0.7261746135900737,0.4680158533848816,0.05939097412650093,No
selected_dbfp_dense_videomme_blip_k16_alpha0.5_adaptive_short_2.0_med_5.0_long_8.0_score_diff_iter2,selected_dbfp_dense_videomme_blip_k16_alpha0.8_adaptive_short_2.0_med_3.0_long_5.0_temporal_iter1,0.014530868882607656,0.7068942006359921,0.4799075815640098,0.057814104766027045,No
selected_dbfp_dense_videomme_blip_k16_alpha0.5_adaptive_short_2.0_med_5.0_long_8.0_score_diff_iter2,selected_dbfp_dense_videomme_blip_k16_alpha0.8_adaptive_short_2.0_med_3.0_long_5.0_temporal_iter2,-0.005850456057648029,-0.2723954748536152,0.7854119793273376,-0.022278157797452423,No
selected_dbfp_dense_videomme_blip_k16_alpha0.5_adaptive_short_2.0_med_5.0_long_8.0_score_diff_iter2,selected_dbfp_dense_videomme_blip_k16_alpha0.8_adaptive_short_2.0_med_3.0_long_5.0_temporal_iter3,0.006531479785165967,0.30925089430540126,0.7572384006123455,0.025292418024201763,No
selected_dbfp_dense_videomme_blip_k16_alpha0.5_adaptive_short_2.0_med_5.0_long_8.0_score_diff_iter2,selected_dbfp_dense_videomme_blip_k16_alpha0.8_adaptive_short_2.0_med_4.0_long_6.0_score_diff_iter1,-0.0018425147277494613,-0.08748192616291427,0.9303177368368402,-0.007154803709802822,No
selected_dbfp_dense_videomme_blip_k16_alpha0.5_adaptive_short_2.0_med_5.0_long_8.0_score_diff_iter2,selected_dbfp_dense_videomme_blip_k16_alpha0.8_adaptive_short_2.0_med_4.0_long_6.0_score_diff_iter2,0.004386309646838171,0.21009722296044125,0.8336633543462981,0.01718302803418431,No
selected_dbfp_dense_videomme_blip_k16_alpha0.5_adaptive_short_2.0_med_5.0_long_8.0_score_diff_iter2,selected_dbfp_dense_videomme_blip_k16_alpha0.8_adaptive_short_2.0_med_4.0_long_6.0_score_diff_iter3,0.0067614148222244486,0.31986835261453855,0.7491798517665056,0.026160778307447112,No
selected_dbfp_dense_videomme_blip_k16_alpha0.5_adaptive_short_2.0_med_5.0_long_8.0_score_diff_iter2,selected_dbfp_dense_videomme_blip_k16_alpha0.8_adaptive_short_2.0_med_4.0_long_6.0_temporal_iter1,-0.0012251028524486174,-0.057962185895979165,0.9537981115615015,-0.004740499905790386,No
selected_dbfp_dense_videomme_blip_k16_alpha0.5_adaptive_short_2.0_med_5.0_long_8.0_score_diff_iter2,selected_dbfp_dense_videomme_blip_k16_alpha0.8_adaptive_short_2.0_med_4.0_long_6.0_temporal_iter2,-0.01831290665325544,-0.8429336523835776,0.3996025700966108,-0.06894023822833113,No
selected_dbfp_dense_videomme_blip_k16_alpha0.5_adaptive_short_2.0_med_5.0_long_8.0_score_diff_iter2,selected_dbfp_dense_videomme_blip_k16_alpha0.8_adaptive_short_2.0_med_4.0_long_6.0_temporal_iter3,-0.0005150187193352918,-0.024388732182168523,0.9805506719807549,-0.0019946587731412063,No
selected_dbfp_dense_videomme_blip_k16_alpha0.5_adaptive_short_2.0_med_5.0_long_8.0_score_diff_iter2,selected_dbfp_dense_videomme_blip_k16_alpha0.8_adaptive_short_2.0_med_5.0_long_8.0_score_diff_iter1,-0.002813636122098062,-0.13325231942315469,0.8940386628426931,-0.010898184702367482,No
selected_dbfp_dense_videomme_blip_k16_alpha0.5_adaptive_short_2.0_med_5.0_long_8.0_score_diff_iter2,selected_dbfp_dense_videomme_blip_k16_alpha0.8_adaptive_short_2.0_med_5.0_long_8.0_score_diff_iter2,0.0015529669688282566,0.07349927326707995,0.9414333998421385,0.006011217358484919,No
selected_dbfp_dense_videomme_blip_k16_alpha0.5_adaptive_short_2.0_med_5.0_long_8.0_score_diff_iter2,selected_dbfp_dense_videomme_blip_k16_alpha0.8_adaptive_short_2.0_med_5.0_long_8.0_score_diff_iter3,-0.0017113931963519957,-0.07957167808000959,0.9366045416468463,-0.0065078555417288474,No
selected_dbfp_dense_videomme_blip_k16_alpha0.5_adaptive_short_2.0_med_5.0_long_8.0_score_diff_iter2,selected_dbfp_dense_videomme_blip_k16_alpha0.8_adaptive_short_2.0_med_5.0_long_8.0_temporal_iter1,0.008504521627910738,0.4090339297343032,0.6826612113847186,0.03345328120659795,No
selected_dbfp_dense_videomme_blip_k16_alpha0.5_adaptive_short_2.0_med_5.0_long_8.0_score_diff_iter2,selected_dbfp_dense_videomme_blip_k16_alpha0.8_adaptive_short_2.0_med_5.0_long_8.0_temporal_iter2,-0.007641587528059185,-0.35560493001248783,0.7222618519359432,-0.029083532862594547,No
selected_dbfp_dense_videomme_blip_k16_alpha0.5_adaptive_short_2.0_med_5.0_long_8.0_score_diff_iter2,selected_dbfp_dense_videomme_blip_k16_alpha0.8_adaptive_short_2.0_med_5.0_long_8.0_temporal_iter3,0.0013309130870704233,0.06255427068695517,0.9501423469157426,0.005116068515875508,No
selected_dbfp_dense_videomme_blip_k16_alpha0.5_adaptive_short_2.0_med_5.0_long_8.0_score_diff_iter2,selected_dbfp_dense_videomme_blip_k16_alpha0.8_adaptive_short_3.0_med_6.0_long_10.0_score_diff_iter1,0.009894416391803607,0.4804938993384596,0.6310519661805085,0.03929771189626829,No
selected_dbfp_dense_videomme_blip_k16_alpha0.5_adaptive_short_2.0_med_5.0_long_8.0_score_diff_iter2,selected_dbfp_dense_videomme_blip_k16_alpha0.8_adaptive_short_3.0_med_6.0_long_10.0_score_diff_iter2,0.005424231296410481,0.2631543798885145,0.7925222346675631,0.021522364841135157,No
selected_dbfp_dense_videomme_blip_k16_alpha0.5_adaptive_short_2.0_med_5.0_long_8.0_score_diff_iter2,selected_dbfp_dense_videomme_blip_k16_alpha0.8_adaptive_short_3.0_med_6.0_long_10.0_score_diff_iter3,0.0006582524758781683,0.031583956097774105,0.9748143764915917,0.002583127922275253,No
selected_dbfp_dense_videomme_blip_k16_alpha0.5_adaptive_short_2.0_med_5.0_long_8.0_score_diff_iter2,selected_dbfp_dense_videomme_blip_k16_alpha0.8_adaptive_short_3.0_med_6.0_long_10.0_temporal_iter1,-0.0081408993376553,-0.380971801097796,0.7033594771219394,-0.031158189775907282,No
selected_dbfp_dense_videomme_blip_k16_alpha0.5_adaptive_short_2.0_med_5.0_long_8.0_score_diff_iter2,selected_dbfp_dense_videomme_blip_k16_alpha0.8_adaptive_short_3.0_med_6.0_long_10.0_temporal_iter2,0.004818222935800587,0.23054462832078682,0.8177474364730557,0.018855341141155064,No
selected_dbfp_dense_videomme_blip_k16_alpha0.5_adaptive_short_2.0_med_5.0_long_8.0_score_diff_iter2,selected_dbfp_dense_videomme_blip_k16_alpha0.8_adaptive_short_3.0_med_6.0_long_10.0_temporal_iter3,0.009452928827778373,0.45468333007611117,0.6495020814139478,0.03718676665973213,No
selected_dbfp_dense_videomme_blip_k16_alpha0.5_adaptive_short_2.0_med_5.0_long_8.0_score_diff_iter3,selected_dbfp_dense_videomme_blip_k16_alpha0.5_adaptive_short_2.0_med_5.0_long_8.0_temporal_iter1,-0.008159606521477375,-0.3920095014103529,0.6951908576781214,-0.03206091997167461,No
selected_dbfp_dense_videomme_blip_k16_alpha0.5_adaptive_short_2.0_med_5.0_long_8.0_score_diff_iter3,selected_dbfp_dense_videomme_blip_k16_alpha0.5_adaptive_short_2.0_med_5.0_long_8.0_temporal_iter2,-0.02159258569172559,-1.0064725626547537,0.31459537633800466,-0.08231544441301908,No
selected_dbfp_dense_videomme_blip_k16_alpha0.5_adaptive_short_2.0_med_5.0_long_8.0_score_diff_iter3,selected_dbfp_dense_videomme_blip_k16_alpha0.5_adaptive_short_2.0_med_5.0_long_8.0_temporal_iter3,-0.004408456586210252,-0.2100941015698535,0.8336657893858678,-0.017182772751279256,No
selected_dbfp_dense_videomme_blip_k16_alpha0.5_adaptive_short_2.0_med_5.0_long_8.0_score_diff_iter3,selected_dbfp_dense_videomme_blip_k16_alpha0.5_adaptive_short_3.0_med_6.0_long_10.0_score_diff_iter1,-0.011157274470258549,-0.5334234219174531,0.5939387039831083,-0.04362661002563834,No
selected_dbfp_dense_videomme_blip_k16_alpha0.5_adaptive_short_2.0_med_5.0_long_8.0_score_diff_iter3,selected_dbfp_dense_videomme_blip_k16_alpha0.5_adaptive_short_3.0_med_6.0_long_10.0_score_diff_iter2,0.0030096243728349736,0.14690169249621046,0.8832591267709253,0.012014513390419779,No
selected_dbfp_dense_videomme_blip_k16_alpha0.5_adaptive_short_2.0_med_5.0_long_8.0_score_diff_iter3,selected_dbfp_dense_videomme_blip_k16_alpha0.5_adaptive_short_3.0_med_6.0_long_10.0_score_diff_iter3,-0.004287413273715818,-0.2076415624027781,0.8355795412936229,-0.016982189178901593,No
selected_dbfp_dense_videomme_blip_k16_alpha0.5_adaptive_short_2.0_med_5.0_long_8.0_score_diff_iter3,selected_dbfp_dense_videomme_blip_k16_alpha0.5_adaptive_short_3.0_med_6.0_long_10.0_temporal_iter1,-0.012733525466261608,-0.6118784603694132,0.5408507316269127,-0.05004313997379791,No
selected_dbfp_dense_videomme_blip_k16_alpha0.5_adaptive_short_2.0_med_5.0_long_8.0_score_diff_iter3,selected_dbfp_dense_videomme_blip_k16_alpha0.5_adaptive_short_3.0_med_6.0_long_10.0_temporal_iter2,0.001447029740106659,0.07100654062826428,0.9434162896678305,0.0058073465220717675,No
selected_dbfp_dense_videomme_blip_k16_alpha0.5_adaptive_short_2.0_med_5.0_long_8.0_score_diff_iter3,selected_dbfp_dense_videomme_blip_k16_alpha0.5_adaptive_short_3.0_med_6.0_long_10.0_temporal_iter3,0.004863366521994372,0.23581973954199034,0.8136532908247656,0.01928677179312255,No
selected_dbfp_dense_videomme_blip_k16_alpha0.5_adaptive_short_2.0_med_5.0_long_8.0_score_diff_iter3,selected_dbfp_dense_videomme_blip_k16_alpha0.85_adaptive_short_2.0_med_3.0_long_5.0_score_diff_iter1,-0.005067064715777669,-0.24754068151904723,0.804574779080817,-0.020245381670862768,No
selected_dbfp_dense_videomme_blip_k16_alpha0.5_adaptive_short_2.0_med_5.0_long_8.0_score_diff_iter3,selected_dbfp_dense_videomme_blip_k16_alpha0.85_adaptive_short_2.0_med_3.0_long_5.0_score_diff_iter2,-0.0033899936909015382,-0.1653558447125582,0.8687197894996478,-0.013523806137142328,No
selected_dbfp_dense_videomme_blip_k16_alpha0.5_adaptive_short_2.0_med_5.0_long_8.0_score_diff_iter3,selected_dbfp_dense_videomme_blip_k16_alpha0.85_adaptive_short_2.0_med_3.0_long_5.0_score_diff_iter3,0.000858208950885786,0.04242584720746799,0.9661733852780419,0.0034698436788041147,No
selected_dbfp_dense_videomme_blip_k16_alpha0.5_adaptive_short_2.0_med_5.0_long_8.0_score_diff_iter3,selected_dbfp_dense_videomme_blip_k16_alpha0.85_adaptive_short_2.0_med_3.0_long_5.0_temporal_iter1,0.007919397972373954,0.3946164732348118,0.6932666528660054,0.03227413392757894,No
selected_dbfp_dense_videomme_blip_k16_alpha0.5_adaptive_short_2.0_med_5.0_long_8.0_score_diff_iter3,selected_dbfp_dense_videomme_blip_k16_alpha0.85_adaptive_short_2.0_med_3.0_long_5.0_temporal_iter2,0.003696964300538147,0.18133067441824433,0.8561694726733005,0.014830324814155362,No
selected_dbfp_dense_videomme_blip_k16_alpha0.5_adaptive_short_2.0_med_5.0_long_8.0_score_diff_iter3,selected_dbfp_dense_videomme_blip_k16_alpha0.85_adaptive_short_2.0_med_3.0_long_5.0_temporal_iter3,-0.00743104679254869,-0.3560277857212888,0.7219453213732459,-0.029118116540203166,No
selected_dbfp_dense_videomme_blip_k16_alpha0.5_adaptive_short_2.0_med_5.0_long_8.0_score_diff_iter3,selected_dbfp_dense_videomme_blip_k16_alpha0.85_adaptive_short_2.0_med_4.0_long_6.0_score_diff_iter1,-0.01365824422934539,-0.6545767879081754,0.5129919469817239,-0.05353526875993954,No
selected_dbfp_dense_videomme_blip_k16_alpha0.5_adaptive_short_2.0_med_5.0_long_8.0_score_diff_iter3,selected_dbfp_dense_videomme_blip_k16_alpha0.85_adaptive_short_2.0_med_4.0_long_6.0_score_diff_iter2,-0.009718053772897806,-0.4684753517994602,0.6396154077194136,-0.038314762031768555,No
selected_dbfp_dense_videomme_blip_k16_alpha0.5_adaptive_short_2.0_med_5.0_long_8.0_score_diff_iter3,selected_dbfp_dense_videomme_blip_k16_alpha0.85_adaptive_short_2.0_med_4.0_long_6.0_score_diff_iter3,-0.005636541886155061,-0.2732417076870822,0.7847617597002366,-0.0223473678276957,No
selected_dbfp_dense_videomme_blip_k16_alpha0.5_adaptive_short_2.0_med_5.0_long_8.0_score_diff_iter3,selected_dbfp_dense_videomme_blip_k16_alpha0.85_adaptive_short_2.0_med_4.0_long_6.0_temporal_iter1,-0.007937592495882884,-0.38408214255697054,0.7010540961741416,-0.03141257236697216,No
selected_dbfp_dense_videomme_blip_k16_alpha0.5_adaptive_short_2.0_med_5.0_long_8.0_score_diff_iter3,selected_dbfp_dense_videomme_blip_k16_alpha0.85_adaptive_short_2.0_med_4.0_long_6.0_temporal_iter2,-0.01497030525033305,-0.7134801640694721,0.4758270300060041,-0.058352744937242684,No
selected_dbfp_dense_videomme_blip_k16_alpha0.5_adaptive_short_2.0_med_5.0_long_8.0_score_diff_iter3,selected_dbfp_dense_videomme_blip_k16_alpha0.85_adaptive_short_2.0_med_4.0_long_6.0_temporal_iter3,-0.022346589768570235,-1.0500003532252766,0.2941420933475236,-0.0858754117003173,No
selected_dbfp_dense_videomme_blip_k16_alpha0.5_adaptive_short_2.0_med_5.0_long_8.0_score_diff_iter3,selected_dbfp_dense_videomme_blip_k16_alpha0.85_adaptive_short_2.0_med_5.0_long_8.0_score_diff_iter1,-0.015208241440597903,-0.7222902370854188,0.4703984074597527,-0.059073286271398386,No
selected_dbfp_dense_videomme_blip_k16_alpha0.5_adaptive_short_2.0_med_5.0_long_8.0_score_diff_iter3,selected_dbfp_dense_videomme_blip_k16_alpha0.85_adaptive_short_2.0_med_5.0_long_8.0_score_diff_iter2,-0.009287024642732622,-0.4461659578085778,0.6556388755016642,-0.03649016418207242,No
selected_dbfp_dense_videomme_blip_k16_alpha0.5_adaptive_short_2.0_med_5.0_long_8.0_score_diff_iter3,selected_dbfp_dense_videomme_blip_k16_alpha0.85_adaptive_short_2.0_med_5.0_long_8.0_score_diff_iter3,-0.005971354961322034,-0.28727676925798856,0.7739999266045638,-0.023495240485918067,No
selected_dbfp_dense_videomme_blip_k16_alpha0.5_adaptive_short_2.0_med_5.0_long_8.0_score_diff_iter3,selected_dbfp_dense_videomme_blip_k16_alpha0.85_adaptive_short_2.0_med_5.0_long_8.0_temporal_iter1,-0.0025245822280722807,-0.12284187572493627,0.9022735858707618,-0.010046755322601124,No
selected_dbfp_dense_videomme_blip_k16_alpha0.5_adaptive_short_2.0_med_5.0_long_8.0_score_diff_iter3,selected_dbfp_dense_videomme_blip_k16_alpha0.85_adaptive_short_2.0_med_5.0_long_8.0_temporal_iter2,-0.006721523889032077,-0.32466600110231364,0.7455474094374164,-0.026553159143348146,No
selected_dbfp_dense_videomme_blip_k16_alpha0.5_adaptive_short_2.0_med_5.0_long_8.0_score_diff_iter3,selected_dbfp_dense_videomme_blip_k16_alpha0.85_adaptive_short_2.0_med_5.0_long_8.0_temporal_iter3,-0.011378894755263907,-0.5404817223651839,0.5890661019056168,-0.04420388075358067,No
selected_dbfp_dense_videomme_blip_k16_alpha0.5_adaptive_short_2.0_med_5.0_long_8.0_score_diff_iter3,selected_dbfp_dense_videomme_blip_k16_alpha0.85_adaptive_short_3.0_med_6.0_long_10.0_score_diff_iter1,-0.0012599937281437823,-0.061828605625297565,0.950719981817422,-0.005056719207352688,No
selected_dbfp_dense_videomme_blip_k16_alpha0.5_adaptive_short_2.0_med_5.0_long_8.0_score_diff_iter3,selected_dbfp_dense_videomme_blip_k16_alpha0.85_adaptive_short_3.0_med_6.0_long_10.0_score_diff_iter2,-0.0033091299372487726,-0.16280531169606285,0.8707267256616819,-0.013315208038418387,No
selected_dbfp_dense_videomme_blip_k16_alpha0.5_adaptive_short_2.0_med_5.0_long_8.0_score_diff_iter3,selected_dbfp_dense_videomme_blip_k16_alpha0.85_adaptive_short_3.0_med_6.0_long_10.0_score_diff_iter3,-0.005403520799121764,-0.26392904099128034,0.7919255235881084,-0.021585721329289143,No
selected_dbfp_dense_videomme_blip_k16_alpha0.5_adaptive_short_2.0_med_5.0_long_8.0_score_diff_iter3,selected_dbfp_dense_videomme_blip_k16_alpha0.85_adaptive_short_3.0_med_6.0_long_10.0_temporal_iter1,-0.014329362217179342,-0.6862432372394357,0.4928257185474062,-0.056125143482020724,No
selected_dbfp_dense_videomme_blip_k16_alpha0.5_adaptive_short_2.0_med_5.0_long_8.0_score_diff_iter3,selected_dbfp_dense_videomme_blip_k16_alpha0.85_adaptive_short_3.0_med_6.0_long_10.0_temporal_iter2,-0.0002864160716802844,-0.014011823014862795,0.9888252218775744,-0.0011459720603653298,No
selected_dbfp_dense_videomme_blip_k16_alpha0.5_adaptive_short_2.0_med_5.0_long_8.0_score_diff_iter3,selected_dbfp_dense_videomme_blip_k16_alpha0.85_adaptive_short_3.0_med_6.0_long_10.0_temporal_iter3,-0.006724669963234259,-0.32469684240273133,0.745524076807655,-0.02655568153276497,No
selected_dbfp_dense_videomme_blip_k16_alpha0.5_adaptive_short_2.0_med_5.0_long_8.0_score_diff_iter3,selected_dbfp_dense_videomme_blip_k16_alpha0.8_adaptive_short_2.0_med_3.0_long_5.0_score_diff_iter1,-0.006464050538680488,-0.31431321290712894,0.7533927881551676,-0.025706445185646336,No
selected_dbfp_dense_videomme_blip_k16_alpha0.5_adaptive_short_2.0_med_5.0_long_8.0_score_diff_iter3,selected_dbfp_dense_videomme_blip_k16_alpha0.8_adaptive_short_2.0_med_3.0_long_5.0_score_diff_iter2,0.0020848064365012464,0.10356277535831762,0.9175510509538842,0.008469993294624806,No
selected_dbfp_dense_videomme_blip_k16_alpha0.5_adaptive_short_2.0_med_5.0_long_8.0_score_diff_iter3,selected_dbfp_dense_videomme_blip_k16_alpha0.8_adaptive_short_2.0_med_3.0_long_5.0_score_diff_iter3,0.004044993944885111,0.20014783985525128,0.8414330043243152,0.016369306982282512,No
selected_dbfp_dense_videomme_blip_k16_alpha0.5_adaptive_short_2.0_med_5.0_long_8.0_score_diff_iter3,selected_dbfp_dense_videomme_blip_k16_alpha0.8_adaptive_short_2.0_med_3.0_long_5.0_temporal_iter1,0.003723179761796397,0.18328264835527258,0.8546383727462107,0.014989969106054804,No
selected_dbfp_dense_videomme_blip_k16_alpha0.5_adaptive_short_2.0_med_5.0_long_8.0_score_diff_iter3,selected_dbfp_dense_videomme_blip_k16_alpha0.8_adaptive_short_2.0_med_3.0_long_5.0_temporal_iter2,-0.016658145178459288,-0.78405125346241,0.43332048292077596,-0.06412447764803587,No
selected_dbfp_dense_videomme_blip_k16_alpha0.5_adaptive_short_2.0_med_5.0_long_8.0_score_diff_iter3,selected_dbfp_dense_videomme_blip_k16_alpha0.8_adaptive_short_2.0_med_3.0_long_5.0_temporal_iter3,-0.004276209335645292,-0.2047521649811643,0.8378354319482768,-0.016745876701291705,No
selected_dbfp_dense_videomme_blip_k16_alpha0.5_adaptive_short_2.0_med_5.0_long_8.0_score_diff_iter3,selected_dbfp_dense_videomme_blip_k16_alpha0.8_adaptive_short_2.0_med_4.0_long_6.0_score_diff_iter1,-0.01265020384856072,-0.6074388122018229,0.543790322557247,-0.04968003856033346,No
selected_dbfp_dense_videomme_blip_k16_alpha0.5_adaptive_short_2.0_med_5.0_long_8.0_score_diff_iter3,selected_dbfp_dense_videomme_blip_k16_alpha0.8_adaptive_short_2.0_med_4.0_long_6.0_score_diff_iter2,-0.006421379473973088,-0.3111249100645457,0.7558140881589067,-0.025445686401865526,No
selected_dbfp_dense_videomme_blip_k16_alpha0.5_adaptive_short_2.0_med_5.0_long_8.0_score_diff_iter3,selected_dbfp_dense_videomme_blip_k16_alpha0.8_adaptive_short_2.0_med_4.0_long_6.0_score_diff_iter3,-0.0040462742985868105,-0.1935757246531851,0.8465738393826966,-0.015831799472366494,No
selected_dbfp_dense_videomme_blip_k16_alpha0.5_adaptive_short_2.0_med_5.0_long_8.0_score_diff_iter3,selected_dbfp_dense_videomme_blip_k16_alpha0.8_adaptive_short_2.0_med_4.0_long_6.0_temporal_iter1,-0.012032791973259876,-0.5757068089956704,0.5650299477582352,-0.04708480245233653,No
selected_dbfp_dense_videomme_blip_k16_alpha0.5_adaptive_short_2.0_med_5.0_long_8.0_score_diff_iter3,selected_dbfp_dense_videomme_blip_k16_alpha0.8_adaptive_short_2.0_med_4.0_long_6.0_temporal_iter2,-0.0291205957740667,-1.3546785802450467,0.17603156028111466,-0.11079384924707787,No
selected_dbfp_dense_videomme_blip_k16_alpha0.5_adaptive_short_2.0_med_5.0_long_8.0_score_diff_iter3,selected_dbfp_dense_videomme_blip_k16_alpha0.8_adaptive_short_2.0_med_4.0_long_6.0_temporal_iter3,-0.01132270784014655,-0.5422358099732922,0.5878580662753385,-0.04434734068681099,No
selected_dbfp_dense_videomme_blip_k16_alpha0.5_adaptive_short_2.0_med_5.0_long_8.0_score_diff_iter3,selected_dbfp_dense_videomme_blip_k16_alpha0.8_adaptive_short_2.0_med_5.0_long_8.0_score_diff_iter1,-0.013621325242909321,-0.6523772615826081,0.5144085130322642,-0.05335537812792057,No
selected_dbfp_dense_videomme_blip_k16_alpha0.5_adaptive_short_2.0_med_5.0_long_8.0_score_diff_iter3,selected_dbfp_dense_videomme_blip_k16_alpha0.8_adaptive_short_2.0_med_5.0_long_8.0_score_diff_iter2,-0.009254722151983003,-0.4429455380347077,0.6579653130758838,-0.03622677868202757,No
selected_dbfp_dense_videomme_blip_k16_alpha0.5_adaptive_short_2.0_med_5.0_long_8.0_score_diff_iter3,selected_dbfp_dense_videomme_blip_k16_alpha0.8_adaptive_short_2.0_med_5.0_long_8.0_score_diff_iter3,-0.012519082317163255,-0.5884041022450421,0.5564832456262705,-0.048123264311939265,No
selected_dbfp_dense_videomme_blip_k16_alpha0.5_adaptive_short_2.0_med_5.0_long_8.0_score_diff_iter3,selected_dbfp_dense_videomme_blip_k16_alpha0.8_adaptive_short_2.0_med_5.0_long_8.0_temporal_iter1,-0.002303167492900521,-0.11206296289226014,0.9108110884372056,-0.009165190308778551,No
selected_dbfp_dense_videomme_blip_k16_alpha0.5_adaptive_short_2.0_med_5.0_long_8.0_score_diff_iter3,selected_dbfp_dense_videomme_blip_k16_alpha0.8_adaptive_short_2.0_med_5.0_long_8.0_temporal_iter2,-0.018449276648870444,-0.8678930653542283,0.3858010197762637,-0.07098157068886012,No
selected_dbfp_dense_videomme_blip_k16_alpha0.5_adaptive_short_2.0_med_5.0_long_8.0_score_diff_iter3,selected_dbfp_dense_videomme_blip_k16_alpha0.8_adaptive_short_2.0_med_5.0_long_8.0_temporal_iter3,-0.009476776033740836,-0.45036662044986847,0.6526093383762711,-0.03683371992347947,No
selected_dbfp_dense_videomme_blip_k16_alpha0.5_adaptive_short_2.0_med_5.0_long_8.0_score_diff_iter3,selected_dbfp_dense_videomme_blip_k16_alpha0.8_adaptive_short_3.0_med_6.0_long_10.0_score_diff_iter1,-0.0009132727290076526,-0.04487705874920113,0.9642202841530176,-0.0036703186597674114,No
selected_dbfp_dense_videomme_blip_k16_alpha0.5_adaptive_short_2.0_med_5.0_long_8.0_score_diff_iter3,selected_dbfp_dense_videomme_blip_k16_alpha0.8_adaptive_short_3.0_med_6.0_long_10.0_score_diff_iter2,-0.005383457824400778,-0.2642711590651957,0.7916620334889686,-0.021613701820680946,No
selected_dbfp_dense_videomme_blip_k16_alpha0.5_adaptive_short_2.0_med_5.0_long_8.0_score_diff_iter3,selected_dbfp_dense_videomme_blip_k16_alpha0.8_adaptive_short_3.0_med_6.0_long_10.0_score_diff_iter3,-0.01014943664493309,-0.4926277877723319,0.6224564307457718,-0.040290095052231266,No
selected_dbfp_dense_videomme_blip_k16_alpha0.5_adaptive_short_2.0_med_5.0_long_8.0_score_diff_iter3,selected_dbfp_dense_videomme_blip_k16_alpha0.8_adaptive_short_3.0_med_6.0_long_10.0_temporal_iter1,-0.01894858845846656,-0.8965069228512641,0.370342836454826,-0.07332178587850544,No
selected_dbfp_dense_videomme_blip_k16_alpha0.5_adaptive_short_2.0_med_5.0_long_8.0_score_diff_iter3,selected_dbfp_dense_videomme_blip_k16_alpha0.8_adaptive_short_3.0_med_6.0_long_10.0_temporal_iter2,-0.005989466185010672,-0.28988860921556137,0.7720019428451661,-0.023708852628847844,No
selected_dbfp_dense_videomme_blip_k16_alpha0.5_adaptive_short_2.0_med_5.0_long_8.0_score_diff_iter3,selected_dbfp_dense_videomme_blip_k16_alpha0.8_adaptive_short_3.0_med_6.0_long_10.0_temporal_iter3,-0.0013547602930328861,-0.06592240072636531,0.9474616384923005,-0.005391534657598707,No
selected_dbfp_dense_videomme_blip_k16_alpha0.5_adaptive_short_2.0_med_5.0_long_8.0_temporal_iter1,selected_dbfp_dense_videomme_blip_k16_alpha0.5_adaptive_short_2.0_med_5.0_long_8.0_temporal_iter2,-0.013432979170248216,-0.6168466668338974,0.5375706371801068,-0.05044947018715827,No
selected_dbfp_dense_videomme_blip_k16_alpha0.5_adaptive_short_2.0_med_5.0_long_8.0_temporal_iter1,selected_dbfp_dense_videomme_blip_k16_alpha0.5_adaptive_short_2.0_med_5.0_long_8.0_temporal_iter3,0.003751149935267123,0.1759986979380507,0.8603545477026171,0.014394243391033748,No
selected_dbfp_dense_videomme_blip_k16_alpha0.5_adaptive_short_2.0_med_5.0_long_8.0_temporal_iter1,selected_dbfp_dense_videomme_blip_k16_alpha0.5_adaptive_short_3.0_med_6.0_long_10.0_score_diff_iter1,-0.002997667948781174,-0.14108227531762352,0.8878524570751192,-0.011538566095278723,No
selected_dbfp_dense_videomme_blip_k16_alpha0.5_adaptive_short_2.0_med_5.0_long_8.0_temporal_iter1,selected_dbfp_dense_videomme_blip_k16_alpha0.5_adaptive_short_3.0_med_6.0_long_10.0_score_diff_iter2,0.011169230894312349,0.5363256676228481,0.5919329404085804,0.04386397331414872,No
selected_dbfp_dense_videomme_blip_k16_alpha0.5_adaptive_short_2.0_med_5.0_long_8.0_temporal_iter1,selected_dbfp_dense_videomme_blip_k16_alpha0.5_adaptive_short_3.0_med_6.0_long_10.0_score_diff_iter3,0.0038721932477615573,0.18453354124837518,0.8536574786292356,0.015092274750074122,No
selected_dbfp_dense_videomme_blip_k16_alpha0.5_adaptive_short_2.0_med_5.0_long_8.0_temporal_iter1,selected_dbfp_dense_videomme_blip_k16_alpha0.5_adaptive_short_3.0_med_6.0_long_10.0_temporal_iter1,-0.004573918944784233,-0.21632735912224207,0.8288063573491684,-0.017692566450011032,No
selected_dbfp_dense_videomme_blip_k16_alpha0.5_adaptive_short_2.0_med_5.0_long_8.0_temporal_iter1,selected_dbfp_dense_videomme_blip_k16_alpha0.5_adaptive_short_3.0_med_6.0_long_10.0_temporal_iter2,0.009606636261584034,0.46366934544300664,0.6430533829649825,0.037921697615427304,No
selected_dbfp_dense_videomme_blip_k16_alpha0.5_adaptive_short_2.0_med_5.0_long_8.0_temporal_iter1,selected_dbfp_dense_videomme_blip_k16_alpha0.5_adaptive_short_3.0_med_6.0_long_10.0_temporal_iter3,0.013022973043471747,0.6213495651522477,0.5346064255346301,0.05081774451002121,No
selected_dbfp_dense_videomme_blip_k16_alpha0.5_adaptive_short_2.0_med_5.0_long_8.0_temporal_iter1,selected_dbfp_dense_videomme_blip_k16_alpha0.85_adaptive_short_2.0_med_3.0_long_5.0_score_diff_iter1,0.0030925418056997056,0.14862244810877417,0.8819016616215576,0.012155247251930353,No
selected_dbfp_dense_videomme_blip_k16_alpha0.5_adaptive_short_2.0_med_5.0_long_8.0_temporal_iter1,selected_dbfp_dense_videomme_blip_k16_alpha0.85_adaptive_short_2.0_med_3.0_long_5.0_score_diff_iter2,0.004769612830575837,0.2288780024011776,0.8190419889460445,0.018719034340230263,No
selected_dbfp_dense_videomme_blip_k16_alpha0.5_adaptive_short_2.0_med_5.0_long_8.0_temporal_iter1,selected_dbfp_dense_videomme_blip_k16_alpha0.85_adaptive_short_2.0_med_3.0_long_5.0_score_diff_iter3,0.009017815472363161,0.43837879745827235,0.6612700321481931,0.03585328285532035,No
selected_dbfp_dense_videomme_blip_k16_alpha0.5_adaptive_short_2.0_med_5.0_long_8.0_temporal_iter1,selected_dbfp_dense_videomme_blip_k16_alpha0.85_adaptive_short_2.0_med_3.0_long_5.0_temporal_iter1,0.01607900449385133,0.7876590970479199,0.4312082203285731,0.06441954892690446,No
selected_dbfp_dense_videomme_blip_k16_alpha0.5_adaptive_short_2.0_med_5.0_long_8.0_temporal_iter1,selected_dbfp_dense_videomme_blip_k16_alpha0.85_adaptive_short_2.0_med_3.0_long_5.0_temporal_iter2,0.011856570822015522,0.5720152378518047,0.5675266085875149,0.04678288330853399,No
selected_dbfp_dense_videomme_blip_k16_alpha0.5_adaptive_short_2.0_med_5.0_long_8.0_temporal_iter1,selected_dbfp_dense_videomme_blip_k16_alpha0.85_adaptive_short_2.0_med_3.0_long_5.0_temporal_iter3,0.0007285597289286849,0.03435939459286614,0.9726020281641021,0.002810120155629992,No
selected_dbfp_dense_videomme_blip_k16_alpha0.5_adaptive_short_2.0_med_5.0_long_8.0_temporal_iter1,selected_dbfp_dense_videomme_blip_k16_alpha0.85_adaptive_short_2.0_med_4.0_long_6.0_score_diff_iter1,-0.005498637707868015,-0.25939594290197354,0.7954190319258434,-0.021214977040967906,No
selected_dbfp_dense_videomme_blip_k16_alpha0.5_adaptive_short_2.0_med_5.0_long_8.0_temporal_iter1,selected_dbfp_dense_videomme_blip_k16_alpha0.85_adaptive_short_2.0_med_4.0_long_6.0_score_diff_iter2,-0.0015584472514204306,-0.0739371042919327,0.9410851563552003,-0.006047025840638067,No
selected_dbfp_dense_videomme_blip_k16_alpha0.5_adaptive_short_2.0_med_5.0_long_8.0_temporal_iter1,selected_dbfp_dense_videomme_blip_k16_alpha0.85_adaptive_short_2.0_med_4.0_long_6.0_score_diff_iter3,0.002523064635322314,0.12035074787717348,0.9042457289096126,0.009843015751964898,No
selected_dbfp_dense_videomme_blip_k16_alpha0.5_adaptive_short_2.0_med_5.0_long_8.0_temporal_iter1,selected_dbfp_dense_videomme_blip_k16_alpha0.85_adaptive_short_2.0_med_4.0_long_6.0_temporal_iter1,0.00022201402559449135,0.01057127184414321,0.9915690281545182,0.000864582872335971,No
selected_dbfp_dense_videomme_blip_k16_alpha0.5_adaptive_short_2.0_med_5.0_long_8.0_temporal_iter1,selected_dbfp_dense_videomme_blip_k16_alpha0.85_adaptive_short_2.0_med_4.0_long_6.0_temporal_iter2,-0.006810698728855674,-0.319565524651298,0.749409320067364,-0.026136011204036576,No
selected_dbfp_dense_videomme_blip_k16_alpha0.5_adaptive_short_2.0_med_5.0_long_8.0_temporal_iter1,selected_dbfp_dense_videomme_blip_k16_alpha0.85_adaptive_short_2.0_med_4.0_long_6.0_temporal_iter3,-0.01418698324709286,-0.6565570997082737,0.5117183072107729,-0.05369723076919306,No
selected_dbfp_dense_videomme_blip_k16_alpha0.5_adaptive_short_2.0_med_5.0_long_8.0_temporal_iter1,selected_dbfp_dense_videomme_blip_k16_alpha0.85_adaptive_short_2.0_med_5.0_long_8.0_score_diff_iter1,-0.007048634919120528,-0.3296107053213854,0.7418095526741069,-0.026957567146108318,No
selected_dbfp_dense_videomme_blip_k16_alpha0.5_adaptive_short_2.0_med_5.0_long_8.0_temporal_iter1,selected_dbfp_dense_videomme_blip_k16_alpha0.85_adaptive_short_2.0_med_5.0_long_8.0_score_diff_iter2,-0.001127418121255247,-0.053310695000134495,0.9575021629380085,-0.004360072704724476,No
selected_dbfp_dense_videomme_blip_k16_alpha0.5_adaptive_short_2.0_med_5.0_long_8.0_temporal_iter1,selected_dbfp_dense_videomme_blip_k16_alpha0.85_adaptive_short_2.0_med_5.0_long_8.0_score_diff_iter3,0.002188251560155341,0.10361326469153731,0.9175109989576773,0.00847412263531966,No
selected_dbfp_dense_videomme_blip_k16_alpha0.5_adaptive_short_2.0_med_5.0_long_8.0_temporal_iter1,selected_dbfp_dense_videomme_blip_k16_alpha0.85_adaptive_short_2.0_med_5.0_long_8.0_temporal_iter1,0.005635024293405094,0.2697659392205581,0.7874333908267691,0.022063098365006556,No
selected_dbfp_dense_videomme_blip_k16_alpha0.5_adaptive_short_2.0_med_5.0_long_8.0_temporal_iter1,selected_dbfp_dense_videomme_blip_k16_alpha0.85_adaptive_short_2.0_med_5.0_long_8.0_temporal_iter2,0.0014380826324452978,0.06835788954670159,0.9455235926555359,0.005590723743215913,No
selected_dbfp_dense_videomme_blip_k16_alpha0.5_adaptive_short_2.0_med_5.0_long_8.0_temporal_iter1,selected_dbfp_dense_videomme_blip_k16_alpha0.85_adaptive_short_2.0_med_5.0_long_8.0_temporal_iter3,-0.0032192882337865325,-0.15055766370568793,0.8803754294247923,-0.012313520960228506,No
selected_dbfp_dense_videomme_blip_k16_alpha0.5_adaptive_short_2.0_med_5.0_long_8.0_temporal_iter1,selected_dbfp_dense_videomme_blip_k16_alpha0.85_adaptive_short_3.0_med_6.0_long_10.0_score_diff_iter1,0.006899612793333593,0.3330135628190679,0.7392407624004221,0.02723587348435755,No
selected_dbfp_dense_videomme_blip_k16_alpha0.5_adaptive_short_2.0_med_5.0_long_8.0_temporal_iter1,selected_dbfp_dense_videomme_blip_k16_alpha0.85_adaptive_short_3.0_med_6.0_long_10.0_score_diff_iter2,0.004850476584228602,0.23470282149425675,0.8145197370405448,0.019195423447285812,No
selected_dbfp_dense_videomme_blip_k16_alpha0.5_adaptive_short_2.0_med_5.0_long_8.0_temporal_iter1,selected_dbfp_dense_videomme_blip_k16_alpha0.85_adaptive_short_3.0_med_6.0_long_10.0_score_diff_iter3,0.0027560857223556112,0.1324293804342013,0.8946892235742577,0.010830879743218811,No
selected_dbfp_dense_videomme_blip_k16_alpha0.5_adaptive_short_2.0_med_5.0_long_8.0_temporal_iter1,selected_dbfp_dense_videomme_blip_k16_alpha0.85_adaptive_short_3.0_med_6.0_long_10.0_temporal_iter1,-0.006169755695701967,-0.2908514957017542,0.7712657433190244,-0.023787603363336705,No
selected_dbfp_dense_videomme_blip_k16_alpha0.5_adaptive_short_2.0_med_5.0_long_8.0_temporal_iter1,selected_dbfp_dense_videomme_blip_k16_alpha0.85_adaptive_short_3.0_med_6.0_long_10.0_temporal_iter2,0.00787319044979709,0.3788847297600279,0.7049079474081623,0.030987496361237894,No
selected_dbfp_dense_videomme_blip_k16_alpha0.5_adaptive_short_2.0_med_5.0_long_8.0_temporal_iter1,selected_dbfp_dense_videomme_blip_k16_alpha0.85_adaptive_short_3.0_med_6.0_long_10.0_temporal_iter3,0.0014349365582431162,0.06818371195408045,0.9456621842824353,0.005576478440973424,No
selected_dbfp_dense_videomme_blip_k16_alpha0.5_adaptive_short_2.0_med_5.0_long_8.0_temporal_iter1,selected_dbfp_dense_videomme_blip_k16_alpha0.8_adaptive_short_2.0_med_3.0_long_5.0_score_diff_iter1,0.001695555982796887,0.08111739557254673,0.935375732305876,0.006634273707229182,No
selected_dbfp_dense_videomme_blip_k16_alpha0.5_adaptive_short_2.0_med_5.0_long_8.0_temporal_iter1,selected_dbfp_dense_videomme_blip_k16_alpha0.8_adaptive_short_2.0_med_3.0_long_5.0_score_diff_iter2,0.010244412957978621,0.5003409710261303,0.617019086984913,0.040920926055211776,No
selected_dbfp_dense_videomme_blip_k16_alpha0.5_adaptive_short_2.0_med_5.0_long_8.0_temporal_iter1,selected_dbfp_dense_videomme_blip_k16_alpha0.8_adaptive_short_2.0_med_3.0_long_5.0_score_diff_iter3,0.012204600466362486,0.5938192089318611,0.552857591081793,0.04856614458877276,No
selected_dbfp_dense_videomme_blip_k16_alpha0.5_adaptive_short_2.0_med_5.0_long_8.0_temporal_iter1,selected_dbfp_dense_videomme_blip_k16_alpha0.8_adaptive_short_2.0_med_3.0_long_5.0_temporal_iter1,0.011882786283273772,0.5753028362159337,0.565302902001231,0.04705176308080155,No
selected_dbfp_dense_videomme_blip_k16_alpha0.5_adaptive_short_2.0_med_5.0_long_8.0_temporal_iter1,selected_dbfp_dense_videomme_blip_k16_alpha0.8_adaptive_short_2.0_med_3.0_long_5.0_temporal_iter2,-0.008498538656981913,-0.39395276937348517,0.6937563448472615,-0.032219852282895554,No
selected_dbfp_dense_videomme_blip_k16_alpha0.5_adaptive_short_2.0_med_5.0_long_8.0_temporal_iter1,selected_dbfp_dense_videomme_blip_k16_alpha0.8_adaptive_short_2.0_med_3.0_long_5.0_temporal_iter3,0.0038833971858320826,0.1830357861505752,0.8548319776806608,0.014969779239992835,No
selected_dbfp_dense_videomme_blip_k16_alpha0.5_adaptive_short_2.0_med_5.0_long_8.0_temporal_iter1,selected_dbfp_dense_videomme_blip_k16_alpha0.8_adaptive_short_2.0_med_4.0_long_6.0_score_diff_iter1,-0.0044905973270833455,-0.21223907006177745,0.831992848390626,-0.017358201319027485,No
selected_dbfp_dense_videomme_blip_k16_alpha0.5_adaptive_short_2.0_med_5.0_long_8.0_temporal_iter1,selected_dbfp_dense_videomme_blip_k16_alpha0.8_adaptive_short_2.0_med_4.0_long_6.0_score_diff_iter2,0.0017382270475042871,0.08287172018413408,0.933981272297234,0.006777753039087921,No
selected_dbfp_dense_videomme_blip_k16_alpha0.5_adaptive_short_2.0_med_5.0_long_8.0_temporal_iter1,selected_dbfp_dense_videomme_blip_k16_alpha0.8_adaptive_short_2.0_med_4.0_long_6.0_score_diff_iter3,0.0041133322228905644,0.19371159125241577,0.846467494820847,0.01584291147843665,No
selected_dbfp_dense_videomme_blip_k16_alpha0.5_adaptive_short_2.0_med_5.0_long_8.0_temporal_iter1,selected_dbfp_dense_videomme_blip_k16_alpha0.8_adaptive_short_2.0_med_4.0_long_6.0_temporal_iter1,-0.0038731854517825015,-0.1824182464960374,0.8553163296367773,-0.014919273093537888,No
selected_dbfp_dense_videomme_blip_k16_alpha0.5_adaptive_short_2.0_med_5.0_long_8.0_temporal_iter1,selected_dbfp_dense_videomme_blip_k16_alpha0.8_adaptive_short_2.0_med_4.0_long_6.0_temporal_iter2,-0.020960989252589324,-0.9606843086681457,0.3370991939198892,-0.078570602710212,No
selected_dbfp_dense_videomme_blip_k16_alpha0.5_adaptive_short_2.0_med_5.0_long_8.0_temporal_iter1,selected_dbfp_dense_videomme_blip_k16_alpha0.8_adaptive_short_2.0_med_4.0_long_6.0_temporal_iter3,-0.003163101318669176,-0.14910888689759585,0.8815179839378267,-0.012195031182201055,No
selected_dbfp_dense_videomme_blip_k16_alpha0.5_adaptive_short_2.0_med_5.0_long_8.0_temporal_iter1,selected_dbfp_dense_videomme_blip_k16_alpha0.8_adaptive_short_2.0_med_5.0_long_8.0_score_diff_iter1,-0.005461718721431946,-0.2574897960936711,0.7968892694008481,-0.021059080768312765,No
selected_dbfp_dense_videomme_blip_k16_alpha0.5_adaptive_short_2.0_med_5.0_long_8.0_temporal_iter1,selected_dbfp_dense_videomme_blip_k16_alpha0.8_adaptive_short_2.0_med_5.0_long_8.0_score_diff_iter2,-0.0010951156305056275,-0.05159495528211933,0.958868668543191,-0.004219749081457581,No
selected_dbfp_dense_videomme_blip_k16_alpha0.5_adaptive_short_2.0_med_5.0_long_8.0_temporal_iter1,selected_dbfp_dense_videomme_blip_k16_alpha0.8_adaptive_short_2.0_med_5.0_long_8.0_score_diff_iter3,-0.00435947579568588,-0.20180781667835504,0.8401356007923774,-0.016505070020421772,No
selected_dbfp_dense_videomme_blip_k16_alpha0.5_adaptive_short_2.0_med_5.0_long_8.0_temporal_iter1,selected_dbfp_dense_videomme_blip_k16_alpha0.8_adaptive_short_2.0_med_5.0_long_8.0_temporal_iter1,0.005856439028576854,0.280353033212735,0.7793036239048998,0.02292897526864698,No
selected_dbfp_dense_videomme_blip_k16_alpha0.5_adaptive_short_2.0_med_5.0_long_8.0_temporal_iter1,selected_dbfp_dense_videomme_blip_k16_alpha0.8_adaptive_short_2.0_med_5.0_long_8.0_temporal_iter2,-0.010289670127393069,-0.4767353415224112,0.633724748286123,-0.03899031426182423,No
selected_dbfp_dense_videomme_blip_k16_alpha0.5_adaptive_short_2.0_med_5.0_long_8.0_temporal_iter1,selected_dbfp_dense_videomme_blip_k16_alpha0.8_adaptive_short_2.0_med_5.0_long_8.0_temporal_iter3,-0.0013171695122634608,-0.061631459703324835,0.95087691596614,-0.0050405954248554045,No
selected_dbfp_dense_videomme_blip_k16_alpha0.5_adaptive_short_2.0_med_5.0_long_8.0_temporal_iter1,selected_dbfp_dense_videomme_blip_k16_alpha0.8_adaptive_short_3.0_med_6.0_long_10.0_score_diff_iter1,0.007246333792469722,0.35021820824084704,0.7262982615741,0.02864297396872865,No
selected_dbfp_dense_videomme_blip_k16_alpha0.5_adaptive_short_2.0_med_5.0_long_8.0_temporal_iter1,selected_dbfp_dense_videomme_blip_k16_alpha0.8_adaptive_short_3.0_med_6.0_long_10.0_score_diff_iter2,0.002776148697076597,0.1340422976426459,0.8934142259111169,0.010962793915025854,No
selected_dbfp_dense_videomme_blip_k16_alpha0.5_adaptive_short_2.0_med_5.0_long_8.0_temporal_iter1,selected_dbfp_dense_videomme_blip_k16_alpha0.8_adaptive_short_3.0_med_6.0_long_10.0_score_diff_iter3,-0.001989830123455716,-0.09503024833643649,0.9243226350405535,-0.0077721513803896735,No
selected_dbfp_dense_videomme_blip_k16_alpha0.5_adaptive_short_2.0_med_5.0_long_8.0_temporal_iter1,selected_dbfp_dense_videomme_blip_k16_alpha0.8_adaptive_short_3.0_med_6.0_long_10.0_temporal_iter1,-0.010788981936989184,-0.5026563720277213,0.6153909457002846,-0.041110293699522314,No
selected_dbfp_dense_videomme_blip_k16_alpha0.5_adaptive_short_2.0_med_5.0_long_8.0_temporal_iter1,selected_dbfp_dense_videomme_blip_k16_alpha0.8_adaptive_short_3.0_med_6.0_long_10.0_temporal_iter2,0.0021701403364667027,0.10335677582539693,0.9177144676934716,0.008453145414776098,No
selected_dbfp_dense_videomme_blip_k16_alpha0.5_adaptive_short_2.0_med_5.0_long_8.0_temporal_iter1,selected_dbfp_dense_videomme_blip_k16_alpha0.8_adaptive_short_3.0_med_6.0_long_10.0_temporal_iter3,0.006804846228444489,0.3257788140420588,0.7447056719014251,0.02664417175943024,No
selected_dbfp_dense_videomme_blip_k16_alpha0.5_adaptive_short_2.0_med_5.0_long_8.0_temporal_iter2,selected_dbfp_dense_videomme_blip_k16_alpha0.5_adaptive_short_2.0_med_5.0_long_8.0_temporal_iter3,0.01718412910551534,0.7833079257133423,0.4337564187829277,0.0640636838638801,No
selected_dbfp_dense_videomme_blip_k16_alpha0.5_adaptive_short_2.0_med_5.0_long_8.0_temporal_iter2,selected_dbfp_dense_videomme_blip_k16_alpha0.5_adaptive_short_3.0_med_6.0_long_10.0_score_diff_iter1,0.010435311221467042,0.47706622207648564,0.633489259723641,0.03901737570455273,No
selected_dbfp_dense_videomme_blip_k16_alpha0.5_adaptive_short_2.0_med_5.0_long_8.0_temporal_iter2,selected_dbfp_dense_videomme_blip_k16_alpha0.5_adaptive_short_3.0_med_6.0_long_10.0_score_diff_iter2,0.024602210064560565,1.1462051883858704,0.25216870442253575,0.09374362796672352,No
selected_dbfp_dense_videomme_blip_k16_alpha0.5_adaptive_short_2.0_med_5.0_long_8.0_temporal_iter2,selected_dbfp_dense_videomme_blip_k16_alpha0.5_adaptive_short_3.0_med_6.0_long_10.0_score_diff_iter3,0.017305172418009773,0.8005131489774551,0.42373145752996433,0.06547083157615183,No
selected_dbfp_dense_videomme_blip_k16_alpha0.5_adaptive_short_2.0_med_5.0_long_8.0_temporal_iter2,selected_dbfp_dense_videomme_blip_k16_alpha0.5_adaptive_short_3.0_med_6.0_long_10.0_temporal_iter1,0.008859060225463983,0.406887136297372,0.6842364744334551,0.03327770344839267,No
selected_dbfp_dense_videomme_blip_k16_alpha0.5_adaptive_short_2.0_med_5.0_long_8.0_temporal_iter2,selected_dbfp_dense_videomme_blip_k16_alpha0.5_adaptive_short_3.0_med_6.0_long_10.0_temporal_iter2,0.02303961543183225,1.078608263742263,0.2811972669953946,0.08821514053849434,No
selected_dbfp_dense_videomme_blip_k16_alpha0.5_adaptive_short_2.0_med_5.0_long_8.0_temporal_iter2,selected_dbfp_dense_videomme_blip_k16_alpha0.5_adaptive_short_3.0_med_6.0_long_10.0_temporal_iter3,0.026455952213719963,1.2251637471202366,0.22099586960588655,0.10020133890371835,No
selected_dbfp_dense_videomme_blip_k16_alpha0.5_adaptive_short_2.0_med_5.0_long_8.0_temporal_iter2,selected_dbfp_dense_videomme_blip_k16_alpha0.85_adaptive_short_2.0_med_3.0_long_5.0_score_diff_iter1,0.01652552097594792,0.7705229881365379,0.4412940245842357,0.06301805389594296,No
selected_dbfp_dense_videomme_blip_k16_alpha0.5_adaptive_short_2.0_med_5.0_long_8.0_temporal_iter2,selected_dbfp_dense_videomme_blip_k16_alpha0.85_adaptive_short_2.0_med_3.0_long_5.0_score_diff_iter2,0.018202592000824053,0.8475274175269759,0.3970402856731142,0.06931594423682323,No
selected_dbfp_dense_videomme_blip_k16_alpha0.5_adaptive_short_2.0_med_5.0_long_8.0_temporal_iter2,selected_dbfp_dense_videomme_blip_k16_alpha0.85_adaptive_short_2.0_med_3.0_long_5.0_score_diff_iter3,0.022450794642611377,1.058147001674198,0.29041566891876774,0.08654169412262351,No
selected_dbfp_dense_videomme_blip_k16_alpha0.5_adaptive_short_2.0_med_5.0_long_8.0_temporal_iter2,selected_dbfp_dense_videomme_blip_k16_alpha0.85_adaptive_short_2.0_med_3.0_long_5.0_temporal_iter1,0.029511983664099545,1.4010136212347235,0.16172871568251176,0.11458341047594266,No
selected_dbfp_dense_videomme_blip_k16_alpha0.5_adaptive_short_2.0_med_5.0_long_8.0_temporal_iter2,selected_dbfp_dense_videomme_blip_k16_alpha0.85_adaptive_short_2.0_med_3.0_long_5.0_temporal_iter2,0.025289549992263738,1.1834563243097986,0.2370985869923813,0.09679025229194574,No
selected_dbfp_dense_videomme_blip_k16_alpha0.5_adaptive_short_2.0_med_5.0_long_8.0_temporal_iter2,selected_dbfp_dense_videomme_blip_k16_alpha0.85_adaptive_short_2.0_med_3.0_long_5.0_temporal_iter3,0.014161538899176901,0.6486713423767692,0.5167998480079925,0.053052285618324355,No
selected_dbfp_dense_videomme_blip_k16_alpha0.5_adaptive_short_2.0_med_5.0_long_8.0_temporal_iter2,selected_dbfp_dense_videomme_blip_k16_alpha0.85_adaptive_short_2.0_med_4.0_long_6.0_score_diff_iter1,0.007934341462380201,0.3635345077351322,0.7163341192508925,0.029732061949298456,No
selected_dbfp_dense_videomme_blip_k16_alpha0.5_adaptive_short_2.0_med_5.0_long_8.0_temporal_iter2,selected_dbfp_dense_videomme_blip_k16_alpha0.85_adaptive_short_2.0_med_4.0_long_6.0_score_diff_iter2,0.011874531918827785,0.5469821713819218,0.5845950317757658,0.04473552704182676,No
selected_dbfp_dense_videomme_blip_k16_alpha0.5_adaptive_short_2.0_med_5.0_long_8.0_temporal_iter2,selected_dbfp_dense_videomme_blip_k16_alpha0.85_adaptive_short_2.0_med_4.0_long_6.0_score_diff_iter3,0.01595604380557053,0.7387485221859065,0.46034955894775853,0.060419344933120754,No
selected_dbfp_dense_videomme_blip_k16_alpha0.5_adaptive_short_2.0_med_5.0_long_8.0_temporal_iter2,selected_dbfp_dense_videomme_blip_k16_alpha0.85_adaptive_short_2.0_med_4.0_long_6.0_temporal_iter1,0.013654993195842707,0.631152072880502,0.5281822530776163,0.051619453242637066,No
selected_dbfp_dense_videomme_blip_k16_alpha0.5_adaptive_short_2.0_med_5.0_long_8.0_temporal_iter2,selected_dbfp_dense_videomme_blip_k16_alpha0.85_adaptive_short_2.0_med_4.0_long_6.0_temporal_iter2,0.006622280441392542,0.3018800956212951,0.7628484248985004,0.024689589337465248,No
selected_dbfp_dense_videomme_blip_k16_alpha0.5_adaptive_short_2.0_med_5.0_long_8.0_temporal_iter2,selected_dbfp_dense_videomme_blip_k16_alpha0.85_adaptive_short_2.0_med_4.0_long_6.0_temporal_iter3,-0.0007540040768446443,-0.03392707208332499,0.9729466261863464,-0.0027747621976860807,No
selected_dbfp_dense_videomme_blip_k16_alpha0.5_adaptive_short_2.0_med_5.0_long_8.0_temporal_iter2,selected_dbfp_dense_videomme_blip_k16_alpha0.85_adaptive_short_2.0_med_5.0_long_8.0_score_diff_iter1,0.006384344251127688,0.2901039142650597,0.7718373079653162,0.023726461642022138,No
selected_dbfp_dense_videomme_blip_k16_alpha0.5_adaptive_short_2.0_med_5.0_long_8.0_temporal_iter2,selected_dbfp_dense_videomme_blip_k16_alpha0.85_adaptive_short_2.0_med_5.0_long_8.0_score_diff_iter2,0.012305561048992969,0.5650663010785608,0.5722405862246516,0.04621455710601091,No
selected_dbfp_dense_videomme_blip_k16_alpha0.5_adaptive_short_2.0_med_5.0_long_8.0_temporal_iter2,selected_dbfp_dense_videomme_blip_k16_alpha0.85_adaptive_short_2.0_med_5.0_long_8.0_score_diff_iter3,0.015621230730403557,0.7182381064026332,0.47289099596791107,0.05874187846471515,No
selected_dbfp_dense_videomme_blip_k16_alpha0.5_adaptive_short_2.0_med_5.0_long_8.0_temporal_iter2,selected_dbfp_dense_videomme_blip_k16_alpha0.85_adaptive_short_2.0_med_5.0_long_8.0_temporal_iter1,0.01906800346365331,0.8858420319878545,0.3760587299349961,0.07244954632416202,No
selected_dbfp_dense_videomme_blip_k16_alpha0.5_adaptive_short_2.0_med_5.0_long_8.0_temporal_iter2,selected_dbfp_dense_videomme_blip_k16_alpha0.85_adaptive_short_2.0_med_5.0_long_8.0_temporal_iter2,0.014871061802693514,0.6862545248242856,0.49281860696824076,0.05612606672936768,No
selected_dbfp_dense_videomme_blip_k16_alpha0.5_adaptive_short_2.0_med_5.0_long_8.0_temporal_iter2,selected_dbfp_dense_videomme_blip_k16_alpha0.85_adaptive_short_2.0_med_5.0_long_8.0_temporal_iter3,0.010213690936461683,0.46415615322530274,0.6427047945661297,0.03796151180264689,No
selected_dbfp_dense_videomme_blip_k16_alpha0.5_adaptive_short_2.0_med_5.0_long_8.0_temporal_iter2,selected_dbfp_dense_videomme_blip_k16_alpha0.85_adaptive_short_3.0_med_6.0_long_10.0_score_diff_iter1,0.02033259196358181,0.9518782833684264,0.34154328234334386,0.07785039236724248,No
selected_dbfp_dense_videomme_blip_k16_alpha0.5_adaptive_short_2.0_med_5.0_long_8.0_temporal_iter2,selected_dbfp_dense_videomme_blip_k16_alpha0.85_adaptive_short_3.0_med_6.0_long_10.0_score_diff_iter2,0.01828345575447682,0.85798281355943,0.3912456930913213,0.07017105006062753,No
selected_dbfp_dense_videomme_blip_k16_alpha0.5_adaptive_short_2.0_med_5.0_long_8.0_temporal_iter2,selected_dbfp_dense_videomme_blip_k16_alpha0.85_adaptive_short_3.0_med_6.0_long_10.0_score_diff_iter3,0.016189064892603827,0.7547090031019066,0.4507207107718013,0.061724690068695326,No
selected_dbfp_dense_videomme_blip_k16_alpha0.5_adaptive_short_2.0_med_5.0_long_8.0_temporal_iter2,selected_dbfp_dense_videomme_blip_k16_alpha0.85_adaptive_short_3.0_med_6.0_long_10.0_temporal_iter1,0.007263223474546249,0.3325651119244801,0.739579128326718,0.02719919649928636,No
selected_dbfp_dense_videomme_blip_k16_alpha0.5_adaptive_short_2.0_med_5.0_long_8.0_temporal_iter2,selected_dbfp_dense_videomme_blip_k16_alpha0.85_adaptive_short_3.0_med_6.0_long_10.0_temporal_iter2,0.021306169620045307,0.9946923940959471,0.3202882071196322,0.081351990612991,No
selected_dbfp_dense_videomme_blip_k16_alpha0.5_adaptive_short_2.0_med_5.0_long_8.0_temporal_iter2,selected_dbfp_dense_videomme_blip_k16_alpha0.85_adaptive_short_3.0_med_6.0_long_10.0_temporal_iter3,0.014867915728491332,0.685875811762348,0.4930572397465891,0.056095093273715035,No
selected_dbfp_dense_videomme_blip_k16_alpha0.5_adaptive_short_2.0_med_5.0_long_8.0_temporal_iter2,selected_dbfp_dense_videomme_blip_k16_alpha0.8_adaptive_short_2.0_med_3.0_long_5.0_score_diff_iter1,0.015128535153045103,0.7023851855548651,0.4827122866338922,0.057445330207782745,No
selected_dbfp_dense_videomme_blip_k16_alpha0.5_adaptive_short_2.0_med_5.0_long_8.0_temporal_iter2,selected_dbfp_dense_videomme_blip_k16_alpha0.8_adaptive_short_2.0_med_3.0_long_5.0_score_diff_iter2,0.023677392128226837,1.120873451980754,0.2627916533914159,0.09167184451833578,No
selected_dbfp_dense_videomme_blip_k16_alpha0.5_adaptive_short_2.0_med_5.0_long_8.0_temporal_iter2,selected_dbfp_dense_videomme_blip_k16_alpha0.8_adaptive_short_2.0_med_3.0_long_5.0_score_diff_iter3,0.025637579636610702,1.2093467035811367,0.22700756938074787,0.09890772486298179,No
selected_dbfp_dense_videomme_blip_k16_alpha0.5_adaptive_short_2.0_med_5.0_long_8.0_temporal_iter2,selected_dbfp_dense_videomme_blip_k16_alpha0.8_adaptive_short_2.0_med_3.0_long_5.0_temporal_iter1,0.025315765453521988,1.1886148708615494,0.2350630557144465,0.09721214957478935,No
selected_dbfp_dense_videomme_blip_k16_alpha0.5_adaptive_short_2.0_med_5.0_long_8.0_temporal_iter2,selected_dbfp_dense_videomme_blip_k16_alpha0.8_adaptive_short_2.0_med_3.0_long_5.0_temporal_iter2,0.004934440513266303,0.222376439987318,0.8240967780520332,0.0181872970877615,No
selected_dbfp_dense_videomme_blip_k16_alpha0.5_adaptive_short_2.0_med_5.0_long_8.0_temporal_iter2,selected_dbfp_dense_videomme_blip_k16_alpha0.8_adaptive_short_2.0_med_3.0_long_5.0_temporal_iter3,0.0173163763560803,0.7927379328416463,0.4282449115549962,0.06483492716107014,No
selected_dbfp_dense_videomme_blip_k16_alpha0.5_adaptive_short_2.0_med_5.0_long_8.0_temporal_iter2,selected_dbfp_dense_videomme_blip_k16_alpha0.8_adaptive_short_2.0_med_4.0_long_6.0_score_diff_iter1,0.00894238184316487,0.41044496445927203,0.6816265833023765,0.033568684264118465,No
selected_dbfp_dense_videomme_blip_k16_alpha0.5_adaptive_short_2.0_med_5.0_long_8.0_temporal_iter2,selected_dbfp_dense_videomme_blip_k16_alpha0.8_adaptive_short_2.0_med_4.0_long_6.0_score_diff_iter2,0.015171206217752503,0.7020753292413809,0.48290535127582124,0.0574199882819704,No
selected_dbfp_dense_videomme_blip_k16_alpha0.5_adaptive_short_2.0_med_5.0_long_8.0_temporal_iter2,selected_dbfp_dense_videomme_blip_k16_alpha0.8_adaptive_short_2.0_med_4.0_long_6.0_score_diff_iter3,0.01754631139313878,0.8026321898617875,0.4225062254834755,0.06564413964879287,No
selected_dbfp_dense_videomme_blip_k16_alpha0.5_adaptive_short_2.0_med_5.0_long_8.0_temporal_iter2,selected_dbfp_dense_videomme_blip_k16_alpha0.8_adaptive_short_2.0_med_4.0_long_6.0_temporal_iter1,0.009559793718465714,0.4373360409051194,0.6620255542961841,0.035767999969550664,No
selected_dbfp_dense_videomme_blip_k16_alpha0.5_adaptive_short_2.0_med_5.0_long_8.0_temporal_iter2,selected_dbfp_dense_videomme_blip_k16_alpha0.8_adaptive_short_2.0_med_4.0_long_6.0_temporal_iter2,-0.007528010082341108,-0.33563530319778356,0.7372636170565834,-0.0274502954321516,No
selected_dbfp_dense_videomme_blip_k16_alpha0.5_adaptive_short_2.0_med_5.0_long_8.0_temporal_iter2,selected_dbfp_dense_videomme_blip_k16_alpha0.8_adaptive_short_2.0_med_4.0_long_6.0_temporal_iter3,0.01026987785157904,0.4702192241394889,0.6383698401526263,0.03845738658849358,No
selected_dbfp_dense_videomme_blip_k16_alpha0.5_adaptive_short_2.0_med_5.0_long_8.0_temporal_iter2,selected_dbfp_dense_videomme_blip_k16_alpha0.8_adaptive_short_2.0_med_5.0_long_8.0_score_diff_iter1,0.00797126044881627,0.3650060725725256,0.715235925416353,0.029852415467937772,No
selected_dbfp_dense_videomme_blip_k16_alpha0.5_adaptive_short_2.0_med_5.0_long_8.0_temporal_iter2,selected_dbfp_dense_videomme_blip_k16_alpha0.8_adaptive_short_2.0_med_5.0_long_8.0_score_diff_iter2,0.012337863539742588,0.5646062245885105,0.5725533471840782,0.04617692925982623,No
selected_dbfp_dense_videomme_blip_k16_alpha0.5_adaptive_short_2.0_med_5.0_long_8.0_temporal_iter2,selected_dbfp_dense_videomme_blip_k16_alpha0.8_adaptive_short_2.0_med_5.0_long_8.0_score_diff_iter3,0.009073503374562336,0.40837799012773296,0.6831423767613498,0.03339963456261183,No
selected_dbfp_dense_videomme_blip_k16_alpha0.5_adaptive_short_2.0_med_5.0_long_8.0_temporal_iter2,selected_dbfp_dense_videomme_blip_k16_alpha0.8_adaptive_short_2.0_med_5.0_long_8.0_temporal_iter1,0.01928941819882507,0.8960900363363663,0.3705652475518537,0.0732876904165313,No
selected_dbfp_dense_videomme_blip_k16_alpha0.5_adaptive_short_2.0_med_5.0_long_8.0_temporal_iter2,selected_dbfp_dense_videomme_blip_k16_alpha0.8_adaptive_short_2.0_med_5.0_long_8.0_temporal_iter2,0.003143309042855147,0.14158792284473934,0.8874531917877082,0.011579921042937128,No
selected_dbfp_dense_videomme_blip_k16_alpha0.5_adaptive_short_2.0_med_5.0_long_8.0_temporal_iter2,selected_dbfp_dense_videomme_blip_k16_alpha0.8_adaptive_short_2.0_med_5.0_long_8.0_temporal_iter3,0.012115809657984755,0.5508577572141673,0.5819369187217261,0.04505249603261573,No
selected_dbfp_dense_videomme_blip_k16_alpha0.5_adaptive_short_2.0_med_5.0_long_8.0_temporal_iter2,selected_dbfp_dense_videomme_blip_k16_alpha0.8_adaptive_short_3.0_med_6.0_long_10.0_score_diff_iter1,0.02067931296271794,0.9693339014491222,0.3327705016293291,0.07927801892064357,No
selected_dbfp_dense_videomme_blip_k16_alpha0.5_adaptive_short_2.0_med_5.0_long_8.0_temporal_iter2,selected_dbfp_dense_videomme_blip_k16_alpha0.8_adaptive_short_3.0_med_6.0_long_10.0_score_diff_iter2,0.016209127867324813,0.7591029342352467,0.4480900907634662,0.062084052456181246,No
selected_dbfp_dense_videomme_blip_k16_alpha0.5_adaptive_short_2.0_med_5.0_long_8.0_temporal_iter2,selected_dbfp_dense_videomme_blip_k16_alpha0.8_adaptive_short_3.0_med_6.0_long_10.0_score_diff_iter3,0.0114431490467925,0.5304103053014761,0.5960243829566376,0.04338017908432882,No
selected_dbfp_dense_videomme_blip_k16_alpha0.5_adaptive_short_2.0_med_5.0_long_8.0_temporal_iter2,selected_dbfp_dense_videomme_blip_k16_alpha0.8_adaptive_short_3.0_med_6.0_long_10.0_temporal_iter1,0.0026439972332590322,0.11972419869929446,0.9047418407472737,0.009791772770887856,No
selected_dbfp_dense_videomme_blip_k16_alpha0.5_adaptive_short_2.0_med_5.0_long_8.0_temporal_iter2,selected_dbfp_dense_videomme_blip_k16_alpha0.8_adaptive_short_3.0_med_6.0_long_10.0_temporal_iter2,0.015603119506714919,0.7213603127299666,0.47096978827947167,0.05899723146562496,No
selected_dbfp_dense_videomme_blip_k16_alpha0.5_adaptive_short_2.0_med_5.0_long_8.0_temporal_iter2,selected_dbfp_dense_videomme_blip_k16_alpha0.8_adaptive_short_3.0_med_6.0_long_10.0_temporal_iter3,0.020237825398692705,0.9402153487600228,0.34748673563107124,0.07689652669984988,No
selected_dbfp_dense_videomme_blip_k16_alpha0.5_adaptive_short_2.0_med_5.0_long_8.0_temporal_iter3,selected_dbfp_dense_videomme_blip_k16_alpha0.5_adaptive_short_3.0_med_6.0_long_10.0_score_diff_iter1,-0.006748817884048297,-0.3151785236963255,0.7527360613609723,-0.02577721560255396,No
selected_dbfp_dense_videomme_blip_k16_alpha0.5_adaptive_short_2.0_med_5.0_long_8.0_temporal_iter3,selected_dbfp_dense_videomme_blip_k16_alpha0.5_adaptive_short_3.0_med_6.0_long_10.0_score_diff_iter2,0.007418080959045226,0.35334613490049616,0.7239534895029909,0.02889879484140798,No
selected_dbfp_dense_videomme_blip_k16_alpha0.5_adaptive_short_2.0_med_5.0_long_8.0_temporal_iter3,selected_dbfp_dense_videomme_blip_k16_alpha0.5_adaptive_short_3.0_med_6.0_long_10.0_score_diff_iter3,0.00012104331249443434,0.005722880417505815,0.9954357355732999,0.0004680519490663099,No
selected_dbfp_dense_videomme_blip_k16_alpha0.5_adaptive_short_2.0_med_5.0_long_8.0_temporal_iter3,selected_dbfp_dense_videomme_blip_k16_alpha0.5_adaptive_short_3.0_med_6.0_long_10.0_temporal_iter1,-0.008325068880051356,-0.39067702422790895,0.6961751201003783,-0.031951941916970705,No
selected_dbfp_dense_videomme_blip_k16_alpha0.5_adaptive_short_2.0_med_5.0_long_8.0_temporal_iter3,selected_dbfp_dense_videomme_blip_k16_alpha0.5_adaptive_short_3.0_med_6.0_long_10.0_temporal_iter2,0.005855486326316911,0.28032875152441294,0.7793222423815018,0.022926989364503974,No
selected_dbfp_dense_videomme_blip_k16_alpha0.5_adaptive_short_2.0_med_5.0_long_8.0_temporal_iter3,selected_dbfp_dense_videomme_blip_k16_alpha0.5_adaptive_short_3.0_med_6.0_long_10.0_temporal_iter3,0.009271823108204624,0.4388727096942202,0.6609122920363019,0.035893678037881495,No
selected_dbfp_dense_videomme_blip_k16_alpha0.5_adaptive_short_2.0_med_5.0_long_8.0_temporal_iter3,selected_dbfp_dense_videomme_blip_k16_alpha0.85_adaptive_short_2.0_med_3.0_long_5.0_score_diff_iter1,-0.0006586081295674173,-0.03139739165736716,0.9749630972778542,-0.0025678695488999042,No
selected_dbfp_dense_videomme_blip_k16_alpha0.5_adaptive_short_2.0_med_5.0_long_8.0_temporal_iter3,selected_dbfp_dense_videomme_blip_k16_alpha0.85_adaptive_short_2.0_med_3.0_long_5.0_score_diff_iter2,0.0010184628953087138,0.04848128715447429,0.9613488647669339,0.003965094372842771,No
selected_dbfp_dense_videomme_blip_k16_alpha0.5_adaptive_short_2.0_med_5.0_long_8.0_temporal_iter3,selected_dbfp_dense_videomme_blip_k16_alpha0.85_adaptive_short_2.0_med_3.0_long_5.0_score_diff_iter3,0.005266665537096038,0.2539224002189392,0.7996427899415359,0.020767317429835126,No
selected_dbfp_dense_videomme_blip_k16_alpha0.5_adaptive_short_2.0_med_5.0_long_8.0_temporal_iter3,selected_dbfp_dense_videomme_blip_k16_alpha0.85_adaptive_short_2.0_med_3.0_long_5.0_temporal_iter1,0.012327854558584206,0.5988648108585382,0.5494898219008126,0.04897880458841285,No
selected_dbfp_dense_videomme_blip_k16_alpha0.5_adaptive_short_2.0_med_5.0_long_8.0_temporal_iter3,selected_dbfp_dense_videomme_blip_k16_alpha0.85_adaptive_short_2.0_med_3.0_long_5.0_temporal_iter2,0.008105420886748399,0.38787764035165806,0.6982446141349952,0.03172299126244138,No
selected_dbfp_dense_videomme_blip_k16_alpha0.5_adaptive_short_2.0_med_5.0_long_8.0_temporal_iter3,selected_dbfp_dense_videomme_blip_k16_alpha0.85_adaptive_short_2.0_med_3.0_long_5.0_temporal_iter3,-0.003022590206338438,-0.1414444379975799,0.8875664862204913,-0.011568185963320684,No
selected_dbfp_dense_videomme_blip_k16_alpha0.5_adaptive_short_2.0_med_5.0_long_8.0_temporal_iter3,selected_dbfp_dense_videomme_blip_k16_alpha0.85_adaptive_short_2.0_med_4.0_long_6.0_score_diff_iter1,-0.009249787643135138,-0.43297630342594917,0.6651881022792512,-0.03541143410511992,No
selected_dbfp_dense_videomme_blip_k16_alpha0.5_adaptive_short_2.0_med_5.0_long_8.0_temporal_iter3,selected_dbfp_dense_videomme_blip_k16_alpha0.85_adaptive_short_2.0_med_4.0_long_6.0_score_diff_iter2,-0.0053095971866875535,-0.24992977791325785,0.802727486964061,-0.02044077652646821,No
selected_dbfp_dense_videomme_blip_k16_alpha0.5_adaptive_short_2.0_med_5.0_long_8.0_temporal_iter3,selected_dbfp_dense_videomme_blip_k16_alpha0.85_adaptive_short_2.0_med_4.0_long_6.0_score_diff_iter3,-0.0012280852999448089,-0.05811633176024027,0.9536753795977002,-0.004753106891557393,No
selected_dbfp_dense_videomme_blip_k16_alpha0.5_adaptive_short_2.0_med_5.0_long_8.0_temporal_iter3,selected_dbfp_dense_videomme_blip_k16_alpha0.85_adaptive_short_2.0_med_4.0_long_6.0_temporal_iter1,-0.0035291359096726316,-0.16671575064996097,0.8676500668904727,-0.013635027528377855,No
selected_dbfp_dense_videomme_blip_k16_alpha0.5_adaptive_short_2.0_med_5.0_long_8.0_temporal_iter3,selected_dbfp_dense_videomme_blip_k16_alpha0.85_adaptive_short_2.0_med_4.0_long_6.0_temporal_iter2,-0.010561848664122797,-0.49177719584264423,0.6230573216670721,-0.04022052853866683,No
selected_dbfp_dense_videomme_blip_k16_alpha0.5_adaptive_short_2.0_med_5.0_long_8.0_temporal_iter3,selected_dbfp_dense_videomme_blip_k16_alpha0.85_adaptive_short_2.0_med_4.0_long_6.0_temporal_iter3,-0.017938133182359983,-0.823967374021262,0.4102865974052966,-0.06738906069441473,No
selected_dbfp_dense_videomme_blip_k16_alpha0.5_adaptive_short_2.0_med_5.0_long_8.0_temporal_iter3,selected_dbfp_dense_videomme_blip_k16_alpha0.85_adaptive_short_2.0_med_5.0_long_8.0_score_diff_iter1,-0.01079978485438765,-0.5011802882055701,0.6164286781136135,-0.040989570597733095,No
selected_dbfp_dense_videomme_blip_k16_alpha0.5_adaptive_short_2.0_med_5.0_long_8.0_temporal_iter3,selected_dbfp_dense_videomme_blip_k16_alpha0.85_adaptive_short_2.0_med_5.0_long_8.0_score_diff_iter2,-0.00487856805652237,-0.22889178392152124,0.8190312821104755,-0.018720161493104213,No
selected_dbfp_dense_videomme_blip_k16_alpha0.5_adaptive_short_2.0_med_5.0_long_8.0_temporal_iter3,selected_dbfp_dense_videomme_blip_k16_alpha0.85_adaptive_short_2.0_med_5.0_long_8.0_score_diff_iter3,-0.001562898375111782,-0.07342572053783297,0.9414919035580164,-0.006005201770879681,No
selected_dbfp_dense_videomme_blip_k16_alpha0.5_adaptive_short_2.0_med_5.0_long_8.0_temporal_iter3,selected_dbfp_dense_videomme_blip_k16_alpha0.85_adaptive_short_2.0_med_5.0_long_8.0_temporal_iter1,0.0018838743581379713,0.08946798293123859,0.9287399531296259,0.007317235505157,No
selected_dbfp_dense_videomme_blip_k16_alpha0.5_adaptive_short_2.0_med_5.0_long_8.0_temporal_iter3,selected_dbfp_dense_videomme_blip_k16_alpha0.85_adaptive_short_2.0_med_5.0_long_8.0_temporal_iter2,-0.002313067302821825,-0.10908527511879869,0.9131714476776973,-0.0089216569129391,No
selected_dbfp_dense_videomme_blip_k16_alpha0.5_adaptive_short_2.0_med_5.0_long_8.0_temporal_iter3,selected_dbfp_dense_videomme_blip_k16_alpha0.85_adaptive_short_2.0_med_5.0_long_8.0_temporal_iter3,-0.006970438169053655,-0.32350795299550744,0.7464236865264908,-0.02645844697057416,No
selected_dbfp_dense_videomme_blip_k16_alpha0.5_adaptive_short_2.0_med_5.0_long_8.0_temporal_iter3,selected_dbfp_dense_videomme_blip_k16_alpha0.85_adaptive_short_3.0_med_6.0_long_10.0_score_diff_iter1,0.0031484628580664697,0.1507312876027696,0.8802385204350271,0.012327720966808078,No
selected_dbfp_dense_videomme_blip_k16_alpha0.5_adaptive_short_2.0_med_5.0_long_8.0_temporal_iter3,selected_dbfp_dense_videomme_blip_k16_alpha0.85_adaptive_short_3.0_med_6.0_long_10.0_score_diff_iter2,0.0010993266489614795,0.05276069966386526,0.9579401947913826,0.00431509074028766,No
selected_dbfp_dense_videomme_blip_k16_alpha0.5_adaptive_short_2.0_med_5.0_long_8.0_temporal_iter3,selected_dbfp_dense_videomme_blip_k16_alpha0.85_adaptive_short_3.0_med_6.0_long_10.0_score_diff_iter3,-0.0009950642129115117,-0.04742874358963535,0.9621873556726788,-0.0038790109616847566,No
selected_dbfp_dense_videomme_blip_k16_alpha0.5_adaptive_short_2.0_med_5.0_long_8.0_temporal_iter3,selected_dbfp_dense_videomme_blip_k16_alpha0.85_adaptive_short_3.0_med_6.0_long_10.0_temporal_iter1,-0.00992090563096909,-0.46407015880008934,0.6427663668523906,-0.03795447861443291,No
selected_dbfp_dense_videomme_blip_k16_alpha0.5_adaptive_short_2.0_med_5.0_long_8.0_temporal_iter3,selected_dbfp_dense_videomme_blip_k16_alpha0.85_adaptive_short_3.0_med_6.0_long_10.0_temporal_iter2,0.004122040514529968,0.19676907345511857,0.8440751085136315,0.01609297095052948,No
selected_dbfp_dense_videomme_blip_k16_alpha0.5_adaptive_short_2.0_med_5.0_long_8.0_temporal_iter3,selected_dbfp_dense_videomme_blip_k16_alpha0.85_adaptive_short_3.0_med_6.0_long_10.0_temporal_iter3,-0.0023162133770240068,-0.10919481535753607,0.913084603376767,-0.008930615779664872,No
selected_dbfp_dense_videomme_blip_k16_alpha0.5_adaptive_short_2.0_med_5.0_long_8.0_temporal_iter3,selected_dbfp_dense_videomme_blip_k16_alpha0.8_adaptive_short_2.0_med_3.0_long_5.0_score_diff_iter1,-0.002055593952470236,-0.09755918837992004,0.9223150218897922,-0.007978983472050316,No
selected_dbfp_dense_videomme_blip_k16_alpha0.5_adaptive_short_2.0_med_5.0_long_8.0_temporal_iter3,selected_dbfp_dense_videomme_blip_k16_alpha0.8_adaptive_short_2.0_med_3.0_long_5.0_score_diff_iter2,0.0064932630227114985,0.3145036411982903,0.7532482474167312,0.025722019572850155,No
selected_dbfp_dense_videomme_blip_k16_alpha0.5_adaptive_short_2.0_med_5.0_long_8.0_temporal_iter3,selected_dbfp_dense_videomme_blip_k16_alpha0.8_adaptive_short_2.0_med_3.0_long_5.0_score_diff_iter3,0.008453450531095363,0.40792047546429,0.6834780636848796,0.033362216143602894,No
selected_dbfp_dense_videomme_blip_k16_alpha0.5_adaptive_short_2.0_med_5.0_long_8.0_temporal_iter3,selected_dbfp_dense_videomme_blip_k16_alpha0.8_adaptive_short_2.0_med_3.0_long_5.0_temporal_iter1,0.008131636348006649,0.3904829765157402,0.6963185003912225,0.03193607148694466,No
selected_dbfp_dense_videomme_blip_k16_alpha0.5_adaptive_short_2.0_med_5.0_long_8.0_temporal_iter3,selected_dbfp_dense_videomme_blip_k16_alpha0.8_adaptive_short_2.0_med_3.0_long_5.0_temporal_iter2,-0.012249688592249036,-0.5635917185876821,0.5732432978763536,-0.0460939567826515,No
selected_dbfp_dense_videomme_blip_k16_alpha0.5_adaptive_short_2.0_med_5.0_long_8.0_temporal_iter3,selected_dbfp_dense_videomme_blip_k16_alpha0.8_adaptive_short_2.0_med_3.0_long_5.0_temporal_iter3,0.00013224725056495967,0.0061850192866239485,0.9950671627723136,0.000505848475266343,No
selected_dbfp_dense_videomme_blip_k16_alpha0.5_adaptive_short_2.0_med_5.0_long_8.0_temporal_iter3,selected_dbfp_dense_videomme_blip_k16_alpha0.8_adaptive_short_2.0_med_4.0_long_6.0_score_diff_iter1,-0.008241747262350468,-0.38650243959194935,0.6992620811766999,-0.03161051900950605,No
selected_dbfp_dense_videomme_blip_k16_alpha0.5_adaptive_short_2.0_med_5.0_long_8.0_temporal_iter3,selected_dbfp_dense_videomme_blip_k16_alpha0.8_adaptive_short_2.0_med_4.0_long_6.0_score_diff_iter2,-0.002012922887762836,-0.09520937367001663,0.9241804193412191,-0.007786801341962418,No
selected_dbfp_dense_videomme_blip_k16_alpha0.5_adaptive_short_2.0_med_5.0_long_8.0_temporal_iter3,selected_dbfp_dense_videomme_blip_k16_alpha0.8_adaptive_short_2.0_med_4.0_long_6.0_score_diff_iter3,0.0003621822876234415,0.01692484940491197,0.986502213788691,0.00138421706855005,No
selected_dbfp_dense_videomme_blip_k16_alpha0.5_adaptive_short_2.0_med_5.0_long_8.0_temporal_iter3,selected_dbfp_dense_videomme_blip_k16_alpha0.8_adaptive_short_2.0_med_4.0_long_6.0_temporal_iter1,-0.0076243353870496244,-0.35631751833086567,0.7217284682580543,-0.029141812662286073,No
selected_dbfp_dense_videomme_blip_k16_alpha0.5_adaptive_short_2.0_med_5.0_long_8.0_temporal_iter3,selected_dbfp_dense_videomme_blip_k16_alpha0.8_adaptive_short_2.0_med_4.0_long_6.0_temporal_iter2,-0.024712139187856447,-1.1243242593943437,0.26132659472484954,-0.09195407266411114,No
selected_dbfp_dense_videomme_blip_k16_alpha0.5_adaptive_short_2.0_med_5.0_long_8.0_temporal_iter3,selected_dbfp_dense_videomme_blip_k16_alpha0.8_adaptive_short_2.0_med_4.0_long_6.0_temporal_iter3,-0.006914251253936299,-0.3234184349913833,0.746491437121237,-0.026451125636146364,No
selected_dbfp_dense_videomme_blip_k16_alpha0.5_adaptive_short_2.0_med_5.0_long_8.0_temporal_iter3,selected_dbfp_dense_videomme_blip_k16_alpha0.8_adaptive_short_2.0_med_5.0_long_8.0_score_diff_iter1,-0.00921286865669907,-0.4309770475193731,0.6666403639986654,-0.035247922804691904,No
selected_dbfp_dense_videomme_blip_k16_alpha0.5_adaptive_short_2.0_med_5.0_long_8.0_temporal_iter3,selected_dbfp_dense_videomme_blip_k16_alpha0.8_adaptive_short_2.0_med_5.0_long_8.0_score_diff_iter2,-0.0048462655657727505,-0.22656217445957,0.8208416299259734,-0.018529631872452212,No
selected_dbfp_dense_videomme_blip_k16_alpha0.5_adaptive_short_2.0_med_5.0_long_8.0_temporal_iter3,selected_dbfp_dense_videomme_blip_k16_alpha0.8_adaptive_short_2.0_med_5.0_long_8.0_score_diff_iter3,-0.008110625730953003,-0.3726546956058288,0.709537498280167,-0.030477966351289385,No
selected_dbfp_dense_videomme_blip_k16_alpha0.5_adaptive_short_2.0_med_5.0_long_8.0_temporal_iter3,selected_dbfp_dense_videomme_blip_k16_alpha0.8_adaptive_short_2.0_med_5.0_long_8.0_temporal_iter1,0.0021052890933097312,0.09997883587513756,0.9203946354506506,0.008176876952656264,No
selected_dbfp_dense_videomme_blip_k16_alpha0.5_adaptive_short_2.0_med_5.0_long_8.0_temporal_iter3,selected_dbfp_dense_videomme_blip_k16_alpha0.8_adaptive_short_2.0_med_5.0_long_8.0_temporal_iter2,-0.014040820062660192,-0.6456711143594663,0.5187400393405757,-0.05280690872506201,No
selected_dbfp_dense_videomme_blip_k16_alpha0.5_adaptive_short_2.0_med_5.0_long_8.0_temporal_iter3,selected_dbfp_dense_videomme_blip_k16_alpha0.8_adaptive_short_2.0_med_5.0_long_8.0_temporal_iter3,-0.005068319447530584,-0.2353441122196331,0.8140222295794947,-0.019247872131816602,No
selected_dbfp_dense_videomme_blip_k16_alpha0.5_adaptive_short_2.0_med_5.0_long_8.0_temporal_iter3,selected_dbfp_dense_videomme_blip_k16_alpha0.8_adaptive_short_3.0_med_6.0_long_10.0_score_diff_iter1,0.0034951838572025995,0.16755161635349616,0.8669926826724795,0.013703389698892926,No
selected_dbfp_dense_videomme_blip_k16_alpha0.5_adaptive_short_2.0_med_5.0_long_8.0_temporal_iter3,selected_dbfp_dense_videomme_blip_k16_alpha0.8_adaptive_short_3.0_med_6.0_long_10.0_score_diff_iter2,-0.000975001238190526,-0.04669488654411085,0.9627719952537828,-0.0038189916708023432,No
selected_dbfp_dense_videomme_blip_k16_alpha0.5_adaptive_short_2.0_med_5.0_long_8.0_temporal_iter3,selected_dbfp_dense_videomme_blip_k16_alpha0.8_adaptive_short_3.0_med_6.0_long_10.0_score_diff_iter3,-0.005740980058722839,-0.2720024724354179,0.7857140015363275,-0.022246015655762882,No
selected_dbfp_dense_videomme_blip_k16_alpha0.5_adaptive_short_2.0_med_5.0_long_8.0_temporal_iter3,selected_dbfp_dense_videomme_blip_k16_alpha0.8_adaptive_short_3.0_med_6.0_long_10.0_temporal_iter1,-0.014540131872256307,-0.6723043351822123,0.5016496432889685,-0.05498513541420722,No
selected_dbfp_dense_videomme_blip_k16_alpha0.5_adaptive_short_2.0_med_5.0_long_8.0_temporal_iter3,selected_dbfp_dense_videomme_blip_k16_alpha0.8_adaptive_short_3.0_med_6.0_long_10.0_temporal_iter2,-0.0015810095988004202,-0.07470426903758458,0.9404749935925163,-0.0061097692379657904,No
selected_dbfp_dense_videomme_blip_k16_alpha0.5_adaptive_short_2.0_med_5.0_long_8.0_temporal_iter3,selected_dbfp_dense_videomme_blip_k16_alpha0.8_adaptive_short_3.0_med_6.0_long_10.0_temporal_iter3,0.003053696293177366,0.1450288969972529,0.8847369232607545,0.01186134480305012,No
selected_dbfp_dense_videomme_blip_k16_alpha0.5_adaptive_short_3.0_med_6.0_long_10.0_score_diff_iter1,selected_dbfp_dense_videomme_blip_k16_alpha0.5_adaptive_short_3.0_med_6.0_long_10.0_score_diff_iter2,0.014166898843093523,0.6769690951494766,0.4986873454073528,0.05536664777095302,No
selected_dbfp_dense_videomme_blip_k16_alpha0.5_adaptive_short_3.0_med_6.0_long_10.0_score_diff_iter1,selected_dbfp_dense_videomme_blip_k16_alpha0.5_adaptive_short_3.0_med_6.0_long_10.0_score_diff_iter3,0.006869861196542731,0.3258266165457993,0.7446695206752921,0.026648081348491257,No
selected_dbfp_dense_videomme_blip_k16_alpha0.5_adaptive_short_3.0_med_6.0_long_10.0_score_diff_iter1,selected_dbfp_dense_videomme_blip_k16_alpha0.5_adaptive_short_3.0_med_6.0_long_10.0_temporal_iter1,-0.001576250996003059,-0.07419930488669421,0.940876611781678,-0.006068470200986472,No
selected_dbfp_dense_videomme_blip_k16_alpha0.5_adaptive_short_3.0_med_6.0_long_10.0_score_diff_iter1,selected_dbfp_dense_videomme_blip_k16_alpha0.5_adaptive_short_3.0_med_6.0_long_10.0_temporal_iter2,0.012604304210365208,0.6053728600954305,0.5451609474785784,0.04951107243812145,No
selected_dbfp_dense_videomme_blip_k16_alpha0.5_adaptive_short_3.0_med_6.0_long_10.0_score_diff_iter1,selected_dbfp_dense_videomme_blip_k16_alpha0.5_adaptive_short_3.0_med_6.0_long_10.0_temporal_iter3,0.01602064099225292,0.7607136436277473,0.4471279633013786,0.06221578602845423,No
selected_dbfp_dense_videomme_blip_k16_alpha0.5_adaptive_short_3.0_med_6.0_long_10.0_score_diff_iter1,selected_dbfp_dense_videomme_blip_k16_alpha0.85_adaptive_short_2.0_med_3.0_long_5.0_score_diff_iter1,0.00609020975448088,0.29126365740002713,0.7709506776022496,0.023821312439179322,No
selected_dbfp_dense_videomme_blip_k16_alpha0.5_adaptive_short_3.0_med_6.0_long_10.0_score_diff_iter1,selected_dbfp_dense_videomme_blip_k16_alpha0.85_adaptive_short_2.0_med_3.0_long_5.0_score_diff_iter2,0.007767280779357011,0.37092099727829797,0.7108277362735257,0.03033617391816671,No
selected_dbfp_dense_videomme_blip_k16_alpha0.5_adaptive_short_3.0_med_6.0_long_10.0_score_diff_iter1,selected_dbfp_dense_videomme_blip_k16_alpha0.85_adaptive_short_2.0_med_3.0_long_5.0_score_diff_iter3,0.012015483421144335,0.5812003289648084,0.5613244344604726,0.047534095889026434,No
selected_dbfp_dense_videomme_blip_k16_alpha0.5_adaptive_short_3.0_med_6.0_long_10.0_score_diff_iter1,selected_dbfp_dense_videomme_blip_k16_alpha0.85_adaptive_short_2.0_med_3.0_long_5.0_temporal_iter1,0.019076672442632503,0.9297900401757221,0.35285497588559556,0.0760438814474997,No
selected_dbfp_dense_videomme_blip_k16_alpha0.5_adaptive_short_3.0_med_6.0_long_10.0_score_diff_iter1,selected_dbfp_dense_videomme_blip_k16_alpha0.85_adaptive_short_2.0_med_3.0_long_5.0_temporal_iter2,0.014854238770796696,0.7131284687312037,0.4760444513768991,0.05832398113795103,No
selected_dbfp_dense_videomme_blip_k16_alpha0.5_adaptive_short_3.0_med_6.0_long_10.0_score_diff_iter1,selected_dbfp_dense_videomme_blip_k16_alpha0.85_adaptive_short_2.0_med_3.0_long_5.0_temporal_iter3,0.003726227677709859,0.17490927573116552,0.8612101245317927,0.014305143820245038,No
selected_dbfp_dense_videomme_blip_k16_alpha0.5_adaptive_short_3.0_med_6.0_long_10.0_score_diff_iter1,selected_dbfp_dense_videomme_blip_k16_alpha0.85_adaptive_short_2.0_med_4.0_long_6.0_score_diff_iter1,-0.0025009697590868407,-0.11742983042786377,0.9065588756272573,-0.009604125373091731,No
selected_dbfp_dense_videomme_blip_k16_alpha0.5_adaptive_short_3.0_med_6.0_long_10.0_score_diff_iter1,selected_dbfp_dense_videomme_blip_k16_alpha0.85_adaptive_short_2.0_med_4.0_long_6.0_score_diff_iter2,0.0014392206973607435,0.06795736245906485,0.9458422911104541,0.005557966204688222,No
selected_dbfp_dense_videomme_blip_k16_alpha0.5_adaptive_short_3.0_med_6.0_long_10.0_score_diff_iter1,selected_dbfp_dense_videomme_blip_k16_alpha0.85_adaptive_short_2.0_med_4.0_long_6.0_score_diff_iter3,0.005520732584103488,0.2620798281225893,0.793350149168142,0.021434481484047585,No
selected_dbfp_dense_videomme_blip_k16_alpha0.5_adaptive_short_3.0_med_6.0_long_10.0_score_diff_iter1,selected_dbfp_dense_videomme_blip_k16_alpha0.85_adaptive_short_2.0_med_4.0_long_6.0_temporal_iter1,0.0032196819743756655,0.15257509420434925,0.8787848316215604,0.012478518683795937,No
selected_dbfp_dense_videomme_blip_k16_alpha0.5_adaptive_short_3.0_med_6.0_long_10.0_score_diff_iter1,selected_dbfp_dense_videomme_blip_k16_alpha0.85_adaptive_short_2.0_med_4.0_long_6.0_temporal_iter2,-0.0038130307800745,-0.17808290192227097,0.8587181784879725,-0.01456470226503279,No
selected_dbfp_dense_videomme_blip_k16_alpha0.5_adaptive_short_3.0_med_6.0_long_10.0_score_diff_iter1,selected_dbfp_dense_videomme_blip_k16_alpha0.85_adaptive_short_2.0_med_4.0_long_6.0_temporal_iter3,-0.011189315298311686,-0.5154946894271262,0.60639789415019,-0.042160289357137545,No
selected_dbfp_dense_videomme_blip_k16_alpha0.5_adaptive_short_3.0_med_6.0_long_10.0_score_diff_iter1,selected_dbfp_dense_videomme_blip_k16_alpha0.85_adaptive_short_2.0_med_5.0_long_8.0_score_diff_iter1,-0.004050966970339354,-0.18856114854225794,0.850500757522893,-0.015421676971666836,No
selected_dbfp_dense_videomme_blip_k16_alpha0.5_adaptive_short_3.0_med_6.0_long_10.0_score_diff_iter1,selected_dbfp_dense_videomme_blip_k16_alpha0.85_adaptive_short_2.0_med_5.0_long_8.0_score_diff_iter2,0.0018702498275259272,0.08801998985040234,0.9298902553516508,0.00719880983141766,No
selected_dbfp_dense_videomme_blip_k16_alpha0.5_adaptive_short_3.0_med_6.0_long_10.0_score_diff_iter1,selected_dbfp_dense_videomme_blip_k16_alpha0.85_adaptive_short_2.0_med_5.0_long_8.0_score_diff_iter3,0.005185919508936515,0.2443940942130047,0.8070094452234301,0.01998803466190066,No
selected_dbfp_dense_videomme_blip_k16_alpha0.5_adaptive_short_3.0_med_6.0_long_10.0_score_diff_iter1,selected_dbfp_dense_videomme_blip_k16_alpha0.85_adaptive_short_2.0_med_5.0_long_8.0_temporal_iter1,0.008632692242186268,0.4112813276458987,0.6810136108230702,0.033637087081759706,No
selected_dbfp_dense_videomme_blip_k16_alpha0.5_adaptive_short_3.0_med_6.0_long_10.0_score_diff_iter1,selected_dbfp_dense_videomme_blip_k16_alpha0.85_adaptive_short_2.0_med_5.0_long_8.0_temporal_iter2,0.004435750581226472,0.20984702314057307,0.8338585437264461,0.0171625651802846,No
selected_dbfp_dense_videomme_blip_k16_alpha0.5_adaptive_short_3.0_med_6.0_long_10.0_score_diff_iter1,selected_dbfp_dense_videomme_blip_k16_alpha0.85_adaptive_short_2.0_med_5.0_long_8.0_temporal_iter3,-0.00022162028500535835,-0.010316902017872574,0.9917718899975161,-0.0008437789624073415,No
selected_dbfp_dense_videomme_blip_k16_alpha0.5_adaptive_short_3.0_med_6.0_long_10.0_score_diff_iter1,selected_dbfp_dense_videomme_blip_k16_alpha0.85_adaptive_short_3.0_med_6.0_long_10.0_score_diff_iter1,0.009897280742114767,0.47535725205245727,0.6347059380535061,0.038877605673708446,No
selected_dbfp_dense_videomme_blip_k16_alpha0.5_adaptive_short_3.0_med_6.0_long_10.0_score_diff_iter1,selected_dbfp_dense_videomme_blip_k16_alpha0.85_adaptive_short_3.0_med_6.0_long_10.0_score_diff_iter2,0.007848144533009777,0.37788284437049424,0.7056517169055673,0.03090555608317382,No
selected_dbfp_dense_videomme_blip_k16_alpha0.5_adaptive_short_3.0_med_6.0_long_10.0_score_diff_iter1,selected_dbfp_dense_videomme_blip_k16_alpha0.85_adaptive_short_3.0_med_6.0_long_10.0_score_diff_iter3,0.005753753671136785,0.275124239881169,0.7833158197548049,0.02250133276615774,No
selected_dbfp_dense_videomme_blip_k16_alpha0.5_adaptive_short_3.0_med_6.0_long_10.0_score_diff_iter1,selected_dbfp_dense_videomme_blip_k16_alpha0.85_adaptive_short_3.0_med_6.0_long_10.0_temporal_iter1,-0.003172087746920793,-0.1488378168723921,0.8817317864797611,-0.01217286142992407,No
selected_dbfp_dense_videomme_blip_k16_alpha0.5_adaptive_short_3.0_med_6.0_long_10.0_score_diff_iter1,selected_dbfp_dense_videomme_blip_k16_alpha0.85_adaptive_short_3.0_med_6.0_long_10.0_temporal_iter2,0.010870858398578265,0.5205946479272688,0.602841871030726,0.0425773949022334,No
selected_dbfp_dense_videomme_blip_k16_alpha0.5_adaptive_short_3.0_med_6.0_long_10.0_score_diff_iter1,selected_dbfp_dense_videomme_blip_k16_alpha0.85_adaptive_short_3.0_med_6.0_long_10.0_temporal_iter3,0.00443260450702429,0.20962317814559348,0.8340331815125198,0.017144257776113076,No
selected_dbfp_dense_videomme_blip_k16_alpha0.5_adaptive_short_3.0_med_6.0_long_10.0_score_diff_iter1,selected_dbfp_dense_videomme_blip_k16_alpha0.8_adaptive_short_2.0_med_3.0_long_5.0_score_diff_iter1,0.004693223931578061,0.22344844456481985,0.8232628136966348,0.01827497210078802,No
selected_dbfp_dense_videomme_blip_k16_alpha0.5_adaptive_short_3.0_med_6.0_long_10.0_score_diff_iter1,selected_dbfp_dense_videomme_blip_k16_alpha0.8_adaptive_short_2.0_med_3.0_long_5.0_score_diff_iter2,0.013242080906759796,0.6435042302449016,0.5201436654128757,0.052629687657476,No
selected_dbfp_dense_videomme_blip_k16_alpha0.5_adaptive_short_3.0_med_6.0_long_10.0_score_diff_iter1,selected_dbfp_dense_videomme_blip_k16_alpha0.8_adaptive_short_2.0_med_3.0_long_5.0_score_diff_iter3,0.01520226841514366,0.7359896084190926,0.462025609265574,0.06019370408999057,No
selected_dbfp_dense_videomme_blip_k16_alpha0.5_adaptive_short_3.0_med_6.0_long_10.0_score_diff_iter1,selected_dbfp_dense_videomme_blip_k16_alpha0.8_adaptive_short_2.0_med_3.0_long_5.0_temporal_iter1,0.014880454232054946,0.7168830313749575,0.4737261669819447,0.058631052086148105,No
selected_dbfp_dense_videomme_blip_k16_alpha0.5_adaptive_short_3.0_med_6.0_long_10.0_score_diff_iter1,selected_dbfp_dense_videomme_blip_k16_alpha0.8_adaptive_short_2.0_med_3.0_long_5.0_temporal_iter2,-0.005500870708200739,-0.2538417865546559,0.7997050411869747,-0.020760724389439614,No
selected_dbfp_dense_videomme_blip_k16_alpha0.5_adaptive_short_3.0_med_6.0_long_10.0_score_diff_iter1,selected_dbfp_dense_videomme_blip_k16_alpha0.8_adaptive_short_2.0_med_3.0_long_5.0_temporal_iter3,0.006881065134613257,0.32280880285442476,0.7469528818858315,0.02640126621114592,No
selected_dbfp_dense_videomme_blip_k16_alpha0.5_adaptive_short_3.0_med_6.0_long_10.0_score_diff_iter1,selected_dbfp_dense_videomme_blip_k16_alpha0.8_adaptive_short_2.0_med_4.0_long_6.0_score_diff_iter1,-0.0014929293783021713,-0.07022872673888303,0.9440350885156682,-0.005743732183613062,No
selected_dbfp_dense_videomme_blip_k16_alpha0.5_adaptive_short_3.0_med_6.0_long_10.0_score_diff_iter1,selected_dbfp_dense_videomme_blip_k16_alpha0.8_adaptive_short_2.0_med_4.0_long_6.0_score_diff_iter2,0.004735894996285461,0.22470901043123861,0.8222824143758911,0.018378068842551776,No
selected_dbfp_dense_videomme_blip_k16_alpha0.5_adaptive_short_3.0_med_6.0_long_10.0_score_diff_iter1,selected_dbfp_dense_videomme_blip_k16_alpha0.8_adaptive_short_2.0_med_4.0_long_6.0_score_diff_iter3,0.007111000171671739,0.3333200126857098,0.7390095684307216,0.027260936848322145,No
selected_dbfp_dense_videomme_blip_k16_alpha0.5_adaptive_short_3.0_med_6.0_long_10.0_score_diff_iter1,selected_dbfp_dense_videomme_blip_k16_alpha0.8_adaptive_short_2.0_med_4.0_long_6.0_temporal_iter1,-0.0008755175030013274,-0.04104245605522658,0.9672757482414424,-0.0033567015481690047,No
selected_dbfp_dense_videomme_blip_k16_alpha0.5_adaptive_short_3.0_med_6.0_long_10.0_score_diff_iter1,selected_dbfp_dense_videomme_blip_k16_alpha0.8_adaptive_short_2.0_med_4.0_long_6.0_temporal_iter2,-0.01796332130380815,-0.8196554487317109,0.4127391123795129,-0.06703640524899865,No
selected_dbfp_dense_videomme_blip_k16_alpha0.5_adaptive_short_3.0_med_6.0_long_10.0_score_diff_iter1,selected_dbfp_dense_videomme_blip_k16_alpha0.8_adaptive_short_2.0_med_4.0_long_6.0_temporal_iter3,-0.00016543336988800172,-0.007762085582221577,0.9938094026304788,-0.0006348305436427552,No
selected_dbfp_dense_videomme_blip_k16_alpha0.5_adaptive_short_3.0_med_6.0_long_10.0_score_diff_iter1,selected_dbfp_dense_videomme_blip_k16_alpha0.8_adaptive_short_2.0_med_5.0_long_8.0_score_diff_iter1,-0.002464050772650772,-0.11562316550608791,0.9079900173390907,-0.009456365333536979,No
selected_dbfp_dense_videomme_blip_k16_alpha0.5_adaptive_short_3.0_med_6.0_long_10.0_score_diff_iter1,selected_dbfp_dense_videomme_blip_k16_alpha0.8_adaptive_short_2.0_med_5.0_long_8.0_score_diff_iter2,0.0019025523182755466,0.08921770006456659,0.9289387700912581,0.0072967658544599535,No
selected_dbfp_dense_videomme_blip_k16_alpha0.5_adaptive_short_3.0_med_6.0_long_10.0_score_diff_iter1,selected_dbfp_dense_videomme_blip_k16_alpha0.8_adaptive_short_2.0_med_5.0_long_8.0_score_diff_iter3,-0.0013618078469047057,-0.06275620777825411,0.9499816081153143,-0.00513258416260422,No
selected_dbfp_dense_videomme_blip_k16_alpha0.5_adaptive_short_3.0_med_6.0_long_10.0_score_diff_iter1,selected_dbfp_dense_videomme_blip_k16_alpha0.8_adaptive_short_2.0_med_5.0_long_8.0_temporal_iter1,0.008854106977358028,0.4218110957999776,0.6733144970219593,0.03449827553006987,No
selected_dbfp_dense_videomme_blip_k16_alpha0.5_adaptive_short_3.0_med_6.0_long_10.0_score_diff_iter1,selected_dbfp_dense_videomme_blip_k16_alpha0.8_adaptive_short_2.0_med_5.0_long_8.0_temporal_iter2,-0.007292002178611895,-0.33632293232582805,0.7367453398883488,-0.02750653388777634,No
selected_dbfp_dense_videomme_blip_k16_alpha0.5_adaptive_short_3.0_med_6.0_long_10.0_score_diff_iter1,selected_dbfp_dense_videomme_blip_k16_alpha0.8_adaptive_short_2.0_med_5.0_long_8.0_temporal_iter3,0.0016804984365177134,0.07826970343563826,0.9376396986996518,0.006401372140318343,No
selected_dbfp_dense_videomme_blip_k16_alpha0.5_adaptive_short_3.0_med_6.0_long_10.0_score_diff_iter1,selected_dbfp_dense_videomme_blip_k16_alpha0.8_adaptive_short_3.0_med_6.0_long_10.0_score_diff_iter1,0.010244001741250897,0.4926645956788501,0.6224304339092503,0.04029310544122,No
selected_dbfp_dense_videomme_blip_k16_alpha0.5_adaptive_short_3.0_med_6.0_long_10.0_score_diff_iter1,selected_dbfp_dense_videomme_blip_k16_alpha0.8_adaptive_short_3.0_med_6.0_long_10.0_score_diff_iter2,0.005773816645857771,0.27741348980776925,0.7815584978831507,0.02268856153680213,No
selected_dbfp_dense_videomme_blip_k16_alpha0.5_adaptive_short_3.0_med_6.0_long_10.0_score_diff_iter1,selected_dbfp_dense_videomme_blip_k16_alpha0.8_adaptive_short_3.0_med_6.0_long_10.0_score_diff_iter3,0.0010078378253254583,0.04790137284338809,0.9618108383845717,0.003917665455519148,No
selected_dbfp_dense_videomme_blip_k16_alpha0.5_adaptive_short_3.0_med_6.0_long_10.0_score_diff_iter1,selected_dbfp_dense_videomme_blip_k16_alpha0.8_adaptive_short_3.0_med_6.0_long_10.0_temporal_iter1,-0.00779131398820801,-0.3613377538833256,0.7179745987539137,-0.029552398051834867,No
selected_dbfp_dense_videomme_blip_k16_alpha0.5_adaptive_short_3.0_med_6.0_long_10.0_score_diff_iter1,selected_dbfp_dense_videomme_blip_k16_alpha0.8_adaptive_short_3.0_med_6.0_long_10.0_temporal_iter2,0.005167808285247877,0.244951653968703,0.8065778969850194,0.02003363528357475,No
selected_dbfp_dense_videomme_blip_k16_alpha0.5_adaptive_short_3.0_med_6.0_long_10.0_score_diff_iter1,selected_dbfp_dense_videomme_blip_k16_alpha0.8_adaptive_short_3.0_med_6.0_long_10.0_temporal_iter3,0.009802514177225663,0.4670283956850263,0.6406496756208202,0.03819642118257976,No
selected_dbfp_dense_videomme_blip_k16_alpha0.5_adaptive_short_3.0_med_6.0_long_10.0_score_diff_iter2,selected_dbfp_dense_videomme_blip_k16_alpha0.5_adaptive_short_3.0_med_6.0_long_10.0_score_diff_iter3,-0.007297037646550791,-0.3532155910309474,0.7240512967237416,-0.028888118151957482,No
selected_dbfp_dense_videomme_blip_k16_alpha0.5_adaptive_short_3.0_med_6.0_long_10.0_score_diff_iter2,selected_dbfp_dense_videomme_blip_k16_alpha0.5_adaptive_short_3.0_med_6.0_long_10.0_temporal_iter1,-0.015743149839096582,-0.7561117341292969,0.44987995296383576,-0.061839413867877724,No
selected_dbfp_dense_videomme_blip_k16_alpha0.5_adaptive_short_3.0_med_6.0_long_10.0_score_diff_iter2,selected_dbfp_dense_videomme_blip_k16_alpha0.5_adaptive_short_3.0_med_6.0_long_10.0_temporal_iter2,-0.0015625946327283147,-0.07663648259119349,0.9389383678744367,-0.006267797398823726,No
selected_dbfp_dense_videomme_blip_k16_alpha0.5_adaptive_short_3.0_med_6.0_long_10.0_score_diff_iter2,selected_dbfp_dense_videomme_blip_k16_alpha0.5_adaptive_short_3.0_med_6.0_long_10.0_temporal_iter3,0.0018537421491593986,0.08983928203225183,0.9284450128360392,0.007347602596860936,No
selected_dbfp_dense_videomme_blip_k16_alpha0.5_adaptive_short_3.0_med_6.0_long_10.0_score_diff_iter2,selected_dbfp_dense_videomme_blip_k16_alpha0.85_adaptive_short_2.0_med_3.0_long_5.0_score_diff_iter1,-0.008076689088612643,-0.3943609313086235,0.6934551808457201,-0.03225323418193084,No
selected_dbfp_dense_videomme_blip_k16_alpha0.5_adaptive_short_3.0_med_6.0_long_10.0_score_diff_iter2,selected_dbfp_dense_videomme_blip_k16_alpha0.85_adaptive_short_2.0_med_3.0_long_5.0_score_diff_iter2,-0.006399618063736512,-0.31199368924682574,0.7551540697469606,-0.025516740438229872,No
selected_dbfp_dense_videomme_blip_k16_alpha0.5_adaptive_short_3.0_med_6.0_long_10.0_score_diff_iter2,selected_dbfp_dense_videomme_blip_k16_alpha0.85_adaptive_short_2.0_med_3.0_long_5.0_score_diff_iter3,-0.0021514154219491877,-0.10629837944102861,0.9153812657183802,-0.008693727627287567,No
selected_dbfp_dense_videomme_blip_k16_alpha0.5_adaptive_short_3.0_med_6.0_long_10.0_score_diff_iter2,selected_dbfp_dense_videomme_blip_k16_alpha0.85_adaptive_short_2.0_med_3.0_long_5.0_temporal_iter1,0.00490977359953898,0.24451507130896868,0.8069158045968694,0.019997928860456527,No
selected_dbfp_dense_videomme_blip_k16_alpha0.5_adaptive_short_3.0_med_6.0_long_10.0_score_diff_iter2,selected_dbfp_dense_videomme_blip_k16_alpha0.85_adaptive_short_2.0_med_3.0_long_5.0_temporal_iter2,0.0006873399277031733,0.033695052562676735,0.9731315676837274,0.0027557862217653397,No
selected_dbfp_dense_videomme_blip_k16_alpha0.5_adaptive_short_3.0_med_6.0_long_10.0_score_diff_iter2,selected_dbfp_dense_videomme_blip_k16_alpha0.85_adaptive_short_2.0_med_3.0_long_5.0_temporal_iter3,-0.010440671165383664,-0.49996714678401244,0.6172821296717181,-0.04089035246820974,No
selected_dbfp_dense_videomme_blip_k16_alpha0.5_adaptive_short_3.0_med_6.0_long_10.0_score_diff_iter2,selected_dbfp_dense_videomme_blip_k16_alpha0.85_adaptive_short_2.0_med_4.0_long_6.0_score_diff_iter1,-0.016667868602180363,-0.79840787707972,0.4249507894909198,-0.06529864955486914,No
selected_dbfp_dense_videomme_blip_k16_alpha0.5_adaptive_short_3.0_med_6.0_long_10.0_score_diff_iter2,selected_dbfp_dense_videomme_blip_k16_alpha0.85_adaptive_short_2.0_med_4.0_long_6.0_score_diff_iter2,-0.01272767814573278,-0.6132436370890498,0.539948420508247,-0.050154792419256265,No
selected_dbfp_dense_videomme_blip_k16_alpha0.5_adaptive_short_3.0_med_6.0_long_10.0_score_diff_iter2,selected_dbfp_dense_videomme_blip_k16_alpha0.85_adaptive_short_2.0_med_4.0_long_6.0_score_diff_iter3,-0.008646166258990035,-0.41892062357140075,0.6754245684245598,-0.03426187511780622,No
selected_dbfp_dense_videomme_blip_k16_alpha0.5_adaptive_short_3.0_med_6.0_long_10.0_score_diff_iter2,selected_dbfp_dense_videomme_blip_k16_alpha0.85_adaptive_short_2.0_med_4.0_long_6.0_temporal_iter1,-0.010947216868717857,-0.5294363732209986,0.5966992535569335,-0.04330052492712895,No
selected_dbfp_dense_videomme_blip_k16_alpha0.5_adaptive_short_3.0_med_6.0_long_10.0_score_diff_iter2,selected_dbfp_dense_videomme_blip_k16_alpha0.85_adaptive_short_2.0_med_4.0_long_6.0_temporal_iter2,-0.017979929623168023,-0.856486843131359,0.39207162034730547,-0.07004870046458922,No
selected_dbfp_dense_videomme_blip_k16_alpha0.5_adaptive_short_3.0_med_6.0_long_10.0_score_diff_iter2,selected_dbfp_dense_videomme_blip_k16_alpha0.85_adaptive_short_2.0_med_4.0_long_6.0_temporal_iter3,-0.02535621414140521,-1.190831139342493,0.234192349496447,-0.0973934094825735,No
selected_dbfp_dense_videomme_blip_k16_alpha0.5_adaptive_short_3.0_med_6.0_long_10.0_score_diff_iter2,selected_dbfp_dense_videomme_blip_k16_alpha0.85_adaptive_short_2.0_med_5.0_long_8.0_score_diff_iter1,-0.018217865813432876,-0.8647951154332351,0.38749802179192516,-0.07072820148757503,No
selected_dbfp_dense_videomme_blip_k16_alpha0.5_adaptive_short_3.0_med_6.0_long_10.0_score_diff_iter2,selected_dbfp_dense_videomme_blip_k16_alpha0.85_adaptive_short_2.0_med_5.0_long_8.0_score_diff_iter2,-0.012296649015567596,-0.5904519398513767,0.5551107616427273,-0.04829074887976224,No
selected_dbfp_dense_videomme_blip_k16_alpha0.5_adaptive_short_3.0_med_6.0_long_10.0_score_diff_iter2,selected_dbfp_dense_videomme_blip_k16_alpha0.85_adaptive_short_2.0_med_5.0_long_8.0_score_diff_iter3,-0.008980979334157008,-0.43184573882861577,0.6660091913787374,-0.03531896962294937,No
selected_dbfp_dense_videomme_blip_k16_alpha0.5_adaptive_short_3.0_med_6.0_long_10.0_score_diff_iter2,selected_dbfp_dense_videomme_blip_k16_alpha0.85_adaptive_short_2.0_med_5.0_long_8.0_temporal_iter1,-0.005534206600907254,-0.26914387342876656,0.7879118041065006,-0.02201222202945788,No
selected_dbfp_dense_videomme_blip_k16_alpha0.5_adaptive_short_3.0_med_6.0_long_10.0_score_diff_iter2,selected_dbfp_dense_videomme_blip_k16_alpha0.85_adaptive_short_2.0_med_5.0_long_8.0_temporal_iter2,-0.00973114826186705,-0.4697953181809258,0.6386725226898968,-0.038422716904014456,No
selected_dbfp_dense_videomme_blip_k16_alpha0.5_adaptive_short_3.0_med_6.0_long_10.0_score_diff_iter2,selected_dbfp_dense_videomme_blip_k16_alpha0.85_adaptive_short_2.0_med_5.0_long_8.0_temporal_iter3,-0.014388519128098881,-0.6830932039460053,0.4948125042901529,-0.055867514629837564,No
selected_dbfp_dense_videomme_blip_k16_alpha0.5_adaptive_short_3.0_med_6.0_long_10.0_score_diff_iter2,selected_dbfp_dense_videomme_blip_k16_alpha0.85_adaptive_short_3.0_med_6.0_long_10.0_score_diff_iter1,-0.004269618100978756,-0.20940084863068845,0.8342066450868884,-0.01712607429232027,No
selected_dbfp_dense_videomme_blip_k16_alpha0.5_adaptive_short_3.0_med_6.0_long_10.0_score_diff_iter2,selected_dbfp_dense_videomme_blip_k16_alpha0.85_adaptive_short_3.0_med_6.0_long_10.0_score_diff_iter2,-0.006318754310083746,-0.31070865009626575,0.7561303874956269,-0.02541164211632545,No
selected_dbfp_dense_videomme_blip_k16_alpha0.5_adaptive_short_3.0_med_6.0_long_10.0_score_diff_iter2,selected_dbfp_dense_videomme_blip_k16_alpha0.85_adaptive_short_3.0_med_6.0_long_10.0_score_diff_iter3,-0.008413145171956737,-0.4107137160912005,0.6814295916236595,-0.0335906643261037,No
selected_dbfp_dense_videomme_blip_k16_alpha0.5_adaptive_short_3.0_med_6.0_long_10.0_score_diff_iter2,selected_dbfp_dense_videomme_blip_k16_alpha0.85_adaptive_short_3.0_med_6.0_long_10.0_temporal_iter1,-0.017338986590014316,-0.8299544649183688,0.40689572419902287,-0.06787872127585189,No
selected_dbfp_dense_videomme_blip_k16_alpha0.5_adaptive_short_3.0_med_6.0_long_10.0_score_diff_iter2,selected_dbfp_dense_videomme_blip_k16_alpha0.85_adaptive_short_3.0_med_6.0_long_10.0_temporal_iter2,-0.003296040444515258,-0.16116084506369238,0.8720211494750196,-0.013180713564242977,No
selected_dbfp_dense_videomme_blip_k16_alpha0.5_adaptive_short_3.0_med_6.0_long_10.0_score_diff_iter2,selected_dbfp_dense_videomme_blip_k16_alpha0.85_adaptive_short_3.0_med_6.0_long_10.0_temporal_iter3,-0.009734294336069232,-0.4697721444968856,0.6386890711888318,-0.03842082161983099,No
selected_dbfp_dense_videomme_blip_k16_alpha0.5_adaptive_short_3.0_med_6.0_long_10.0_score_diff_iter2,selected_dbfp_dense_videomme_blip_k16_alpha0.8_adaptive_short_2.0_med_3.0_long_5.0_score_diff_iter1,-0.009473674911515462,-0.4604143993298647,0.6453861734819826,-0.03765548832590448,No
selected_dbfp_dense_videomme_blip_k16_alpha0.5_adaptive_short_3.0_med_6.0_long_10.0_score_diff_iter2,selected_dbfp_dense_videomme_blip_k16_alpha0.8_adaptive_short_2.0_med_3.0_long_5.0_score_diff_iter2,-0.0009248179363337272,-0.04591523206512552,0.9633931421102422,-0.003755226782749165,No
selected_dbfp_dense_videomme_blip_k16_alpha0.5_adaptive_short_3.0_med_6.0_long_10.0_score_diff_iter2,selected_dbfp_dense_videomme_blip_k16_alpha0.8_adaptive_short_2.0_med_3.0_long_5.0_score_diff_iter3,0.0010353695720501377,0.051202702392395556,0.9591810965966694,0.004187668247671945,No
selected_dbfp_dense_videomme_blip_k16_alpha0.5_adaptive_short_3.0_med_6.0_long_10.0_score_diff_iter2,selected_dbfp_dense_videomme_blip_k16_alpha0.8_adaptive_short_2.0_med_3.0_long_5.0_temporal_iter1,0.0007135553889614232,0.035107660610576165,0.9720056082932453,0.0028713178943686186,No
selected_dbfp_dense_videomme_blip_k16_alpha0.5_adaptive_short_3.0_med_6.0_long_10.0_score_diff_iter2,selected_dbfp_dense_videomme_blip_k16_alpha0.8_adaptive_short_2.0_med_3.0_long_5.0_temporal_iter2,-0.019667769551294262,-0.9252514627098755,0.35520834283482905,-0.07567268909840094,No
selected_dbfp_dense_videomme_blip_k16_alpha0.5_adaptive_short_3.0_med_6.0_long_10.0_score_diff_iter2,selected_dbfp_dense_videomme_blip_k16_alpha0.8_adaptive_short_2.0_med_3.0_long_5.0_temporal_iter3,-0.007285833708480266,-0.3486809504144551,0.7274515730335953,-0.028517247690069213,No
selected_dbfp_dense_videomme_blip_k16_alpha0.5_adaptive_short_3.0_med_6.0_long_10.0_score_diff_iter2,selected_dbfp_dense_videomme_blip_k16_alpha0.8_adaptive_short_2.0_med_4.0_long_6.0_score_diff_iter1,-0.015659828221395694,-0.7515712710945106,0.45260460495304133,-0.06146806720206293,No
selected_dbfp_dense_videomme_blip_k16_alpha0.5_adaptive_short_3.0_med_6.0_long_10.0_score_diff_iter2,selected_dbfp_dense_videomme_blip_k16_alpha0.8_adaptive_short_2.0_med_4.0_long_6.0_score_diff_iter2,-0.009431003846808061,-0.4567078897341746,0.6480468602995197,-0.037352347445474804,No
selected_dbfp_dense_videomme_blip_k16_alpha0.5_adaptive_short_3.0_med_6.0_long_10.0_score_diff_iter2,selected_dbfp_dense_videomme_blip_k16_alpha0.8_adaptive_short_2.0_med_4.0_long_6.0_score_diff_iter3,-0.007055898671421784,-0.3373865063525321,0.7359439434538625,-0.027593519398836686,No
selected_dbfp_dense_videomme_blip_k16_alpha0.5_adaptive_short_3.0_med_6.0_long_10.0_score_diff_iter2,selected_dbfp_dense_videomme_blip_k16_alpha0.8_adaptive_short_2.0_med_4.0_long_6.0_temporal_iter1,-0.01504241634609485,-0.719336873527741,0.4722143916756222,-0.058831742230899556,No
selected_dbfp_dense_videomme_blip_k16_alpha0.5_adaptive_short_3.0_med_6.0_long_10.0_score_diff_iter2,selected_dbfp_dense_videomme_blip_k16_alpha0.8_adaptive_short_2.0_med_4.0_long_6.0_temporal_iter2,-0.03213022014690167,-1.4939686893978033,0.13571124780340316,-0.12218584110636192,No
selected_dbfp_dense_videomme_blip_k16_alpha0.5_adaptive_short_3.0_med_6.0_long_10.0_score_diff_iter2,selected_dbfp_dense_videomme_blip_k16_alpha0.8_adaptive_short_2.0_med_4.0_long_6.0_temporal_iter3,-0.014332332212981524,-0.6860157903988838,0.49296902987948066,-0.05610654149797841,No
selected_dbfp_dense_videomme_blip_k16_alpha0.5_adaptive_short_3.0_med_6.0_long_10.0_score_diff_iter2,selected_dbfp_dense_videomme_blip_k16_alpha0.8_adaptive_short_2.0_med_5.0_long_8.0_score_diff_iter1,-0.016630949615744295,-0.7961150057659225,0.4262811102610754,-0.06511112460258403,No
selected_dbfp_dense_videomme_blip_k16_alpha0.5_adaptive_short_3.0_med_6.0_long_10.0_score_diff_iter2,selected_dbfp_dense_videomme_blip_k16_alpha0.8_adaptive_short_2.0_med_5.0_long_8.0_score_diff_iter2,-0.012264346524817976,-0.5866930800159852,0.5576312625803532,-0.04798332648013465,No
selected_dbfp_dense_videomme_blip_k16_alpha0.5_adaptive_short_3.0_med_6.0_long_10.0_score_diff_iter2,selected_dbfp_dense_videomme_blip_k16_alpha0.8_adaptive_short_2.0_med_5.0_long_8.0_score_diff_iter3,-0.015528706689998228,-0.7295010889478387,0.4659808363088477,-0.05966303359544673,No
selected_dbfp_dense_videomme_blip_k16_alpha0.5_adaptive_short_3.0_med_6.0_long_10.0_score_diff_iter2,selected_dbfp_dense_videomme_blip_k16_alpha0.8_adaptive_short_2.0_med_5.0_long_8.0_temporal_iter1,-0.0053127918657354944,-0.25836377050553283,0.7962150707698361,-0.021130559682799078,No
selected_dbfp_dense_videomme_blip_k16_alpha0.5_adaptive_short_3.0_med_6.0_long_10.0_score_diff_iter2,selected_dbfp_dense_videomme_blip_k16_alpha0.8_adaptive_short_2.0_med_5.0_long_8.0_temporal_iter2,-0.021458901021705418,-1.0089773955927417,0.31339355271457536,-0.08252030484982346,No
selected_dbfp_dense_videomme_blip_k16_alpha0.5_adaptive_short_3.0_med_6.0_long_10.0_score_diff_iter2,selected_dbfp_dense_videomme_blip_k16_alpha0.8_adaptive_short_2.0_med_5.0_long_8.0_temporal_iter3,-0.01248640040657581,-0.5930967517247642,0.5533406361810222,-0.04850705769259348,No
selected_dbfp_dense_videomme_blip_k16_alpha0.5_adaptive_short_3.0_med_6.0_long_10.0_score_diff_iter2,selected_dbfp_dense_videomme_blip_k16_alpha0.8_adaptive_short_3.0_med_6.0_long_10.0_score_diff_iter1,-0.003922897101842626,-0.19266308336104193,0.847288248159614,-0.01575715810332917,No
selected_dbfp_dense_videomme_blip_k16_alpha0.5_adaptive_short_3.0_med_6.0_long_10.0_score_diff_iter2,selected_dbfp_dense_videomme_blip_k16_alpha0.8_adaptive_short_3.0_med_6.0_long_10.0_score_diff_iter2,-0.008393082197235752,-0.4117921749947186,0.6806393134687327,-0.033678867244156994,No
selected_dbfp_dense_videomme_blip_k16_alpha0.5_adaptive_short_3.0_med_6.0_long_10.0_score_diff_iter2,selected_dbfp_dense_videomme_blip_k16_alpha0.8_adaptive_short_3.0_med_6.0_long_10.0_score_diff_iter3,-0.013159061017768064,-0.6383740293346151,0.5234746250341877,-0.05221010864532638,No
selected_dbfp_dense_videomme_blip_k16_alpha0.5_adaptive_short_3.0_med_6.0_long_10.0_score_diff_iter2,selected_dbfp_dense_videomme_blip_k16_alpha0.8_adaptive_short_3.0_med_6.0_long_10.0_temporal_iter1,-0.021958212831301532,-1.0383849979888156,0.2995105231885056,-0.08492543731988594,No
selected_dbfp_dense_videomme_blip_k16_alpha0.5_adaptive_short_3.0_med_6.0_long_10.0_score_diff_iter2,selected_dbfp_dense_videomme_blip_k16_alpha0.8_adaptive_short_3.0_med_6.0_long_10.0_temporal_iter2,-0.008999090557845646,-0.4353276779788982,0.6634816717586869,-0.035603743764203576,No
selected_dbfp_dense_videomme_blip_k16_alpha0.5_adaptive_short_3.0_med_6.0_long_10.0_score_diff_iter2,selected_dbfp_dense_videomme_blip_k16_alpha0.8_adaptive_short_3.0_med_6.0_long_10.0_temporal_iter3,-0.00436438466586786,-0.21225883400082998,0.8319774372914023,-0.017359817714635378,No
selected_dbfp_dense_videomme_blip_k16_alpha0.5_adaptive_short_3.0_med_6.0_long_10.0_score_diff_iter3,selected_dbfp_dense_videomme_blip_k16_alpha0.5_adaptive_short_3.0_med_6.0_long_10.0_temporal_iter1,-0.00844611219254579,-0.40258986423687626,0.6873938400092754,-0.0329262463696618,No
selected_dbfp_dense_videomme_blip_k16_alpha0.5_adaptive_short_3.0_med_6.0_long_10.0_score_diff_iter3,selected_dbfp_dense_videomme_blip_k16_alpha0.5_adaptive_short_3.0_med_6.0_long_10.0_temporal_iter2,0.005734443013822477,0.27903107349215106,0.7803174477070095,0.02282085735205176,No
selected_dbfp_dense_videomme_blip_k16_alpha0.5_adaptive_short_3.0_med_6.0_long_10.0_score_diff_iter3,selected_dbfp_dense_videomme_blip_k16_alpha0.5_adaptive_short_3.0_med_6.0_long_10.0_temporal_iter3,0.00915077979571019,0.4400755216097198,0.6600414215432844,0.03599205128573805,No
selected_dbfp_dense_videomme_blip_k16_alpha0.5_adaptive_short_3.0_med_6.0_long_10.0_score_diff_iter3,selected_dbfp_dense_videomme_blip_k16_alpha0.85_adaptive_short_2.0_med_3.0_long_5.0_score_diff_iter1,-0.0007796514420618517,-0.03777140801664284,0.9698825467037058,-0.0030891753513174096,No
selected_dbfp_dense_videomme_blip_k16_alpha0.5_adaptive_short_3.0_med_6.0_long_10.0_score_diff_iter3,selected_dbfp_dense_videomme_blip_k16_alpha0.85_adaptive_short_2.0_med_3.0_long_5.0_score_diff_iter2,0.0008974195828142795,0.04341100427483662,0.9653883967526852,0.003550415815336307,No
selected_dbfp_dense_videomme_blip_k16_alpha0.5_adaptive_short_3.0_med_6.0_long_10.0_score_diff_iter3,selected_dbfp_dense_videomme_blip_k16_alpha0.85_adaptive_short_2.0_med_3.0_long_5.0_score_diff_iter3,0.005145622224601604,0.2522096300973387,0.800965694117258,0.020627236664209778,No
selected_dbfp_dense_videomme_blip_k16_alpha0.5_adaptive_short_3.0_med_6.0_long_10.0_score_diff_iter3,selected_dbfp_dense_videomme_blip_k16_alpha0.85_adaptive_short_2.0_med_3.0_long_5.0_temporal_iter1,0.012206811246089772,0.6029935558707403,0.5467415884272886,0.04931647842009594,No
selected_dbfp_dense_videomme_blip_k16_alpha0.5_adaptive_short_3.0_med_6.0_long_10.0_score_diff_iter3,selected_dbfp_dense_videomme_blip_k16_alpha0.85_adaptive_short_2.0_med_3.0_long_5.0_temporal_iter2,0.007984377574253965,0.3883387893648206,0.6979035463048979,0.03176070681163012,No
selected_dbfp_dense_videomme_blip_k16_alpha0.5_adaptive_short_3.0_med_6.0_long_10.0_score_diff_iter3,selected_dbfp_dense_videomme_blip_k16_alpha0.85_adaptive_short_2.0_med_3.0_long_5.0_temporal_iter3,-0.0031436335188328723,-0.1494086713067216,0.8812815434231407,-0.012219549369655604,No
selected_dbfp_dense_videomme_blip_k16_alpha0.5_adaptive_short_3.0_med_6.0_long_10.0_score_diff_iter3,selected_dbfp_dense_videomme_blip_k16_alpha0.85_adaptive_short_2.0_med_4.0_long_6.0_score_diff_iter1,-0.009370830955629572,-0.4455041182568071,0.6561167172638325,-0.036436034935248204,No
selected_dbfp_dense_videomme_blip_k16_alpha0.5_adaptive_short_3.0_med_6.0_long_10.0_score_diff_iter3,selected_dbfp_dense_videomme_blip_k16_alpha0.85_adaptive_short_2.0_med_4.0_long_6.0_score_diff_iter2,-0.005430640499181988,-0.2596722927778973,0.7952059397303061,-0.021237578602568367,No
selected_dbfp_dense_videomme_blip_k16_alpha0.5_adaptive_short_3.0_med_6.0_long_10.0_score_diff_iter3,selected_dbfp_dense_videomme_blip_k16_alpha0.85_adaptive_short_2.0_med_4.0_long_6.0_score_diff_iter3,-0.0013491286124392432,-0.06486573385471057,0.9483025812164678,-0.005305114020131539,No
selected_dbfp_dense_videomme_blip_k16_alpha0.5_adaptive_short_3.0_med_6.0_long_10.0_score_diff_iter3,selected_dbfp_dense_videomme_blip_k16_alpha0.85_adaptive_short_2.0_med_4.0_long_6.0_temporal_iter1,-0.003650179222167066,-0.17518230967001375,0.8609956821794276,-0.014327474183166097,No
selected_dbfp_dense_videomme_blip_k16_alpha0.5_adaptive_short_3.0_med_6.0_long_10.0_score_diff_iter3,selected_dbfp_dense_videomme_blip_k16_alpha0.85_adaptive_short_2.0_med_4.0_long_6.0_temporal_iter2,-0.010682891976617231,-0.5051103716980244,0.6136674147171612,-0.0413109966867715,No
selected_dbfp_dense_videomme_blip_k16_alpha0.5_adaptive_short_3.0_med_6.0_long_10.0_score_diff_iter3,selected_dbfp_dense_videomme_blip_k16_alpha0.85_adaptive_short_2.0_med_4.0_long_6.0_temporal_iter3,-0.018059176494854418,-0.8420122121843137,0.40011772388715394,-0.0688648772139127,No
selected_dbfp_dense_videomme_blip_k16_alpha0.5_adaptive_short_3.0_med_6.0_long_10.0_score_diff_iter3,selected_dbfp_dense_videomme_blip_k16_alpha0.85_adaptive_short_2.0_med_5.0_long_8.0_score_diff_iter1,-0.010920828166882085,-0.5145865142113881,0.6070321181113609,-0.0420860132311382,No
selected_dbfp_dense_videomme_blip_k16_alpha0.5_adaptive_short_3.0_med_6.0_long_10.0_score_diff_iter3,selected_dbfp_dense_videomme_blip_k16_alpha0.85_adaptive_short_2.0_med_5.0_long_8.0_score_diff_iter2,-0.004999611369016804,-0.23825779403791464,0.8117627718317091,-0.019486170723452892,No
selected_dbfp_dense_videomme_blip_k16_alpha0.5_adaptive_short_3.0_med_6.0_long_10.0_score_diff_iter3,selected_dbfp_dense_videomme_blip_k16_alpha0.85_adaptive_short_2.0_med_5.0_long_8.0_score_diff_iter3,-0.0016839416876062163,-0.08035926372862794,0.9359784103309741,-0.00657226907713976,No
selected_dbfp_dense_videomme_blip_k16_alpha0.5_adaptive_short_3.0_med_6.0_long_10.0_score_diff_iter3,selected_dbfp_dense_videomme_blip_k16_alpha0.85_adaptive_short_2.0_med_5.0_long_8.0_temporal_iter1,0.001762831045643537,0.08506849825478918,0.9322354061417607,0.0069574189002242276,No
selected_dbfp_dense_videomme_blip_k16_alpha0.5_adaptive_short_3.0_med_6.0_long_10.0_score_diff_iter3,selected_dbfp_dense_videomme_blip_k16_alpha0.85_adaptive_short_2.0_med_5.0_long_8.0_temporal_iter2,-0.0024341106153162595,-0.11661718507397723,0.9072025717354595,-0.009537662288629163,No
selected_dbfp_dense_videomme_blip_k16_alpha0.5_adaptive_short_3.0_med_6.0_long_10.0_score_diff_iter3,selected_dbfp_dense_videomme_blip_k16_alpha0.85_adaptive_short_2.0_med_5.0_long_8.0_temporal_iter3,-0.00709148148154809,-0.33418521332041273,0.7383569656513358,-0.027331698210063933,No
selected_dbfp_dense_videomme_blip_k16_alpha0.5_adaptive_short_3.0_med_6.0_long_10.0_score_diff_iter3,selected_dbfp_dense_videomme_blip_k16_alpha0.85_adaptive_short_3.0_med_6.0_long_10.0_score_diff_iter1,0.0030274195455720354,0.1473106370089704,0.8829364884158736,0.012047959360039169,No
selected_dbfp_dense_videomme_blip_k16_alpha0.5_adaptive_short_3.0_med_6.0_long_10.0_score_diff_iter3,selected_dbfp_dense_videomme_blip_k16_alpha0.85_adaptive_short_3.0_med_6.0_long_10.0_score_diff_iter2,0.0009782833364670451,0.04772443978786064,0.9619517900570815,0.0039031947906854967,No
selected_dbfp_dense_videomme_blip_k16_alpha0.5_adaptive_short_3.0_med_6.0_long_10.0_score_diff_iter3,selected_dbfp_dense_videomme_blip_k16_alpha0.85_adaptive_short_3.0_med_6.0_long_10.0_score_diff_iter3,-0.001116107525405946,-0.0540617707743121,0.9569040057377707,-0.0044215002430459,No
selected_dbfp_dense_videomme_blip_k16_alpha0.5_adaptive_short_3.0_med_6.0_long_10.0_score_diff_iter3,selected_dbfp_dense_videomme_blip_k16_alpha0.85_adaptive_short_3.0_med_6.0_long_10.0_temporal_iter1,-0.010041948943463525,-0.4770700278257157,0.6334865513783412,-0.03901768690470124,No
selected_dbfp_dense_videomme_blip_k16_alpha0.5_adaptive_short_3.0_med_6.0_long_10.0_score_diff_iter3,selected_dbfp_dense_videomme_blip_k16_alpha0.85_adaptive_short_3.0_med_6.0_long_10.0_temporal_iter2,0.004000997202035533,0.19410109788629326,0.8461626384357721,0.015874767680280788,No
selected_dbfp_dense_videomme_blip_k16_alpha0.5_adaptive_short_3.0_med_6.0_long_10.0_score_diff_iter3,selected_dbfp_dense_videomme_blip_k16_alpha0.85_adaptive_short_3.0_med_6.0_long_10.0_temporal_iter3,-0.002437256689518441,-0.11672507543324154,0.9071171082916939,-0.009546486218191621,No
selected_dbfp_dense_videomme_blip_k16_alpha0.5_adaptive_short_3.0_med_6.0_long_10.0_score_diff_iter3,selected_dbfp_dense_videomme_blip_k16_alpha0.8_adaptive_short_2.0_med_3.0_long_5.0_score_diff_iter1,-0.0021766372649646704,-0.1049663325982225,0.9164377206279731,-0.008584784747678252,No
selected_dbfp_dense_videomme_blip_k16_alpha0.5_adaptive_short_3.0_med_6.0_long_10.0_score_diff_iter3,selected_dbfp_dense_videomme_blip_k16_alpha0.8_adaptive_short_2.0_med_3.0_long_5.0_score_diff_iter2,0.006372219710217064,0.31381895992981756,0.7537679812870535,0.02566602215963615,No
selected_dbfp_dense_videomme_blip_k16_alpha0.5_adaptive_short_3.0_med_6.0_long_10.0_score_diff_iter3,selected_dbfp_dense_videomme_blip_k16_alpha0.8_adaptive_short_2.0_med_3.0_long_5.0_score_diff_iter3,0.008332407218600929,0.40877383316345256,0.6828519901166368,0.03343200890164959,No
selected_dbfp_dense_videomme_blip_k16_alpha0.5_adaptive_short_3.0_med_6.0_long_10.0_score_diff_iter3,selected_dbfp_dense_videomme_blip_k16_alpha0.8_adaptive_short_2.0_med_3.0_long_5.0_temporal_iter1,0.008010593035512215,0.3910112052372472,0.6959282219616122,0.031979273222083104,No
selected_dbfp_dense_videomme_blip_k16_alpha0.5_adaptive_short_3.0_med_6.0_long_10.0_score_diff_iter3,selected_dbfp_dense_videomme_blip_k16_alpha0.8_adaptive_short_2.0_med_3.0_long_5.0_temporal_iter2,-0.01237073190474347,-0.5777555115832174,0.5636466698660897,-0.047252357847731616,No
selected_dbfp_dense_videomme_blip_k16_alpha0.5_adaptive_short_3.0_med_6.0_long_10.0_score_diff_iter3,selected_dbfp_dense_videomme_blip_k16_alpha0.8_adaptive_short_2.0_med_3.0_long_5.0_temporal_iter3,1.1203938070525332e-05,0.0005321749801435088,0.9995755632968799,4.352450487937581e-05,No
selected_dbfp_dense_videomme_blip_k16_alpha0.5_adaptive_short_3.0_med_6.0_long_10.0_score_diff_iter3,selected_dbfp_dense_videomme_blip_k16_alpha0.8_adaptive_short_2.0_med_4.0_long_6.0_score_diff_iter1,-0.008362790574844903,-0.398337059614372,0.6905239239340654,-0.0325784261564845,No
selected_dbfp_dense_videomme_blip_k16_alpha0.5_adaptive_short_3.0_med_6.0_long_10.0_score_diff_iter3,selected_dbfp_dense_videomme_blip_k16_alpha0.8_adaptive_short_2.0_med_4.0_long_6.0_score_diff_iter2,-0.00213396620025727,-0.10254758345615857,0.9183564231024035,-0.00838696474094394,No
selected_dbfp_dense_videomme_blip_k16_alpha0.5_adaptive_short_3.0_med_6.0_long_10.0_score_diff_iter3,selected_dbfp_dense_videomme_blip_k16_alpha0.8_adaptive_short_2.0_med_4.0_long_6.0_score_diff_iter3,0.00024113897512900717,0.01144413947558625,0.9908729139116771,0.0009359712933657295,No
selected_dbfp_dense_videomme_blip_k16_alpha0.5_adaptive_short_3.0_med_6.0_long_10.0_score_diff_iter3,selected_dbfp_dense_videomme_blip_k16_alpha0.8_adaptive_short_2.0_med_4.0_long_6.0_temporal_iter1,-0.007745378699544059,-0.36761832013101536,0.7132879231726019,-0.030066060911857692,No
selected_dbfp_dense_videomme_blip_k16_alpha0.5_adaptive_short_3.0_med_6.0_long_10.0_score_diff_iter3,selected_dbfp_dense_videomme_blip_k16_alpha0.8_adaptive_short_2.0_med_4.0_long_6.0_temporal_iter2,-0.02483318250035088,-1.1465067666276103,0.25204407092524456,-0.09376829290089563,No
selected_dbfp_dense_videomme_blip_k16_alpha0.5_adaptive_short_3.0_med_6.0_long_10.0_score_diff_iter3,selected_dbfp_dense_videomme_blip_k16_alpha0.8_adaptive_short_2.0_med_4.0_long_6.0_temporal_iter3,-0.007035294566430733,-0.3342206653110526,0.7383302289814908,-0.0273345976808396,No
selected_dbfp_dense_videomme_blip_k16_alpha0.5_adaptive_short_3.0_med_6.0_long_10.0_score_diff_iter3,selected_dbfp_dense_videomme_blip_k16_alpha0.8_adaptive_short_2.0_med_5.0_long_8.0_score_diff_iter1,-0.009333911969193504,-0.4434611820320806,0.6575925867332006,-0.036268951193040654,No
selected_dbfp_dense_videomme_blip_k16_alpha0.5_adaptive_short_3.0_med_6.0_long_10.0_score_diff_iter3,selected_dbfp_dense_videomme_blip_k16_alpha0.8_adaptive_short_2.0_med_5.0_long_8.0_score_diff_iter2,-0.004967308878267185,-0.23584421452478785,0.8136343069769024,-0.01928877352192231,No
selected_dbfp_dense_videomme_blip_k16_alpha0.5_adaptive_short_3.0_med_6.0_long_10.0_score_diff_iter3,selected_dbfp_dense_videomme_blip_k16_alpha0.8_adaptive_short_2.0_med_5.0_long_8.0_score_diff_iter3,-0.008231669043447437,-0.38391178020731326,0.7011802973420896,-0.031398639143345695,No
selected_dbfp_dense_videomme_blip_k16_alpha0.5_adaptive_short_3.0_med_6.0_long_10.0_score_diff_iter3,selected_dbfp_dense_videomme_blip_k16_alpha0.8_adaptive_short_2.0_med_5.0_long_8.0_temporal_iter1,0.001984245780815297,0.09574884316866565,0.9237521248149013,0.0078309224307952,No
selected_dbfp_dense_videomme_blip_k16_alpha0.5_adaptive_short_3.0_med_6.0_long_10.0_score_diff_iter3,selected_dbfp_dense_videomme_blip_k16_alpha0.8_adaptive_short_2.0_med_5.0_long_8.0_temporal_iter2,-0.014161863375154626,-0.661061280038822,0.5088276114781766,-0.05406560999946303,No
selected_dbfp_dense_videomme_blip_k16_alpha0.5_adaptive_short_3.0_med_6.0_long_10.0_score_diff_iter3,selected_dbfp_dense_videomme_blip_k16_alpha0.8_adaptive_short_2.0_med_5.0_long_8.0_temporal_iter3,-0.005189362760025018,-0.244672641648466,0.8067938436428534,-0.02001081596405646,No
selected_dbfp_dense_videomme_blip_k16_alpha0.5_adaptive_short_3.0_med_6.0_long_10.0_score_diff_iter3,selected_dbfp_dense_videomme_blip_k16_alpha0.8_adaptive_short_3.0_med_6.0_long_10.0_score_diff_iter1,0.003374140544708165,0.16440590211137532,0.869467171804698,0.013446114057331461,No
selected_dbfp_dense_videomme_blip_k16_alpha0.5_adaptive_short_3.0_med_6.0_long_10.0_score_diff_iter3,selected_dbfp_dense_videomme_blip_k16_alpha0.8_adaptive_short_3.0_med_6.0_long_10.0_score_diff_iter2,-0.0010960445506849603,-0.05335244065119351,0.9574689160435139,-0.004363486912867281,No
selected_dbfp_dense_videomme_blip_k16_alpha0.5_adaptive_short_3.0_med_6.0_long_10.0_score_diff_iter3,selected_dbfp_dense_videomme_blip_k16_alpha0.8_adaptive_short_3.0_med_6.0_long_10.0_score_diff_iter3,-0.005862023371217273,-0.2821911431066932,0.777894585135808,-0.023079307064235735,No
selected_dbfp_dense_videomme_blip_k16_alpha0.5_adaptive_short_3.0_med_6.0_long_10.0_score_diff_iter3,selected_dbfp_dense_videomme_blip_k16_alpha0.8_adaptive_short_3.0_med_6.0_long_10.0_temporal_iter1,-0.014661175184750741,-0.6882425224251486,0.4915669583291902,-0.05628865722139763,No
selected_dbfp_dense_videomme_blip_k16_alpha0.5_adaptive_short_3.0_med_6.0_long_10.0_score_diff_iter3,selected_dbfp_dense_videomme_blip_k16_alpha0.8_adaptive_short_3.0_med_6.0_long_10.0_temporal_iter2,-0.0017020529112948546,-0.08170621288760041,0.9349076767101856,-0.006682430765670721,No
selected_dbfp_dense_videomme_blip_k16_alpha0.5_adaptive_short_3.0_med_6.0_long_10.0_score_diff_iter3,selected_dbfp_dense_videomme_blip_k16_alpha0.8_adaptive_short_3.0_med_6.0_long_10.0_temporal_iter3,0.0029326529806829316,0.14152467450688672,0.8875031318611972,0.011574748178955444,No
selected_dbfp_dense_videomme_blip_k16_alpha0.5_adaptive_short_3.0_med_6.0_long_10.0_temporal_iter1,selected_dbfp_dense_videomme_blip_k16_alpha0.5_adaptive_short_3.0_med_6.0_long_10.0_temporal_iter2,0.014180555206368267,0.6845737276697615,0.4938781757453362,0.05598860082316411,No
selected_dbfp_dense_videomme_blip_k16_alpha0.5_adaptive_short_3.0_med_6.0_long_10.0_temporal_iter1,selected_dbfp_dense_videomme_blip_k16_alpha0.5_adaptive_short_3.0_med_6.0_long_10.0_temporal_iter3,0.01759689198825598,0.8397494511518325,0.4013844731672025,0.0686798148000167,No
selected_dbfp_dense_videomme_blip_k16_alpha0.5_adaptive_short_3.0_med_6.0_long_10.0_temporal_iter1,selected_dbfp_dense_videomme_blip_k16_alpha0.85_adaptive_short_2.0_med_3.0_long_5.0_score_diff_iter1,0.007666460750483939,0.36851310191395403,0.712621097495362,0.030139241590377976,No
selected_dbfp_dense_videomme_blip_k16_alpha0.5_adaptive_short_3.0_med_6.0_long_10.0_temporal_iter1,selected_dbfp_dense_videomme_blip_k16_alpha0.85_adaptive_short_2.0_med_3.0_long_5.0_score_diff_iter2,0.00934353177536007,0.44845710971385605,0.6539857780381005,0.03667754851369424,No
selected_dbfp_dense_videomme_blip_k16_alpha0.5_adaptive_short_3.0_med_6.0_long_10.0_temporal_iter1,selected_dbfp_dense_videomme_blip_k16_alpha0.85_adaptive_short_2.0_med_3.0_long_5.0_score_diff_iter3,0.013591734417147394,0.6608674025745835,0.508951861345099,0.05404975343595356,No
selected_dbfp_dense_videomme_blip_k16_alpha0.5_adaptive_short_3.0_med_6.0_long_10.0_temporal_iter1,selected_dbfp_dense_videomme_blip_k16_alpha0.85_adaptive_short_2.0_med_3.0_long_5.0_temporal_iter1,0.020652923438635562,1.0119366768339204,0.3119775928406335,0.08276233272490034,No
selected_dbfp_dense_videomme_blip_k16_alpha0.5_adaptive_short_3.0_med_6.0_long_10.0_temporal_iter1,selected_dbfp_dense_videomme_blip_k16_alpha0.85_adaptive_short_2.0_med_3.0_long_5.0_temporal_iter2,0.016430489766799755,0.7928460836385695,0.4281819391058449,0.0648437722594341,No
selected_dbfp_dense_videomme_blip_k16_alpha0.5_adaptive_short_3.0_med_6.0_long_10.0_temporal_iter1,selected_dbfp_dense_videomme_blip_k16_alpha0.85_adaptive_short_2.0_med_3.0_long_5.0_temporal_iter3,0.005302478673712918,0.2501181198694127,0.8025819044266029,0.0204561802748959,No
selected_dbfp_dense_videomme_blip_k16_alpha0.5_adaptive_short_3.0_med_6.0_long_10.0_temporal_iter1,selected_dbfp_dense_videomme_blip_k16_alpha0.85_adaptive_short_2.0_med_4.0_long_6.0_score_diff_iter1,-0.0009247187630837816,-0.04363185501361679,0.9652124240246128,-0.003568478334726531,No
selected_dbfp_dense_videomme_blip_k16_alpha0.5_adaptive_short_3.0_med_6.0_long_10.0_temporal_iter1,selected_dbfp_dense_videomme_blip_k16_alpha0.85_adaptive_short_2.0_med_4.0_long_6.0_score_diff_iter2,0.0030154716933638026,0.14309106002810174,0.8862664662791322,0.011702856716311983,No
selected_dbfp_dense_videomme_blip_k16_alpha0.5_adaptive_short_3.0_med_6.0_long_10.0_temporal_iter1,selected_dbfp_dense_videomme_blip_k16_alpha0.85_adaptive_short_2.0_med_4.0_long_6.0_score_diff_iter3,0.007096983580106547,0.3385961986408505,0.7350327978595657,0.027692455390076913,No
selected_dbfp_dense_videomme_blip_k16_alpha0.5_adaptive_short_3.0_med_6.0_long_10.0_temporal_iter1,selected_dbfp_dense_videomme_blip_k16_alpha0.85_adaptive_short_2.0_med_4.0_long_6.0_temporal_iter1,0.004795932970378725,0.22840598626098527,0.8194087177468254,0.018680429996520226,No
selected_dbfp_dense_videomme_blip_k16_alpha0.5_adaptive_short_3.0_med_6.0_long_10.0_temporal_iter1,selected_dbfp_dense_videomme_blip_k16_alpha0.85_adaptive_short_2.0_med_4.0_long_6.0_temporal_iter2,-0.002236779784071441,-0.10497273029709912,0.9164326462167693,-0.008585307999467072,No
selected_dbfp_dense_videomme_blip_k16_alpha0.5_adaptive_short_3.0_med_6.0_long_10.0_temporal_iter1,selected_dbfp_dense_videomme_blip_k16_alpha0.85_adaptive_short_2.0_med_4.0_long_6.0_temporal_iter3,-0.009613064302308627,-0.44496617124922794,0.6565052137680136,-0.036392038396200956,No
selected_dbfp_dense_videomme_blip_k16_alpha0.5_adaptive_short_3.0_med_6.0_long_10.0_temporal_iter1,selected_dbfp_dense_videomme_blip_k16_alpha0.85_adaptive_short_2.0_med_5.0_long_8.0_score_diff_iter1,-0.0024747159743362945,-0.11574602682406214,0.9078926837411445,-0.009466413680160471,No
selected_dbfp_dense_videomme_blip_k16_alpha0.5_adaptive_short_3.0_med_6.0_long_10.0_temporal_iter1,selected_dbfp_dense_videomme_blip_k16_alpha0.85_adaptive_short_2.0_med_5.0_long_8.0_score_diff_iter2,0.0034465008235289862,0.163002422776277,0.8705715950705248,0.013331329001498606,No
selected_dbfp_dense_videomme_blip_k16_alpha0.5_adaptive_short_3.0_med_6.0_long_10.0_temporal_iter1,selected_dbfp_dense_videomme_blip_k16_alpha0.85_adaptive_short_2.0_med_5.0_long_8.0_score_diff_iter3,0.006762170504939574,0.32025122694943364,0.7488897600843369,0.02619209209688952,No
selected_dbfp_dense_videomme_blip_k16_alpha0.5_adaptive_short_3.0_med_6.0_long_10.0_temporal_iter1,selected_dbfp_dense_videomme_blip_k16_alpha0.85_adaptive_short_2.0_med_5.0_long_8.0_temporal_iter1,0.010208943238189327,0.48883310486027703,0.625139082394676,0.03997974283810508,No
selected_dbfp_dense_videomme_blip_k16_alpha0.5_adaptive_short_3.0_med_6.0_long_10.0_temporal_iter1,selected_dbfp_dense_videomme_blip_k16_alpha0.85_adaptive_short_2.0_med_5.0_long_8.0_temporal_iter2,0.006012001577229531,0.28583219198026144,0.7751056333025097,0.023377094185672114,No
selected_dbfp_dense_videomme_blip_k16_alpha0.5_adaptive_short_3.0_med_6.0_long_10.0_temporal_iter1,selected_dbfp_dense_videomme_blip_k16_alpha0.85_adaptive_short_2.0_med_5.0_long_8.0_temporal_iter3,0.0013546307109977007,0.06336484531030892,0.9494971544253159,0.005182362236900495,No
selected_dbfp_dense_videomme_blip_k16_alpha0.5_adaptive_short_3.0_med_6.0_long_10.0_temporal_iter1,selected_dbfp_dense_videomme_blip_k16_alpha0.85_adaptive_short_3.0_med_6.0_long_10.0_score_diff_iter1,0.011473531738117826,0.5538909637137203,0.5798605184170511,0.04530056999482849,No
selected_dbfp_dense_videomme_blip_k16_alpha0.5_adaptive_short_3.0_med_6.0_long_10.0_temporal_iter1,selected_dbfp_dense_videomme_blip_k16_alpha0.85_adaptive_short_3.0_med_6.0_long_10.0_score_diff_iter2,0.009424395529012836,0.456118633143381,0.6484702697855438,0.037304154460395,No
selected_dbfp_dense_videomme_blip_k16_alpha0.5_adaptive_short_3.0_med_6.0_long_10.0_temporal_iter1,selected_dbfp_dense_videomme_blip_k16_alpha0.85_adaptive_short_3.0_med_6.0_long_10.0_score_diff_iter3,0.0073300046671398444,0.35227760125419066,0.7247541983647092,0.02881140365433256,No
selected_dbfp_dense_videomme_blip_k16_alpha0.5_adaptive_short_3.0_med_6.0_long_10.0_temporal_iter1,selected_dbfp_dense_videomme_blip_k16_alpha0.85_adaptive_short_3.0_med_6.0_long_10.0_temporal_iter1,-0.001595836750917734,-0.07524499369913204,0.9400449504665807,-0.006153992988275664,No
selected_dbfp_dense_videomme_blip_k16_alpha0.5_adaptive_short_3.0_med_6.0_long_10.0_temporal_iter1,selected_dbfp_dense_videomme_blip_k16_alpha0.85_adaptive_short_3.0_med_6.0_long_10.0_temporal_iter2,0.012447109394581324,0.5991206357241721,0.5493193379045677,0.048999727518850934,No
selected_dbfp_dense_videomme_blip_k16_alpha0.5_adaptive_short_3.0_med_6.0_long_10.0_temporal_iter1,selected_dbfp_dense_videomme_blip_k16_alpha0.85_adaptive_short_3.0_med_6.0_long_10.0_temporal_iter3,0.006008855503027349,0.2855794068336576,0.775299166899901,0.023356419880072834,No
selected_dbfp_dense_videomme_blip_k16_alpha0.5_adaptive_short_3.0_med_6.0_long_10.0_temporal_iter1,selected_dbfp_dense_videomme_blip_k16_alpha0.8_adaptive_short_2.0_med_3.0_long_5.0_score_diff_iter1,0.00626947492758112,0.30000011096962376,0.764281323381896,0.024535832718837327,No
selected_dbfp_dense_videomme_blip_k16_alpha0.5_adaptive_short_3.0_med_6.0_long_10.0_temporal_iter1,selected_dbfp_dense_videomme_blip_k16_alpha0.8_adaptive_short_2.0_med_3.0_long_5.0_score_diff_iter2,0.014818331902762855,0.7238864043589729,0.46941855696875645,0.05920383046814021,No
selected_dbfp_dense_videomme_blip_k16_alpha0.5_adaptive_short_3.0_med_6.0_long_10.0_temporal_iter1,selected_dbfp_dense_videomme_blip_k16_alpha0.8_adaptive_short_2.0_med_3.0_long_5.0_score_diff_iter3,0.01677851941114672,0.8165367297710859,0.4145183767698861,0.0667813372880035,No
selected_dbfp_dense_videomme_blip_k16_alpha0.5_adaptive_short_3.0_med_6.0_long_10.0_temporal_iter1,selected_dbfp_dense_videomme_blip_k16_alpha0.8_adaptive_short_2.0_med_3.0_long_5.0_temporal_iter1,0.016456705228058005,0.7969143225516871,0.4258170714988211,0.06517649755861134,No
selected_dbfp_dense_videomme_blip_k16_alpha0.5_adaptive_short_3.0_med_6.0_long_10.0_temporal_iter1,selected_dbfp_dense_videomme_blip_k16_alpha0.8_adaptive_short_2.0_med_3.0_long_5.0_temporal_iter2,-0.00392461971219768,-0.18196189857876308,0.8556742899669166,-0.014881950195715747,No
selected_dbfp_dense_videomme_blip_k16_alpha0.5_adaptive_short_3.0_med_6.0_long_10.0_temporal_iter1,selected_dbfp_dense_videomme_blip_k16_alpha0.8_adaptive_short_2.0_med_3.0_long_5.0_temporal_iter3,0.008457316130616316,0.39869661148200813,0.6902590857630997,0.03260783250693652,No
selected_dbfp_dense_videomme_blip_k16_alpha0.5_adaptive_short_3.0_med_6.0_long_10.0_temporal_iter1,selected_dbfp_dense_videomme_blip_k16_alpha0.8_adaptive_short_2.0_med_4.0_long_6.0_score_diff_iter1,8.332161770088775e-05,0.003938811259640489,0.9968586050138885,0.00032213992825197495,No
selected_dbfp_dense_videomme_blip_k16_alpha0.5_adaptive_short_3.0_med_6.0_long_10.0_temporal_iter1,selected_dbfp_dense_videomme_blip_k16_alpha0.8_adaptive_short_2.0_med_4.0_long_6.0_score_diff_iter2,0.00631214599228852,0.30099872543701023,0.7635200920485766,0.0246175054836956,No
selected_dbfp_dense_videomme_blip_k16_alpha0.5_adaptive_short_3.0_med_6.0_long_10.0_temporal_iter1,selected_dbfp_dense_videomme_blip_k16_alpha0.8_adaptive_short_2.0_med_4.0_long_6.0_score_diff_iter3,0.008687251167674798,0.40919454797850735,0.682543409350981,0.03346641757015819,No
selected_dbfp_dense_videomme_blip_k16_alpha0.5_adaptive_short_3.0_med_6.0_long_10.0_temporal_iter1,selected_dbfp_dense_videomme_blip_k16_alpha0.8_adaptive_short_2.0_med_4.0_long_6.0_temporal_iter1,0.0007007334930017317,0.033009467270968026,0.9736780524135522,0.002699714893349382,No
selected_dbfp_dense_videomme_blip_k16_alpha0.5_adaptive_short_3.0_med_6.0_long_10.0_temporal_iter1,selected_dbfp_dense_videomme_blip_k16_alpha0.8_adaptive_short_2.0_med_4.0_long_6.0_temporal_iter2,-0.01638707030780509,-0.7511926860327423,0.45283220849588357,-0.0614371043225507,No
selected_dbfp_dense_videomme_blip_k16_alpha0.5_adaptive_short_3.0_med_6.0_long_10.0_temporal_iter1,selected_dbfp_dense_videomme_blip_k16_alpha0.8_adaptive_short_2.0_med_4.0_long_6.0_temporal_iter3,0.0014108176261150573,0.06651921427825933,0.9469866934615481,0.005440345704477158,No
selected_dbfp_dense_videomme_blip_k16_alpha0.5_adaptive_short_3.0_med_6.0_long_10.0_temporal_iter1,selected_dbfp_dense_videomme_blip_k16_alpha0.8_adaptive_short_2.0_med_5.0_long_8.0_score_diff_iter1,-0.000887799776647713,-0.041863115827337115,0.9666217932203939,-0.0034238200922482127,No
selected_dbfp_dense_videomme_blip_k16_alpha0.5_adaptive_short_3.0_med_6.0_long_10.0_temporal_iter1,selected_dbfp_dense_videomme_blip_k16_alpha0.8_adaptive_short_2.0_med_5.0_long_8.0_score_diff_iter2,0.0034788033142786057,0.16393166528596004,0.8698403288938801,0.013407328104550415,No
selected_dbfp_dense_videomme_blip_k16_alpha0.5_adaptive_short_3.0_med_6.0_long_10.0_temporal_iter1,selected_dbfp_dense_videomme_blip_k16_alpha0.8_adaptive_short_2.0_med_5.0_long_8.0_score_diff_iter3,0.00021444314909835338,0.009928842851046754,0.9920813711145096,0.000812041124939662,No
selected_dbfp_dense_videomme_blip_k16_alpha0.5_adaptive_short_3.0_med_6.0_long_10.0_temporal_iter1,selected_dbfp_dense_videomme_blip_k16_alpha0.8_adaptive_short_2.0_med_5.0_long_8.0_temporal_iter1,0.010430357973361087,0.4994124184773371,0.617672556832642,0.04084498341539798,No
selected_dbfp_dense_videomme_blip_k16_alpha0.5_adaptive_short_3.0_med_6.0_long_10.0_temporal_iter1,selected_dbfp_dense_videomme_blip_k16_alpha0.8_adaptive_short_2.0_med_5.0_long_8.0_temporal_iter2,-0.005715751182608836,-0.26486959089838463,0.7912011948399948,-0.021662645262410546,No
selected_dbfp_dense_videomme_blip_k16_alpha0.5_adaptive_short_3.0_med_6.0_long_10.0_temporal_iter1,selected_dbfp_dense_videomme_blip_k16_alpha0.8_adaptive_short_2.0_med_5.0_long_8.0_temporal_iter3,0.0032567494325207724,0.15241568840485512,0.8789104937890544,0.012465481514508575,No
selected_dbfp_dense_videomme_blip_k16_alpha0.5_adaptive_short_3.0_med_6.0_long_10.0_temporal_iter1,selected_dbfp_dense_videomme_blip_k16_alpha0.8_adaptive_short_3.0_med_6.0_long_10.0_score_diff_iter1,0.011820252737253956,0.5713961987970548,0.5679457912032548,0.046732254527968003,No
selected_dbfp_dense_videomme_blip_k16_alpha0.5_adaptive_short_3.0_med_6.0_long_10.0_temporal_iter1,selected_dbfp_dense_videomme_blip_k16_alpha0.8_adaptive_short_3.0_med_6.0_long_10.0_score_diff_iter2,0.00735006764186083,0.3549608847385641,0.7227440465305941,0.02903085888326506,No
selected_dbfp_dense_videomme_blip_k16_alpha0.5_adaptive_short_3.0_med_6.0_long_10.0_temporal_iter1,selected_dbfp_dense_videomme_blip_k16_alpha0.8_adaptive_short_3.0_med_6.0_long_10.0_score_diff_iter3,0.0025840888213285174,0.12343586754015548,0.9018034310998988,0.010095335591334844,No
selected_dbfp_dense_videomme_blip_k16_alpha0.5_adaptive_short_3.0_med_6.0_long_10.0_temporal_iter1,selected_dbfp_dense_videomme_blip_k16_alpha0.8_adaptive_short_3.0_med_6.0_long_10.0_temporal_iter1,-0.0062150629922049505,-0.28961435069126695,0.7722116719161111,-0.02368642213446416,No
selected_dbfp_dense_videomme_blip_k16_alpha0.5_adaptive_short_3.0_med_6.0_long_10.0_temporal_iter1,selected_dbfp_dense_videomme_blip_k16_alpha0.8_adaptive_short_3.0_med_6.0_long_10.0_temporal_iter2,0.006744059281250936,0.32126255072567456,0.7481236836968186,0.026274804297033546,No
selected_dbfp_dense_videomme_blip_k16_alpha0.5_adaptive_short_3.0_med_6.0_long_10.0_temporal_iter1,selected_dbfp_dense_videomme_blip_k16_alpha0.8_adaptive_short_3.0_med_6.0_long_10.0_temporal_iter3,0.011378765173228722,0.5448640586166215,0.5860501511073875,0.04456229483766075,No
selected_dbfp_dense_videomme_blip_k16_alpha0.5_adaptive_short_3.0_med_6.0_long_10.0_temporal_iter2,selected_dbfp_dense_videomme_blip_k16_alpha0.5_adaptive_short_3.0_med_6.0_long_10.0_temporal_iter3,0.0034163367818877133,0.16643749848524167,0.8678689245561488,0.013612270358435843,No
selected_dbfp_dense_videomme_blip_k16_alpha0.5_adaptive_short_3.0_med_6.0_long_10.0_temporal_iter2,selected_dbfp_dense_videomme_blip_k16_alpha0.85_adaptive_short_2.0_med_3.0_long_5.0_score_diff_iter1,-0.006514094455884328,-0.31975881315852034,0.7492628528695643,-0.026151819466803294,No
selected_dbfp_dense_videomme_blip_k16_alpha0.5_adaptive_short_3.0_med_6.0_long_10.0_temporal_iter2,selected_dbfp_dense_videomme_blip_k16_alpha0.85_adaptive_short_2.0_med_3.0_long_5.0_score_diff_iter2,-0.004837023431008197,-0.2370668142042158,0.8126861460526116,-0.019388765131400455,No
selected_dbfp_dense_videomme_blip_k16_alpha0.5_adaptive_short_3.0_med_6.0_long_10.0_temporal_iter2,selected_dbfp_dense_videomme_blip_k16_alpha0.85_adaptive_short_2.0_med_3.0_long_5.0_score_diff_iter3,-0.000588820789220873,-0.029251561792628077,0.9766737178301657,-0.0023923705345186607,No
selected_dbfp_dense_videomme_blip_k16_alpha0.5_adaptive_short_3.0_med_6.0_long_10.0_temporal_iter2,selected_dbfp_dense_videomme_blip_k16_alpha0.85_adaptive_short_2.0_med_3.0_long_5.0_temporal_iter1,0.006472368232267295,0.324122300460232,0.745958778284127,0.02650869196131041,No
selected_dbfp_dense_videomme_blip_k16_alpha0.5_adaptive_short_3.0_med_6.0_long_10.0_temporal_iter2,selected_dbfp_dense_videomme_blip_k16_alpha0.85_adaptive_short_2.0_med_3.0_long_5.0_temporal_iter2,0.002249934560431488,0.11088964901980458,0.9117410600997073,0.009069229563329227,No
selected_dbfp_dense_videomme_blip_k16_alpha0.5_adaptive_short_3.0_med_6.0_long_10.0_temporal_iter2,selected_dbfp_dense_videomme_blip_k16_alpha0.85_adaptive_short_2.0_med_3.0_long_5.0_temporal_iter3,-0.008878076532655349,-0.4273181856893485,0.6693014082766673,-0.0349486788038008,No
selected_dbfp_dense_videomme_blip_k16_alpha0.5_adaptive_short_3.0_med_6.0_long_10.0_temporal_iter2,selected_dbfp_dense_videomme_blip_k16_alpha0.85_adaptive_short_2.0_med_4.0_long_6.0_score_diff_iter1,-0.015105273969452049,-0.7272674431415639,0.4673467560635812,-0.059480352406501756,No
selected_dbfp_dense_videomme_blip_k16_alpha0.5_adaptive_short_3.0_med_6.0_long_10.0_temporal_iter2,selected_dbfp_dense_videomme_blip_k16_alpha0.85_adaptive_short_2.0_med_4.0_long_6.0_score_diff_iter2,-0.011165083513004465,-0.5407454738146723,0.5888843836166204,-0.044225451916666214,No
selected_dbfp_dense_videomme_blip_k16_alpha0.5_adaptive_short_3.0_med_6.0_long_10.0_temporal_iter2,selected_dbfp_dense_videomme_blip_k16_alpha0.85_adaptive_short_2.0_med_4.0_long_6.0_score_diff_iter3,-0.00708357162626172,-0.34501093420636214,0.7302074634499403,-0.028217091435661777,No
selected_dbfp_dense_videomme_blip_k16_alpha0.5_adaptive_short_3.0_med_6.0_long_10.0_temporal_iter2,selected_dbfp_dense_videomme_blip_k16_alpha0.85_adaptive_short_2.0_med_4.0_long_6.0_temporal_iter1,-0.009384622235989543,-0.4562373948276479,0.6483849245723359,-0.037313867506213926,No
selected_dbfp_dense_videomme_blip_k16_alpha0.5_adaptive_short_3.0_med_6.0_long_10.0_temporal_iter2,selected_dbfp_dense_videomme_blip_k16_alpha0.85_adaptive_short_2.0_med_4.0_long_6.0_temporal_iter2,-0.016417334990439708,-0.7860162180360433,0.43216932374721917,-0.06428518435302677,No
selected_dbfp_dense_videomme_blip_k16_alpha0.5_adaptive_short_3.0_med_6.0_long_10.0_temporal_iter2,selected_dbfp_dense_videomme_blip_k16_alpha0.85_adaptive_short_2.0_med_4.0_long_6.0_temporal_iter3,-0.023793619508676894,-1.1229505364433876,0.2619091364763887,-0.09184172112277576,No
selected_dbfp_dense_videomme_blip_k16_alpha0.5_adaptive_short_3.0_med_6.0_long_10.0_temporal_iter2,selected_dbfp_dense_videomme_blip_k16_alpha0.85_adaptive_short_2.0_med_5.0_long_8.0_score_diff_iter1,-0.01665527118070456,-0.7945993588213804,0.4271618218602341,-0.06498716579068327,No
selected_dbfp_dense_videomme_blip_k16_alpha0.5_adaptive_short_3.0_med_6.0_long_10.0_temporal_iter2,selected_dbfp_dense_videomme_blip_k16_alpha0.85_adaptive_short_2.0_med_5.0_long_8.0_score_diff_iter2,-0.010734054382839281,-0.5180756899781153,0.6045970768617788,-0.04237137919587231,No
selected_dbfp_dense_videomme_blip_k16_alpha0.5_adaptive_short_3.0_med_6.0_long_10.0_temporal_iter2,selected_dbfp_dense_videomme_blip_k16_alpha0.85_adaptive_short_2.0_med_5.0_long_8.0_score_diff_iter3,-0.007418384701428693,-0.3585520581909515,0.720056760135905,-0.029324566877213167,No
selected_dbfp_dense_videomme_blip_k16_alpha0.5_adaptive_short_3.0_med_6.0_long_10.0_temporal_iter2,selected_dbfp_dense_videomme_blip_k16_alpha0.85_adaptive_short_2.0_med_5.0_long_8.0_temporal_iter1,-0.00397161196817894,-0.19417149227811306,0.8461075450968965,-0.015880524956662697,No
selected_dbfp_dense_videomme_blip_k16_alpha0.5_adaptive_short_3.0_med_6.0_long_10.0_temporal_iter2,selected_dbfp_dense_videomme_blip_k16_alpha0.85_adaptive_short_2.0_med_5.0_long_8.0_temporal_iter2,-0.008168553629138736,-0.39641107697634437,0.6919432073278441,-0.032420907564854905,No
selected_dbfp_dense_videomme_blip_k16_alpha0.5_adaptive_short_3.0_med_6.0_long_10.0_temporal_iter2,selected_dbfp_dense_videomme_blip_k16_alpha0.85_adaptive_short_2.0_med_5.0_long_8.0_temporal_iter3,-0.012825924495370566,-0.6119751732307795,0.5407867845785077,-0.05005104975336021,No
selected_dbfp_dense_videomme_blip_k16_alpha0.5_adaptive_short_3.0_med_6.0_long_10.0_temporal_iter2,selected_dbfp_dense_videomme_blip_k16_alpha0.85_adaptive_short_3.0_med_6.0_long_10.0_score_diff_iter1,-0.0027070234682504413,-0.13347812082161256,0.8938601717765526,-0.010916652095946906,No
selected_dbfp_dense_videomme_blip_k16_alpha0.5_adaptive_short_3.0_med_6.0_long_10.0_temporal_iter2,selected_dbfp_dense_videomme_blip_k16_alpha0.85_adaptive_short_3.0_med_6.0_long_10.0_score_diff_iter2,-0.0047561596773554315,-0.2351360401775231,0.8141836417288935,-0.01923085468811739,No
selected_dbfp_dense_videomme_blip_k16_alpha0.5_adaptive_short_3.0_med_6.0_long_10.0_temporal_iter2,selected_dbfp_dense_videomme_blip_k16_alpha0.85_adaptive_short_3.0_med_6.0_long_10.0_score_diff_iter3,-0.006850550539228423,-0.3362121471549776,0.7368288323538805,-0.027497473136572564,No
selected_dbfp_dense_videomme_blip_k16_alpha0.5_adaptive_short_3.0_med_6.0_long_10.0_temporal_iter2,selected_dbfp_dense_videomme_blip_k16_alpha0.85_adaptive_short_3.0_med_6.0_long_10.0_temporal_iter1,-0.015776391957286,-0.7590245271998657,0.448136955830135,-0.062077639787234774,No
selected_dbfp_dense_videomme_blip_k16_alpha0.5_adaptive_short_3.0_med_6.0_long_10.0_temporal_iter2,selected_dbfp_dense_videomme_blip_k16_alpha0.85_adaptive_short_3.0_med_6.0_long_10.0_temporal_iter2,-0.0017334458117869433,-0.08521022588588316,0.9321227807361825,-0.006969010242298017,No
selected_dbfp_dense_videomme_blip_k16_alpha0.5_adaptive_short_3.0_med_6.0_long_10.0_temporal_iter2,selected_dbfp_dense_videomme_blip_k16_alpha0.85_adaptive_short_3.0_med_6.0_long_10.0_temporal_iter3,-0.008171699703340918,-0.3964144882514308,0.6919406925508336,-0.03242118656015215,No
selected_dbfp_dense_videomme_blip_k16_alpha0.5_adaptive_short_3.0_med_6.0_long_10.0_temporal_iter2,selected_dbfp_dense_videomme_blip_k16_alpha0.8_adaptive_short_2.0_med_3.0_long_5.0_score_diff_iter1,-0.007911080278787147,-0.38650273785147815,0.6992618604452261,-0.03161054335230677,No
selected_dbfp_dense_videomme_blip_k16_alpha0.5_adaptive_short_3.0_med_6.0_long_10.0_temporal_iter2,selected_dbfp_dense_videomme_blip_k16_alpha0.8_adaptive_short_2.0_med_3.0_long_5.0_score_diff_iter2,0.0006377766963945875,0.03183873606867897,0.9746112787694634,0.0026039653729212965,No
selected_dbfp_dense_videomme_blip_k16_alpha0.5_adaptive_short_3.0_med_6.0_long_10.0_temporal_iter2,selected_dbfp_dense_videomme_blip_k16_alpha0.8_adaptive_short_2.0_med_3.0_long_5.0_score_diff_iter3,0.0025979642047784524,0.1291809678725056,0.897257891399989,0.010565204803017245,No
selected_dbfp_dense_videomme_blip_k16_alpha0.5_adaptive_short_3.0_med_6.0_long_10.0_temporal_iter2,selected_dbfp_dense_videomme_blip_k16_alpha0.8_adaptive_short_2.0_med_3.0_long_5.0_temporal_iter1,0.002276150021689738,0.11259489988052442,0.9103895140528676,0.009208695343084375,No
selected_dbfp_dense_videomme_blip_k16_alpha0.5_adaptive_short_3.0_med_6.0_long_10.0_temporal_iter2,selected_dbfp_dense_videomme_blip_k16_alpha0.8_adaptive_short_2.0_med_3.0_long_5.0_temporal_iter2,-0.018105174918565947,-0.8559512848890668,0.39236756030788944,-0.07000489927653036,No
selected_dbfp_dense_videomme_blip_k16_alpha0.5_adaptive_short_3.0_med_6.0_long_10.0_temporal_iter2,selected_dbfp_dense_videomme_blip_k16_alpha0.8_adaptive_short_2.0_med_3.0_long_5.0_temporal_iter3,-0.005723239075751951,-0.27530087041559104,0.783180191345939,-0.022515778679703644,No
selected_dbfp_dense_videomme_blip_k16_alpha0.5_adaptive_short_3.0_med_6.0_long_10.0_temporal_iter2,selected_dbfp_dense_videomme_blip_k16_alpha0.8_adaptive_short_2.0_med_4.0_long_6.0_score_diff_iter1,-0.01409723358866738,-0.6800588604498689,0.49673037283248855,-0.05561934753861762,No
selected_dbfp_dense_videomme_blip_k16_alpha0.5_adaptive_short_3.0_med_6.0_long_10.0_temporal_iter2,selected_dbfp_dense_videomme_blip_k16_alpha0.8_adaptive_short_2.0_med_4.0_long_6.0_score_diff_iter2,-0.007868409214079747,-0.3830341962586332,0.7018305256300201,-0.03132686494097692,No
selected_dbfp_dense_videomme_blip_k16_alpha0.5_adaptive_short_3.0_med_6.0_long_10.0_temporal_iter2,selected_dbfp_dense_videomme_blip_k16_alpha0.8_adaptive_short_2.0_med_4.0_long_6.0_score_diff_iter3,-0.0054933040386934695,-0.26401093221752886,0.7918624510072902,-0.02159241890540212,No
selected_dbfp_dense_videomme_blip_k16_alpha0.5_adaptive_short_3.0_med_6.0_long_10.0_temporal_iter2,selected_dbfp_dense_videomme_blip_k16_alpha0.8_adaptive_short_2.0_med_4.0_long_6.0_temporal_iter1,-0.013479821713366535,-0.6479062500068602,0.5172942606579305,-0.05298971161542354,No
selected_dbfp_dense_videomme_blip_k16_alpha0.5_adaptive_short_3.0_med_6.0_long_10.0_temporal_iter2,selected_dbfp_dense_videomme_blip_k16_alpha0.8_adaptive_short_2.0_med_4.0_long_6.0_temporal_iter2,-0.030567625514173358,-1.4281749865199187,0.15376354457949995,-0.11680483211017027,No
selected_dbfp_dense_videomme_blip_k16_alpha0.5_adaptive_short_3.0_med_6.0_long_10.0_temporal_iter2,selected_dbfp_dense_videomme_blip_k16_alpha0.8_adaptive_short_2.0_med_4.0_long_6.0_temporal_iter3,-0.01276973758025321,-0.6143511129270505,0.5392169915931706,-0.05024536852835635,No
selected_dbfp_dense_videomme_blip_k16_alpha0.5_adaptive_short_3.0_med_6.0_long_10.0_temporal_iter2,selected_dbfp_dense_videomme_blip_k16_alpha0.8_adaptive_short_2.0_med_5.0_long_8.0_score_diff_iter1,-0.01506835498301598,-0.7250074376350795,0.4687310572236736,-0.05929551541963439,No
selected_dbfp_dense_videomme_blip_k16_alpha0.5_adaptive_short_3.0_med_6.0_long_10.0_temporal_iter2,selected_dbfp_dense_videomme_blip_k16_alpha0.8_adaptive_short_2.0_med_5.0_long_8.0_score_diff_iter2,-0.010701751892089661,-0.5145603170096235,0.6070504173279184,-0.04208387063161303,No
selected_dbfp_dense_videomme_blip_k16_alpha0.5_adaptive_short_3.0_med_6.0_long_10.0_temporal_iter2,selected_dbfp_dense_videomme_blip_k16_alpha0.8_adaptive_short_2.0_med_5.0_long_8.0_score_diff_iter3,-0.013966112057269914,-0.6593283599078905,0.5099387497098531,-0.053923881233544885,No
selected_dbfp_dense_videomme_blip_k16_alpha0.5_adaptive_short_3.0_med_6.0_long_10.0_temporal_iter2,selected_dbfp_dense_videomme_blip_k16_alpha0.8_adaptive_short_2.0_med_5.0_long_8.0_temporal_iter1,-0.0037501972330071798,-0.1833378915882789,0.8545950487143225,-0.014994487237626648,No
selected_dbfp_dense_videomme_blip_k16_alpha0.5_adaptive_short_3.0_med_6.0_long_10.0_temporal_iter2,selected_dbfp_dense_videomme_blip_k16_alpha0.8_adaptive_short_2.0_med_5.0_long_8.0_temporal_iter2,-0.019896306388977103,-0.940125404764788,0.3475328260648023,-0.07688917048329537,No
selected_dbfp_dense_videomme_blip_k16_alpha0.5_adaptive_short_3.0_med_6.0_long_10.0_temporal_iter2,selected_dbfp_dense_videomme_blip_k16_alpha0.8_adaptive_short_2.0_med_5.0_long_8.0_temporal_iter3,-0.010923805773847495,-0.5214897581437904,0.6022187138441772,-0.04265060246218184,No
selected_dbfp_dense_videomme_blip_k16_alpha0.5_adaptive_short_3.0_med_6.0_long_10.0_temporal_iter2,selected_dbfp_dense_videomme_blip_k16_alpha0.8_adaptive_short_3.0_med_6.0_long_10.0_score_diff_iter1,-0.0023603024691143115,-0.11654520457983947,0.9072595904124517,-0.009531775274821661,No
selected_dbfp_dense_videomme_blip_k16_alpha0.5_adaptive_short_3.0_med_6.0_long_10.0_temporal_iter2,selected_dbfp_dense_videomme_blip_k16_alpha0.8_adaptive_short_3.0_med_6.0_long_10.0_score_diff_iter2,-0.006830487564507437,-0.3369292989770188,0.7362884111383217,-0.027556126166334974,No
selected_dbfp_dense_videomme_blip_k16_alpha0.5_adaptive_short_3.0_med_6.0_long_10.0_temporal_iter2,selected_dbfp_dense_videomme_blip_k16_alpha0.8_adaptive_short_3.0_med_6.0_long_10.0_score_diff_iter3,-0.01159646638503975,-0.5655279895733714,0.5719268112408805,-0.046252316689971,No
selected_dbfp_dense_videomme_blip_k16_alpha0.5_adaptive_short_3.0_med_6.0_long_10.0_temporal_iter2,selected_dbfp_dense_videomme_blip_k16_alpha0.8_adaptive_short_3.0_med_6.0_long_10.0_temporal_iter1,-0.020395618198573218,-0.9693094073387549,0.33278270869264004,-0.079276015601205,No
selected_dbfp_dense_videomme_blip_k16_alpha0.5_adaptive_short_3.0_med_6.0_long_10.0_temporal_iter2,selected_dbfp_dense_videomme_blip_k16_alpha0.8_adaptive_short_3.0_med_6.0_long_10.0_temporal_iter2,-0.007436495925117331,-0.36161893327806693,0.7177645482356645,-0.02957539455756196,No
selected_dbfp_dense_videomme_blip_k16_alpha0.5_adaptive_short_3.0_med_6.0_long_10.0_temporal_iter2,selected_dbfp_dense_videomme_blip_k16_alpha0.8_adaptive_short_3.0_med_6.0_long_10.0_temporal_iter3,-0.002801790033139545,-0.13698342184327075,0.8910900046493372,-0.011203336925034106,No
selected_dbfp_dense_videomme_blip_k16_alpha0.5_adaptive_short_3.0_med_6.0_long_10.0_temporal_iter3,selected_dbfp_dense_videomme_blip_k16_alpha0.85_adaptive_short_2.0_med_3.0_long_5.0_score_diff_iter1,-0.009930431237772042,-0.4816763891996126,0.6302120723076108,-0.03939442310702648,No
selected_dbfp_dense_videomme_blip_k16_alpha0.5_adaptive_short_3.0_med_6.0_long_10.0_temporal_iter3,selected_dbfp_dense_videomme_blip_k16_alpha0.85_adaptive_short_2.0_med_3.0_long_5.0_score_diff_iter2,-0.00825336021289591,-0.39972201036796057,0.6895040079033914,-0.03269169582661355,No
selected_dbfp_dense_videomme_blip_k16_alpha0.5_adaptive_short_3.0_med_6.0_long_10.0_temporal_iter3,selected_dbfp_dense_videomme_blip_k16_alpha0.85_adaptive_short_2.0_med_3.0_long_5.0_score_diff_iter3,-0.004005157571108586,-0.19655329130186153,0.8442439044339354,-0.01607532295672868,No
selected_dbfp_dense_videomme_blip_k16_alpha0.5_adaptive_short_3.0_med_6.0_long_10.0_temporal_iter3,selected_dbfp_dense_videomme_blip_k16_alpha0.85_adaptive_short_2.0_med_3.0_long_5.0_temporal_iter1,0.0030560314503795816,0.15115191673859707,0.8799068533873864,0.012362122558428543,No
selected_dbfp_dense_videomme_blip_k16_alpha0.5_adaptive_short_3.0_med_6.0_long_10.0_temporal_iter3,selected_dbfp_dense_videomme_blip_k16_alpha0.85_adaptive_short_2.0_med_3.0_long_5.0_temporal_iter2,-0.0011664022214562253,-0.05679979278903637,0.9547236518622828,-0.004645432326235542,No
selected_dbfp_dense_videomme_blip_k16_alpha0.5_adaptive_short_3.0_med_6.0_long_10.0_temporal_iter3,selected_dbfp_dense_videomme_blip_k16_alpha0.85_adaptive_short_2.0_med_3.0_long_5.0_temporal_iter3,-0.012294413314543062,-0.5850008882921041,0.5587677804310902,-0.0478449287644055,No
selected_dbfp_dense_videomme_blip_k16_alpha0.5_adaptive_short_3.0_med_6.0_long_10.0_temporal_iter3,selected_dbfp_dense_videomme_blip_k16_alpha0.85_adaptive_short_2.0_med_4.0_long_6.0_score_diff_iter1,-0.018521610751339762,-0.8815714113981765,0.3783628134682374,-0.07210026894442913,No
selected_dbfp_dense_videomme_blip_k16_alpha0.5_adaptive_short_3.0_med_6.0_long_10.0_temporal_iter3,selected_dbfp_dense_videomme_blip_k16_alpha0.85_adaptive_short_2.0_med_4.0_long_6.0_score_diff_iter2,-0.014581420294892178,-0.6980481340396115,0.4854184283723053,-0.05709061970288792,No
selected_dbfp_dense_videomme_blip_k16_alpha0.5_adaptive_short_3.0_med_6.0_long_10.0_temporal_iter3,selected_dbfp_dense_videomme_blip_k16_alpha0.85_adaptive_short_2.0_med_4.0_long_6.0_score_diff_iter3,-0.010499908408149433,-0.5054336275401343,0.6134405398538367,-0.041337434485663835,No
selected_dbfp_dense_videomme_blip_k16_alpha0.5_adaptive_short_3.0_med_6.0_long_10.0_temporal_iter3,selected_dbfp_dense_videomme_blip_k16_alpha0.85_adaptive_short_2.0_med_4.0_long_6.0_temporal_iter1,-0.012800959017877256,-0.6150824523912545,0.5387342537364019,-0.05030518191787722,No
selected_dbfp_dense_videomme_blip_k16_alpha0.5_adaptive_short_3.0_med_6.0_long_10.0_temporal_iter3,selected_dbfp_dense_videomme_blip_k16_alpha0.85_adaptive_short_2.0_med_4.0_long_6.0_temporal_iter2,-0.01983367177232742,-0.9388586092339049,0.34818239026204223,-0.07678556423875947,No
selected_dbfp_dense_videomme_blip_k16_alpha0.5_adaptive_short_3.0_med_6.0_long_10.0_temporal_iter3,selected_dbfp_dense_videomme_blip_k16_alpha0.85_adaptive_short_2.0_med_4.0_long_6.0_temporal_iter3,-0.027209956290564608,-1.2700888698493418,0.20454693852518932,-0.10387558850518588,No
selected_dbfp_dense_videomme_blip_k16_alpha0.5_adaptive_short_3.0_med_6.0_long_10.0_temporal_iter3,selected_dbfp_dense_videomme_blip_k16_alpha0.85_adaptive_short_2.0_med_5.0_long_8.0_score_diff_iter1,-0.020071607962592275,-0.946849999771377,0.3440976617034319,-0.07743914874565895,No
selected_dbfp_dense_videomme_blip_k16_alpha0.5_adaptive_short_3.0_med_6.0_long_10.0_temporal_iter3,selected_dbfp_dense_videomme_blip_k16_alpha0.85_adaptive_short_2.0_med_5.0_long_8.0_score_diff_iter2,-0.014150391164726994,-0.6751291531263385,0.4998546632214068,-0.05521616613098884,No
selected_dbfp_dense_videomme_blip_k16_alpha0.5_adaptive_short_3.0_med_6.0_long_10.0_temporal_iter3,selected_dbfp_dense_videomme_blip_k16_alpha0.85_adaptive_short_2.0_med_5.0_long_8.0_score_diff_iter3,-0.010834721483316406,-0.5176492638896635,0.604894437222776,-0.04233650349509723,No
selected_dbfp_dense_videomme_blip_k16_alpha0.5_adaptive_short_3.0_med_6.0_long_10.0_temporal_iter3,selected_dbfp_dense_videomme_blip_k16_alpha0.85_adaptive_short_2.0_med_5.0_long_8.0_temporal_iter1,-0.007387948750066653,-0.356945906130524,0.7212582225198904,-0.029193205998706225,No
selected_dbfp_dense_videomme_blip_k16_alpha0.5_adaptive_short_3.0_med_6.0_long_10.0_temporal_iter3,selected_dbfp_dense_videomme_blip_k16_alpha0.85_adaptive_short_2.0_med_5.0_long_8.0_temporal_iter2,-0.01158489041102645,-0.555683061156845,0.5786353660975092,-0.045447138628995014,No
selected_dbfp_dense_videomme_blip_k16_alpha0.5_adaptive_short_3.0_med_6.0_long_10.0_temporal_iter3,selected_dbfp_dense_videomme_blip_k16_alpha0.85_adaptive_short_2.0_med_5.0_long_8.0_temporal_iter3,-0.01624226127725828,-0.7662898066136808,0.44380625793965356,-0.06267183854962947,No
selected_dbfp_dense_videomme_blip_k16_alpha0.5_adaptive_short_3.0_med_6.0_long_10.0_temporal_iter3,selected_dbfp_dense_videomme_blip_k16_alpha0.85_adaptive_short_3.0_med_6.0_long_10.0_score_diff_iter1,-0.0061233602501381545,-0.29831870320802134,0.765563555273022,-0.024398316953829876,No
selected_dbfp_dense_videomme_blip_k16_alpha0.5_adaptive_short_3.0_med_6.0_long_10.0_temporal_iter3,selected_dbfp_dense_videomme_blip_k16_alpha0.85_adaptive_short_3.0_med_6.0_long_10.0_score_diff_iter2,-0.008172496459243145,-0.39917453285849547,0.6899071180120447,-0.032646919776892325,No
selected_dbfp_dense_videomme_blip_k16_alpha0.5_adaptive_short_3.0_med_6.0_long_10.0_temporal_iter3,selected_dbfp_dense_videomme_blip_k16_alpha0.85_adaptive_short_3.0_med_6.0_long_10.0_score_diff_iter3,-0.010266887321116136,-0.49790604434194546,0.618733314576371,-0.040721782961142414,No
selected_dbfp_dense_videomme_blip_k16_alpha0.5_adaptive_short_3.0_med_6.0_long_10.0_temporal_iter3,selected_dbfp_dense_videomme_blip_k16_alpha0.85_adaptive_short_3.0_med_6.0_long_10.0_temporal_iter1,-0.019192728739173714,-0.9128622633648334,0.3616828608800947,-0.07465942503202004,No
selected_dbfp_dense_videomme_blip_k16_alpha0.5_adaptive_short_3.0_med_6.0_long_10.0_temporal_iter3,selected_dbfp_dense_videomme_blip_k16_alpha0.85_adaptive_short_3.0_med_6.0_long_10.0_temporal_iter2,-0.005149782593674657,-0.2501351053814122,0.8025687754859971,-0.020457569429863286,No
selected_dbfp_dense_videomme_blip_k16_alpha0.5_adaptive_short_3.0_med_6.0_long_10.0_temporal_iter3,selected_dbfp_dense_videomme_blip_k16_alpha0.85_adaptive_short_3.0_med_6.0_long_10.0_temporal_iter3,-0.011588036485228631,-0.5556295748162257,0.5786719139223258,-0.045442764191581796,No
selected_dbfp_dense_videomme_blip_k16_alpha0.5_adaptive_short_3.0_med_6.0_long_10.0_temporal_iter3,selected_dbfp_dense_videomme_blip_k16_alpha0.8_adaptive_short_2.0_med_3.0_long_5.0_score_diff_iter1,-0.01132741706067486,-0.5469084137208358,0.5846456741275141,-0.04472949461078246,No
selected_dbfp_dense_videomme_blip_k16_alpha0.5_adaptive_short_3.0_med_6.0_long_10.0_temporal_iter3,selected_dbfp_dense_videomme_blip_k16_alpha0.8_adaptive_short_2.0_med_3.0_long_5.0_score_diff_iter2,-0.002778560085493126,-0.13700938377634736,0.8910694923968883,-0.011205460245905319,No
selected_dbfp_dense_videomme_blip_k16_alpha0.5_adaptive_short_3.0_med_6.0_long_10.0_temporal_iter3,selected_dbfp_dense_videomme_blip_k16_alpha0.8_adaptive_short_2.0_med_3.0_long_5.0_score_diff_iter3,-0.0008183725771092609,-0.04019773471888883,0.9679489001189626,-0.0032876150963015395,No
selected_dbfp_dense_videomme_blip_k16_alpha0.5_adaptive_short_3.0_med_6.0_long_10.0_temporal_iter3,selected_dbfp_dense_videomme_blip_k16_alpha0.8_adaptive_short_2.0_med_3.0_long_5.0_temporal_iter1,-0.0011401867601979754,-0.05572281386913344,0.9555812368914909,-0.0045573504428237585,No
selected_dbfp_dense_videomme_blip_k16_alpha0.5_adaptive_short_3.0_med_6.0_long_10.0_temporal_iter3,selected_dbfp_dense_videomme_blip_k16_alpha0.8_adaptive_short_2.0_med_3.0_long_5.0_temporal_iter2,-0.02152151170045366,-1.0062570302712297,0.3146989309314069,-0.08229781685480922,No
selected_dbfp_dense_videomme_blip_k16_alpha0.5_adaptive_short_3.0_med_6.0_long_10.0_temporal_iter3,selected_dbfp_dense_videomme_blip_k16_alpha0.8_adaptive_short_2.0_med_3.0_long_5.0_temporal_iter3,-0.009139575857639665,-0.4346243090383531,0.6639919350583281,-0.035546218000478455,No
selected_dbfp_dense_videomme_blip_k16_alpha0.5_adaptive_short_3.0_med_6.0_long_10.0_temporal_iter3,selected_dbfp_dense_videomme_blip_k16_alpha0.8_adaptive_short_2.0_med_4.0_long_6.0_score_diff_iter1,-0.017513570370555093,-0.8351822129068236,0.40394866647715855,-0.068306278294811,No
selected_dbfp_dense_videomme_blip_k16_alpha0.5_adaptive_short_3.0_med_6.0_long_10.0_temporal_iter3,selected_dbfp_dense_videomme_blip_k16_alpha0.8_adaptive_short_2.0_med_4.0_long_6.0_score_diff_iter2,-0.01128474599596746,-0.5429324362797406,0.5873786203767363,-0.04440431501271722,No
selected_dbfp_dense_videomme_blip_k16_alpha0.5_adaptive_short_3.0_med_6.0_long_10.0_temporal_iter3,selected_dbfp_dense_videomme_blip_k16_alpha0.8_adaptive_short_2.0_med_4.0_long_6.0_score_diff_iter3,-0.008909640820581183,-0.42333023864692104,0.6722065399648873,-0.0346225202702756,No
selected_dbfp_dense_videomme_blip_k16_alpha0.5_adaptive_short_3.0_med_6.0_long_10.0_temporal_iter3,selected_dbfp_dense_videomme_blip_k16_alpha0.8_adaptive_short_2.0_med_4.0_long_6.0_temporal_iter1,-0.01689615849525425,-0.8028712706017506,0.422368119456469,-0.06566369302977874,No
selected_dbfp_dense_videomme_blip_k16_alpha0.5_adaptive_short_3.0_med_6.0_long_10.0_temporal_iter3,selected_dbfp_dense_videomme_blip_k16_alpha0.8_adaptive_short_2.0_med_4.0_long_6.0_temporal_iter2,-0.03398396229606107,-1.57070486740309,0.11678015239477862,-0.1284617922444851,No
selected_dbfp_dense_videomme_blip_k16_alpha0.5_adaptive_short_3.0_med_6.0_long_10.0_temporal_iter3,selected_dbfp_dense_videomme_blip_k16_alpha0.8_adaptive_short_2.0_med_4.0_long_6.0_temporal_iter3,-0.016186074362140923,-0.7698337014610342,0.4417025326983961,-0.0629616797933619,No
selected_dbfp_dense_videomme_blip_k16_alpha0.5_adaptive_short_3.0_med_6.0_long_10.0_temporal_iter3,selected_dbfp_dense_videomme_blip_k16_alpha0.8_adaptive_short_2.0_med_5.0_long_8.0_score_diff_iter1,-0.018484691764903693,-0.8792423384032527,0.3796230583109238,-0.07190978319869136,No
selected_dbfp_dense_videomme_blip_k16_alpha0.5_adaptive_short_3.0_med_6.0_long_10.0_temporal_iter3,selected_dbfp_dense_videomme_blip_k16_alpha0.8_adaptive_short_2.0_med_5.0_long_8.0_score_diff_iter2,-0.014118088673977375,-0.671094635203854,0.5024193704156915,-0.05488619873810922,No
selected_dbfp_dense_videomme_blip_k16_alpha0.5_adaptive_short_3.0_med_6.0_long_10.0_temporal_iter3,selected_dbfp_dense_videomme_blip_k16_alpha0.8_adaptive_short_2.0_med_5.0_long_8.0_score_diff_iter3,-0.017382448839157627,-0.8115972953117004,0.4173456655156157,-0.06637736041951615,No
selected_dbfp_dense_videomme_blip_k16_alpha0.5_adaptive_short_3.0_med_6.0_long_10.0_temporal_iter3,selected_dbfp_dense_videomme_blip_k16_alpha0.8_adaptive_short_2.0_med_5.0_long_8.0_temporal_iter1,-0.007166534014894893,-0.3462323504663016,0.7292898870901328,-0.028316986291198384,No
selected_dbfp_dense_videomme_blip_k16_alpha0.5_adaptive_short_3.0_med_6.0_long_10.0_temporal_iter3,selected_dbfp_dense_videomme_blip_k16_alpha0.8_adaptive_short_2.0_med_5.0_long_8.0_temporal_iter2,-0.023312643170864816,-1.0894311216130614,0.27640263266204285,-0.08910029965214064,No
selected_dbfp_dense_videomme_blip_k16_alpha0.5_adaptive_short_3.0_med_6.0_long_10.0_temporal_iter3,selected_dbfp_dense_videomme_blip_k16_alpha0.8_adaptive_short_2.0_med_5.0_long_8.0_temporal_iter3,-0.014340142555735208,-0.6768955428329725,0.4987339814454681,-0.05536063224176905,No
selected_dbfp_dense_videomme_blip_k16_alpha0.5_adaptive_short_3.0_med_6.0_long_10.0_temporal_iter3,selected_dbfp_dense_videomme_blip_k16_alpha0.8_adaptive_short_3.0_med_6.0_long_10.0_score_diff_iter1,-0.005776639251002025,-0.2818124047466354,0.7781848546530088,-0.02304833152670208,No
selected_dbfp_dense_videomme_blip_k16_alpha0.5_adaptive_short_3.0_med_6.0_long_10.0_temporal_iter3,selected_dbfp_dense_videomme_blip_k16_alpha0.8_adaptive_short_3.0_med_6.0_long_10.0_score_diff_iter2,-0.01024682434639515,-0.49939587666055374,0.6176842009065118,-0.0408436304964731,No
selected_dbfp_dense_videomme_blip_k16_alpha0.5_adaptive_short_3.0_med_6.0_long_10.0_temporal_iter3,selected_dbfp_dense_videomme_blip_k16_alpha0.8_adaptive_short_3.0_med_6.0_long_10.0_score_diff_iter3,-0.015012803166927463,-0.7235616434503908,0.46961782852037304,-0.05917726957857175,No
selected_dbfp_dense_videomme_blip_k16_alpha0.5_adaptive_short_3.0_med_6.0_long_10.0_temporal_iter3,selected_dbfp_dense_videomme_blip_k16_alpha0.8_adaptive_short_3.0_med_6.0_long_10.0_temporal_iter1,-0.02381195498046093,-1.1190777141901178,0.26355628822286264,-0.0915249781914769,No
selected_dbfp_dense_videomme_blip_k16_alpha0.5_adaptive_short_3.0_med_6.0_long_10.0_temporal_iter3,selected_dbfp_dense_videomme_blip_k16_alpha0.8_adaptive_short_3.0_med_6.0_long_10.0_temporal_iter2,-0.010852832707005045,-0.5216030898433279,0.6021398354222094,-0.04265987140623608,No
selected_dbfp_dense_videomme_blip_k16_alpha0.5_adaptive_short_3.0_med_6.0_long_10.0_temporal_iter3,selected_dbfp_dense_videomme_blip_k16_alpha0.8_adaptive_short_3.0_med_6.0_long_10.0_temporal_iter3,-0.006218126815027258,-0.30043570948379344,0.7639492439461233,-0.02457145860389822,No
selected_dbfp_dense_videomme_blip_k16_alpha0.85_adaptive_short_2.0_med_3.0_long_5.0_score_diff_iter1,selected_dbfp_dense_videomme_blip_k16_alpha0.85_adaptive_short_2.0_med_3.0_long_5.0_score_diff_iter2,0.0016770710248761311,0.08183101398704434,0.934808474209003,0.00669263775390273,No
selected_dbfp_dense_videomme_blip_k16_alpha0.85_adaptive_short_2.0_med_3.0_long_5.0_score_diff_iter1,selected_dbfp_dense_videomme_blip_k16_alpha0.85_adaptive_short_2.0_med_3.0_long_5.0_score_diff_iter3,0.005925273666663455,0.29301892746458613,0.7696093342406551,0.02396486906311695,No
selected_dbfp_dense_videomme_blip_k16_alpha0.85_adaptive_short_2.0_med_3.0_long_5.0_score_diff_iter1,selected_dbfp_dense_videomme_blip_k16_alpha0.85_adaptive_short_2.0_med_3.0_long_5.0_temporal_iter1,0.012986462688151623,0.6473305272602411,0.5176664619974445,0.052942625432358406,No
selected_dbfp_dense_videomme_blip_k16_alpha0.85_adaptive_short_2.0_med_3.0_long_5.0_score_diff_iter1,selected_dbfp_dense_videomme_blip_k16_alpha0.85_adaptive_short_2.0_med_3.0_long_5.0_temporal_iter2,0.008764029016315816,0.4300087256232885,0.6673442050055386,0.03516872748798361,No
selected_dbfp_dense_videomme_blip_k16_alpha0.85_adaptive_short_2.0_med_3.0_long_5.0_score_diff_iter1,selected_dbfp_dense_videomme_blip_k16_alpha0.85_adaptive_short_2.0_med_3.0_long_5.0_temporal_iter3,-0.0023639820767710207,-0.11329709007127325,0.9098330481687887,-0.009266124736966237,No
selected_dbfp_dense_videomme_blip_k16_alpha0.85_adaptive_short_2.0_med_3.0_long_5.0_score_diff_iter1,selected_dbfp_dense_videomme_blip_k16_alpha0.85_adaptive_short_2.0_med_4.0_long_6.0_score_diff_iter1,-0.00859117951356772,-0.41186916988998606,0.6805829062188633,-0.03368516438564356,No
selected_dbfp_dense_videomme_blip_k16_alpha0.85_adaptive_short_2.0_med_3.0_long_5.0_score_diff_iter1,selected_dbfp_dense_videomme_blip_k16_alpha0.85_adaptive_short_2.0_med_4.0_long_6.0_score_diff_iter2,-0.004650989057120136,-0.22428239656054025,0.822614180297301,-0.018343177755271226,No
selected_dbfp_dense_videomme_blip_k16_alpha0.85_adaptive_short_2.0_med_3.0_long_5.0_score_diff_iter1,selected_dbfp_dense_videomme_blip_k16_alpha0.85_adaptive_short_2.0_med_4.0_long_6.0_score_diff_iter3,-0.0005694771703773915,-0.027615607026378258,0.9779779469513263,-0.0022585722114656253,No
selected_dbfp_dense_videomme_blip_k16_alpha0.85_adaptive_short_2.0_med_3.0_long_5.0_score_diff_iter1,selected_dbfp_dense_videomme_blip_k16_alpha0.85_adaptive_short_2.0_med_4.0_long_6.0_temporal_iter1,-0.0028705277801052143,-0.1389442455521183,0.88954098491438,-0.011363705011814733,No
selected_dbfp_dense_videomme_blip_k16_alpha0.85_adaptive_short_2.0_med_3.0_long_5.0_score_diff_iter1,selected_dbfp_dense_videomme_blip_k16_alpha0.85_adaptive_short_2.0_med_4.0_long_6.0_temporal_iter2,-0.00990324053455538,-0.4721367242285152,0.63700143842611,-0.03861421134251035,No
selected_dbfp_dense_videomme_blip_k16_alpha0.85_adaptive_short_2.0_med_3.0_long_5.0_score_diff_iter1,selected_dbfp_dense_videomme_blip_k16_alpha0.85_adaptive_short_2.0_med_4.0_long_6.0_temporal_iter3,-0.017279525052792566,-0.8121669161599022,0.4170190394632415,-0.0664239474582441,No
selected_dbfp_dense_videomme_blip_k16_alpha0.85_adaptive_short_2.0_med_3.0_long_5.0_score_diff_iter1,selected_dbfp_dense_videomme_blip_k16_alpha0.85_adaptive_short_2.0_med_5.0_long_8.0_score_diff_iter1,-0.010141176724820233,-0.4817917222399807,0.6301301796617241,-0.03940385577626832,No
selected_dbfp_dense_videomme_blip_k16_alpha0.85_adaptive_short_2.0_med_3.0_long_5.0_score_diff_iter1,selected_dbfp_dense_videomme_blip_k16_alpha0.85_adaptive_short_2.0_med_5.0_long_8.0_score_diff_iter2,-0.004219959926954953,-0.20280077451864814,0.8393597333207601,-0.0165862801247539,No
selected_dbfp_dense_videomme_blip_k16_alpha0.85_adaptive_short_2.0_med_3.0_long_5.0_score_diff_iter1,selected_dbfp_dense_videomme_blip_k16_alpha0.85_adaptive_short_2.0_med_5.0_long_8.0_score_diff_iter3,-0.0009042902455443647,-0.04351884015079293,0.9653024734719858,-0.003559235289504813,No
selected_dbfp_dense_videomme_blip_k16_alpha0.85_adaptive_short_2.0_med_3.0_long_5.0_score_diff_iter1,selected_dbfp_dense_videomme_blip_k16_alpha0.85_adaptive_short_2.0_med_5.0_long_8.0_temporal_iter1,0.0025424824877053886,0.12375421304038439,0.90155146934411,0.010121371813999998,No
selected_dbfp_dense_videomme_blip_k16_alpha0.85_adaptive_short_2.0_med_3.0_long_5.0_score_diff_iter1,selected_dbfp_dense_videomme_blip_k16_alpha0.85_adaptive_short_2.0_med_5.0_long_8.0_temporal_iter2,-0.0016544591732544078,-0.07994072977778562,0.9363111402898976,-0.006538038823253277,No
selected_dbfp_dense_videomme_blip_k16_alpha0.85_adaptive_short_2.0_med_3.0_long_5.0_score_diff_iter1,selected_dbfp_dense_videomme_blip_k16_alpha0.85_adaptive_short_2.0_med_5.0_long_8.0_temporal_iter3,-0.006311830039486238,-0.299898639016297,0.7643586869811003,-0.024527533732429316,No
selected_dbfp_dense_videomme_blip_k16_alpha0.85_adaptive_short_2.0_med_3.0_long_5.0_score_diff_iter1,selected_dbfp_dense_videomme_blip_k16_alpha0.85_adaptive_short_3.0_med_6.0_long_10.0_score_diff_iter1,0.003807070987633887,0.18687861977269085,0.8518191854120805,0.015284069509220606,No
selected_dbfp_dense_videomme_blip_k16_alpha0.85_adaptive_short_2.0_med_3.0_long_5.0_score_diff_iter1,selected_dbfp_dense_videomme_blip_k16_alpha0.85_adaptive_short_3.0_med_6.0_long_10.0_score_diff_iter2,0.0017579347785288968,0.08651787708375523,0.9310837060353649,0.00707595790576736,No
selected_dbfp_dense_videomme_blip_k16_alpha0.85_adaptive_short_2.0_med_3.0_long_5.0_score_diff_iter1,selected_dbfp_dense_videomme_blip_k16_alpha0.85_adaptive_short_3.0_med_6.0_long_10.0_score_diff_iter3,-0.0003364560833440944,-0.016439361690829307,0.9868893610652616,-0.0013445109297259314,No
selected_dbfp_dense_videomme_blip_k16_alpha0.85_adaptive_short_2.0_med_3.0_long_5.0_score_diff_iter1,selected_dbfp_dense_videomme_blip_k16_alpha0.85_adaptive_short_3.0_med_6.0_long_10.0_temporal_iter1,-0.009262297501401673,-0.4437215317081766,0.6574044288792568,-0.03629024416043679,No
selected_dbfp_dense_videomme_blip_k16_alpha0.85_adaptive_short_2.0_med_3.0_long_5.0_score_diff_iter1,selected_dbfp_dense_videomme_blip_k16_alpha0.85_adaptive_short_3.0_med_6.0_long_10.0_temporal_iter2,0.004780648644097385,0.23395415476742018,0.8151006406992722,0.019134192922779472,No
selected_dbfp_dense_videomme_blip_k16_alpha0.85_adaptive_short_2.0_med_3.0_long_5.0_score_diff_iter1,selected_dbfp_dense_videomme_blip_k16_alpha0.85_adaptive_short_3.0_med_6.0_long_10.0_temporal_iter3,-0.0016576052474565894,-0.08006285733746057,0.936214049047602,-0.006548027157566488,No
selected_dbfp_dense_videomme_blip_k16_alpha0.85_adaptive_short_2.0_med_3.0_long_5.0_score_diff_iter1,selected_dbfp_dense_videomme_blip_k16_alpha0.8_adaptive_short_2.0_med_3.0_long_5.0_score_diff_iter1,-0.0013969858229028187,-0.06795083498141706,0.9458474850810538,-0.005557432341419386,No
selected_dbfp_dense_videomme_blip_k16_alpha0.85_adaptive_short_2.0_med_3.0_long_5.0_score_diff_iter1,selected_dbfp_dense_videomme_blip_k16_alpha0.8_adaptive_short_2.0_med_3.0_long_5.0_score_diff_iter2,0.007151871152278916,0.35539298918558404,0.7224205191422753,0.02906619897835914,No
selected_dbfp_dense_videomme_blip_k16_alpha0.85_adaptive_short_2.0_med_3.0_long_5.0_score_diff_iter1,selected_dbfp_dense_videomme_blip_k16_alpha0.8_adaptive_short_2.0_med_3.0_long_5.0_score_diff_iter3,0.00911205866066278,0.45102393376499456,0.6521357987083014,0.03688747894252578,No
selected_dbfp_dense_videomme_blip_k16_alpha0.85_adaptive_short_2.0_med_3.0_long_5.0_score_diff_iter1,selected_dbfp_dense_videomme_blip_k16_alpha0.8_adaptive_short_2.0_med_3.0_long_5.0_temporal_iter1,0.008790244477574066,0.4328693339476178,0.6652657732085634,0.03540268542042426,No
selected_dbfp_dense_videomme_blip_k16_alpha0.85_adaptive_short_2.0_med_3.0_long_5.0_score_diff_iter1,selected_dbfp_dense_videomme_blip_k16_alpha0.8_adaptive_short_2.0_med_3.0_long_5.0_temporal_iter2,-0.011591080462681619,-0.5457295840812587,0.5854553414544116,-0.044633082800813545,No
selected_dbfp_dense_videomme_blip_k16_alpha0.85_adaptive_short_2.0_med_3.0_long_5.0_score_diff_iter1,selected_dbfp_dense_videomme_blip_k16_alpha0.8_adaptive_short_2.0_med_3.0_long_5.0_temporal_iter3,0.000790855380132377,0.03787975194030835,0.9697961987894328,0.003098036377384505,No
selected_dbfp_dense_videomme_blip_k16_alpha0.85_adaptive_short_2.0_med_3.0_long_5.0_score_diff_iter1,selected_dbfp_dense_videomme_blip_k16_alpha0.8_adaptive_short_2.0_med_4.0_long_6.0_score_diff_iter1,-0.007583139132783051,-0.3642464667172502,0.7158027275841243,-0.02979029022882814,No
selected_dbfp_dense_videomme_blip_k16_alpha0.85_adaptive_short_2.0_med_3.0_long_5.0_score_diff_iter1,selected_dbfp_dense_videomme_blip_k16_alpha0.8_adaptive_short_2.0_med_4.0_long_6.0_score_diff_iter2,-0.0013543147581954185,-0.06564020548767505,0.9476862163722617,-0.005368455016427166,No
selected_dbfp_dense_videomme_blip_k16_alpha0.85_adaptive_short_2.0_med_3.0_long_5.0_score_diff_iter1,selected_dbfp_dense_videomme_blip_k16_alpha0.8_adaptive_short_2.0_med_4.0_long_6.0_score_diff_iter3,0.0010207904171908588,0.0488508835966516,0.9610544421748288,0.0039953222157683675,No
selected_dbfp_dense_videomme_blip_k16_alpha0.85_adaptive_short_2.0_med_3.0_long_5.0_score_diff_iter1,selected_dbfp_dense_videomme_blip_k16_alpha0.8_adaptive_short_2.0_med_4.0_long_6.0_temporal_iter1,-0.006965727257482207,-0.3333816673896976,0.7389630573312501,-0.027265979322808522,No
selected_dbfp_dense_videomme_blip_k16_alpha0.85_adaptive_short_2.0_med_3.0_long_5.0_score_diff_iter1,selected_dbfp_dense_videomme_blip_k16_alpha0.8_adaptive_short_2.0_med_4.0_long_6.0_temporal_iter2,-0.02405353105828903,-1.1193024973062766,0.26346049019071865,-0.0915433623557818,No
selected_dbfp_dense_videomme_blip_k16_alpha0.85_adaptive_short_2.0_med_3.0_long_5.0_score_diff_iter1,selected_dbfp_dense_videomme_blip_k16_alpha0.8_adaptive_short_2.0_med_4.0_long_6.0_temporal_iter3,-0.0062556431243688815,-0.2996749289142151,0.7645292549381075,-0.024509237352547168,No
selected_dbfp_dense_videomme_blip_k16_alpha0.85_adaptive_short_2.0_med_3.0_long_5.0_score_diff_iter1,selected_dbfp_dense_videomme_blip_k16_alpha0.8_adaptive_short_2.0_med_5.0_long_8.0_score_diff_iter1,-0.008554260527131652,-0.4098288281383446,0.6820782858476879,-0.03351829283522288,No
selected_dbfp_dense_videomme_blip_k16_alpha0.85_adaptive_short_2.0_med_3.0_long_5.0_score_diff_iter1,selected_dbfp_dense_videomme_blip_k16_alpha0.8_adaptive_short_2.0_med_5.0_long_8.0_score_diff_iter2,-0.004187657436205333,-0.20049266274032598,0.8411634622462624,-0.016397508715401354,No
selected_dbfp_dense_videomme_blip_k16_alpha0.85_adaptive_short_2.0_med_3.0_long_5.0_score_diff_iter1,selected_dbfp_dense_videomme_blip_k16_alpha0.8_adaptive_short_2.0_med_5.0_long_8.0_score_diff_iter3,-0.0074520176013855854,-0.35035833291625973,0.7261931653946462,-0.028654434247292127,No
selected_dbfp_dense_videomme_blip_k16_alpha0.85_adaptive_short_2.0_med_3.0_long_5.0_score_diff_iter1,selected_dbfp_dense_videomme_blip_k16_alpha0.8_adaptive_short_2.0_med_5.0_long_8.0_temporal_iter1,0.0027638972228771486,0.1345251727658239,0.8930325706847682,0.011002286374393652,No
selected_dbfp_dense_videomme_blip_k16_alpha0.85_adaptive_short_2.0_med_3.0_long_5.0_score_diff_iter1,selected_dbfp_dense_videomme_blip_k16_alpha0.8_adaptive_short_2.0_med_5.0_long_8.0_temporal_iter2,-0.013382211933092775,-0.6297242247701356,0.5291155486811756,-0.0515026751092062,No
selected_dbfp_dense_videomme_blip_k16_alpha0.85_adaptive_short_2.0_med_3.0_long_5.0_score_diff_iter1,selected_dbfp_dense_videomme_blip_k16_alpha0.8_adaptive_short_2.0_med_5.0_long_8.0_temporal_iter3,-0.004409711317963166,-0.20963034436931804,0.8340275904921624,-0.01714484386998625,No
selected_dbfp_dense_videomme_blip_k16_alpha0.85_adaptive_short_2.0_med_3.0_long_5.0_score_diff_iter1,selected_dbfp_dense_videomme_blip_k16_alpha0.8_adaptive_short_3.0_med_6.0_long_10.0_score_diff_iter1,0.004153791986770017,0.2041816102986118,0.8382810499165747,0.016699213253663348,No
selected_dbfp_dense_videomme_blip_k16_alpha0.85_adaptive_short_2.0_med_3.0_long_5.0_score_diff_iter1,selected_dbfp_dense_videomme_blip_k16_alpha0.8_adaptive_short_3.0_med_6.0_long_10.0_score_diff_iter2,-0.00031639310862310865,-0.01553685661982696,0.9876090627784098,-0.0012706985786677654,No
selected_dbfp_dense_videomme_blip_k16_alpha0.85_adaptive_short_2.0_med_3.0_long_5.0_score_diff_iter1,selected_dbfp_dense_videomme_blip_k16_alpha0.8_adaptive_short_3.0_med_6.0_long_10.0_score_diff_iter3,-0.0050823719291554215,-0.24676740615434695,0.8051729243831413,-0.020182138515935266,No
selected_dbfp_dense_videomme_blip_k16_alpha0.85_adaptive_short_2.0_med_3.0_long_5.0_score_diff_iter1,selected_dbfp_dense_videomme_blip_k16_alpha0.8_adaptive_short_3.0_med_6.0_long_10.0_temporal_iter1,-0.01388152374268889,-0.6569784295520673,0.5114475420555868,-0.05373168963896153,No
selected_dbfp_dense_videomme_blip_k16_alpha0.85_adaptive_short_2.0_med_3.0_long_5.0_score_diff_iter1,selected_dbfp_dense_videomme_blip_k16_alpha0.8_adaptive_short_3.0_med_6.0_long_10.0_temporal_iter2,-0.0009224014692330029,-0.04465875224744423,0.9643942200590712,-0.0036524642291884445,No
selected_dbfp_dense_videomme_blip_k16_alpha0.85_adaptive_short_2.0_med_3.0_long_5.0_score_diff_iter1,selected_dbfp_dense_videomme_blip_k16_alpha0.8_adaptive_short_3.0_med_6.0_long_10.0_temporal_iter3,0.0037123044227447832,0.1807004572051842,0.8566639220875757,0.014778781824052685,No
selected_dbfp_dense_videomme_blip_k16_alpha0.85_adaptive_short_2.0_med_3.0_long_5.0_score_diff_iter2,selected_dbfp_dense_videomme_blip_k16_alpha0.85_adaptive_short_2.0_med_3.0_long_5.0_score_diff_iter3,0.004248202641787324,0.20975219222244235,0.8339325272308356,0.017154809302347737,No
selected_dbfp_dense_videomme_blip_k16_alpha0.85_adaptive_short_2.0_med_3.0_long_5.0_score_diff_iter2,selected_dbfp_dense_videomme_blip_k16_alpha0.85_adaptive_short_2.0_med_3.0_long_5.0_temporal_iter1,0.011309391663275492,0.5628303683736668,0.5737613405307342,0.04603168879247351,No
selected_dbfp_dense_videomme_blip_k16_alpha0.85_adaptive_short_2.0_med_3.0_long_5.0_score_diff_iter2,selected_dbfp_dense_videomme_blip_k16_alpha0.85_adaptive_short_2.0_med_3.0_long_5.0_temporal_iter2,0.007086957991439685,0.347182660142736,0.7285762454319527,0.028394708377548126,No
selected_dbfp_dense_videomme_blip_k16_alpha0.85_adaptive_short_2.0_med_3.0_long_5.0_score_diff_iter2,selected_dbfp_dense_videomme_blip_k16_alpha0.85_adaptive_short_2.0_med_3.0_long_5.0_temporal_iter3,-0.004041053101647152,-0.1933858873707929,0.846722432194499,-0.01581627342523562,No
selected_dbfp_dense_videomme_blip_k16_alpha0.85_adaptive_short_2.0_med_3.0_long_5.0_score_diff_iter2,selected_dbfp_dense_videomme_blip_k16_alpha0.85_adaptive_short_2.0_med_4.0_long_6.0_score_diff_iter1,-0.010268250538443852,-0.49153924775626623,0.6232254624389507,-0.04020106765469037,No
selected_dbfp_dense_videomme_blip_k16_alpha0.85_adaptive_short_2.0_med_3.0_long_5.0_score_diff_iter2,selected_dbfp_dense_videomme_blip_k16_alpha0.85_adaptive_short_2.0_med_4.0_long_6.0_score_diff_iter2,-0.006328060081996267,-0.30469696811584707,0.7607029687676033,-0.024919970241460213,No
selected_dbfp_dense_videomme_blip_k16_alpha0.85_adaptive_short_2.0_med_3.0_long_5.0_score_diff_iter2,selected_dbfp_dense_videomme_blip_k16_alpha0.85_adaptive_short_2.0_med_4.0_long_6.0_score_diff_iter3,-0.0022465481952535227,-0.10877631921650827,0.9134163957693842,-0.008896388611991666,No
selected_dbfp_dense_videomme_blip_k16_alpha0.85_adaptive_short_2.0_med_3.0_long_5.0_score_diff_iter2,selected_dbfp_dense_videomme_blip_k16_alpha0.85_adaptive_short_2.0_med_4.0_long_6.0_temporal_iter1,-0.004547598804981345,-0.21978786910870798,0.8261113721483079,-0.017975587977404686,No
selected_dbfp_dense_videomme_blip_k16_alpha0.85_adaptive_short_2.0_med_3.0_long_5.0_score_diff_iter2,selected_dbfp_dense_videomme_blip_k16_alpha0.85_adaptive_short_2.0_med_4.0_long_6.0_temporal_iter2,-0.011580311559431511,-0.5512810644495246,0.5816469321062245,-0.045087116592719544,No
selected_dbfp_dense_videomme_blip_k16_alpha0.85_adaptive_short_2.0_med_3.0_long_5.0_score_diff_iter2,selected_dbfp_dense_videomme_blip_k16_alpha0.85_adaptive_short_2.0_med_4.0_long_6.0_temporal_iter3,-0.018956596077668697,-0.8897214949386585,0.3739732273729992,-0.07276683235873152,No
selected_dbfp_dense_videomme_blip_k16_alpha0.85_adaptive_short_2.0_med_3.0_long_5.0_score_diff_iter2,selected_dbfp_dense_videomme_blip_k16_alpha0.85_adaptive_short_2.0_med_5.0_long_8.0_score_diff_iter1,-0.011818247749696364,-0.5606487901345307,0.575246973904223,-0.04585326615023712,No
selected_dbfp_dense_videomme_blip_k16_alpha0.85_adaptive_short_2.0_med_3.0_long_5.0_score_diff_iter2,selected_dbfp_dense_videomme_blip_k16_alpha0.85_adaptive_short_2.0_med_5.0_long_8.0_score_diff_iter2,-0.005897030951831084,-0.28297417868124153,0.7772945560588758,-0.02314334847632768,No
selected_dbfp_dense_videomme_blip_k16_alpha0.85_adaptive_short_2.0_med_3.0_long_5.0_score_diff_iter2,selected_dbfp_dense_videomme_blip_k16_alpha0.85_adaptive_short_2.0_med_5.0_long_8.0_score_diff_iter3,-0.002581361270420496,-0.12404194281904463,0.901323747648098,-0.010144904109495523,No
selected_dbfp_dense_videomme_blip_k16_alpha0.85_adaptive_short_2.0_med_3.0_long_5.0_score_diff_iter2,selected_dbfp_dense_videomme_blip_k16_alpha0.85_adaptive_short_2.0_med_5.0_long_8.0_temporal_iter1,0.0008654114628292575,0.04205910877683951,0.9664656166179262,0.0034398495830025642,No
selected_dbfp_dense_videomme_blip_k16_alpha0.85_adaptive_short_2.0_med_3.0_long_5.0_score_diff_iter2,selected_dbfp_dense_videomme_blip_k16_alpha0.85_adaptive_short_2.0_med_5.0_long_8.0_temporal_iter2,-0.003331530198130539,-0.16073145841766903,0.8723591931679591,-0.013145595721186905,No
selected_dbfp_dense_videomme_blip_k16_alpha0.85_adaptive_short_2.0_med_3.0_long_5.0_score_diff_iter2,selected_dbfp_dense_videomme_blip_k16_alpha0.85_adaptive_short_2.0_med_5.0_long_8.0_temporal_iter3,-0.00798890106436237,-0.37902941709852084,0.7048005592363648,-0.030999329788516435,No
selected_dbfp_dense_videomme_blip_k16_alpha0.85_adaptive_short_2.0_med_3.0_long_5.0_score_diff_iter2,selected_dbfp_dense_videomme_blip_k16_alpha0.85_adaptive_short_3.0_med_6.0_long_10.0_score_diff_iter1,0.002129999962757756,0.10439323093326307,0.9168922968752654,0.008537913004261651,No
selected_dbfp_dense_videomme_blip_k16_alpha0.85_adaptive_short_2.0_med_3.0_long_5.0_score_diff_iter2,selected_dbfp_dense_videomme_blip_k16_alpha0.85_adaptive_short_3.0_med_6.0_long_10.0_score_diff_iter2,8.086375365276566e-05,0.003973539721584801,0.9968309075091292,0.00032498023248280796,No
selected_dbfp_dense_videomme_blip_k16_alpha0.85_adaptive_short_2.0_med_3.0_long_5.0_score_diff_iter2,selected_dbfp_dense_videomme_blip_k16_alpha0.85_adaptive_short_3.0_med_6.0_long_10.0_score_diff_iter3,-0.0020135271082202255,-0.09823005135426707,0.9217825363078369,-0.008033850715454448,No
selected_dbfp_dense_videomme_blip_k16_alpha0.85_adaptive_short_2.0_med_3.0_long_5.0_score_diff_iter2,selected_dbfp_dense_videomme_blip_k16_alpha0.85_adaptive_short_3.0_med_6.0_long_10.0_temporal_iter1,-0.010939368526277804,-0.5232873256032385,0.6009681644864104,-0.042797618452725984,No
selected_dbfp_dense_videomme_blip_k16_alpha0.85_adaptive_short_2.0_med_3.0_long_5.0_score_diff_iter2,selected_dbfp_dense_videomme_blip_k16_alpha0.85_adaptive_short_3.0_med_6.0_long_10.0_temporal_iter2,0.003103577619221254,0.15164732431983413,0.8795162504535214,0.012402640007924312,No
selected_dbfp_dense_videomme_blip_k16_alpha0.85_adaptive_short_2.0_med_3.0_long_5.0_score_diff_iter2,selected_dbfp_dense_videomme_blip_k16_alpha0.85_adaptive_short_3.0_med_6.0_long_10.0_temporal_iter3,-0.0033346762723327206,-0.16082339169615475,0.872286814787417,-0.013153114583737071,No
selected_dbfp_dense_videomme_blip_k16_alpha0.85_adaptive_short_2.0_med_3.0_long_5.0_score_diff_iter2,selected_dbfp_dense_videomme_blip_k16_alpha0.8_adaptive_short_2.0_med_3.0_long_5.0_score_diff_iter1,-0.00307405684777895,-0.14929697461691352,0.8813696375690585,-0.01221041412499806,No
selected_dbfp_dense_videomme_blip_k16_alpha0.85_adaptive_short_2.0_med_3.0_long_5.0_score_diff_iter2,selected_dbfp_dense_videomme_blip_k16_alpha0.8_adaptive_short_2.0_med_3.0_long_5.0_score_diff_iter2,0.005474800127402785,0.27162191375982775,0.786006491551825,0.022214891213327943,No
selected_dbfp_dense_videomme_blip_k16_alpha0.85_adaptive_short_2.0_med_3.0_long_5.0_score_diff_iter2,selected_dbfp_dense_videomme_blip_k16_alpha0.8_adaptive_short_2.0_med_3.0_long_5.0_score_diff_iter3,0.0074349876357866496,0.36743126310314106,0.7134273530191663,0.030050762202948635,No
selected_dbfp_dense_videomme_blip_k16_alpha0.85_adaptive_short_2.0_med_3.0_long_5.0_score_diff_iter2,selected_dbfp_dense_videomme_blip_k16_alpha0.8_adaptive_short_2.0_med_3.0_long_5.0_temporal_iter1,0.007113173452697935,0.34973495429414364,0.7266607508646569,0.02860345050379747,No
selected_dbfp_dense_videomme_blip_k16_alpha0.85_adaptive_short_2.0_med_3.0_long_5.0_score_diff_iter2,selected_dbfp_dense_videomme_blip_k16_alpha0.8_adaptive_short_2.0_med_3.0_long_5.0_temporal_iter2,-0.01326815148755775,-0.6237953296193217,0.5329998759653538,-0.051017774024595286,No
selected_dbfp_dense_videomme_blip_k16_alpha0.85_adaptive_short_2.0_med_3.0_long_5.0_score_diff_iter2,selected_dbfp_dense_videomme_blip_k16_alpha0.8_adaptive_short_2.0_med_3.0_long_5.0_temporal_iter3,-0.0008862156447437541,-0.04238438568344474,0.9662064231934402,-0.0034664527078989826,No
selected_dbfp_dense_videomme_blip_k16_alpha0.85_adaptive_short_2.0_med_3.0_long_5.0_score_diff_iter2,selected_dbfp_dense_videomme_blip_k16_alpha0.8_adaptive_short_2.0_med_4.0_long_6.0_score_diff_iter1,-0.009260210157659182,-0.4441400374188544,0.6571020153664593,-0.03632447209980781,No
selected_dbfp_dense_videomme_blip_k16_alpha0.85_adaptive_short_2.0_med_3.0_long_5.0_score_diff_iter2,selected_dbfp_dense_videomme_blip_k16_alpha0.8_adaptive_short_2.0_med_4.0_long_6.0_score_diff_iter2,-0.0030313857830715496,-0.1467008279543436,0.8834176067413999,-0.011998085471269942,No
selected_dbfp_dense_videomme_blip_k16_alpha0.85_adaptive_short_2.0_med_3.0_long_5.0_score_diff_iter2,selected_dbfp_dense_videomme_blip_k16_alpha0.8_adaptive_short_2.0_med_4.0_long_6.0_score_diff_iter3,-0.0006562806076852723,-0.03136049756780478,0.9749925076912598,-0.0025648521257461503,No
selected_dbfp_dense_videomme_blip_k16_alpha0.85_adaptive_short_2.0_med_3.0_long_5.0_score_diff_iter2,selected_dbfp_dense_videomme_blip_k16_alpha0.8_adaptive_short_2.0_med_4.0_long_6.0_temporal_iter1,-0.008642798282358338,-0.4130351792113504,0.6797288949562986,-0.033780527720070334,No
selected_dbfp_dense_videomme_blip_k16_alpha0.85_adaptive_short_2.0_med_3.0_long_5.0_score_diff_iter2,selected_dbfp_dense_videomme_blip_k16_alpha0.8_adaptive_short_2.0_med_4.0_long_6.0_temporal_iter2,-0.02573060208316516,-1.1956692912963371,0.23229954819741,-0.09778910299946729,No
selected_dbfp_dense_videomme_blip_k16_alpha0.85_adaptive_short_2.0_med_3.0_long_5.0_score_diff_iter2,selected_dbfp_dense_videomme_blip_k16_alpha0.8_adaptive_short_2.0_med_4.0_long_6.0_temporal_iter3,-0.007932714149245013,-0.37945167667820323,0.7044871883171047,-0.03103386473390982,No
selected_dbfp_dense_videomme_blip_k16_alpha0.85_adaptive_short_2.0_med_3.0_long_5.0_score_diff_iter2,selected_dbfp_dense_videomme_blip_k16_alpha0.8_adaptive_short_2.0_med_5.0_long_8.0_score_diff_iter1,-0.010231331552007783,-0.48944995362742055,0.624702660834578,-0.040030192481443835,No
selected_dbfp_dense_videomme_blip_k16_alpha0.85_adaptive_short_2.0_med_3.0_long_5.0_score_diff_iter2,selected_dbfp_dense_videomme_blip_k16_alpha0.8_adaptive_short_2.0_med_5.0_long_8.0_score_diff_iter2,-0.005864728461081464,-0.2803704333378969,0.7792902820843832,-0.02293039835786805,No
selected_dbfp_dense_videomme_blip_k16_alpha0.85_adaptive_short_2.0_med_3.0_long_5.0_score_diff_iter2,selected_dbfp_dense_videomme_blip_k16_alpha0.8_adaptive_short_2.0_med_5.0_long_8.0_score_diff_iter3,-0.009129088626261717,-0.42859379501686323,0.6683731987173773,-0.03505300592270276,No
selected_dbfp_dense_videomme_blip_k16_alpha0.85_adaptive_short_2.0_med_3.0_long_5.0_score_diff_iter2,selected_dbfp_dense_videomme_blip_k16_alpha0.8_adaptive_short_2.0_med_5.0_long_8.0_temporal_iter1,0.0010868261980010174,0.05281742564923089,0.9578950160198871,0.004319730134062193,No
selected_dbfp_dense_videomme_blip_k16_alpha0.85_adaptive_short_2.0_med_3.0_long_5.0_score_diff_iter2,selected_dbfp_dense_videomme_blip_k16_alpha0.8_adaptive_short_2.0_med_5.0_long_8.0_temporal_iter2,-0.015059282957968906,-0.7076289163997841,0.47945141805919333,-0.05787419436583658,No
selected_dbfp_dense_videomme_blip_k16_alpha0.85_adaptive_short_2.0_med_3.0_long_5.0_score_diff_iter2,selected_dbfp_dense_videomme_blip_k16_alpha0.8_adaptive_short_2.0_med_5.0_long_8.0_temporal_iter3,-0.0060867823428392975,-0.2889334221709386,0.7727324589440937,-0.023630731643961136,No
selected_dbfp_dense_videomme_blip_k16_alpha0.85_adaptive_short_2.0_med_3.0_long_5.0_score_diff_iter2,selected_dbfp_dense_videomme_blip_k16_alpha0.8_adaptive_short_3.0_med_6.0_long_10.0_score_diff_iter1,0.0024767209618938857,0.12155453970654648,0.903292652264005,0.009941469154196237,No
selected_dbfp_dense_videomme_blip_k16_alpha0.85_adaptive_short_2.0_med_3.0_long_5.0_score_diff_iter2,selected_dbfp_dense_videomme_blip_k16_alpha0.8_adaptive_short_3.0_med_6.0_long_10.0_score_diff_iter2,-0.00199346413349924,-0.09773905777782084,0.9221722503118487,-0.007993694274546869,No
selected_dbfp_dense_videomme_blip_k16_alpha0.85_adaptive_short_2.0_med_3.0_long_5.0_score_diff_iter2,selected_dbfp_dense_videomme_blip_k16_alpha0.8_adaptive_short_3.0_med_6.0_long_10.0_score_diff_iter3,-0.006759442954031553,-0.32769585935567974,0.7432563259038272,-0.026800959365264485,No
selected_dbfp_dense_videomme_blip_k16_alpha0.85_adaptive_short_2.0_med_3.0_long_5.0_score_diff_iter2,selected_dbfp_dense_videomme_blip_k16_alpha0.8_adaptive_short_3.0_med_6.0_long_10.0_temporal_iter1,-0.01555859476756502,-0.7352854338435506,0.46245394430179254,-0.06013611246944415,No
selected_dbfp_dense_videomme_blip_k16_alpha0.85_adaptive_short_2.0_med_3.0_long_5.0_score_diff_iter2,selected_dbfp_dense_videomme_blip_k16_alpha0.8_adaptive_short_3.0_med_6.0_long_10.0_temporal_iter2,-0.002599472494109134,-0.1256649791040601,0.9000393600867235,-0.010277645880557656,No
selected_dbfp_dense_videomme_blip_k16_alpha0.85_adaptive_short_2.0_med_3.0_long_5.0_score_diff_iter2,selected_dbfp_dense_videomme_blip_k16_alpha0.8_adaptive_short_3.0_med_6.0_long_10.0_temporal_iter3,0.002035233397868652,0.09891570429497781,0.9212383477723215,0.008089927582070581,No
selected_dbfp_dense_videomme_blip_k16_alpha0.85_adaptive_short_2.0_med_3.0_long_5.0_score_diff_iter3,selected_dbfp_dense_videomme_blip_k16_alpha0.85_adaptive_short_2.0_med_3.0_long_5.0_temporal_iter1,0.007061189021488168,0.35634819779261745,0.7217055072367491,0.029144321726220782,No
selected_dbfp_dense_videomme_blip_k16_alpha0.85_adaptive_short_2.0_med_3.0_long_5.0_score_diff_iter3,selected_dbfp_dense_videomme_blip_k16_alpha0.85_adaptive_short_2.0_med_3.0_long_5.0_temporal_iter2,0.002838755349652361,0.14095943733860417,0.8879494557121188,0.011528519634206107,No
selected_dbfp_dense_videomme_blip_k16_alpha0.85_adaptive_short_2.0_med_3.0_long_5.0_score_diff_iter3,selected_dbfp_dense_videomme_blip_k16_alpha0.85_adaptive_short_2.0_med_3.0_long_5.0_temporal_iter3,-0.008289255743434476,-0.40182953637567664,0.6879530525841473,-0.032864062113496705,No
selected_dbfp_dense_videomme_blip_k16_alpha0.85_adaptive_short_2.0_med_3.0_long_5.0_score_diff_iter3,selected_dbfp_dense_videomme_blip_k16_alpha0.85_adaptive_short_2.0_med_4.0_long_6.0_score_diff_iter1,-0.014516453180231176,-0.7039175504016675,0.4817581222165026,-0.057570656222910986,No
selected_dbfp_dense_videomme_blip_k16_alpha0.85_adaptive_short_2.0_med_3.0_long_5.0_score_diff_iter3,selected_dbfp_dense_videomme_blip_k16_alpha0.85_adaptive_short_2.0_med_4.0_long_6.0_score_diff_iter2,-0.010576262723783592,-0.5159361280691923,0.606089722892379,-0.04219639279915992,No
selected_dbfp_dense_videomme_blip_k16_alpha0.85_adaptive_short_2.0_med_3.0_long_5.0_score_diff_iter3,selected_dbfp_dense_videomme_blip_k16_alpha0.85_adaptive_short_2.0_med_4.0_long_6.0_score_diff_iter3,-0.006494750837040847,-0.31864833853902774,0.7501044547039939,-0.026060998102676758,No
selected_dbfp_dense_videomme_blip_k16_alpha0.85_adaptive_short_2.0_med_3.0_long_5.0_score_diff_iter3,selected_dbfp_dense_videomme_blip_k16_alpha0.85_adaptive_short_2.0_med_4.0_long_6.0_temporal_iter1,-0.00879580144676867,-0.4307311322523634,0.6668190837974926,-0.03522781029616356,No
selected_dbfp_dense_videomme_blip_k16_alpha0.85_adaptive_short_2.0_med_3.0_long_5.0_score_diff_iter3,selected_dbfp_dense_videomme_blip_k16_alpha0.85_adaptive_short_2.0_med_4.0_long_6.0_temporal_iter2,-0.015828514201218835,-0.7631852080290784,0.44565391294040024,-0.06241792555203328,No
selected_dbfp_dense_videomme_blip_k16_alpha0.85_adaptive_short_2.0_med_3.0_long_5.0_score_diff_iter3,selected_dbfp_dense_videomme_blip_k16_alpha0.85_adaptive_short_2.0_med_4.0_long_6.0_temporal_iter3,-0.02320479871945602,-1.1026856371909979,0.27060727332670487,-0.09018433445063208,No
selected_dbfp_dense_videomme_blip_k16_alpha0.85_adaptive_short_2.0_med_3.0_long_5.0_score_diff_iter3,selected_dbfp_dense_videomme_blip_k16_alpha0.85_adaptive_short_2.0_med_5.0_long_8.0_score_diff_iter1,-0.01606645039148369,-0.7718905266754276,0.4404841907504702,-0.0631298994375912,No
selected_dbfp_dense_videomme_blip_k16_alpha0.85_adaptive_short_2.0_med_3.0_long_5.0_score_diff_iter3,selected_dbfp_dense_videomme_blip_k16_alpha0.85_adaptive_short_2.0_med_5.0_long_8.0_score_diff_iter2,-0.010145233593618408,-0.49317666969707835,0.6220688131821748,-0.04033498595011278,No
selected_dbfp_dense_videomme_blip_k16_alpha0.85_adaptive_short_2.0_med_3.0_long_5.0_score_diff_iter3,selected_dbfp_dense_videomme_blip_k16_alpha0.85_adaptive_short_2.0_med_5.0_long_8.0_score_diff_iter3,-0.00682956391220782,-0.33247252114718934,0.7396489963733397,-0.027191623798309156,No
selected_dbfp_dense_videomme_blip_k16_alpha0.85_adaptive_short_2.0_med_3.0_long_5.0_score_diff_iter3,selected_dbfp_dense_videomme_blip_k16_alpha0.85_adaptive_short_2.0_med_5.0_long_8.0_temporal_iter1,-0.0033827911789580667,-0.16660445563233361,0.8677376041375091,-0.013625925122882241,No
selected_dbfp_dense_videomme_blip_k16_alpha0.85_adaptive_short_2.0_med_3.0_long_5.0_score_diff_iter3,selected_dbfp_dense_videomme_blip_k16_alpha0.85_adaptive_short_2.0_med_5.0_long_8.0_temporal_iter2,-0.007579732839917863,-0.3705100321427368,0.7111337031861134,-0.030302562663258575,No
selected_dbfp_dense_videomme_blip_k16_alpha0.85_adaptive_short_2.0_med_3.0_long_5.0_score_diff_iter3,selected_dbfp_dense_videomme_blip_k16_alpha0.85_adaptive_short_2.0_med_5.0_long_8.0_temporal_iter3,-0.012237103706149693,-0.5879815820912621,0.5567666297062995,-0.04808870800408178,No
selected_dbfp_dense_videomme_blip_k16_alpha0.85_adaptive_short_2.0_med_3.0_long_5.0_score_diff_iter3,selected_dbfp_dense_videomme_blip_k16_alpha0.85_adaptive_short_3.0_med_6.0_long_10.0_score_diff_iter1,-0.0021182026790295683,-0.1052285563475678,0.9162297375317421,-0.008606230989666274,No
selected_dbfp_dense_videomme_blip_k16_alpha0.85_adaptive_short_2.0_med_3.0_long_5.0_score_diff_iter3,selected_dbfp_dense_videomme_blip_k16_alpha0.85_adaptive_short_3.0_med_6.0_long_10.0_score_diff_iter2,-0.0041673388881345585,-0.20758067786814305,0.8356270628455702,-0.016977209652383175,No
selected_dbfp_dense_videomme_blip_k16_alpha0.85_adaptive_short_2.0_med_3.0_long_5.0_score_diff_iter3,selected_dbfp_dense_videomme_blip_k16_alpha0.85_adaptive_short_3.0_med_6.0_long_10.0_score_diff_iter3,-0.00626172975000755,-0.3095992015943602,0.7569736131323568,-0.025320904668206398,No
selected_dbfp_dense_videomme_blip_k16_alpha0.85_adaptive_short_2.0_med_3.0_long_5.0_score_diff_iter3,selected_dbfp_dense_videomme_blip_k16_alpha0.85_adaptive_short_3.0_med_6.0_long_10.0_temporal_iter1,-0.015187571168065128,-0.735914957477051,0.46207100738842577,-0.06018759868010007,No
selected_dbfp_dense_videomme_blip_k16_alpha0.85_adaptive_short_2.0_med_3.0_long_5.0_score_diff_iter3,selected_dbfp_dense_videomme_blip_k16_alpha0.85_adaptive_short_3.0_med_6.0_long_10.0_temporal_iter2,-0.0011446250225660703,-0.056685585717261386,0.9548145910714769,-0.004636091774534526,No
selected_dbfp_dense_videomme_blip_k16_alpha0.85_adaptive_short_2.0_med_3.0_long_5.0_score_diff_iter3,selected_dbfp_dense_videomme_blip_k16_alpha0.85_adaptive_short_3.0_med_6.0_long_10.0_temporal_iter3,-0.007582878914120045,-0.3705222673206408,0.7111245933217486,-0.030303563330944687,No
selected_dbfp_dense_videomme_blip_k16_alpha0.85_adaptive_short_2.0_med_3.0_long_5.0_score_diff_iter3,selected_dbfp_dense_videomme_blip_k16_alpha0.8_adaptive_short_2.0_med_3.0_long_5.0_score_diff_iter1,-0.007322259489566274,-0.36037129905356313,0.718696736094915,-0.029473355432435046,No
selected_dbfp_dense_videomme_blip_k16_alpha0.85_adaptive_short_2.0_med_3.0_long_5.0_score_diff_iter3,selected_dbfp_dense_videomme_blip_k16_alpha0.8_adaptive_short_2.0_med_3.0_long_5.0_score_diff_iter2,0.0012265974856154604,0.06170483796891833,0.9508185044119579,0.005046596730966113,No
selected_dbfp_dense_videomme_blip_k16_alpha0.85_adaptive_short_2.0_med_3.0_long_5.0_score_diff_iter3,selected_dbfp_dense_videomme_blip_k16_alpha0.8_adaptive_short_2.0_med_3.0_long_5.0_score_diff_iter3,0.0031867849939993254,0.15966936858178288,0.8731954460536322,0.01305873153834918,No
selected_dbfp_dense_videomme_blip_k16_alpha0.85_adaptive_short_2.0_med_3.0_long_5.0_score_diff_iter3,selected_dbfp_dense_videomme_blip_k16_alpha0.8_adaptive_short_2.0_med_3.0_long_5.0_temporal_iter1,0.002864970810910611,0.14279310519444524,0.8865016811322823,0.011678488135981005,No
selected_dbfp_dense_videomme_blip_k16_alpha0.85_adaptive_short_2.0_med_3.0_long_5.0_score_diff_iter3,selected_dbfp_dense_videomme_blip_k16_alpha0.8_adaptive_short_2.0_med_3.0_long_5.0_temporal_iter2,-0.017516354129345074,-0.8338235270839518,0.40471336900478905,-0.06819515671375734,No
selected_dbfp_dense_videomme_blip_k16_alpha0.85_adaptive_short_2.0_med_3.0_long_5.0_score_diff_iter3,selected_dbfp_dense_videomme_blip_k16_alpha0.8_adaptive_short_2.0_med_3.0_long_5.0_temporal_iter3,-0.005134418286531078,-0.24874075210589858,0.8036467255788151,-0.020343530745150194,No
selected_dbfp_dense_videomme_blip_k16_alpha0.85_adaptive_short_2.0_med_3.0_long_5.0_score_diff_iter3,selected_dbfp_dense_videomme_blip_k16_alpha0.8_adaptive_short_2.0_med_4.0_long_6.0_score_diff_iter1,-0.013508412799446506,-0.6563339261156151,0.511861758791697,-0.0536789781747971,No
selected_dbfp_dense_videomme_blip_k16_alpha0.85_adaptive_short_2.0_med_3.0_long_5.0_score_diff_iter3,selected_dbfp_dense_videomme_blip_k16_alpha0.8_adaptive_short_2.0_med_4.0_long_6.0_score_diff_iter2,-0.007279588424858874,-0.35696254710631786,0.7212457708995197,-0.029194566981636774,No
selected_dbfp_dense_videomme_blip_k16_alpha0.85_adaptive_short_2.0_med_3.0_long_5.0_score_diff_iter3,selected_dbfp_dense_videomme_blip_k16_alpha0.8_adaptive_short_2.0_med_4.0_long_6.0_score_diff_iter3,-0.0049044832494725965,-0.237392025136109,0.8124339819822256,-0.019415362867932637,No
selected_dbfp_dense_videomme_blip_k16_alpha0.85_adaptive_short_2.0_med_3.0_long_5.0_score_diff_iter3,selected_dbfp_dense_videomme_blip_k16_alpha0.8_adaptive_short_2.0_med_4.0_long_6.0_temporal_iter1,-0.012891000924145662,-0.6240218909796538,0.5328511785638013,-0.05103630353173174,No
selected_dbfp_dense_videomme_blip_k16_alpha0.85_adaptive_short_2.0_med_3.0_long_5.0_score_diff_iter3,selected_dbfp_dense_videomme_blip_k16_alpha0.8_adaptive_short_2.0_med_4.0_long_6.0_temporal_iter2,-0.029978804724952485,-1.4100939231390723,0.15903185158289904,-0.115326052804498,No
selected_dbfp_dense_videomme_blip_k16_alpha0.85_adaptive_short_2.0_med_3.0_long_5.0_score_diff_iter3,selected_dbfp_dense_videomme_blip_k16_alpha0.8_adaptive_short_2.0_med_4.0_long_6.0_temporal_iter3,-0.012180916791032337,-0.590208747890944,0.5552736648456731,-0.04827085914570022,No
selected_dbfp_dense_videomme_blip_k16_alpha0.85_adaptive_short_2.0_med_3.0_long_5.0_score_diff_iter3,selected_dbfp_dense_videomme_blip_k16_alpha0.8_adaptive_short_2.0_med_5.0_long_8.0_score_diff_iter1,-0.014479534193795107,-0.70165366839392,0.4831681463880422,-0.05738550219224048,No
selected_dbfp_dense_videomme_blip_k16_alpha0.85_adaptive_short_2.0_med_3.0_long_5.0_score_diff_iter3,selected_dbfp_dense_videomme_blip_k16_alpha0.8_adaptive_short_2.0_med_5.0_long_8.0_score_diff_iter2,-0.010112931102868788,-0.4897177221901535,0.6245132551689074,-0.04005209220300464,No
selected_dbfp_dense_videomme_blip_k16_alpha0.85_adaptive_short_2.0_med_3.0_long_5.0_score_diff_iter3,selected_dbfp_dense_videomme_blip_k16_alpha0.8_adaptive_short_2.0_med_5.0_long_8.0_score_diff_iter3,-0.01337729126804904,-0.6358723704014063,0.5251028836325515,-0.05200550781238428,No
selected_dbfp_dense_videomme_blip_k16_alpha0.85_adaptive_short_2.0_med_3.0_long_5.0_score_diff_iter3,selected_dbfp_dense_videomme_blip_k16_alpha0.8_adaptive_short_2.0_med_5.0_long_8.0_temporal_iter1,-0.0031613764437863068,-0.1556921791162364,0.8763282022972754,-0.012733452816784023,No
selected_dbfp_dense_videomme_blip_k16_alpha0.85_adaptive_short_2.0_med_3.0_long_5.0_score_diff_iter3,selected_dbfp_dense_videomme_blip_k16_alpha0.8_adaptive_short_2.0_med_5.0_long_8.0_temporal_iter2,-0.01930748559975623,-0.9185862300556629,0.3586823876519092,-0.0751275658221677,No
selected_dbfp_dense_videomme_blip_k16_alpha0.85_adaptive_short_2.0_med_3.0_long_5.0_score_diff_iter3,selected_dbfp_dense_videomme_blip_k16_alpha0.8_adaptive_short_2.0_med_5.0_long_8.0_temporal_iter3,-0.010334984984626622,-0.49684945545193504,0.619477818398883,-0.040635368712977044,No
selected_dbfp_dense_videomme_blip_k16_alpha0.85_adaptive_short_2.0_med_3.0_long_5.0_score_diff_iter3,selected_dbfp_dense_videomme_blip_k16_alpha0.8_adaptive_short_3.0_med_6.0_long_10.0_score_diff_iter1,-0.0017714816798934385,-0.0881293639259409,0.929803362180685,-0.007207755092352997,No
selected_dbfp_dense_videomme_blip_k16_alpha0.85_adaptive_short_2.0_med_3.0_long_5.0_score_diff_iter3,selected_dbfp_dense_videomme_blip_k16_alpha0.8_adaptive_short_3.0_med_6.0_long_10.0_score_diff_iter2,-0.006241666775286564,-0.31019745971339346,0.7565188767154643,-0.025369833848528426,No
selected_dbfp_dense_videomme_blip_k16_alpha0.85_adaptive_short_2.0_med_3.0_long_5.0_score_diff_iter3,selected_dbfp_dense_videomme_blip_k16_alpha0.8_adaptive_short_3.0_med_6.0_long_10.0_score_diff_iter3,-0.011007645595818877,-0.5407537339581914,0.5888786929990033,-0.04422612745633203,No
selected_dbfp_dense_videomme_blip_k16_alpha0.85_adaptive_short_2.0_med_3.0_long_5.0_score_diff_iter3,selected_dbfp_dense_videomme_blip_k16_alpha0.8_adaptive_short_3.0_med_6.0_long_10.0_temporal_iter1,-0.019806797409352345,-0.9478849442844314,0.34357091085114955,-0.07752379275591331,No
selected_dbfp_dense_videomme_blip_k16_alpha0.85_adaptive_short_2.0_med_3.0_long_5.0_score_diff_iter3,selected_dbfp_dense_videomme_blip_k16_alpha0.8_adaptive_short_3.0_med_6.0_long_10.0_temporal_iter2,-0.006847675135896458,-0.3354164204808331,0.7374286176398855,-0.027432393774299672,No
selected_dbfp_dense_videomme_blip_k16_alpha0.85_adaptive_short_2.0_med_3.0_long_5.0_score_diff_iter3,selected_dbfp_dense_videomme_blip_k16_alpha0.8_adaptive_short_3.0_med_6.0_long_10.0_temporal_iter3,-0.002212969243918672,-0.10899354333088317,0.9132441741085542,-0.008914154514449154,No
selected_dbfp_dense_videomme_blip_k16_alpha0.85_adaptive_short_2.0_med_3.0_long_5.0_temporal_iter1,selected_dbfp_dense_videomme_blip_k16_alpha0.85_adaptive_short_2.0_med_3.0_long_5.0_temporal_iter2,-0.004222433671835807,-0.21135161675418215,0.8326849142804006,-0.017285619953373653,No
selected_dbfp_dense_videomme_blip_k16_alpha0.85_adaptive_short_2.0_med_3.0_long_5.0_temporal_iter1,selected_dbfp_dense_videomme_blip_k16_alpha0.85_adaptive_short_2.0_med_3.0_long_5.0_temporal_iter3,-0.015350444764922644,-0.74982408623528,0.45365554451569734,-0.06132517176068005,No
selected_dbfp_dense_videomme_blip_k16_alpha0.85_adaptive_short_2.0_med_3.0_long_5.0_temporal_iter1,selected_dbfp_dense_videomme_blip_k16_alpha0.85_adaptive_short_2.0_med_4.0_long_6.0_score_diff_iter1,-0.021577642201719344,-1.0543369919420889,0.2921544538933219,-0.08623008824416982,No
selected_dbfp_dense_videomme_blip_k16_alpha0.85_adaptive_short_2.0_med_3.0_long_5.0_temporal_iter1,selected_dbfp_dense_videomme_blip_k16_alpha0.85_adaptive_short_2.0_med_4.0_long_6.0_score_diff_iter2,-0.01763745174527176,-0.8670696757554781,0.386251613380616,-0.0709142287593266,No
selected_dbfp_dense_videomme_blip_k16_alpha0.85_adaptive_short_2.0_med_3.0_long_5.0_temporal_iter1,selected_dbfp_dense_videomme_blip_k16_alpha0.85_adaptive_short_2.0_med_4.0_long_6.0_score_diff_iter3,-0.013555939858529015,-0.670304547202433,0.5029224379943362,-0.05482158045277317,No
selected_dbfp_dense_videomme_blip_k16_alpha0.85_adaptive_short_2.0_med_3.0_long_5.0_temporal_iter1,selected_dbfp_dense_videomme_blip_k16_alpha0.85_adaptive_short_2.0_med_4.0_long_6.0_temporal_iter1,-0.015856990468256837,-0.78258607376448,0.4341800029954459,-0.06400464622606848,No
selected_dbfp_dense_videomme_blip_k16_alpha0.85_adaptive_short_2.0_med_3.0_long_5.0_temporal_iter1,selected_dbfp_dense_videomme_blip_k16_alpha0.85_adaptive_short_2.0_med_4.0_long_6.0_temporal_iter2,-0.022889703222707003,-1.112003990998939,0.26658328047026686,-0.09094644599081922,No
selected_dbfp_dense_videomme_blip_k16_alpha0.85_adaptive_short_2.0_med_3.0_long_5.0_temporal_iter1,selected_dbfp_dense_videomme_blip_k16_alpha0.85_adaptive_short_2.0_med_4.0_long_6.0_temporal_iter3,-0.03026598774094419,-1.448807010565394,0.14791563294474674,-0.11849224434513818,No
selected_dbfp_dense_videomme_blip_k16_alpha0.85_adaptive_short_2.0_med_3.0_long_5.0_temporal_iter1,selected_dbfp_dense_videomme_blip_k16_alpha0.85_adaptive_short_2.0_med_5.0_long_8.0_score_diff_iter1,-0.023127639412971857,-1.1194892595545243,0.26338091420824505,-0.09155863676764689,No
selected_dbfp_dense_videomme_blip_k16_alpha0.85_adaptive_short_2.0_med_3.0_long_5.0_temporal_iter1,selected_dbfp_dense_videomme_blip_k16_alpha0.85_adaptive_short_2.0_med_5.0_long_8.0_score_diff_iter2,-0.017206422615106576,-0.8428724885823239,0.3996367528247923,-0.06893523571417173,No
selected_dbfp_dense_videomme_blip_k16_alpha0.85_adaptive_short_2.0_med_3.0_long_5.0_temporal_iter1,selected_dbfp_dense_videomme_blip_k16_alpha0.85_adaptive_short_2.0_med_5.0_long_8.0_score_diff_iter3,-0.013890752933695988,-0.6814421982716405,0.49585553644574,-0.05573248527746941,No
selected_dbfp_dense_videomme_blip_k16_alpha0.85_adaptive_short_2.0_med_3.0_long_5.0_temporal_iter1,selected_dbfp_dense_videomme_blip_k16_alpha0.85_adaptive_short_2.0_med_5.0_long_8.0_temporal_iter1,-0.010443980200446235,-0.5184383418146316,0.6043442400447249,-0.042401039019853454,No
selected_dbfp_dense_videomme_blip_k16_alpha0.85_adaptive_short_2.0_med_3.0_long_5.0_temporal_iter1,selected_dbfp_dense_videomme_blip_k16_alpha0.85_adaptive_short_2.0_med_5.0_long_8.0_temporal_iter2,-0.014640921861406031,-0.7212448256559705,0.4710407747123294,-0.058987786084476405,No
selected_dbfp_dense_videomme_blip_k16_alpha0.85_adaptive_short_2.0_med_3.0_long_5.0_temporal_iter1,selected_dbfp_dense_videomme_blip_k16_alpha0.85_adaptive_short_2.0_med_5.0_long_8.0_temporal_iter3,-0.01929829272763786,-0.9342380816308079,0.35055817180166426,-0.07640766933680618,No
selected_dbfp_dense_videomme_blip_k16_alpha0.85_adaptive_short_2.0_med_3.0_long_5.0_temporal_iter1,selected_dbfp_dense_videomme_blip_k16_alpha0.85_adaptive_short_3.0_med_6.0_long_10.0_score_diff_iter1,-0.009179391700517736,-0.45968441070335475,0.6459098313715135,-0.03759578537314076,No
selected_dbfp_dense_videomme_blip_k16_alpha0.85_adaptive_short_2.0_med_3.0_long_5.0_temporal_iter1,selected_dbfp_dense_videomme_blip_k16_alpha0.85_adaptive_short_3.0_med_6.0_long_10.0_score_diff_iter2,-0.011228527909622726,-0.5638317479893603,0.5730800216959469,-0.04611358768763289,No
selected_dbfp_dense_videomme_blip_k16_alpha0.85_adaptive_short_2.0_med_3.0_long_5.0_temporal_iter1,selected_dbfp_dense_videomme_blip_k16_alpha0.85_adaptive_short_3.0_med_6.0_long_10.0_score_diff_iter3,-0.013322918771495718,-0.6639747122480313,0.5069624067489678,-0.05430388805570329,No
selected_dbfp_dense_videomme_blip_k16_alpha0.85_adaptive_short_2.0_med_3.0_long_5.0_temporal_iter1,selected_dbfp_dense_videomme_blip_k16_alpha0.85_adaptive_short_3.0_med_6.0_long_10.0_temporal_iter1,-0.022248760189553296,-1.0863114375305902,0.2777789160399675,-0.08884515277149234,No
selected_dbfp_dense_videomme_blip_k16_alpha0.85_adaptive_short_2.0_med_3.0_long_5.0_temporal_iter1,selected_dbfp_dense_videomme_blip_k16_alpha0.85_adaptive_short_3.0_med_6.0_long_10.0_temporal_iter2,-0.008205814044054238,-0.40962740204141057,0.6822259803556916,-0.033501818929516,No
selected_dbfp_dense_videomme_blip_k16_alpha0.85_adaptive_short_2.0_med_3.0_long_5.0_temporal_iter1,selected_dbfp_dense_videomme_blip_k16_alpha0.85_adaptive_short_3.0_med_6.0_long_10.0_temporal_iter3,-0.014644067935608213,-0.7211200140762982,0.47111749929227753,-0.05897757823571831,No
selected_dbfp_dense_videomme_blip_k16_alpha0.85_adaptive_short_2.0_med_3.0_long_5.0_temporal_iter1,selected_dbfp_dense_videomme_blip_k16_alpha0.8_adaptive_short_2.0_med_3.0_long_5.0_score_diff_iter1,-0.014383448511054442,-0.7134817919159981,0.4758260237828712,-0.05835287797961856,No
selected_dbfp_dense_videomme_blip_k16_alpha0.85_adaptive_short_2.0_med_3.0_long_5.0_temporal_iter1,selected_dbfp_dense_videomme_blip_k16_alpha0.8_adaptive_short_2.0_med_3.0_long_5.0_score_diff_iter2,-0.005834591535872707,-0.2959351603624133,0.7673823346117639,-0.02420337629130696,No
selected_dbfp_dense_videomme_blip_k16_alpha0.85_adaptive_short_2.0_med_3.0_long_5.0_temporal_iter1,selected_dbfp_dense_videomme_blip_k16_alpha0.8_adaptive_short_2.0_med_3.0_long_5.0_score_diff_iter3,-0.0038744040274888425,-0.1957103806144962,0.8449033412571013,-0.016006384578057784,No
selected_dbfp_dense_videomme_blip_k16_alpha0.85_adaptive_short_2.0_med_3.0_long_5.0_temporal_iter1,selected_dbfp_dense_videomme_blip_k16_alpha0.8_adaptive_short_2.0_med_3.0_long_5.0_temporal_iter1,-0.004196218210577557,-0.21083752282301363,0.8330858815032863,-0.01724357422399671,No
selected_dbfp_dense_videomme_blip_k16_alpha0.85_adaptive_short_2.0_med_3.0_long_5.0_temporal_iter1,selected_dbfp_dense_videomme_blip_k16_alpha0.8_adaptive_short_2.0_med_3.0_long_5.0_temporal_iter2,-0.024577543150833242,-1.1785875703458537,0.2390311938728963,-0.09639205590494124,No
selected_dbfp_dense_videomme_blip_k16_alpha0.85_adaptive_short_2.0_med_3.0_long_5.0_temporal_iter1,selected_dbfp_dense_videomme_blip_k16_alpha0.8_adaptive_short_2.0_med_3.0_long_5.0_temporal_iter3,-0.012195607308019246,-0.5953427620507499,0.5518396020319513,-0.048690750017740154,No
selected_dbfp_dense_videomme_blip_k16_alpha0.85_adaptive_short_2.0_med_3.0_long_5.0_temporal_iter1,selected_dbfp_dense_videomme_blip_k16_alpha0.8_adaptive_short_2.0_med_4.0_long_6.0_score_diff_iter1,-0.020569601820934674,-1.007102878992413,0.3142926637209302,-0.08236699535651315,No
selected_dbfp_dense_videomme_blip_k16_alpha0.85_adaptive_short_2.0_med_3.0_long_5.0_temporal_iter1,selected_dbfp_dense_videomme_blip_k16_alpha0.8_adaptive_short_2.0_med_4.0_long_6.0_score_diff_iter2,-0.014340777446347042,-0.7087257586816974,0.4787708624010142,-0.05796390067997679,No
selected_dbfp_dense_videomme_blip_k16_alpha0.85_adaptive_short_2.0_med_3.0_long_5.0_temporal_iter1,selected_dbfp_dense_videomme_blip_k16_alpha0.8_adaptive_short_2.0_med_4.0_long_6.0_score_diff_iter3,-0.011965672270960764,-0.5835956575532862,0.5597124247061109,-0.04773000040598189,No
selected_dbfp_dense_videomme_blip_k16_alpha0.85_adaptive_short_2.0_med_3.0_long_5.0_temporal_iter1,selected_dbfp_dense_videomme_blip_k16_alpha0.8_adaptive_short_2.0_med_4.0_long_6.0_temporal_iter1,-0.01995218994563383,-0.9732097526380363,0.33084255621350245,-0.07959500946784039,No
selected_dbfp_dense_videomme_blip_k16_alpha0.85_adaptive_short_2.0_med_3.0_long_5.0_temporal_iter1,selected_dbfp_dense_videomme_blip_k16_alpha0.8_adaptive_short_2.0_med_4.0_long_6.0_temporal_iter2,-0.03703999374644065,-1.7547754231203951,0.07980982536054268,-0.1435162011054102,No
selected_dbfp_dense_videomme_blip_k16_alpha0.85_adaptive_short_2.0_med_3.0_long_5.0_temporal_iter1,selected_dbfp_dense_videomme_blip_k16_alpha0.8_adaptive_short_2.0_med_4.0_long_6.0_temporal_iter3,-0.019242105812520505,-0.9394794566298921,0.3478639468965522,-0.07683634081935847,No
selected_dbfp_dense_videomme_blip_k16_alpha0.85_adaptive_short_2.0_med_3.0_long_5.0_temporal_iter1,selected_dbfp_dense_videomme_blip_k16_alpha0.8_adaptive_short_2.0_med_5.0_long_8.0_score_diff_iter1,-0.021540723215283275,-1.051812109921043,0.2933105964449803,-0.08602358804673552,No
selected_dbfp_dense_videomme_blip_k16_alpha0.85_adaptive_short_2.0_med_3.0_long_5.0_temporal_iter1,selected_dbfp_dense_videomme_blip_k16_alpha0.8_adaptive_short_2.0_med_5.0_long_8.0_score_diff_iter2,-0.017174120124356956,-0.838008357644685,0.40236082119764216,-0.06853741752904327,No
selected_dbfp_dense_videomme_blip_k16_alpha0.85_adaptive_short_2.0_med_3.0_long_5.0_temporal_iter1,selected_dbfp_dense_videomme_blip_k16_alpha0.8_adaptive_short_2.0_med_5.0_long_8.0_score_diff_iter3,-0.02043848028953721,-0.9786649498236829,0.32814130370311834,-0.08004116871295296,No
selected_dbfp_dense_videomme_blip_k16_alpha0.85_adaptive_short_2.0_med_3.0_long_5.0_temporal_iter1,selected_dbfp_dense_videomme_blip_k16_alpha0.8_adaptive_short_2.0_med_5.0_long_8.0_temporal_iter1,-0.010222565465274475,-0.5074225980413766,0.6120454120673633,-0.041500104532861126,No
selected_dbfp_dense_videomme_blip_k16_alpha0.85_adaptive_short_2.0_med_3.0_long_5.0_temporal_iter1,selected_dbfp_dense_videomme_blip_k16_alpha0.8_adaptive_short_2.0_med_5.0_long_8.0_temporal_iter2,-0.026368674621244398,-1.2637814504517035,0.20680090325127223,-0.10335972929907732,No
selected_dbfp_dense_videomme_blip_k16_alpha0.85_adaptive_short_2.0_med_3.0_long_5.0_temporal_iter1,selected_dbfp_dense_videomme_blip_k16_alpha0.8_adaptive_short_2.0_med_5.0_long_8.0_temporal_iter3,-0.01739617400611479,-0.8426083877628412,0.39978437158689695,-0.06891363597472668,No
selected_dbfp_dense_videomme_blip_k16_alpha0.85_adaptive_short_2.0_med_3.0_long_5.0_temporal_iter1,selected_dbfp_dense_videomme_blip_k16_alpha0.8_adaptive_short_3.0_med_6.0_long_10.0_score_diff_iter1,-0.008832670701381606,-0.4429612941723832,0.6579539227000887,-0.03622806724693058,No
selected_dbfp_dense_videomme_blip_k16_alpha0.85_adaptive_short_2.0_med_3.0_long_5.0_temporal_iter1,selected_dbfp_dense_videomme_blip_k16_alpha0.8_adaptive_short_3.0_med_6.0_long_10.0_score_diff_iter2,-0.013302855796774732,-0.6664461872203411,0.5053829750921213,-0.054506020290605146,No
selected_dbfp_dense_videomme_blip_k16_alpha0.85_adaptive_short_2.0_med_3.0_long_5.0_temporal_iter1,selected_dbfp_dense_videomme_blip_k16_alpha0.8_adaptive_short_3.0_med_6.0_long_10.0_score_diff_iter3,-0.018068834617307045,-0.8946174534821647,0.37135154344984167,-0.07316725345611519,No
selected_dbfp_dense_videomme_blip_k16_alpha0.85_adaptive_short_2.0_med_3.0_long_5.0_temporal_iter1,selected_dbfp_dense_videomme_blip_k16_alpha0.8_adaptive_short_3.0_med_6.0_long_10.0_temporal_iter1,-0.026867986430840513,-1.2953999145309447,0.19568214124825534,-0.10594567946916576,No
selected_dbfp_dense_videomme_blip_k16_alpha0.85_adaptive_short_2.0_med_3.0_long_5.0_temporal_iter1,selected_dbfp_dense_videomme_blip_k16_alpha0.8_adaptive_short_3.0_med_6.0_long_10.0_temporal_iter2,-0.013908864157384626,-0.6866178237061877,0.49258974522362986,-0.05615577937257757,No
selected_dbfp_dense_videomme_blip_k16_alpha0.85_adaptive_short_2.0_med_3.0_long_5.0_temporal_iter1,selected_dbfp_dense_videomme_blip_k16_alpha0.8_adaptive_short_3.0_med_6.0_long_10.0_temporal_iter3,-0.00927415826540684,-0.46038351960797125,0.6454083215060538,-0.03765296276244327,No
selected_dbfp_dense_videomme_blip_k16_alpha0.85_adaptive_short_2.0_med_3.0_long_5.0_temporal_iter2,selected_dbfp_dense_videomme_blip_k16_alpha0.85_adaptive_short_2.0_med_3.0_long_5.0_temporal_iter3,-0.011128011093086837,-0.5353804949499053,0.5925858138925206,-0.043786671344112765,No
selected_dbfp_dense_videomme_blip_k16_alpha0.85_adaptive_short_2.0_med_3.0_long_5.0_temporal_iter2,selected_dbfp_dense_videomme_blip_k16_alpha0.85_adaptive_short_2.0_med_4.0_long_6.0_score_diff_iter1,-0.017355208529883537,-0.8352332305203717,0.40391996938171804,-0.06831045080089916,No
selected_dbfp_dense_videomme_blip_k16_alpha0.85_adaptive_short_2.0_med_3.0_long_5.0_temporal_iter2,selected_dbfp_dense_videomme_blip_k16_alpha0.85_adaptive_short_2.0_med_4.0_long_6.0_score_diff_iter2,-0.013415018073435953,-0.6494299890578827,0.5163098431015573,-0.05311433224249458,No
selected_dbfp_dense_videomme_blip_k16_alpha0.85_adaptive_short_2.0_med_3.0_long_5.0_temporal_iter2,selected_dbfp_dense_videomme_blip_k16_alpha0.85_adaptive_short_2.0_med_4.0_long_6.0_score_diff_iter3,-0.009333506186693208,-0.45439484579528655,0.6497095486473043,-0.03716317264384353,No
selected_dbfp_dense_videomme_blip_k16_alpha0.85_adaptive_short_2.0_med_3.0_long_5.0_temporal_iter2,selected_dbfp_dense_videomme_blip_k16_alpha0.85_adaptive_short_2.0_med_4.0_long_6.0_temporal_iter1,-0.01163455679642103,-0.5653698518406779,0.5720342763452186,-0.04623938323146366,No
selected_dbfp_dense_videomme_blip_k16_alpha0.85_adaptive_short_2.0_med_3.0_long_5.0_temporal_iter2,selected_dbfp_dense_videomme_blip_k16_alpha0.85_adaptive_short_2.0_med_4.0_long_6.0_temporal_iter2,-0.018667269550871196,-0.8933551124722664,0.3720264046635341,-0.07306401163382298,No
selected_dbfp_dense_videomme_blip_k16_alpha0.85_adaptive_short_2.0_med_3.0_long_5.0_temporal_iter2,selected_dbfp_dense_videomme_blip_k16_alpha0.85_adaptive_short_2.0_med_4.0_long_6.0_temporal_iter3,-0.026043554069108382,-1.2286270995031754,0.21969493838228257,-0.10048459284382005,No
selected_dbfp_dense_videomme_blip_k16_alpha0.85_adaptive_short_2.0_med_3.0_long_5.0_temporal_iter2,selected_dbfp_dense_videomme_blip_k16_alpha0.85_adaptive_short_2.0_med_5.0_long_8.0_score_diff_iter1,-0.01890520574113605,-0.9015580498125473,0.3676546424891607,-0.07373489772376354,No
selected_dbfp_dense_videomme_blip_k16_alpha0.85_adaptive_short_2.0_med_3.0_long_5.0_temporal_iter2,selected_dbfp_dense_videomme_blip_k16_alpha0.85_adaptive_short_2.0_med_5.0_long_8.0_score_diff_iter2,-0.012983988943270769,-0.626396074694999,0.5312942140280613,-0.05123047871496082,No
selected_dbfp_dense_videomme_blip_k16_alpha0.85_adaptive_short_2.0_med_3.0_long_5.0_temporal_iter2,selected_dbfp_dense_videomme_blip_k16_alpha0.85_adaptive_short_2.0_med_5.0_long_8.0_score_diff_iter3,-0.009668319261860181,-0.46709453524208605,0.6406023845302455,-0.03820183045673196,No
selected_dbfp_dense_videomme_blip_k16_alpha0.85_adaptive_short_2.0_med_3.0_long_5.0_temporal_iter2,selected_dbfp_dense_videomme_blip_k16_alpha0.85_adaptive_short_2.0_med_5.0_long_8.0_temporal_iter1,-0.006221546528610428,-0.3040349884541842,0.7612069969659574,-0.024865829506093454,No
selected_dbfp_dense_videomme_blip_k16_alpha0.85_adaptive_short_2.0_med_3.0_long_5.0_temporal_iter2,selected_dbfp_dense_videomme_blip_k16_alpha0.85_adaptive_short_2.0_med_5.0_long_8.0_temporal_iter2,-0.010418488189570224,-0.5053761228665079,0.6134808963956964,-0.0413327313913655,No
selected_dbfp_dense_videomme_blip_k16_alpha0.85_adaptive_short_2.0_med_3.0_long_5.0_temporal_iter2,selected_dbfp_dense_videomme_blip_k16_alpha0.85_adaptive_short_2.0_med_5.0_long_8.0_temporal_iter3,-0.015075859055802054,-0.7190232565311633,0.4724074577703461,-0.058806092732603045,No
selected_dbfp_dense_videomme_blip_k16_alpha0.85_adaptive_short_2.0_med_3.0_long_5.0_temporal_iter2,selected_dbfp_dense_videomme_blip_k16_alpha0.85_adaptive_short_3.0_med_6.0_long_10.0_score_diff_iter1,-0.004956958028681929,-0.24430735201590822,0.8070765885130763,-0.019980940322442586,No
selected_dbfp_dense_videomme_blip_k16_alpha0.85_adaptive_short_2.0_med_3.0_long_5.0_temporal_iter2,selected_dbfp_dense_videomme_blip_k16_alpha0.85_adaptive_short_3.0_med_6.0_long_10.0_score_diff_iter2,-0.0070060942377869195,-0.3462110622790477,0.729305876297788,-0.028315245188288034,No
selected_dbfp_dense_videomme_blip_k16_alpha0.85_adaptive_short_2.0_med_3.0_long_5.0_temporal_iter2,selected_dbfp_dense_videomme_blip_k16_alpha0.85_adaptive_short_3.0_med_6.0_long_10.0_score_diff_iter3,-0.00910048509965991,-0.44643427545061903,0.6554451929927071,-0.03651210879960026,No
selected_dbfp_dense_videomme_blip_k16_alpha0.85_adaptive_short_2.0_med_3.0_long_5.0_temporal_iter2,selected_dbfp_dense_videomme_blip_k16_alpha0.85_adaptive_short_3.0_med_6.0_long_10.0_temporal_iter1,-0.01802632651771749,-0.866898034807262,0.3863455831180619,-0.07090019098127198,No
selected_dbfp_dense_videomme_blip_k16_alpha0.85_adaptive_short_2.0_med_3.0_long_5.0_temporal_iter2,selected_dbfp_dense_videomme_blip_k16_alpha0.85_adaptive_short_3.0_med_6.0_long_10.0_temporal_iter2,-0.003983380372218431,-0.19572110747126323,0.8448949485978665,-0.016007261903665526,No
selected_dbfp_dense_videomme_blip_k16_alpha0.85_adaptive_short_2.0_med_3.0_long_5.0_temporal_iter2,selected_dbfp_dense_videomme_blip_k16_alpha0.85_adaptive_short_3.0_med_6.0_long_10.0_temporal_iter3,-0.010421634263772406,-0.5053386202117501,0.6135072162361827,-0.04132966419690614,No
selected_dbfp_dense_videomme_blip_k16_alpha0.85_adaptive_short_2.0_med_3.0_long_5.0_temporal_iter2,selected_dbfp_dense_videomme_blip_k16_alpha0.8_adaptive_short_2.0_med_3.0_long_5.0_score_diff_iter1,-0.010161014839218635,-0.4962044920496292,0.6199324711487832,-0.04058261966012331,No
selected_dbfp_dense_videomme_blip_k16_alpha0.85_adaptive_short_2.0_med_3.0_long_5.0_temporal_iter2,selected_dbfp_dense_videomme_blip_k16_alpha0.8_adaptive_short_2.0_med_3.0_long_5.0_score_diff_iter2,-0.0016121578640369005,-0.08044388688256113,0.935911137200347,-0.006579190061361288,No
selected_dbfp_dense_videomme_blip_k16_alpha0.85_adaptive_short_2.0_med_3.0_long_5.0_temporal_iter2,selected_dbfp_dense_videomme_blip_k16_alpha0.8_adaptive_short_2.0_med_3.0_long_5.0_score_diff_iter3,0.0003480296443469644,0.01729742711633455,0.9862051076100994,0.001414688735210026,No
selected_dbfp_dense_videomme_blip_k16_alpha0.85_adaptive_short_2.0_med_3.0_long_5.0_temporal_iter2,selected_dbfp_dense_videomme_blip_k16_alpha0.8_adaptive_short_2.0_med_3.0_long_5.0_temporal_iter1,2.6215461258249917e-05,0.0012962157656847158,0.9989662020231314,0.00010601240462915677,No
selected_dbfp_dense_videomme_blip_k16_alpha0.85_adaptive_short_2.0_med_3.0_long_5.0_temporal_iter2,selected_dbfp_dense_videomme_blip_k16_alpha0.8_adaptive_short_2.0_med_3.0_long_5.0_temporal_iter2,-0.020355109478997435,-0.961919813889161,0.336478672835001,-0.07867164974607306,No
selected_dbfp_dense_videomme_blip_k16_alpha0.85_adaptive_short_2.0_med_3.0_long_5.0_temporal_iter2,selected_dbfp_dense_videomme_blip_k16_alpha0.8_adaptive_short_2.0_med_3.0_long_5.0_temporal_iter3,-0.00797317363618344,-0.38336252104344704,0.7015872342889281,-0.03135371735303108,No
selected_dbfp_dense_videomme_blip_k16_alpha0.85_adaptive_short_2.0_med_3.0_long_5.0_temporal_iter2,selected_dbfp_dense_videomme_blip_k16_alpha0.8_adaptive_short_2.0_med_4.0_long_6.0_score_diff_iter1,-0.016347168149098867,-0.78825510685801,0.4308598550087598,-0.06446829427260686,No
selected_dbfp_dense_videomme_blip_k16_alpha0.85_adaptive_short_2.0_med_3.0_long_5.0_temporal_iter2,selected_dbfp_dense_videomme_blip_k16_alpha0.8_adaptive_short_2.0_med_4.0_long_6.0_score_diff_iter2,-0.010118343774511235,-0.49234354825685567,0.6226572004695434,-0.04026684821284376,No
selected_dbfp_dense_videomme_blip_k16_alpha0.85_adaptive_short_2.0_med_3.0_long_5.0_temporal_iter2,selected_dbfp_dense_videomme_blip_k16_alpha0.8_adaptive_short_2.0_med_4.0_long_6.0_score_diff_iter3,-0.0077432385991249575,-0.37198375538486156,0.7100367208126104,-0.03042309272932884,No
selected_dbfp_dense_videomme_blip_k16_alpha0.85_adaptive_short_2.0_med_3.0_long_5.0_temporal_iter2,selected_dbfp_dense_videomme_blip_k16_alpha0.8_adaptive_short_2.0_med_4.0_long_6.0_temporal_iter1,-0.015729756273798023,-0.7557236949489722,0.45011244360647773,-0.06180767766407861,No
selected_dbfp_dense_videomme_blip_k16_alpha0.85_adaptive_short_2.0_med_3.0_long_5.0_temporal_iter2,selected_dbfp_dense_videomme_blip_k16_alpha0.8_adaptive_short_2.0_med_4.0_long_6.0_temporal_iter2,-0.032817560074604846,-1.5326723795553074,0.1258854398818541,-0.1253512641422658,No
selected_dbfp_dense_videomme_blip_k16_alpha0.85_adaptive_short_2.0_med_3.0_long_5.0_temporal_iter2,selected_dbfp_dense_videomme_blip_k16_alpha0.8_adaptive_short_2.0_med_4.0_long_6.0_temporal_iter3,-0.015019672140684698,-0.7222836828885258,0.47040243326381104,-0.0590727502005479,No
selected_dbfp_dense_videomme_blip_k16_alpha0.85_adaptive_short_2.0_med_3.0_long_5.0_temporal_iter2,selected_dbfp_dense_videomme_blip_k16_alpha0.8_adaptive_short_2.0_med_5.0_long_8.0_score_diff_iter1,-0.017318289543447468,-0.8329026685003624,0.40523214447423495,-0.068119843273683,No
selected_dbfp_dense_videomme_blip_k16_alpha0.85_adaptive_short_2.0_med_3.0_long_5.0_temporal_iter2,selected_dbfp_dense_videomme_blip_k16_alpha0.8_adaptive_short_2.0_med_5.0_long_8.0_score_diff_iter2,-0.01295168645252115,-0.622473155190431,0.533868068760299,-0.05090963851889858,No
selected_dbfp_dense_videomme_blip_k16_alpha0.85_adaptive_short_2.0_med_3.0_long_5.0_temporal_iter2,selected_dbfp_dense_videomme_blip_k16_alpha0.8_adaptive_short_2.0_med_5.0_long_8.0_score_diff_iter3,-0.016216046617701402,-0.7652279757797786,0.4444376965555872,-0.06258499556876487,No
selected_dbfp_dense_videomme_blip_k16_alpha0.85_adaptive_short_2.0_med_3.0_long_5.0_temporal_iter2,selected_dbfp_dense_videomme_blip_k16_alpha0.8_adaptive_short_2.0_med_5.0_long_8.0_temporal_iter1,-0.006000131793438668,-0.29320102612846183,0.7694702174552905,-0.02397976221027733,No
selected_dbfp_dense_videomme_blip_k16_alpha0.85_adaptive_short_2.0_med_3.0_long_5.0_temporal_iter2,selected_dbfp_dense_videomme_blip_k16_alpha0.8_adaptive_short_2.0_med_5.0_long_8.0_temporal_iter2,-0.02214624094940859,-1.0460023203477142,0.29598257244981346,-0.08554842825096606,No
selected_dbfp_dense_videomme_blip_k16_alpha0.85_adaptive_short_2.0_med_3.0_long_5.0_temporal_iter2,selected_dbfp_dense_videomme_blip_k16_alpha0.8_adaptive_short_2.0_med_5.0_long_8.0_temporal_iter3,-0.013173740334278983,-0.6286319706427094,0.5298300547336905,-0.0514133438991757,No
selected_dbfp_dense_videomme_blip_k16_alpha0.85_adaptive_short_2.0_med_3.0_long_5.0_temporal_iter2,selected_dbfp_dense_videomme_blip_k16_alpha0.8_adaptive_short_3.0_med_6.0_long_10.0_score_diff_iter1,-0.0046102370295457995,-0.2275373429536602,0.8200837059892687,-0.018609387040187803,No
selected_dbfp_dense_videomme_blip_k16_alpha0.85_adaptive_short_2.0_med_3.0_long_5.0_temporal_iter2,selected_dbfp_dense_videomme_blip_k16_alpha0.8_adaptive_short_3.0_med_6.0_long_10.0_score_diff_iter2,-0.009080422124938925,-0.44770937681326967,0.6545250910362246,-0.036616394332583055,No
selected_dbfp_dense_videomme_blip_k16_alpha0.85_adaptive_short_2.0_med_3.0_long_5.0_temporal_iter2,selected_dbfp_dense_videomme_blip_k16_alpha0.8_adaptive_short_3.0_med_6.0_long_10.0_score_diff_iter3,-0.013846400945471238,-0.6749519503419066,0.4999671630131567,-0.055201673363381665,No
selected_dbfp_dense_videomme_blip_k16_alpha0.85_adaptive_short_2.0_med_3.0_long_5.0_temporal_iter2,selected_dbfp_dense_videomme_blip_k16_alpha0.8_adaptive_short_3.0_med_6.0_long_10.0_temporal_iter1,-0.022645552759004706,-1.0757854768298523,0.28245704013803963,-0.08798427581576442,No
selected_dbfp_dense_videomme_blip_k16_alpha0.85_adaptive_short_2.0_med_3.0_long_5.0_temporal_iter2,selected_dbfp_dense_videomme_blip_k16_alpha0.8_adaptive_short_3.0_med_6.0_long_10.0_temporal_iter2,-0.00968643048554882,-0.4708203280952501,0.6379407360948148,-0.038506548435267844,No
selected_dbfp_dense_videomme_blip_k16_alpha0.85_adaptive_short_2.0_med_3.0_long_5.0_temporal_iter2,selected_dbfp_dense_videomme_blip_k16_alpha0.8_adaptive_short_3.0_med_6.0_long_10.0_temporal_iter3,-0.005051724593571033,-0.24687586383927856,0.8050890231056045,-0.020191008839478813,No
selected_dbfp_dense_videomme_blip_k16_alpha0.85_adaptive_short_2.0_med_3.0_long_5.0_temporal_iter3,selected_dbfp_dense_videomme_blip_k16_alpha0.85_adaptive_short_2.0_med_4.0_long_6.0_score_diff_iter1,-0.0062271974367967,-0.29298801644376965,0.7696329498794978,-0.02396234101902242,No
selected_dbfp_dense_videomme_blip_k16_alpha0.85_adaptive_short_2.0_med_3.0_long_5.0_temporal_iter3,selected_dbfp_dense_videomme_blip_k16_alpha0.85_adaptive_short_2.0_med_4.0_long_6.0_score_diff_iter2,-0.0022870069803491155,-0.10821161546041817,0.913864128552391,-0.008850203714100446,No
selected_dbfp_dense_videomme_blip_k16_alpha0.85_adaptive_short_2.0_med_3.0_long_5.0_temporal_iter3,selected_dbfp_dense_videomme_blip_k16_alpha0.85_adaptive_short_2.0_med_4.0_long_6.0_score_diff_iter3,0.0017945049063936291,0.08536670058020873,0.9319984379986911,0.006981807703019047,No
selected_dbfp_dense_videomme_blip_k16_alpha0.85_adaptive_short_2.0_med_3.0_long_5.0_temporal_iter3,selected_dbfp_dense_videomme_blip_k16_alpha0.85_adaptive_short_2.0_med_4.0_long_6.0_temporal_iter1,-0.0005065457033341936,-0.024054319061711377,0.9808173051637633,-0.001967308435092965,No
selected_dbfp_dense_videomme_blip_k16_alpha0.85_adaptive_short_2.0_med_3.0_long_5.0_temporal_iter3,selected_dbfp_dense_videomme_blip_k16_alpha0.85_adaptive_short_2.0_med_4.0_long_6.0_temporal_iter2,-0.007539258457784359,-0.3528241740846143,0.724344584622642,-0.0288561057326791,No
selected_dbfp_dense_videomme_blip_k16_alpha0.85_adaptive_short_2.0_med_3.0_long_5.0_temporal_iter3,selected_dbfp_dense_videomme_blip_k16_alpha0.85_adaptive_short_2.0_med_4.0_long_6.0_temporal_iter3,-0.014915542976021545,-0.6885156908424639,0.4913951045524352,-0.056310998631147365,No
selected_dbfp_dense_videomme_blip_k16_alpha0.85_adaptive_short_2.0_med_3.0_long_5.0_temporal_iter3,selected_dbfp_dense_videomme_blip_k16_alpha0.85_adaptive_short_2.0_med_5.0_long_8.0_score_diff_iter1,-0.007777194648049213,-0.3627340981999304,0.7169316930821924,-0.029666599571897427,No
selected_dbfp_dense_videomme_blip_k16_alpha0.85_adaptive_short_2.0_med_3.0_long_5.0_temporal_iter3,selected_dbfp_dense_videomme_blip_k16_alpha0.85_adaptive_short_2.0_med_5.0_long_8.0_score_diff_iter2,-0.001855977850183932,-0.08752776927568204,0.9302813145582889,-0.007158553040109518,No
selected_dbfp_dense_videomme_blip_k16_alpha0.85_adaptive_short_2.0_med_3.0_long_5.0_temporal_iter3,selected_dbfp_dense_videomme_blip_k16_alpha0.85_adaptive_short_2.0_med_5.0_long_8.0_score_diff_iter3,0.001459691831226656,0.068931843874452,0.9450669138053771,0.005637665218542553,No
selected_dbfp_dense_videomme_blip_k16_alpha0.85_adaptive_short_2.0_med_3.0_long_5.0_temporal_iter3,selected_dbfp_dense_videomme_blip_k16_alpha0.85_adaptive_short_2.0_med_5.0_long_8.0_temporal_iter1,0.004906464564476409,0.2342474642907788,0.8148730445302281,0.019158181577277434,No
selected_dbfp_dense_videomme_blip_k16_alpha0.85_adaptive_short_2.0_med_3.0_long_5.0_temporal_iter3,selected_dbfp_dense_videomme_blip_k16_alpha0.85_adaptive_short_2.0_med_5.0_long_8.0_temporal_iter2,0.0007095229035166128,0.033635881545657394,0.9731787328115828,0.0027509468599447176,No
selected_dbfp_dense_videomme_blip_k16_alpha0.85_adaptive_short_2.0_med_3.0_long_5.0_temporal_iter3,selected_dbfp_dense_videomme_blip_k16_alpha0.85_adaptive_short_2.0_med_5.0_long_8.0_temporal_iter3,-0.003947847962715217,-0.18415024604589256,0.8539580175125737,-0.015060926550876515,No
selected_dbfp_dense_videomme_blip_k16_alpha0.85_adaptive_short_2.0_med_3.0_long_5.0_temporal_iter3,selected_dbfp_dense_videomme_blip_k16_alpha0.85_adaptive_short_3.0_med_6.0_long_10.0_score_diff_iter1,0.006171053064404908,0.2970242698443555,0.7665511218244824,0.02429245033645764,No
selected_dbfp_dense_videomme_blip_k16_alpha0.85_adaptive_short_2.0_med_3.0_long_5.0_temporal_iter3,selected_dbfp_dense_videomme_blip_k16_alpha0.85_adaptive_short_3.0_med_6.0_long_10.0_score_diff_iter2,0.0041219168552999175,0.1988943730843758,0.8424129743403949,0.0162667908666409,No
selected_dbfp_dense_videomme_blip_k16_alpha0.85_adaptive_short_2.0_med_3.0_long_5.0_temporal_iter3,selected_dbfp_dense_videomme_blip_k16_alpha0.85_adaptive_short_3.0_med_6.0_long_10.0_score_diff_iter3,0.0020275259934269263,0.09715479161209187,0.9226360215279812,0.007945909443142024,No
selected_dbfp_dense_videomme_blip_k16_alpha0.85_adaptive_short_2.0_med_3.0_long_5.0_temporal_iter3,selected_dbfp_dense_videomme_blip_k16_alpha0.85_adaptive_short_3.0_med_6.0_long_10.0_temporal_iter1,-0.006898315424630652,-0.3243374822122218,0.7457959611273518,-0.026526290899411664,No
selected_dbfp_dense_videomme_blip_k16_alpha0.85_adaptive_short_2.0_med_3.0_long_5.0_temporal_iter3,selected_dbfp_dense_videomme_blip_k16_alpha0.85_adaptive_short_3.0_med_6.0_long_10.0_temporal_iter2,0.007144630720868406,0.34287723363663875,0.7318113125551452,0.028042584449226946,No
selected_dbfp_dense_videomme_blip_k16_alpha0.85_adaptive_short_2.0_med_3.0_long_5.0_temporal_iter3,selected_dbfp_dense_videomme_blip_k16_alpha0.85_adaptive_short_3.0_med_6.0_long_10.0_temporal_iter3,0.0007063768293144312,0.033474709550997926,0.9733072032402837,0.0027377652345208325,No
selected_dbfp_dense_videomme_blip_k16_alpha0.85_adaptive_short_2.0_med_3.0_long_5.0_temporal_iter3,selected_dbfp_dense_videomme_blip_k16_alpha0.8_adaptive_short_2.0_med_3.0_long_5.0_score_diff_iter1,0.000966996253868202,0.04613634018309044,0.9632169840902769,0.003773310354661339,No
selected_dbfp_dense_videomme_blip_k16_alpha0.85_adaptive_short_2.0_med_3.0_long_5.0_temporal_iter3,selected_dbfp_dense_videomme_blip_k16_alpha0.8_adaptive_short_2.0_med_3.0_long_5.0_score_diff_iter2,0.009515853229049936,0.46343987425931416,0.6432177277011335,0.03790293005359304,No
selected_dbfp_dense_videomme_blip_k16_alpha0.85_adaptive_short_2.0_med_3.0_long_5.0_temporal_iter3,selected_dbfp_dense_videomme_blip_k16_alpha0.8_adaptive_short_2.0_med_3.0_long_5.0_score_diff_iter3,0.011476040737433801,0.556799362322479,0.5778728331235279,0.04553843650352762,No
selected_dbfp_dense_videomme_blip_k16_alpha0.85_adaptive_short_2.0_med_3.0_long_5.0_temporal_iter3,selected_dbfp_dense_videomme_blip_k16_alpha0.8_adaptive_short_2.0_med_3.0_long_5.0_temporal_iter1,0.011154226554345087,0.5385247927154135,0.5904151880488164,0.044043831122829585,No
selected_dbfp_dense_videomme_blip_k16_alpha0.85_adaptive_short_2.0_med_3.0_long_5.0_temporal_iter3,selected_dbfp_dense_videomme_blip_k16_alpha0.8_adaptive_short_2.0_med_3.0_long_5.0_temporal_iter2,-0.009227098385910598,-0.42663229433995614,0.6698007133906199,-0.03489258249393395,No
selected_dbfp_dense_videomme_blip_k16_alpha0.85_adaptive_short_2.0_med_3.0_long_5.0_temporal_iter3,selected_dbfp_dense_videomme_blip_k16_alpha0.8_adaptive_short_2.0_med_3.0_long_5.0_temporal_iter3,0.0031548374569033977,0.14830382831070354,0.8821529874559193,0.012129188598434837,No
selected_dbfp_dense_videomme_blip_k16_alpha0.85_adaptive_short_2.0_med_3.0_long_5.0_temporal_iter3,selected_dbfp_dense_videomme_blip_k16_alpha0.8_adaptive_short_2.0_med_4.0_long_6.0_score_diff_iter1,-0.00521915705601203,-0.2460177425973643,0.8057529145868061,-0.02012082649652206,No
selected_dbfp_dense_videomme_blip_k16_alpha0.85_adaptive_short_2.0_med_3.0_long_5.0_temporal_iter3,selected_dbfp_dense_videomme_blip_k16_alpha0.8_adaptive_short_2.0_med_4.0_long_6.0_score_diff_iter2,0.0010096673185756022,0.04800680128046417,0.9617268506080776,0.003926288033926205,No
selected_dbfp_dense_videomme_blip_k16_alpha0.85_adaptive_short_2.0_med_3.0_long_5.0_temporal_iter3,selected_dbfp_dense_videomme_blip_k16_alpha0.8_adaptive_short_2.0_med_4.0_long_6.0_score_diff_iter3,0.0033847724939618795,0.15898069482445165,0.8737377599821842,0.013002407645590922,No
selected_dbfp_dense_videomme_blip_k16_alpha0.85_adaptive_short_2.0_med_3.0_long_5.0_temporal_iter3,selected_dbfp_dense_videomme_blip_k16_alpha0.8_adaptive_short_2.0_med_4.0_long_6.0_temporal_iter1,-0.0046017451807111864,-0.21616005224217988,0.8289367045237964,-0.01767888308098737,No
selected_dbfp_dense_videomme_blip_k16_alpha0.85_adaptive_short_2.0_med_3.0_long_5.0_temporal_iter3,selected_dbfp_dense_videomme_blip_k16_alpha0.8_adaptive_short_2.0_med_4.0_long_6.0_temporal_iter2,-0.02168954898151801,-0.9915919771190322,0.3217976547021941,-0.08109841972974552,No
selected_dbfp_dense_videomme_blip_k16_alpha0.85_adaptive_short_2.0_med_3.0_long_5.0_temporal_iter3,selected_dbfp_dense_videomme_blip_k16_alpha0.8_adaptive_short_2.0_med_4.0_long_6.0_temporal_iter3,-0.003891661047597861,-0.18296847111624037,0.854884771903578,-0.014964273808722998,No
selected_dbfp_dense_videomme_blip_k16_alpha0.85_adaptive_short_2.0_med_3.0_long_5.0_temporal_iter3,selected_dbfp_dense_videomme_blip_k16_alpha0.8_adaptive_short_2.0_med_5.0_long_8.0_score_diff_iter1,-0.006190278450360631,-0.29106600971302493,0.7711017592370487,-0.02380514762554673,No
selected_dbfp_dense_videomme_blip_k16_alpha0.85_adaptive_short_2.0_med_3.0_long_5.0_temporal_iter3,selected_dbfp_dense_videomme_blip_k16_alpha0.8_adaptive_short_2.0_med_5.0_long_8.0_score_diff_iter2,-0.0018236753594343125,-0.08569330685554886,0.9317389054320124,-0.007008519552935076,No
selected_dbfp_dense_videomme_blip_k16_alpha0.85_adaptive_short_2.0_med_3.0_long_5.0_temporal_iter3,selected_dbfp_dense_videomme_blip_k16_alpha0.8_adaptive_short_2.0_med_5.0_long_8.0_score_diff_iter3,-0.005088035524614565,-0.23493383010327418,0.8143405140280551,-0.019214316770369524,No
selected_dbfp_dense_videomme_blip_k16_alpha0.85_adaptive_short_2.0_med_3.0_long_5.0_temporal_iter3,selected_dbfp_dense_videomme_blip_k16_alpha0.8_adaptive_short_2.0_med_5.0_long_8.0_temporal_iter1,0.005127879299648169,0.24480734519063918,0.806689585542915,0.020021832828891722,No
selected_dbfp_dense_videomme_blip_k16_alpha0.85_adaptive_short_2.0_med_3.0_long_5.0_temporal_iter3,selected_dbfp_dense_videomme_blip_k16_alpha0.8_adaptive_short_2.0_med_5.0_long_8.0_temporal_iter2,-0.011018229856321754,-0.5091872718807012,0.6108087927086254,-0.04164443040297824,No
selected_dbfp_dense_videomme_blip_k16_alpha0.85_adaptive_short_2.0_med_3.0_long_5.0_temporal_iter3,selected_dbfp_dense_videomme_blip_k16_alpha0.8_adaptive_short_2.0_med_5.0_long_8.0_temporal_iter3,-0.0020457292411921457,-0.09547214602106187,0.9239717968908903,-0.007808292466207493,No
selected_dbfp_dense_videomme_blip_k16_alpha0.85_adaptive_short_2.0_med_3.0_long_5.0_temporal_iter3,selected_dbfp_dense_videomme_blip_k16_alpha0.8_adaptive_short_3.0_med_6.0_long_10.0_score_diff_iter1,0.0065177740635410375,0.31413180592914897,0.7535304895072367,0.025691608629264343,No
selected_dbfp_dense_videomme_blip_k16_alpha0.85_adaptive_short_2.0_med_3.0_long_5.0_temporal_iter3,selected_dbfp_dense_videomme_blip_k16_alpha0.8_adaptive_short_3.0_med_6.0_long_10.0_score_diff_iter2,0.002047588968147912,0.09859081970379589,0.9214961973494812,0.008063356548288669,No
selected_dbfp_dense_videomme_blip_k16_alpha0.85_adaptive_short_2.0_med_3.0_long_5.0_temporal_iter3,selected_dbfp_dense_videomme_blip_k16_alpha0.8_adaptive_short_3.0_med_6.0_long_10.0_score_diff_iter3,-0.002718389852384401,-0.12947269548594484,0.8970271645512048,-0.010589064078712133,No
selected_dbfp_dense_videomme_blip_k16_alpha0.85_adaptive_short_2.0_med_3.0_long_5.0_temporal_iter3,selected_dbfp_dense_videomme_blip_k16_alpha0.8_adaptive_short_3.0_med_6.0_long_10.0_temporal_iter1,-0.011517541665917869,-0.5352145977510896,0.5927004407292848,-0.04377310332150695,No
selected_dbfp_dense_videomme_blip_k16_alpha0.85_adaptive_short_2.0_med_3.0_long_5.0_temporal_iter3,selected_dbfp_dense_videomme_blip_k16_alpha0.8_adaptive_short_3.0_med_6.0_long_10.0_temporal_iter2,0.0014415806075380178,0.06847264518730714,0.9454322834726934,0.005600109157248507,No
selected_dbfp_dense_videomme_blip_k16_alpha0.85_adaptive_short_2.0_med_3.0_long_5.0_temporal_iter3,selected_dbfp_dense_videomme_blip_k16_alpha0.8_adaptive_short_3.0_med_6.0_long_10.0_temporal_iter3,0.006076286499515804,0.29010659591723337,0.7718352574815637,0.0237266809191259,No
selected_dbfp_dense_videomme_blip_k16_alpha0.85_adaptive_short_2.0_med_4.0_long_6.0_score_diff_iter1,selected_dbfp_dense_videomme_blip_k16_alpha0.85_adaptive_short_2.0_med_4.0_long_6.0_score_diff_iter2,0.003940190456447584,0.18648855298710953,0.8521249007923318,0.01525216749830827,No
selected_dbfp_dense_videomme_blip_k16_alpha0.85_adaptive_short_2.0_med_4.0_long_6.0_score_diff_iter1,selected_dbfp_dense_videomme_blip_k16_alpha0.85_adaptive_short_2.0_med_4.0_long_6.0_score_diff_iter3,0.008021702343190329,0.3817159918484466,0.7028076340949996,0.031219054199218638,No
selected_dbfp_dense_videomme_blip_k16_alpha0.85_adaptive_short_2.0_med_4.0_long_6.0_score_diff_iter1,selected_dbfp_dense_videomme_blip_k16_alpha0.85_adaptive_short_2.0_med_4.0_long_6.0_temporal_iter1,0.005720651733462506,0.2717374193611106,0.7859177129848282,0.022224338001912283,No
selected_dbfp_dense_videomme_blip_k16_alpha0.85_adaptive_short_2.0_med_4.0_long_6.0_score_diff_iter1,selected_dbfp_dense_videomme_blip_k16_alpha0.85_adaptive_short_2.0_med_4.0_long_6.0_temporal_iter2,-0.0013120610209876593,-0.0614199574217883,0.9510452803371514,-0.0050232974824879215,No
selected_dbfp_dense_videomme_blip_k16_alpha0.85_adaptive_short_2.0_med_4.0_long_6.0_score_diff_iter1,selected_dbfp_dense_videomme_blip_k16_alpha0.85_adaptive_short_2.0_med_4.0_long_6.0_temporal_iter3,-0.008688345539224845,-0.40117534186611414,0.6884343422403351,-0.03281055817158032,No
selected_dbfp_dense_videomme_blip_k16_alpha0.85_adaptive_short_2.0_med_4.0_long_6.0_score_diff_iter1,selected_dbfp_dense_videomme_blip_k16_alpha0.85_adaptive_short_2.0_med_5.0_long_8.0_score_diff_iter1,-0.0015499972112525129,-0.07231381286065654,0.9423763514096313,-0.005914263203478152,No
selected_dbfp_dense_videomme_blip_k16_alpha0.85_adaptive_short_2.0_med_4.0_long_6.0_score_diff_iter1,selected_dbfp_dense_videomme_blip_k16_alpha0.85_adaptive_short_2.0_med_5.0_long_8.0_score_diff_iter2,0.004371219586612768,0.20620700896706223,0.8366993974534034,0.016864862695940147,No
selected_dbfp_dense_videomme_blip_k16_alpha0.85_adaptive_short_2.0_med_4.0_long_6.0_score_diff_iter1,selected_dbfp_dense_videomme_blip_k16_alpha0.85_adaptive_short_2.0_med_5.0_long_8.0_score_diff_iter3,0.007686889268023356,0.3631093365494739,0.7166515240646876,0.029697288830662173,No
selected_dbfp_dense_videomme_blip_k16_alpha0.85_adaptive_short_2.0_med_4.0_long_6.0_score_diff_iter1,selected_dbfp_dense_videomme_blip_k16_alpha0.85_adaptive_short_2.0_med_5.0_long_8.0_temporal_iter1,0.011133662001273109,0.5317104173774505,0.5951240350738475,0.04348651010318857,No
selected_dbfp_dense_videomme_blip_k16_alpha0.85_adaptive_short_2.0_med_4.0_long_6.0_score_diff_iter1,selected_dbfp_dense_videomme_blip_k16_alpha0.85_adaptive_short_2.0_med_5.0_long_8.0_temporal_iter2,0.006936720340313313,0.3289422416565652,0.7423145107369615,0.026902896109607246,No
selected_dbfp_dense_videomme_blip_k16_alpha0.85_adaptive_short_2.0_med_4.0_long_6.0_score_diff_iter1,selected_dbfp_dense_videomme_blip_k16_alpha0.85_adaptive_short_2.0_med_5.0_long_8.0_temporal_iter3,0.0022793494740814824,0.10635251355281299,0.9153383347621035,0.00869815506357374,No
selected_dbfp_dense_videomme_blip_k16_alpha0.85_adaptive_short_2.0_med_4.0_long_6.0_score_diff_iter1,selected_dbfp_dense_videomme_blip_k16_alpha0.85_adaptive_short_3.0_med_6.0_long_10.0_score_diff_iter1,0.012398250501201608,0.5969337188252979,0.5507775622047444,0.04882086816051869,No
selected_dbfp_dense_videomme_blip_k16_alpha0.85_adaptive_short_2.0_med_4.0_long_6.0_score_diff_iter1,selected_dbfp_dense_videomme_blip_k16_alpha0.85_adaptive_short_3.0_med_6.0_long_10.0_score_diff_iter2,0.010349114292096617,0.4995283848599831,0.6175909287741317,0.04085446783817445,No
selected_dbfp_dense_videomme_blip_k16_alpha0.85_adaptive_short_2.0_med_4.0_long_6.0_score_diff_iter1,selected_dbfp_dense_videomme_blip_k16_alpha0.85_adaptive_short_3.0_med_6.0_long_10.0_score_diff_iter3,0.008254723430223626,0.3956691490050385,0.6924902342416404,0.03236022820114196,No
selected_dbfp_dense_videomme_blip_k16_alpha0.85_adaptive_short_2.0_med_4.0_long_6.0_score_diff_iter1,selected_dbfp_dense_videomme_blip_k16_alpha0.85_adaptive_short_3.0_med_6.0_long_10.0_temporal_iter1,-0.0006711179878339524,-0.03156311995929777,0.9748309860812023,-0.002581423818219419,No
selected_dbfp_dense_videomme_blip_k16_alpha0.85_adaptive_short_2.0_med_4.0_long_6.0_score_diff_iter1,selected_dbfp_dense_videomme_blip_k16_alpha0.85_adaptive_short_3.0_med_6.0_long_10.0_temporal_iter2,0.013371828157665105,0.6419214973973147,0.52117013943965,0.05250024216947501,No
selected_dbfp_dense_videomme_blip_k16_alpha0.85_adaptive_short_2.0_med_4.0_long_6.0_score_diff_iter1,selected_dbfp_dense_videomme_blip_k16_alpha0.85_adaptive_short_3.0_med_6.0_long_10.0_temporal_iter3,0.006933574266111131,0.3286748837168478,0.742516504315009,0.026881029952445963,No
selected_dbfp_dense_videomme_blip_k16_alpha0.85_adaptive_short_2.0_med_4.0_long_6.0_score_diff_iter1,selected_dbfp_dense_videomme_blip_k16_alpha0.8_adaptive_short_2.0_med_3.0_long_5.0_score_diff_iter1,0.007194193690664902,0.3433453787979751,0.7314593187110675,0.028080872212380953,No
selected_dbfp_dense_videomme_blip_k16_alpha0.85_adaptive_short_2.0_med_4.0_long_6.0_score_diff_iter1,selected_dbfp_dense_videomme_blip_k16_alpha0.8_adaptive_short_2.0_med_3.0_long_5.0_score_diff_iter2,0.015743050665846636,0.766956575804732,0.4434100131737374,0.06272637090834551,No
selected_dbfp_dense_videomme_blip_k16_alpha0.85_adaptive_short_2.0_med_4.0_long_6.0_score_diff_iter1,selected_dbfp_dense_videomme_blip_k16_alpha0.8_adaptive_short_2.0_med_3.0_long_5.0_score_diff_iter3,0.0177032381742305,0.859200567420732,0.39057415208591373,0.07027064528162964,No
selected_dbfp_dense_videomme_blip_k16_alpha0.85_adaptive_short_2.0_med_4.0_long_6.0_score_diff_iter1,selected_dbfp_dense_videomme_blip_k16_alpha0.8_adaptive_short_2.0_med_3.0_long_5.0_temporal_iter1,0.017381423991141787,0.8394318880584563,0.4015624457278676,0.06865384252764109,No
selected_dbfp_dense_videomme_blip_k16_alpha0.85_adaptive_short_2.0_med_4.0_long_6.0_score_diff_iter1,selected_dbfp_dense_videomme_blip_k16_alpha0.8_adaptive_short_2.0_med_3.0_long_5.0_temporal_iter2,-0.0029999009491138984,-0.1387452954948812,0.8896981331462805,-0.011347433686749914,No
selected_dbfp_dense_videomme_blip_k16_alpha0.85_adaptive_short_2.0_med_4.0_long_6.0_score_diff_iter1,selected_dbfp_dense_videomme_blip_k16_alpha0.8_adaptive_short_2.0_med_3.0_long_5.0_temporal_iter3,0.009382034893700097,0.44116324803141843,0.6592542735931383,0.036081012196128456,No
selected_dbfp_dense_videomme_blip_k16_alpha0.85_adaptive_short_2.0_med_4.0_long_6.0_score_diff_iter1,selected_dbfp_dense_videomme_blip_k16_alpha0.8_adaptive_short_2.0_med_4.0_long_6.0_score_diff_iter1,0.0010080403807846694,0.04753041422009142,0.9621063596521462,0.0038873262055112256,No
selected_dbfp_dense_videomme_blip_k16_alpha0.85_adaptive_short_2.0_med_4.0_long_6.0_score_diff_iter1,selected_dbfp_dense_videomme_blip_k16_alpha0.8_adaptive_short_2.0_med_4.0_long_6.0_score_diff_iter2,0.007236864755372302,0.34419516212222073,0.7308205196143516,0.028150372662091805,No
selected_dbfp_dense_videomme_blip_k16_alpha0.85_adaptive_short_2.0_med_4.0_long_6.0_score_diff_iter1,selected_dbfp_dense_videomme_blip_k16_alpha0.8_adaptive_short_2.0_med_4.0_long_6.0_score_diff_iter3,0.00961196993075858,0.4516000785132768,0.6517208498386646,0.0369345996382044,No
selected_dbfp_dense_videomme_blip_k16_alpha0.85_adaptive_short_2.0_med_4.0_long_6.0_score_diff_iter1,selected_dbfp_dense_videomme_blip_k16_alpha0.8_adaptive_short_2.0_med_4.0_long_6.0_temporal_iter1,0.0016254522560855134,0.07637545452645358,0.9391459416979964,0.006246448947479612,No
selected_dbfp_dense_videomme_blip_k16_alpha0.85_adaptive_short_2.0_med_4.0_long_6.0_score_diff_iter1,selected_dbfp_dense_videomme_blip_k16_alpha0.8_adaptive_short_2.0_med_4.0_long_6.0_temporal_iter2,-0.015462351544721309,-0.7070954748062377,0.4797825927327547,-0.05783056632916219,No
selected_dbfp_dense_videomme_blip_k16_alpha0.85_adaptive_short_2.0_med_4.0_long_6.0_score_diff_iter1,selected_dbfp_dense_videomme_blip_k16_alpha0.8_adaptive_short_2.0_med_4.0_long_6.0_temporal_iter3,0.002335536389198839,0.1098385615184965,0.9125742577794437,0.00898326525479,No
selected_dbfp_dense_videomme_blip_k16_alpha0.85_adaptive_short_2.0_med_4.0_long_6.0_score_diff_iter1,selected_dbfp_dense_videomme_blip_k16_alpha0.8_adaptive_short_2.0_med_5.0_long_8.0_score_diff_iter1,3.691898643606861e-05,0.0017364330642072965,0.9986151066541706,0.00014201605153286504,No
selected_dbfp_dense_videomme_blip_k16_alpha0.85_adaptive_short_2.0_med_4.0_long_6.0_score_diff_iter1,selected_dbfp_dense_videomme_blip_k16_alpha0.8_adaptive_short_2.0_med_5.0_long_8.0_score_diff_iter2,0.004403522077362387,0.20697903389765523,0.8360966898687215,0.016928003590155744,No
selected_dbfp_dense_videomme_blip_k16_alpha0.85_adaptive_short_2.0_med_4.0_long_6.0_score_diff_iter1,selected_dbfp_dense_videomme_blip_k16_alpha0.8_adaptive_short_2.0_med_5.0_long_8.0_score_diff_iter3,0.001139161912182135,0.05261424230654502,0.9580568397283162,0.004303112573679866,No
selected_dbfp_dense_videomme_blip_k16_alpha0.85_adaptive_short_2.0_med_4.0_long_6.0_score_diff_iter1,selected_dbfp_dense_videomme_blip_k16_alpha0.8_adaptive_short_2.0_med_5.0_long_8.0_temporal_iter1,0.011355076736444869,0.5422600582744231,0.5878413745838489,0.04434932386515234,No
selected_dbfp_dense_videomme_blip_k16_alpha0.85_adaptive_short_2.0_med_4.0_long_6.0_score_diff_iter1,selected_dbfp_dense_videomme_blip_k16_alpha0.8_adaptive_short_2.0_med_5.0_long_8.0_temporal_iter2,-0.004791032419525054,-0.2214713077442006,0.8248010794217558,-0.018113269853438845,No
selected_dbfp_dense_videomme_blip_k16_alpha0.85_adaptive_short_2.0_med_4.0_long_6.0_score_diff_iter1,selected_dbfp_dense_videomme_blip_k16_alpha0.8_adaptive_short_2.0_med_5.0_long_8.0_temporal_iter3,0.004181468195604554,0.19520116776569388,0.8453017680862378,0.01596473810598923,No
selected_dbfp_dense_videomme_blip_k16_alpha0.85_adaptive_short_2.0_med_4.0_long_6.0_score_diff_iter1,selected_dbfp_dense_videomme_blip_k16_alpha0.8_adaptive_short_3.0_med_6.0_long_10.0_score_diff_iter1,0.012744971500337737,0.6144476428023842,0.5391532623291434,0.050253263324192624,No
selected_dbfp_dense_videomme_blip_k16_alpha0.85_adaptive_short_2.0_med_4.0_long_6.0_score_diff_iter1,selected_dbfp_dense_videomme_blip_k16_alpha0.8_adaptive_short_3.0_med_6.0_long_10.0_score_diff_iter2,0.008274786404944612,0.3985507548062125,0.6903665160716186,0.03259590343409559,No
selected_dbfp_dense_videomme_blip_k16_alpha0.85_adaptive_short_2.0_med_4.0_long_6.0_score_diff_iter1,selected_dbfp_dense_videomme_blip_k16_alpha0.8_adaptive_short_3.0_med_6.0_long_10.0_score_diff_iter3,0.003508807584412299,0.1671692067190352,0.8672934253816865,0.013672113917693284,No
selected_dbfp_dense_videomme_blip_k16_alpha0.85_adaptive_short_2.0_med_4.0_long_6.0_score_diff_iter1,selected_dbfp_dense_videomme_blip_k16_alpha0.8_adaptive_short_3.0_med_6.0_long_10.0_temporal_iter1,-0.005290344229121169,-0.24590995134356644,0.8058363179763246,-0.02011201068330713,No
selected_dbfp_dense_videomme_blip_k16_alpha0.85_adaptive_short_2.0_med_4.0_long_6.0_score_diff_iter1,selected_dbfp_dense_videomme_blip_k16_alpha0.8_adaptive_short_3.0_med_6.0_long_10.0_temporal_iter2,0.0076687780443347175,0.3643626989423781,0.7157159873177084,0.029799796419455186,No
selected_dbfp_dense_videomme_blip_k16_alpha0.85_adaptive_short_2.0_med_4.0_long_6.0_score_diff_iter1,selected_dbfp_dense_videomme_blip_k16_alpha0.8_adaptive_short_3.0_med_6.0_long_10.0_temporal_iter3,0.012303483936312504,0.5875953894283826,0.5570257106129972,0.04805712283194747,No
selected_dbfp_dense_videomme_blip_k16_alpha0.85_adaptive_short_2.0_med_4.0_long_6.0_score_diff_iter2,selected_dbfp_dense_videomme_blip_k16_alpha0.85_adaptive_short_2.0_med_4.0_long_6.0_score_diff_iter3,0.004081511886742745,0.19534417113371774,0.8451898729904289,0.0159764337753316,No
selected_dbfp_dense_videomme_blip_k16_alpha0.85_adaptive_short_2.0_med_4.0_long_6.0_score_diff_iter2,selected_dbfp_dense_videomme_blip_k16_alpha0.85_adaptive_short_2.0_med_4.0_long_6.0_temporal_iter1,0.001780461277014922,0.08506151832981586,0.9322409528503184,0.006956848042271555,No
selected_dbfp_dense_videomme_blip_k16_alpha0.85_adaptive_short_2.0_med_4.0_long_6.0_score_diff_iter2,selected_dbfp_dense_videomme_blip_k16_alpha0.85_adaptive_short_2.0_med_4.0_long_6.0_temporal_iter2,-0.0052522514774352436,-0.24724374408564917,0.8048044530965223,-0.020221096351974527,No
selected_dbfp_dense_videomme_blip_k16_alpha0.85_adaptive_short_2.0_med_4.0_long_6.0_score_diff_iter2,selected_dbfp_dense_videomme_blip_k16_alpha0.85_adaptive_short_2.0_med_4.0_long_6.0_temporal_iter3,-0.01262853599567243,-0.5862846191327886,0.557905491732012,-0.04794992012152005,No
selected_dbfp_dense_videomme_blip_k16_alpha0.85_adaptive_short_2.0_med_4.0_long_6.0_score_diff_iter2,selected_dbfp_dense_videomme_blip_k16_alpha0.85_adaptive_short_2.0_med_5.0_long_8.0_score_diff_iter1,-0.005490187667700097,-0.2575641792441097,0.7968318830579665,-0.021065164278498506,No
selected_dbfp_dense_videomme_blip_k16_alpha0.85_adaptive_short_2.0_med_4.0_long_6.0_score_diff_iter2,selected_dbfp_dense_videomme_blip_k16_alpha0.85_adaptive_short_2.0_med_5.0_long_8.0_score_diff_iter2,0.0004310291301651836,0.020448883247803012,0.9836921097998093,0.0016724339774451917,No
selected_dbfp_dense_videomme_blip_k16_alpha0.85_adaptive_short_2.0_med_4.0_long_6.0_score_diff_iter2,selected_dbfp_dense_videomme_blip_k16_alpha0.85_adaptive_short_2.0_med_5.0_long_8.0_score_diff_iter3,0.0037466988115757716,0.17799362136683872,0.8587882628307297,0.014557400348922445,No
selected_dbfp_dense_videomme_blip_k16_alpha0.85_adaptive_short_2.0_med_4.0_long_6.0_score_diff_iter2,selected_dbfp_dense_videomme_blip_k16_alpha0.85_adaptive_short_2.0_med_5.0_long_8.0_temporal_iter1,0.007193471544825525,0.3455408958367462,0.7298092876050719,0.028260434934796436,No
selected_dbfp_dense_videomme_blip_k16_alpha0.85_adaptive_short_2.0_med_4.0_long_6.0_score_diff_iter2,selected_dbfp_dense_videomme_blip_k16_alpha0.85_adaptive_short_2.0_med_5.0_long_8.0_temporal_iter2,0.0029965298838657284,0.14291315612059857,0.8864069079741295,0.011688306651007662,No
selected_dbfp_dense_videomme_blip_k16_alpha0.85_adaptive_short_2.0_med_4.0_long_6.0_score_diff_iter2,selected_dbfp_dense_videomme_blip_k16_alpha0.85_adaptive_short_2.0_med_5.0_long_8.0_temporal_iter3,-0.001660840982366102,-0.0779243775691416,0.9379142736965271,-0.0063731292899667944,No
selected_dbfp_dense_videomme_blip_k16_alpha0.85_adaptive_short_2.0_med_4.0_long_6.0_score_diff_iter2,selected_dbfp_dense_videomme_blip_k16_alpha0.85_adaptive_short_3.0_med_6.0_long_10.0_score_diff_iter1,0.008458060044754023,0.4096395193136453,0.6822170950916264,0.033502809994449635,No
selected_dbfp_dense_videomme_blip_k16_alpha0.85_adaptive_short_2.0_med_4.0_long_6.0_score_diff_iter2,selected_dbfp_dense_videomme_blip_k16_alpha0.85_adaptive_short_3.0_med_6.0_long_10.0_score_diff_iter2,0.006408923835649033,0.31118630779965345,0.7557674379408662,0.02545070787970589,No
selected_dbfp_dense_videomme_blip_k16_alpha0.85_adaptive_short_2.0_med_4.0_long_6.0_score_diff_iter2,selected_dbfp_dense_videomme_blip_k16_alpha0.85_adaptive_short_3.0_med_6.0_long_10.0_score_diff_iter3,0.004314532973776042,0.20802040088540943,0.8352838640884239,0.017013172895897776,No
selected_dbfp_dense_videomme_blip_k16_alpha0.85_adaptive_short_2.0_med_4.0_long_6.0_score_diff_iter2,selected_dbfp_dense_videomme_blip_k16_alpha0.85_adaptive_short_3.0_med_6.0_long_10.0_temporal_iter1,-0.004611308444281537,-0.2180983550542908,0.8274268819316984,-0.01783740926293959,No
selected_dbfp_dense_videomme_blip_k16_alpha0.85_adaptive_short_2.0_med_4.0_long_6.0_score_diff_iter2,selected_dbfp_dense_videomme_blip_k16_alpha0.85_adaptive_short_3.0_med_6.0_long_10.0_temporal_iter2,0.009431637701217521,0.4554372203095346,0.6489600400968372,0.037248424380021745,No
selected_dbfp_dense_videomme_blip_k16_alpha0.85_adaptive_short_2.0_med_4.0_long_6.0_score_diff_iter2,selected_dbfp_dense_videomme_blip_k16_alpha0.85_adaptive_short_3.0_med_6.0_long_10.0_temporal_iter3,0.0029933838096635468,0.1427112100561264,0.8865663334697971,0.011671790274426705,No
selected_dbfp_dense_videomme_blip_k16_alpha0.85_adaptive_short_2.0_med_4.0_long_6.0_score_diff_iter2,selected_dbfp_dense_videomme_blip_k16_alpha0.8_adaptive_short_2.0_med_3.0_long_5.0_score_diff_iter1,0.0032540032342173175,0.15620232133614795,0.8759262633247973,0.012775175361547661,No
selected_dbfp_dense_videomme_blip_k16_alpha0.85_adaptive_short_2.0_med_4.0_long_6.0_score_diff_iter2,selected_dbfp_dense_videomme_blip_k16_alpha0.8_adaptive_short_2.0_med_3.0_long_5.0_score_diff_iter2,0.011802860209399052,0.5784902673242066,0.5631509638897876,0.04731245054936859,No
selected_dbfp_dense_videomme_blip_k16_alpha0.85_adaptive_short_2.0_med_4.0_long_6.0_score_diff_iter2,selected_dbfp_dense_videomme_blip_k16_alpha0.8_adaptive_short_2.0_med_3.0_long_5.0_score_diff_iter3,0.013763047717782917,0.6719910438400771,0.5018489292083382,0.05495951242745081,No
selected_dbfp_dense_videomme_blip_k16_alpha0.85_adaptive_short_2.0_med_4.0_long_6.0_score_diff_iter2,selected_dbfp_dense_videomme_blip_k16_alpha0.8_adaptive_short_2.0_med_3.0_long_5.0_temporal_iter1,0.013441233534694202,0.653011039179707,0.5140001307846392,0.05340721228233431,No
selected_dbfp_dense_videomme_blip_k16_alpha0.85_adaptive_short_2.0_med_4.0_long_6.0_score_diff_iter2,selected_dbfp_dense_videomme_blip_k16_alpha0.8_adaptive_short_2.0_med_3.0_long_5.0_temporal_iter2,-0.006940091405561483,-0.3227324990070482,0.7470106444529809,-0.026395025627516742,No
selected_dbfp_dense_videomme_blip_k16_alpha0.85_adaptive_short_2.0_med_4.0_long_6.0_score_diff_iter2,selected_dbfp_dense_videomme_blip_k16_alpha0.8_adaptive_short_2.0_med_3.0_long_5.0_temporal_iter3,0.005441844437252513,0.2573325257725264,0.7970106065327841,0.021046218242959467,No
selected_dbfp_dense_videomme_blip_k16_alpha0.85_adaptive_short_2.0_med_4.0_long_6.0_score_diff_iter2,selected_dbfp_dense_videomme_blip_k16_alpha0.8_adaptive_short_2.0_med_4.0_long_6.0_score_diff_iter1,-0.002932150075662915,-0.13903997393290682,0.8894653717801284,-0.011371534269863929,No
selected_dbfp_dense_videomme_blip_k16_alpha0.85_adaptive_short_2.0_med_4.0_long_6.0_score_diff_iter2,selected_dbfp_dense_videomme_blip_k16_alpha0.8_adaptive_short_2.0_med_4.0_long_6.0_score_diff_iter2,0.0032966742989247177,0.15770061265382115,0.8747459515623297,0.012897714735080333,No
selected_dbfp_dense_videomme_blip_k16_alpha0.85_adaptive_short_2.0_med_4.0_long_6.0_score_diff_iter2,selected_dbfp_dense_videomme_blip_k16_alpha0.8_adaptive_short_2.0_med_4.0_long_6.0_score_diff_iter3,0.005671779474310995,0.26798046564362177,0.7888067634681057,0.02191707149353613,No
selected_dbfp_dense_videomme_blip_k16_alpha0.85_adaptive_short_2.0_med_4.0_long_6.0_score_diff_iter2,selected_dbfp_dense_videomme_blip_k16_alpha0.8_adaptive_short_2.0_med_4.0_long_6.0_temporal_iter1,-0.002314738200362071,-0.10937651821688303,0.9129405503183314,-0.008945476543253944,No
selected_dbfp_dense_videomme_blip_k16_alpha0.85_adaptive_short_2.0_med_4.0_long_6.0_score_diff_iter2,selected_dbfp_dense_videomme_blip_k16_alpha0.8_adaptive_short_2.0_med_4.0_long_6.0_temporal_iter2,-0.019402542001168893,-0.8920190610918036,0.3727415019947514,-0.07295474134264474,No
selected_dbfp_dense_videomme_blip_k16_alpha0.85_adaptive_short_2.0_med_4.0_long_6.0_score_diff_iter2,selected_dbfp_dense_videomme_blip_k16_alpha0.8_adaptive_short_2.0_med_4.0_long_6.0_temporal_iter3,-0.0016046540672487453,-0.07589211302016645,0.9395303137715156,-0.006206918339363739,No
selected_dbfp_dense_videomme_blip_k16_alpha0.85_adaptive_short_2.0_med_4.0_long_6.0_score_diff_iter2,selected_dbfp_dense_videomme_blip_k16_alpha0.8_adaptive_short_2.0_med_5.0_long_8.0_score_diff_iter1,-0.0039032714700115156,-0.1846224517600702,0.8535877676068142,-0.015099546396596383,No
selected_dbfp_dense_videomme_blip_k16_alpha0.85_adaptive_short_2.0_med_4.0_long_6.0_score_diff_iter2,selected_dbfp_dense_videomme_blip_k16_alpha0.8_adaptive_short_2.0_med_5.0_long_8.0_score_diff_iter2,0.00046333162091480307,0.02190092217388805,0.982534294738695,0.0017911905477835932,No
selected_dbfp_dense_videomme_blip_k16_alpha0.85_adaptive_short_2.0_med_4.0_long_6.0_score_diff_iter2,selected_dbfp_dense_videomme_blip_k16_alpha0.8_adaptive_short_2.0_med_5.0_long_8.0_score_diff_iter3,-0.0028010285442654492,-0.13007536866248837,0.8965505390764872,-0.010638354364988691,No
selected_dbfp_dense_videomme_blip_k16_alpha0.85_adaptive_short_2.0_med_4.0_long_6.0_score_diff_iter2,selected_dbfp_dense_videomme_blip_k16_alpha0.8_adaptive_short_2.0_med_5.0_long_8.0_temporal_iter1,0.007414886279997285,0.35616037263940503,0.7218460826576882,0.029128960301423257,No
selected_dbfp_dense_videomme_blip_k16_alpha0.85_adaptive_short_2.0_med_4.0_long_6.0_score_diff_iter2,selected_dbfp_dense_videomme_blip_k16_alpha0.8_adaptive_short_2.0_med_5.0_long_8.0_temporal_iter2,-0.008731222875972638,-0.40581411870604533,0.6850243448438291,-0.0331899455320478,No
selected_dbfp_dense_videomme_blip_k16_alpha0.85_adaptive_short_2.0_med_4.0_long_6.0_score_diff_iter2,selected_dbfp_dense_videomme_blip_k16_alpha0.8_adaptive_short_2.0_med_5.0_long_8.0_temporal_iter3,0.00024127773915696982,0.011326135029451581,0.9909670223739053,0.0009263201728223138,No
selected_dbfp_dense_videomme_blip_k16_alpha0.85_adaptive_short_2.0_med_4.0_long_6.0_score_diff_iter2,selected_dbfp_dense_videomme_blip_k16_alpha0.8_adaptive_short_3.0_med_6.0_long_10.0_score_diff_iter1,0.008804781043890153,0.427008833520791,0.6695265877983059,0.03492337809252814,No
selected_dbfp_dense_videomme_blip_k16_alpha0.85_adaptive_short_2.0_med_4.0_long_6.0_score_diff_iter2,selected_dbfp_dense_videomme_blip_k16_alpha0.8_adaptive_short_3.0_med_6.0_long_10.0_score_diff_iter2,0.0043345959484970276,0.2100113465005815,0.8337303483326381,0.01717600452752138,No
selected_dbfp_dense_videomme_blip_k16_alpha0.85_adaptive_short_2.0_med_4.0_long_6.0_score_diff_iter2,selected_dbfp_dense_videomme_blip_k16_alpha0.8_adaptive_short_3.0_med_6.0_long_10.0_score_diff_iter3,-0.00043138287203528525,-0.020671466178638458,0.9835146261259304,-0.0016906381619147474,No
selected_dbfp_dense_videomme_blip_k16_alpha0.85_adaptive_short_2.0_med_4.0_long_6.0_score_diff_iter2,selected_dbfp_dense_videomme_blip_k16_alpha0.8_adaptive_short_3.0_med_6.0_long_10.0_temporal_iter1,-0.009230534685568753,-0.43142887229627996,0.666312048170248,-0.035284875782707906,No
selected_dbfp_dense_videomme_blip_k16_alpha0.85_adaptive_short_2.0_med_4.0_long_6.0_score_diff_iter2,selected_dbfp_dense_videomme_blip_k16_alpha0.8_adaptive_short_3.0_med_6.0_long_10.0_temporal_iter2,0.0037285875878871333,0.17817630676762078,0.85864485781352,0.014572341468178327,No
selected_dbfp_dense_videomme_blip_k16_alpha0.85_adaptive_short_2.0_med_4.0_long_6.0_score_diff_iter2,selected_dbfp_dense_videomme_blip_k16_alpha0.8_adaptive_short_3.0_med_6.0_long_10.0_temporal_iter3,0.00836329347986492,0.4017459912320097,0.6880145095351162,0.03285722929559669,No
selected_dbfp_dense_videomme_blip_k16_alpha0.85_adaptive_short_2.0_med_4.0_long_6.0_score_diff_iter3,selected_dbfp_dense_videomme_blip_k16_alpha0.85_adaptive_short_2.0_med_4.0_long_6.0_temporal_iter1,-0.0023010506097278227,-0.11053760798741405,0.9120201124447134,-0.009040437516969759,No
selected_dbfp_dense_videomme_blip_k16_alpha0.85_adaptive_short_2.0_med_4.0_long_6.0_score_diff_iter3,selected_dbfp_dense_videomme_blip_k16_alpha0.85_adaptive_short_2.0_med_4.0_long_6.0_temporal_iter2,-0.009333763364177988,-0.44172305669427464,0.6588493078159354,-0.03612679674262108,No
selected_dbfp_dense_videomme_blip_k16_alpha0.85_adaptive_short_2.0_med_4.0_long_6.0_score_diff_iter3,selected_dbfp_dense_videomme_blip_k16_alpha0.85_adaptive_short_2.0_med_4.0_long_6.0_temporal_iter3,-0.016710047882415174,-0.7797996606681615,0.43581732183457556,-0.06377675656537052,No
selected_dbfp_dense_videomme_blip_k16_alpha0.85_adaptive_short_2.0_med_4.0_long_6.0_score_diff_iter3,selected_dbfp_dense_videomme_blip_k16_alpha0.85_adaptive_short_2.0_med_5.0_long_8.0_score_diff_iter1,-0.009571699554442842,-0.4514243698733094,0.6518473866236233,-0.036920229112103777,No
selected_dbfp_dense_videomme_blip_k16_alpha0.85_adaptive_short_2.0_med_4.0_long_6.0_score_diff_iter3,selected_dbfp_dense_videomme_blip_k16_alpha0.85_adaptive_short_2.0_med_5.0_long_8.0_score_diff_iter2,-0.003650482756577561,-0.17412586280923686,0.8618254782232282,-0.01424107154037899,No
selected_dbfp_dense_videomme_blip_k16_alpha0.85_adaptive_short_2.0_med_4.0_long_6.0_score_diff_iter3,selected_dbfp_dense_videomme_blip_k16_alpha0.85_adaptive_short_2.0_med_5.0_long_8.0_score_diff_iter3,-0.0003348130751669731,-0.01599243266622926,0.9872457628423746,-0.0013079583584990433,No
selected_dbfp_dense_videomme_blip_k16_alpha0.85_adaptive_short_2.0_med_4.0_long_6.0_score_diff_iter3,selected_dbfp_dense_videomme_blip_k16_alpha0.85_adaptive_short_2.0_med_5.0_long_8.0_temporal_iter1,0.00311195965808278,0.1503157087909036,0.8805662259763015,0.012293732401046002,No
selected_dbfp_dense_videomme_blip_k16_alpha0.85_adaptive_short_2.0_med_4.0_long_6.0_score_diff_iter3,selected_dbfp_dense_videomme_blip_k16_alpha0.85_adaptive_short_2.0_med_5.0_long_8.0_temporal_iter2,-0.0010849820028770163,-0.05202968490744009,0.958522415319927,-0.00425530390995074,No
selected_dbfp_dense_videomme_blip_k16_alpha0.85_adaptive_short_2.0_med_4.0_long_6.0_score_diff_iter3,selected_dbfp_dense_videomme_blip_k16_alpha0.85_adaptive_short_2.0_med_5.0_long_8.0_temporal_iter3,-0.005742352869108847,-0.2708528032702647,0.7865977073574534,-0.022151988726612133,No
selected_dbfp_dense_videomme_blip_k16_alpha0.85_adaptive_short_2.0_med_4.0_long_6.0_score_diff_iter3,selected_dbfp_dense_videomme_blip_k16_alpha0.85_adaptive_short_3.0_med_6.0_long_10.0_score_diff_iter1,0.004376548158011279,0.21316330727949026,0.8312722359569346,0.017433791036418803,No
selected_dbfp_dense_videomme_blip_k16_alpha0.85_adaptive_short_2.0_med_4.0_long_6.0_score_diff_iter3,selected_dbfp_dense_videomme_blip_k16_alpha0.85_adaptive_short_3.0_med_6.0_long_10.0_score_diff_iter2,0.0023274119489062883,0.11365036728468937,0.9095531027089714,0.00929501788810409,No
selected_dbfp_dense_videomme_blip_k16_alpha0.85_adaptive_short_2.0_med_4.0_long_6.0_score_diff_iter3,selected_dbfp_dense_videomme_blip_k16_alpha0.85_adaptive_short_3.0_med_6.0_long_10.0_score_diff_iter3,0.00023302108703329716,0.011297826254944016,0.9909895986203154,0.0009240049079925285,No
selected_dbfp_dense_videomme_blip_k16_alpha0.85_adaptive_short_2.0_med_4.0_long_6.0_score_diff_iter3,selected_dbfp_dense_videomme_blip_k16_alpha0.85_adaptive_short_3.0_med_6.0_long_10.0_temporal_iter1,-0.008692820331024281,-0.41335619348930663,0.679493849177021,-0.0338067822256903,No
selected_dbfp_dense_videomme_blip_k16_alpha0.85_adaptive_short_2.0_med_4.0_long_6.0_score_diff_iter3,selected_dbfp_dense_videomme_blip_k16_alpha0.85_adaptive_short_3.0_med_6.0_long_10.0_temporal_iter2,0.0053501258144747765,0.2598007929421247,0.7951068590241508,0.021248088114204877,No
selected_dbfp_dense_videomme_blip_k16_alpha0.85_adaptive_short_2.0_med_4.0_long_6.0_score_diff_iter3,selected_dbfp_dense_videomme_blip_k16_alpha0.85_adaptive_short_3.0_med_6.0_long_10.0_temporal_iter3,-0.001088128077079198,-0.05216137462848042,0.9584175287053169,-0.004266074295914825,No
selected_dbfp_dense_videomme_blip_k16_alpha0.85_adaptive_short_2.0_med_4.0_long_6.0_score_diff_iter3,selected_dbfp_dense_videomme_blip_k16_alpha0.8_adaptive_short_2.0_med_3.0_long_5.0_score_diff_iter1,-0.0008275086525254272,-0.03994369926888143,0.9681513434976992,-0.0032668385352573304,No
selected_dbfp_dense_videomme_blip_k16_alpha0.85_adaptive_short_2.0_med_4.0_long_6.0_score_diff_iter3,selected_dbfp_dense_videomme_blip_k16_alpha0.8_adaptive_short_2.0_med_3.0_long_5.0_score_diff_iter2,0.007721348322656307,0.38063703956216044,0.7036077654245405,0.03113081087891005,No
selected_dbfp_dense_videomme_blip_k16_alpha0.85_adaptive_short_2.0_med_4.0_long_6.0_score_diff_iter3,selected_dbfp_dense_videomme_blip_k16_alpha0.8_adaptive_short_2.0_med_3.0_long_5.0_score_diff_iter3,0.009681535831040172,0.4754260983019636,0.634656904730084,0.038883236304233106,No
selected_dbfp_dense_videomme_blip_k16_alpha0.85_adaptive_short_2.0_med_4.0_long_6.0_score_diff_iter3,selected_dbfp_dense_videomme_blip_k16_alpha0.8_adaptive_short_2.0_med_3.0_long_5.0_temporal_iter1,0.009359721647951458,0.45730858173088823,0.6476153513445368,0.037401475675190914,No
selected_dbfp_dense_videomme_blip_k16_alpha0.85_adaptive_short_2.0_med_4.0_long_6.0_score_diff_iter3,selected_dbfp_dense_videomme_blip_k16_alpha0.8_adaptive_short_2.0_med_3.0_long_5.0_temporal_iter2,-0.011021603292304227,-0.5152045276542447,0.6066004962685573,-0.04213655814022668,No
selected_dbfp_dense_videomme_blip_k16_alpha0.85_adaptive_short_2.0_med_4.0_long_6.0_score_diff_iter3,selected_dbfp_dense_videomme_blip_k16_alpha0.8_adaptive_short_2.0_med_3.0_long_5.0_temporal_iter3,0.0013603325505097685,0.06467379076184956,0.9484553443326349,0.005289415749538139,No
selected_dbfp_dense_videomme_blip_k16_alpha0.85_adaptive_short_2.0_med_4.0_long_6.0_score_diff_iter3,selected_dbfp_dense_videomme_blip_k16_alpha0.8_adaptive_short_2.0_med_4.0_long_6.0_score_diff_iter1,-0.0070136619624056595,-0.33438442564281984,0.7382067306996207,-0.02734799099244371,No
selected_dbfp_dense_videomme_blip_k16_alpha0.85_adaptive_short_2.0_med_4.0_long_6.0_score_diff_iter3,selected_dbfp_dense_videomme_blip_k16_alpha0.8_adaptive_short_2.0_med_4.0_long_6.0_score_diff_iter2,-0.0007848375878180269,-0.03775083641569562,0.9698989418933044,-0.0030874928816164693,No
selected_dbfp_dense_videomme_blip_k16_alpha0.85_adaptive_short_2.0_med_4.0_long_6.0_score_diff_iter3,selected_dbfp_dense_videomme_blip_k16_alpha0.8_adaptive_short_2.0_med_4.0_long_6.0_score_diff_iter3,0.0015902675875682504,0.07554134893737803,0.9398092639403423,0.006178230719384553,No
selected_dbfp_dense_videomme_blip_k16_alpha0.85_adaptive_short_2.0_med_4.0_long_6.0_score_diff_iter3,selected_dbfp_dense_videomme_blip_k16_alpha0.8_adaptive_short_2.0_med_4.0_long_6.0_temporal_iter1,-0.006396250087104816,-0.3038636802414824,0.7613374467900976,-0.024851818906793943,No
selected_dbfp_dense_videomme_blip_k16_alpha0.85_adaptive_short_2.0_med_4.0_long_6.0_score_diff_iter3,selected_dbfp_dense_videomme_blip_k16_alpha0.8_adaptive_short_2.0_med_4.0_long_6.0_temporal_iter2,-0.023484053887911638,-1.0851623011337215,0.2782870473096858,-0.08875116960162398,No
selected_dbfp_dense_videomme_blip_k16_alpha0.85_adaptive_short_2.0_med_4.0_long_6.0_score_diff_iter3,selected_dbfp_dense_videomme_blip_k16_alpha0.8_adaptive_short_2.0_med_4.0_long_6.0_temporal_iter3,-0.00568616595399149,-0.27037724720914263,0.7869633293971696,-0.022113094854180112,No
selected_dbfp_dense_videomme_blip_k16_alpha0.85_adaptive_short_2.0_med_4.0_long_6.0_score_diff_iter3,selected_dbfp_dense_videomme_blip_k16_alpha0.8_adaptive_short_2.0_med_5.0_long_8.0_score_diff_iter1,-0.00798478335675426,-0.37971234795659253,0.7042937617971976,-0.03105518402272142,No
selected_dbfp_dense_videomme_blip_k16_alpha0.85_adaptive_short_2.0_med_4.0_long_6.0_score_diff_iter3,selected_dbfp_dense_videomme_blip_k16_alpha0.8_adaptive_short_2.0_med_5.0_long_8.0_score_diff_iter2,-0.0036181802658279416,-0.1719465256046837,0.8635377410213104,-0.01406283209802101,No
selected_dbfp_dense_videomme_blip_k16_alpha0.85_adaptive_short_2.0_med_4.0_long_6.0_score_diff_iter3,selected_dbfp_dense_videomme_blip_k16_alpha0.8_adaptive_short_2.0_med_5.0_long_8.0_score_diff_iter3,-0.006882540431008194,-0.3212753657335328,0.748113977943357,-0.02627585240683398,No
selected_dbfp_dense_videomme_blip_k16_alpha0.85_adaptive_short_2.0_med_4.0_long_6.0_score_diff_iter3,selected_dbfp_dense_videomme_blip_k16_alpha0.8_adaptive_short_2.0_med_5.0_long_8.0_temporal_iter1,0.00333337439325454,0.16100318291945345,0.8721452696043338,0.013167819002106916,No
selected_dbfp_dense_videomme_blip_k16_alpha0.85_adaptive_short_2.0_med_4.0_long_6.0_score_diff_iter3,selected_dbfp_dense_videomme_blip_k16_alpha0.8_adaptive_short_2.0_med_5.0_long_8.0_temporal_iter2,-0.012812734762715383,-0.598616860681445,0.5496550830876579,-0.048958525790085854,No
selected_dbfp_dense_videomme_blip_k16_alpha0.85_adaptive_short_2.0_med_4.0_long_6.0_score_diff_iter3,selected_dbfp_dense_videomme_blip_k16_alpha0.8_adaptive_short_2.0_med_5.0_long_8.0_temporal_iter3,-0.003840234147585775,-0.18122691089049964,0.8562508785202854,-0.014821838424615662,No
selected_dbfp_dense_videomme_blip_k16_alpha0.85_adaptive_short_2.0_med_4.0_long_6.0_score_diff_iter3,selected_dbfp_dense_videomme_blip_k16_alpha0.8_adaptive_short_3.0_med_6.0_long_10.0_score_diff_iter1,0.004723269157147408,0.230365436380196,0.8178866000599668,0.018840685720742073,No
selected_dbfp_dense_videomme_blip_k16_alpha0.85_adaptive_short_2.0_med_4.0_long_6.0_score_diff_iter3,selected_dbfp_dense_videomme_blip_k16_alpha0.8_adaptive_short_3.0_med_6.0_long_10.0_score_diff_iter2,0.0002530840617542829,0.01233134474327199,0.9901653725068059,0.001008532332288868,No
selected_dbfp_dense_videomme_blip_k16_alpha0.85_adaptive_short_2.0_med_4.0_long_6.0_score_diff_iter3,selected_dbfp_dense_videomme_blip_k16_alpha0.8_adaptive_short_3.0_med_6.0_long_10.0_score_diff_iter3,-0.00451289475877803,-0.2174509753285395,0.8279310814104907,-0.01778446260072969,No
selected_dbfp_dense_videomme_blip_k16_alpha0.85_adaptive_short_2.0_med_4.0_long_6.0_score_diff_iter3,selected_dbfp_dense_videomme_blip_k16_alpha0.8_adaptive_short_3.0_med_6.0_long_10.0_temporal_iter1,-0.013312046572311498,-0.6254717797819309,0.5319000818106818,-0.05115488431102674,No
selected_dbfp_dense_videomme_blip_k16_alpha0.85_adaptive_short_2.0_med_4.0_long_6.0_score_diff_iter3,selected_dbfp_dense_videomme_blip_k16_alpha0.8_adaptive_short_3.0_med_6.0_long_10.0_temporal_iter2,-0.0003529242988556114,-0.01695788229941426,0.9864758721551863,-0.0013869186979689773,No
selected_dbfp_dense_videomme_blip_k16_alpha0.85_adaptive_short_2.0_med_4.0_long_6.0_score_diff_iter3,selected_dbfp_dense_videomme_blip_k16_alpha0.8_adaptive_short_3.0_med_6.0_long_10.0_temporal_iter3,0.004281781593122175,0.20682753681603644,0.8362149536349779,0.016915613219891264,No
selected_dbfp_dense_videomme_blip_k16_alpha0.85_adaptive_short_2.0_med_4.0_long_6.0_temporal_iter1,selected_dbfp_dense_videomme_blip_k16_alpha0.85_adaptive_short_2.0_med_4.0_long_6.0_temporal_iter2,-0.0070327127544501655,-0.33224210253425424,0.7398228772338213,-0.02717277879546451,No
selected_dbfp_dense_videomme_blip_k16_alpha0.85_adaptive_short_2.0_med_4.0_long_6.0_temporal_iter1,selected_dbfp_dense_videomme_blip_k16_alpha0.85_adaptive_short_2.0_med_4.0_long_6.0_temporal_iter3,-0.014408997272687352,-0.6712721479532231,0.502306380595694,-0.05490071685236066,No
selected_dbfp_dense_videomme_blip_k16_alpha0.85_adaptive_short_2.0_med_4.0_long_6.0_temporal_iter1,selected_dbfp_dense_videomme_blip_k16_alpha0.85_adaptive_short_2.0_med_5.0_long_8.0_score_diff_iter1,-0.007270648944715019,-0.3423046874482606,0.732241881446003,-0.0279957581623956,No
selected_dbfp_dense_videomme_blip_k16_alpha0.85_adaptive_short_2.0_med_4.0_long_6.0_temporal_iter1,selected_dbfp_dense_videomme_blip_k16_alpha0.85_adaptive_short_2.0_med_5.0_long_8.0_score_diff_iter2,-0.0013494321468497383,-0.06425256516863315,0.9487905947955901,-0.005254965359656809,No
selected_dbfp_dense_videomme_blip_k16_alpha0.85_adaptive_short_2.0_med_4.0_long_6.0_temporal_iter1,selected_dbfp_dense_videomme_blip_k16_alpha0.85_adaptive_short_2.0_med_5.0_long_8.0_score_diff_iter3,0.0019662375345608496,0.09375024442695468,0.9253389583091443,0.007667464880252263,No
selected_dbfp_dense_videomme_blip_k16_alpha0.85_adaptive_short_2.0_med_4.0_long_6.0_temporal_iter1,selected_dbfp_dense_videomme_blip_k16_alpha0.85_adaptive_short_2.0_med_5.0_long_8.0_temporal_iter1,0.005413010267810603,0.26098530124924785,0.7941936940741663,0.021344964409934532,No
selected_dbfp_dense_videomme_blip_k16_alpha0.85_adaptive_short_2.0_med_4.0_long_6.0_temporal_iter1,selected_dbfp_dense_videomme_blip_k16_alpha0.85_adaptive_short_2.0_med_5.0_long_8.0_temporal_iter2,0.0012160686068508064,0.05821097839227625,0.9536000218644056,0.004760847666343714,No
selected_dbfp_dense_videomme_blip_k16_alpha0.85_adaptive_short_2.0_med_4.0_long_6.0_temporal_iter1,selected_dbfp_dense_videomme_blip_k16_alpha0.85_adaptive_short_2.0_med_5.0_long_8.0_temporal_iter3,-0.003441302259381024,-0.16203537588150493,0.8713327291650179,-0.013252238030185019,No
selected_dbfp_dense_videomme_blip_k16_alpha0.85_adaptive_short_2.0_med_4.0_long_6.0_temporal_iter1,selected_dbfp_dense_videomme_blip_k16_alpha0.85_adaptive_short_3.0_med_6.0_long_10.0_score_diff_iter1,0.006677598767739101,0.32463442513469987,0.7455712981135728,0.026550576661976546,No
selected_dbfp_dense_videomme_blip_k16_alpha0.85_adaptive_short_2.0_med_4.0_long_6.0_temporal_iter1,selected_dbfp_dense_videomme_blip_k16_alpha0.85_adaptive_short_3.0_med_6.0_long_10.0_score_diff_iter2,0.004628462558634111,0.2255920034412805,0.8215958361577324,0.018450285358986195,No
selected_dbfp_dense_videomme_blip_k16_alpha0.85_adaptive_short_2.0_med_4.0_long_6.0_temporal_iter1,selected_dbfp_dense_videomme_blip_k16_alpha0.85_adaptive_short_3.0_med_6.0_long_10.0_score_diff_iter3,0.00253407169676112,0.12263639906672494,0.9024362321991224,0.010029950194609954,No
selected_dbfp_dense_videomme_blip_k16_alpha0.85_adaptive_short_2.0_med_4.0_long_6.0_temporal_iter1,selected_dbfp_dense_videomme_blip_k16_alpha0.85_adaptive_short_3.0_med_6.0_long_10.0_temporal_iter1,-0.006391769721296459,-0.30340035723446,0.7616902975894746,-0.024813925535611625,No
selected_dbfp_dense_videomme_blip_k16_alpha0.85_adaptive_short_2.0_med_4.0_long_6.0_temporal_iter1,selected_dbfp_dense_videomme_blip_k16_alpha0.85_adaptive_short_3.0_med_6.0_long_10.0_temporal_iter2,0.007651176424202599,0.3708540509001288,0.7108775752177253,0.03033069861864626,No
selected_dbfp_dense_videomme_blip_k16_alpha0.85_adaptive_short_2.0_med_4.0_long_6.0_temporal_iter1,selected_dbfp_dense_videomme_blip_k16_alpha0.85_adaptive_short_3.0_med_6.0_long_10.0_temporal_iter3,0.0012129225326486248,0.05803911870911694,0.9537368570057951,0.004746791936820802,No
selected_dbfp_dense_videomme_blip_k16_alpha0.85_adaptive_short_2.0_med_4.0_long_6.0_temporal_iter1,selected_dbfp_dense_videomme_blip_k16_alpha0.8_adaptive_short_2.0_med_3.0_long_5.0_score_diff_iter1,0.0014735419572023956,0.0709979986680675,0.943423085137971,0.005806647912862994,No
selected_dbfp_dense_videomme_blip_k16_alpha0.85_adaptive_short_2.0_med_4.0_long_6.0_temporal_iter1,selected_dbfp_dense_videomme_blip_k16_alpha0.8_adaptive_short_2.0_med_3.0_long_5.0_score_diff_iter2,0.01002239893238413,0.49313230164498556,0.6221001417688454,0.04033135724160371,No
selected_dbfp_dense_videomme_blip_k16_alpha0.85_adaptive_short_2.0_med_4.0_long_6.0_temporal_iter1,selected_dbfp_dense_videomme_blip_k16_alpha0.8_adaptive_short_2.0_med_3.0_long_5.0_score_diff_iter3,0.011982586440767995,0.5873129093750791,0.5572152522352242,0.04803401984672486,No
selected_dbfp_dense_videomme_blip_k16_alpha0.85_adaptive_short_2.0_med_4.0_long_6.0_temporal_iter1,selected_dbfp_dense_videomme_blip_k16_alpha0.8_adaptive_short_2.0_med_3.0_long_5.0_temporal_iter1,0.01166077225767928,0.5686724200598006,0.5697919616972245,0.04650948732932719,No
selected_dbfp_dense_videomme_blip_k16_alpha0.85_adaptive_short_2.0_med_4.0_long_6.0_temporal_iter1,selected_dbfp_dense_videomme_blip_k16_alpha0.8_adaptive_short_2.0_med_3.0_long_5.0_temporal_iter2,-0.008720552682576405,-0.40694520878047474,0.684193844137464,-0.033282452949041766,No
selected_dbfp_dense_videomme_blip_k16_alpha0.85_adaptive_short_2.0_med_4.0_long_6.0_temporal_iter1,selected_dbfp_dense_videomme_blip_k16_alpha0.8_adaptive_short_2.0_med_3.0_long_5.0_temporal_iter3,0.0036613831602375912,0.1737640431822097,0.8621097080225368,0.014211479734643333,No
selected_dbfp_dense_videomme_blip_k16_alpha0.85_adaptive_short_2.0_med_4.0_long_6.0_temporal_iter1,selected_dbfp_dense_videomme_blip_k16_alpha0.8_adaptive_short_2.0_med_4.0_long_6.0_score_diff_iter1,-0.004712611352677837,-0.2242797316120816,0.8226162528547097,-0.01834295980905476,No
selected_dbfp_dense_videomme_blip_k16_alpha0.85_adaptive_short_2.0_med_4.0_long_6.0_temporal_iter1,selected_dbfp_dense_videomme_blip_k16_alpha0.8_adaptive_short_2.0_med_4.0_long_6.0_score_diff_iter2,0.0015162130219097958,0.0727981620645647,0.9419910753389007,0.0059538762190618905,No
selected_dbfp_dense_videomme_blip_k16_alpha0.85_adaptive_short_2.0_med_4.0_long_6.0_temporal_iter1,selected_dbfp_dense_videomme_blip_k16_alpha0.8_adaptive_short_2.0_med_4.0_long_6.0_score_diff_iter3,0.003891318197296073,0.18452026991224246,0.8536678842284248,0.015091189342464019,No
selected_dbfp_dense_videomme_blip_k16_alpha0.85_adaptive_short_2.0_med_4.0_long_6.0_temporal_iter1,selected_dbfp_dense_videomme_blip_k16_alpha0.8_adaptive_short_2.0_med_4.0_long_6.0_temporal_iter1,-0.004095199477376993,-0.19420530521905477,0.8460810820663944,-0.015883290403572045,No
selected_dbfp_dense_videomme_blip_k16_alpha0.85_adaptive_short_2.0_med_4.0_long_6.0_temporal_iter1,selected_dbfp_dense_videomme_blip_k16_alpha0.8_adaptive_short_2.0_med_4.0_long_6.0_temporal_iter2,-0.021183003278183815,-0.9771992493532248,0.32886566224970015,-0.07992129493329618,No
selected_dbfp_dense_videomme_blip_k16_alpha0.85_adaptive_short_2.0_med_4.0_long_6.0_temporal_iter1,selected_dbfp_dense_videomme_blip_k16_alpha0.8_adaptive_short_2.0_med_4.0_long_6.0_temporal_iter3,-0.0033851153442636672,-0.16067760553019295,0.8724015916399024,-0.013141191313068125,No
selected_dbfp_dense_videomme_blip_k16_alpha0.85_adaptive_short_2.0_med_4.0_long_6.0_temporal_iter1,selected_dbfp_dense_videomme_blip_k16_alpha0.8_adaptive_short_2.0_med_5.0_long_8.0_score_diff_iter1,-0.005683732747026438,-0.2698089522104585,0.7874003137176361,-0.02206661623605595,No
selected_dbfp_dense_videomme_blip_k16_alpha0.85_adaptive_short_2.0_med_4.0_long_6.0_temporal_iter1,selected_dbfp_dense_videomme_blip_k16_alpha0.8_adaptive_short_2.0_med_5.0_long_8.0_score_diff_iter2,-0.001317129656100119,-0.062483287956735446,0.9501988485542413,-0.0051102631148731035,No
selected_dbfp_dense_videomme_blip_k16_alpha0.85_adaptive_short_2.0_med_4.0_long_6.0_temporal_iter1,selected_dbfp_dense_videomme_blip_k16_alpha0.8_adaptive_short_2.0_med_5.0_long_8.0_score_diff_iter3,-0.004581489821280371,-0.2134983302905719,0.8310110591501981,-0.01746119128485703,No
selected_dbfp_dense_videomme_blip_k16_alpha0.85_adaptive_short_2.0_med_4.0_long_6.0_temporal_iter1,selected_dbfp_dense_videomme_blip_k16_alpha0.8_adaptive_short_2.0_med_5.0_long_8.0_temporal_iter1,0.005634425002982363,0.2716481986589506,0.7859862885142541,0.02221704097761081,No
selected_dbfp_dense_videomme_blip_k16_alpha0.85_adaptive_short_2.0_med_4.0_long_6.0_temporal_iter1,selected_dbfp_dense_videomme_blip_k16_alpha0.8_adaptive_short_2.0_med_5.0_long_8.0_temporal_iter2,-0.01051168415298756,-0.49027214974590344,0.6241211607818253,-0.04009743671726439,No
selected_dbfp_dense_videomme_blip_k16_alpha0.85_adaptive_short_2.0_med_4.0_long_6.0_temporal_iter1,selected_dbfp_dense_videomme_blip_k16_alpha0.8_adaptive_short_2.0_med_5.0_long_8.0_temporal_iter3,-0.0015391835378579521,-0.07251004667602261,0.9422202553861407,-0.005930312395574509,No
selected_dbfp_dense_videomme_blip_k16_alpha0.85_adaptive_short_2.0_med_4.0_long_6.0_temporal_iter1,selected_dbfp_dense_videomme_blip_k16_alpha0.8_adaptive_short_3.0_med_6.0_long_10.0_score_diff_iter1,0.007024319766875231,0.34195598277275163,0.7325041574050035,0.027967238937676255,No
selected_dbfp_dense_videomme_blip_k16_alpha0.85_adaptive_short_2.0_med_4.0_long_6.0_temporal_iter1,selected_dbfp_dense_videomme_blip_k16_alpha0.8_adaptive_short_3.0_med_6.0_long_10.0_score_diff_iter2,0.0025541346714821056,0.12421737223121965,0.9011849092756193,0.010159251788396152,No
selected_dbfp_dense_videomme_blip_k16_alpha0.85_adaptive_short_2.0_med_4.0_long_6.0_temporal_iter1,selected_dbfp_dense_videomme_blip_k16_alpha0.8_adaptive_short_3.0_med_6.0_long_10.0_score_diff_iter3,-0.002211844149050207,-0.10638277984530913,0.9153143322432455,-0.008700630414728875,No
selected_dbfp_dense_videomme_blip_k16_alpha0.85_adaptive_short_2.0_med_4.0_long_6.0_temporal_iter1,selected_dbfp_dense_videomme_blip_k16_alpha0.8_adaptive_short_3.0_med_6.0_long_10.0_temporal_iter1,-0.011010995962583675,-0.5164626026964407,0.6057222793225938,-0.04223945115936723,No
selected_dbfp_dense_videomme_blip_k16_alpha0.85_adaptive_short_2.0_med_4.0_long_6.0_temporal_iter1,selected_dbfp_dense_videomme_blip_k16_alpha0.8_adaptive_short_3.0_med_6.0_long_10.0_temporal_iter2,0.0019481263108722113,0.09343771861002537,0.9255871224670968,0.007641904617387297,No
selected_dbfp_dense_videomme_blip_k16_alpha0.85_adaptive_short_2.0_med_4.0_long_6.0_temporal_iter1,selected_dbfp_dense_videomme_blip_k16_alpha0.8_adaptive_short_3.0_med_6.0_long_10.0_temporal_iter3,0.0065828322028499975,0.3173974051335025,0.751052864089456,0.02595868918265937,No
selected_dbfp_dense_videomme_blip_k16_alpha0.85_adaptive_short_2.0_med_4.0_long_6.0_temporal_iter2,selected_dbfp_dense_videomme_blip_k16_alpha0.85_adaptive_short_2.0_med_4.0_long_6.0_temporal_iter3,-0.007376284518237186,-0.3388384500755265,0.7348503778762909,-0.02771226822520753,No
selected_dbfp_dense_videomme_blip_k16_alpha0.85_adaptive_short_2.0_med_4.0_long_6.0_temporal_iter2,selected_dbfp_dense_videomme_blip_k16_alpha0.85_adaptive_short_2.0_med_5.0_long_8.0_score_diff_iter1,-0.00023793619026485358,-0.011042364954581744,0.9911933293209189,-0.0009031117314917439,No
selected_dbfp_dense_videomme_blip_k16_alpha0.85_adaptive_short_2.0_med_4.0_long_6.0_temporal_iter2,selected_dbfp_dense_videomme_blip_k16_alpha0.85_adaptive_short_2.0_med_5.0_long_8.0_score_diff_iter2,0.005683280607600427,0.26666139972128505,0.7898218019445905,0.02180919026984817,No
selected_dbfp_dense_videomme_blip_k16_alpha0.85_adaptive_short_2.0_med_4.0_long_6.0_temporal_iter2,selected_dbfp_dense_videomme_blip_k16_alpha0.85_adaptive_short_2.0_med_5.0_long_8.0_score_diff_iter3,0.008998950289011015,0.4227976949723635,0.6725948591683079,0.03457896562633565,No
selected_dbfp_dense_videomme_blip_k16_alpha0.85_adaptive_short_2.0_med_4.0_long_6.0_temporal_iter2,selected_dbfp_dense_videomme_blip_k16_alpha0.85_adaptive_short_2.0_med_5.0_long_8.0_temporal_iter1,0.012445723022260768,0.5910981947661328,0.5546779787551079,0.04834360355583211,No
selected_dbfp_dense_videomme_blip_k16_alpha0.85_adaptive_short_2.0_med_4.0_long_6.0_temporal_iter2,selected_dbfp_dense_videomme_blip_k16_alpha0.85_adaptive_short_2.0_med_5.0_long_8.0_temporal_iter2,0.008248781361300972,0.3890371847567127,0.6973871264857963,0.03181782587052141,No
selected_dbfp_dense_videomme_blip_k16_alpha0.85_adaptive_short_2.0_med_4.0_long_6.0_temporal_iter2,selected_dbfp_dense_videomme_blip_k16_alpha0.85_adaptive_short_2.0_med_5.0_long_8.0_temporal_iter3,0.0035914104950691417,0.16669119121755654,0.8676693835641438,0.013633018917912186,No
selected_dbfp_dense_videomme_blip_k16_alpha0.85_adaptive_short_2.0_med_4.0_long_6.0_temporal_iter2,selected_dbfp_dense_videomme_blip_k16_alpha0.85_adaptive_short_3.0_med_6.0_long_10.0_score_diff_iter1,0.013710311522189267,0.656411729579432,0.5118117458722062,0.05368534144618287,No
selected_dbfp_dense_videomme_blip_k16_alpha0.85_adaptive_short_2.0_med_4.0_long_6.0_temporal_iter2,selected_dbfp_dense_videomme_blip_k16_alpha0.85_adaptive_short_3.0_med_6.0_long_10.0_score_diff_iter2,0.011661175313084277,0.5596936899179892,0.5758979609721523,0.045775152227772994,No
selected_dbfp_dense_videomme_blip_k16_alpha0.85_adaptive_short_2.0_med_4.0_long_6.0_temporal_iter2,selected_dbfp_dense_videomme_blip_k16_alpha0.85_adaptive_short_3.0_med_6.0_long_10.0_score_diff_iter3,0.009566784451211285,0.45601640349196637,0.6485437383606251,0.03729579352036957,No
selected_dbfp_dense_videomme_blip_k16_alpha0.85_adaptive_short_2.0_med_4.0_long_6.0_temporal_iter2,selected_dbfp_dense_videomme_blip_k16_alpha0.85_adaptive_short_3.0_med_6.0_long_10.0_temporal_iter1,0.0006409430331537069,0.029982982760421283,0.976090628491687,0.002452190593158189,No
selected_dbfp_dense_videomme_blip_k16_alpha0.85_adaptive_short_2.0_med_4.0_long_6.0_temporal_iter2,selected_dbfp_dense_videomme_blip_k16_alpha0.85_adaptive_short_3.0_med_6.0_long_10.0_temporal_iter2,0.014683889178652765,0.7009866034843585,0.48358404560822366,0.05733094560275411,No
selected_dbfp_dense_videomme_blip_k16_alpha0.85_adaptive_short_2.0_med_4.0_long_6.0_temporal_iter2,selected_dbfp_dense_videomme_blip_k16_alpha0.85_adaptive_short_3.0_med_6.0_long_10.0_temporal_iter3,0.00824563528709879,0.38875055067874725,0.6975990575175907,0.031794383193654054,No
selected_dbfp_dense_videomme_blip_k16_alpha0.85_adaptive_short_2.0_med_4.0_long_6.0_temporal_iter2,selected_dbfp_dense_videomme_blip_k16_alpha0.8_adaptive_short_2.0_med_3.0_long_5.0_score_diff_iter1,0.008506254711652561,0.403731829064448,0.6865542598490129,0.033019643200538004,No
selected_dbfp_dense_videomme_blip_k16_alpha0.85_adaptive_short_2.0_med_4.0_long_6.0_temporal_iter2,selected_dbfp_dense_videomme_blip_k16_alpha0.8_adaptive_short_2.0_med_3.0_long_5.0_score_diff_iter2,0.017055111686834296,0.8261178300843034,0.40906672342224415,0.06756493792535623,No
selected_dbfp_dense_videomme_blip_k16_alpha0.85_adaptive_short_2.0_med_4.0_long_6.0_temporal_iter2,selected_dbfp_dense_videomme_blip_k16_alpha0.8_adaptive_short_2.0_med_3.0_long_5.0_score_diff_iter3,0.01901529919521816,0.9176334027153271,0.35918076322127923,0.07504963776840429,No
selected_dbfp_dense_videomme_blip_k16_alpha0.85_adaptive_short_2.0_med_4.0_long_6.0_temporal_iter2,selected_dbfp_dense_videomme_blip_k16_alpha0.8_adaptive_short_2.0_med_3.0_long_5.0_temporal_iter1,0.018693485012129446,0.8977155614888586,0.3696984914689685,0.0734206356507635,No
selected_dbfp_dense_videomme_blip_k16_alpha0.85_adaptive_short_2.0_med_4.0_long_6.0_temporal_iter2,selected_dbfp_dense_videomme_blip_k16_alpha0.8_adaptive_short_2.0_med_3.0_long_5.0_temporal_iter2,-0.001687839928126239,-0.07765924046892252,0.938125094143434,-0.006351444770890865,No
selected_dbfp_dense_videomme_blip_k16_alpha0.85_adaptive_short_2.0_med_4.0_long_6.0_temporal_iter2,selected_dbfp_dense_videomme_blip_k16_alpha0.8_adaptive_short_2.0_med_3.0_long_5.0_temporal_iter3,0.010694095914687757,0.5001745069451532,0.6171362139143278,0.040907311680007975,No
selected_dbfp_dense_videomme_blip_k16_alpha0.85_adaptive_short_2.0_med_4.0_long_6.0_temporal_iter2,selected_dbfp_dense_videomme_blip_k16_alpha0.8_adaptive_short_2.0_med_4.0_long_6.0_score_diff_iter1,0.0023201014017723287,0.10880857191763436,0.9133908246223396,0.008899026445017512,No
selected_dbfp_dense_videomme_blip_k16_alpha0.85_adaptive_short_2.0_med_4.0_long_6.0_temporal_iter2,selected_dbfp_dense_videomme_blip_k16_alpha0.8_adaptive_short_2.0_med_4.0_long_6.0_score_diff_iter2,0.008548925776359961,0.40437818095224337,0.6860792293184466,0.0330725057913521,No
selected_dbfp_dense_videomme_blip_k16_alpha0.85_adaptive_short_2.0_med_4.0_long_6.0_temporal_iter2,selected_dbfp_dense_videomme_blip_k16_alpha0.8_adaptive_short_2.0_med_4.0_long_6.0_score_diff_iter3,0.010924030951746239,0.5105091858647751,0.6098831717480224,0.04175254454666473,No
selected_dbfp_dense_videomme_blip_k16_alpha0.85_adaptive_short_2.0_med_4.0_long_6.0_temporal_iter2,selected_dbfp_dense_videomme_blip_k16_alpha0.8_adaptive_short_2.0_med_4.0_long_6.0_temporal_iter1,0.0029375132770731727,0.1372897323443783,0.8908479965766626,0.011228388879583712,No
selected_dbfp_dense_videomme_blip_k16_alpha0.85_adaptive_short_2.0_med_4.0_long_6.0_temporal_iter2,selected_dbfp_dense_videomme_blip_k16_alpha0.8_adaptive_short_2.0_med_4.0_long_6.0_temporal_iter2,-0.01415029052373365,-0.6438258801340929,0.5199351887045958,-0.052655994273988524,No
selected_dbfp_dense_videomme_blip_k16_alpha0.85_adaptive_short_2.0_med_4.0_long_6.0_temporal_iter2,selected_dbfp_dense_videomme_blip_k16_alpha0.8_adaptive_short_2.0_med_4.0_long_6.0_temporal_iter3,0.0036475974101864983,0.17062772135718593,0.864574212525102,0.013954972278371735,No
selected_dbfp_dense_videomme_blip_k16_alpha0.85_adaptive_short_2.0_med_4.0_long_6.0_temporal_iter2,selected_dbfp_dense_videomme_blip_k16_alpha0.8_adaptive_short_2.0_med_5.0_long_8.0_score_diff_iter1,0.001348980007423728,0.06310849998649849,0.9497011938566512,0.005161396758001325,No
selected_dbfp_dense_videomme_blip_k16_alpha0.85_adaptive_short_2.0_med_4.0_long_6.0_temporal_iter2,selected_dbfp_dense_videomme_blip_k16_alpha0.8_adaptive_short_2.0_med_5.0_long_8.0_score_diff_iter2,0.005715583098350047,0.26721682000546215,0.7893943550855836,0.021854615920020092,No
selected_dbfp_dense_videomme_blip_k16_alpha0.85_adaptive_short_2.0_med_4.0_long_6.0_temporal_iter2,selected_dbfp_dense_videomme_blip_k16_alpha0.8_adaptive_short_2.0_med_5.0_long_8.0_score_diff_iter3,0.0024512229331697943,0.11263083795280292,0.9103610330737573,0.009211634603599365,No
selected_dbfp_dense_videomme_blip_k16_alpha0.85_adaptive_short_2.0_med_4.0_long_6.0_temporal_iter2,selected_dbfp_dense_videomme_blip_k16_alpha0.8_adaptive_short_2.0_med_5.0_long_8.0_temporal_iter1,0.012667137757432528,0.6015872408022288,0.547676912981027,0.049201461501919945,No
selected_dbfp_dense_videomme_blip_k16_alpha0.85_adaptive_short_2.0_med_4.0_long_6.0_temporal_iter2,selected_dbfp_dense_videomme_blip_k16_alpha0.8_adaptive_short_2.0_med_5.0_long_8.0_temporal_iter2,-0.003478971398537395,-0.15998970849120622,0.8729432064596376,-0.013084930927426458,No
selected_dbfp_dense_videomme_blip_k16_alpha0.85_adaptive_short_2.0_med_4.0_long_6.0_temporal_iter2,selected_dbfp_dense_videomme_blip_k16_alpha0.8_adaptive_short_2.0_med_5.0_long_8.0_temporal_iter3,0.005493529216592213,0.25510180943872446,0.7987321761627652,0.02086377671551636,No
selected_dbfp_dense_videomme_blip_k16_alpha0.85_adaptive_short_2.0_med_4.0_long_6.0_temporal_iter2,selected_dbfp_dense_videomme_blip_k16_alpha0.8_adaptive_short_3.0_med_6.0_long_10.0_score_diff_iter1,0.014057032521325397,0.6739015959582471,0.5006342723816254,0.05511576903333672,No
selected_dbfp_dense_videomme_blip_k16_alpha0.85_adaptive_short_2.0_med_4.0_long_6.0_temporal_iter2,selected_dbfp_dense_videomme_blip_k16_alpha0.8_adaptive_short_3.0_med_6.0_long_10.0_score_diff_iter2,0.009586847425932271,0.4591601257219675,0.6462860361935577,0.03755290622746099,No
selected_dbfp_dense_videomme_blip_k16_alpha0.85_adaptive_short_2.0_med_4.0_long_6.0_temporal_iter2,selected_dbfp_dense_videomme_blip_k16_alpha0.8_adaptive_short_3.0_med_6.0_long_10.0_score_diff_iter3,0.004820868605399958,0.22842087230821628,0.8193971515577871,0.01868164747166906,No
selected_dbfp_dense_videomme_blip_k16_alpha0.85_adaptive_short_2.0_med_4.0_long_6.0_temporal_iter2,selected_dbfp_dense_videomme_blip_k16_alpha0.8_adaptive_short_3.0_med_6.0_long_10.0_temporal_iter1,-0.0039782832081335096,-0.1839567861629283,0.8541097160221677,-0.0150451042306156,No
selected_dbfp_dense_videomme_blip_k16_alpha0.85_adaptive_short_2.0_med_4.0_long_6.0_temporal_iter2,selected_dbfp_dense_videomme_blip_k16_alpha0.8_adaptive_short_3.0_med_6.0_long_10.0_temporal_iter2,0.008980839065322377,0.42437654983252693,0.6714438480998106,0.03470809396677058,No
selected_dbfp_dense_videomme_blip_k16_alpha0.85_adaptive_short_2.0_med_4.0_long_6.0_temporal_iter2,selected_dbfp_dense_videomme_blip_k16_alpha0.8_adaptive_short_3.0_med_6.0_long_10.0_temporal_iter3,0.013615544957300163,0.6466771595839507,0.5180890285497921,0.05288918915387789,No
selected_dbfp_dense_videomme_blip_k16_alpha0.85_adaptive_short_2.0_med_4.0_long_6.0_temporal_iter3,selected_dbfp_dense_videomme_blip_k16_alpha0.85_adaptive_short_2.0_med_5.0_long_8.0_score_diff_iter1,0.0071383483279723325,0.3268449293781146,0.7438995432572905,0.02673136519795849,No
selected_dbfp_dense_videomme_blip_k16_alpha0.85_adaptive_short_2.0_med_4.0_long_6.0_temporal_iter3,selected_dbfp_dense_videomme_blip_k16_alpha0.85_adaptive_short_2.0_med_5.0_long_8.0_score_diff_iter2,0.013059565125837613,0.6043717571353983,0.5458257320651607,0.049429196223331966,No
selected_dbfp_dense_videomme_blip_k16_alpha0.85_adaptive_short_2.0_med_4.0_long_6.0_temporal_iter3,selected_dbfp_dense_videomme_blip_k16_alpha0.85_adaptive_short_2.0_med_5.0_long_8.0_score_diff_iter3,0.0163752348072482,0.7587992683553022,0.4482716119639357,0.0620592168396243,No
selected_dbfp_dense_videomme_blip_k16_alpha0.85_adaptive_short_2.0_med_4.0_long_6.0_temporal_iter3,selected_dbfp_dense_videomme_blip_k16_alpha0.85_adaptive_short_2.0_med_5.0_long_8.0_temporal_iter1,0.019822007540497955,0.9282315105237906,0.3536619956738537,0.0759164155373225,No
selected_dbfp_dense_videomme_blip_k16_alpha0.85_adaptive_short_2.0_med_4.0_long_6.0_temporal_iter3,selected_dbfp_dense_videomme_blip_k16_alpha0.85_adaptive_short_2.0_med_5.0_long_8.0_temporal_iter2,0.015625065879538158,0.7267354633740505,0.4676724002969489,0.059436843946834926,No
selected_dbfp_dense_videomme_blip_k16_alpha0.85_adaptive_short_2.0_med_4.0_long_6.0_temporal_iter3,selected_dbfp_dense_videomme_blip_k16_alpha0.85_adaptive_short_2.0_med_5.0_long_8.0_temporal_iter3,0.010967695013306328,0.5022317515039537,0.615689388130541,0.041075565678669,No
selected_dbfp_dense_videomme_blip_k16_alpha0.85_adaptive_short_2.0_med_4.0_long_6.0_temporal_iter3,selected_dbfp_dense_videomme_blip_k16_alpha0.85_adaptive_short_3.0_med_6.0_long_10.0_score_diff_iter1,0.021086596040426453,0.9951917136564276,0.32004554640061816,0.08139282796801753,No
selected_dbfp_dense_videomme_blip_k16_alpha0.85_adaptive_short_2.0_med_4.0_long_6.0_temporal_iter3,selected_dbfp_dense_videomme_blip_k16_alpha0.85_adaptive_short_3.0_med_6.0_long_10.0_score_diff_iter2,0.019037459831321463,0.9006535439046728,0.3681351200449583,0.07366092175510885,No
selected_dbfp_dense_videomme_blip_k16_alpha0.85_adaptive_short_2.0_med_4.0_long_6.0_temporal_iter3,selected_dbfp_dense_videomme_blip_k16_alpha0.85_adaptive_short_3.0_med_6.0_long_10.0_score_diff_iter3,0.01694306896944847,0.7962175087906892,0.42622158619630446,0.0651195079696889,No
selected_dbfp_dense_videomme_blip_k16_alpha0.85_adaptive_short_2.0_med_4.0_long_6.0_temporal_iter3,selected_dbfp_dense_videomme_blip_k16_alpha0.85_adaptive_short_3.0_med_6.0_long_10.0_temporal_iter1,0.008017227551390893,0.3699383878796668,0.7115593746066516,0.03025581018831741,No
selected_dbfp_dense_videomme_blip_k16_alpha0.85_adaptive_short_2.0_med_4.0_long_6.0_temporal_iter3,selected_dbfp_dense_videomme_blip_k16_alpha0.85_adaptive_short_3.0_med_6.0_long_10.0_temporal_iter2,0.02206017369688995,1.0382079502279535,0.29959285561638344,0.0849109572934921,No
selected_dbfp_dense_videomme_blip_k16_alpha0.85_adaptive_short_2.0_med_4.0_long_6.0_temporal_iter3,selected_dbfp_dense_videomme_blip_k16_alpha0.85_adaptive_short_3.0_med_6.0_long_10.0_temporal_iter3,0.015621919805335976,0.7263379136127529,0.4679158372955522,0.059404329911472147,No
selected_dbfp_dense_videomme_blip_k16_alpha0.85_adaptive_short_2.0_med_4.0_long_6.0_temporal_iter3,selected_dbfp_dense_videomme_blip_k16_alpha0.8_adaptive_short_2.0_med_3.0_long_5.0_score_diff_iter1,0.015882539229889747,0.7432786149660287,0.45760492108901296,0.06078984343388991,No
selected_dbfp_dense_videomme_blip_k16_alpha0.85_adaptive_short_2.0_med_4.0_long_6.0_temporal_iter3,selected_dbfp_dense_videomme_blip_k16_alpha0.8_adaptive_short_2.0_med_3.0_long_5.0_score_diff_iter2,0.02443139620507148,1.1661711958942886,0.24401011438600376,0.09537656934286069,No
selected_dbfp_dense_videomme_blip_k16_alpha0.85_adaptive_short_2.0_med_4.0_long_6.0_temporal_iter3,selected_dbfp_dense_videomme_blip_k16_alpha0.8_adaptive_short_2.0_med_3.0_long_5.0_score_diff_iter3,0.026391583713455347,1.2551765758831692,0.2099049389613712,0.1026559703803743,No
selected_dbfp_dense_videomme_blip_k16_alpha0.85_adaptive_short_2.0_med_4.0_long_6.0_temporal_iter3,selected_dbfp_dense_videomme_blip_k16_alpha0.8_adaptive_short_2.0_med_3.0_long_5.0_temporal_iter1,0.026069769530366632,1.2340123701659231,0.21768304161998378,0.10092503300176588,No
selected_dbfp_dense_videomme_blip_k16_alpha0.85_adaptive_short_2.0_med_4.0_long_6.0_temporal_iter3,selected_dbfp_dense_videomme_blip_k16_alpha0.8_adaptive_short_2.0_med_3.0_long_5.0_temporal_iter2,0.005688444590110947,0.25828342555796663,0.7962770438639981,0.021123988640316272,No
selected_dbfp_dense_videomme_blip_k16_alpha0.85_adaptive_short_2.0_med_4.0_long_6.0_temporal_iter3,selected_dbfp_dense_videomme_blip_k16_alpha0.8_adaptive_short_2.0_med_3.0_long_5.0_temporal_iter3,0.018070380432924943,0.8336747828898148,0.4047971386530168,0.06818299159121548,No
selected_dbfp_dense_videomme_blip_k16_alpha0.85_adaptive_short_2.0_med_4.0_long_6.0_temporal_iter3,selected_dbfp_dense_videomme_blip_k16_alpha0.8_adaptive_short_2.0_med_4.0_long_6.0_score_diff_iter1,0.009696385920009515,0.4485243190587215,0.6539373112063136,0.03668304535466263,No
selected_dbfp_dense_videomme_blip_k16_alpha0.85_adaptive_short_2.0_med_4.0_long_6.0_temporal_iter3,selected_dbfp_dense_videomme_blip_k16_alpha0.8_adaptive_short_2.0_med_4.0_long_6.0_score_diff_iter2,0.015925210294597147,0.7428128503832307,0.45788668748910444,0.060751750382665004,No
selected_dbfp_dense_videomme_blip_k16_alpha0.85_adaptive_short_2.0_med_4.0_long_6.0_temporal_iter3,selected_dbfp_dense_videomme_blip_k16_alpha0.8_adaptive_short_2.0_med_4.0_long_6.0_score_diff_iter3,0.018300315469983425,0.8436081001918708,0.3992257571099912,0.06899539866614902,No
selected_dbfp_dense_videomme_blip_k16_alpha0.85_adaptive_short_2.0_med_4.0_long_6.0_temporal_iter3,selected_dbfp_dense_videomme_blip_k16_alpha0.8_adaptive_short_2.0_med_4.0_long_6.0_temporal_iter1,0.010313797795310359,0.47548557338327924,0.6346145469858521,0.03888810063347682,No
selected_dbfp_dense_videomme_blip_k16_alpha0.85_adaptive_short_2.0_med_4.0_long_6.0_temporal_iter3,selected_dbfp_dense_videomme_blip_k16_alpha0.8_adaptive_short_2.0_med_4.0_long_6.0_temporal_iter2,-0.0067740060054964635,-0.30423947539785456,0.7610512907145963,-0.02488255377186218,No
selected_dbfp_dense_videomme_blip_k16_alpha0.85_adaptive_short_2.0_med_4.0_long_6.0_temporal_iter3,selected_dbfp_dense_videomme_blip_k16_alpha0.8_adaptive_short_2.0_med_4.0_long_6.0_temporal_iter3,0.011023881928423684,0.5086597513099474,0.6111783435756045,0.04160128656638106,No
selected_dbfp_dense_videomme_blip_k16_alpha0.85_adaptive_short_2.0_med_4.0_long_6.0_temporal_iter3,selected_dbfp_dense_videomme_blip_k16_alpha0.8_adaptive_short_2.0_med_5.0_long_8.0_score_diff_iter1,0.008725264525660914,0.4026335907148584,0.68736168488653,0.032929822627772914,No
selected_dbfp_dense_videomme_blip_k16_alpha0.85_adaptive_short_2.0_med_4.0_long_6.0_temporal_iter3,selected_dbfp_dense_videomme_blip_k16_alpha0.8_adaptive_short_2.0_med_5.0_long_8.0_score_diff_iter2,0.013091867616587233,0.6037559874347457,0.5462348353550792,0.049378834840511504,No
selected_dbfp_dense_videomme_blip_k16_alpha0.85_adaptive_short_2.0_med_4.0_long_6.0_temporal_iter3,selected_dbfp_dense_videomme_blip_k16_alpha0.8_adaptive_short_2.0_med_5.0_long_8.0_score_diff_iter3,0.00982750745140698,0.44562994036652614,0.656025864048471,0.03644632549770319,No
selected_dbfp_dense_videomme_blip_k16_alpha0.85_adaptive_short_2.0_med_4.0_long_6.0_temporal_iter3,selected_dbfp_dense_videomme_blip_k16_alpha0.8_adaptive_short_2.0_med_5.0_long_8.0_temporal_iter1,0.020043422275669714,0.9385592788720124,0.3483359883335243,0.07676108321421786,No
selected_dbfp_dense_videomme_blip_k16_alpha0.85_adaptive_short_2.0_med_4.0_long_6.0_temporal_iter3,selected_dbfp_dense_videomme_blip_k16_alpha0.8_adaptive_short_2.0_med_5.0_long_8.0_temporal_iter2,0.0038973131196997912,0.17686967786549163,0.859670642473105,0.01446547744224947,No
selected_dbfp_dense_videomme_blip_k16_alpha0.85_adaptive_short_2.0_med_4.0_long_6.0_temporal_iter3,selected_dbfp_dense_videomme_blip_k16_alpha0.8_adaptive_short_2.0_med_5.0_long_8.0_temporal_iter3,0.0128698137348294,0.5896167966431177,0.5556702838145586,0.04822244587842231,No
selected_dbfp_dense_videomme_blip_k16_alpha0.85_adaptive_short_2.0_med_4.0_long_6.0_temporal_iter3,selected_dbfp_dense_videomme_blip_k16_alpha0.8_adaptive_short_3.0_med_6.0_long_10.0_score_diff_iter1,0.021433317039562583,1.0128549137491836,0.3115390945855692,0.08283743183951105,No
selected_dbfp_dense_videomme_blip_k16_alpha0.85_adaptive_short_2.0_med_4.0_long_6.0_temporal_iter3,selected_dbfp_dense_videomme_blip_k16_alpha0.8_adaptive_short_3.0_med_6.0_long_10.0_score_diff_iter2,0.016963131944169457,0.8008683783762661,0.42352591818750795,0.06549988434470765,No
selected_dbfp_dense_videomme_blip_k16_alpha0.85_adaptive_short_2.0_med_4.0_long_6.0_temporal_iter3,selected_dbfp_dense_videomme_blip_k16_alpha0.8_adaptive_short_3.0_med_6.0_long_10.0_score_diff_iter3,0.012197153123637144,0.5698580874524259,0.5689879665896653,0.046606458494112706,No
selected_dbfp_dense_videomme_blip_k16_alpha0.85_adaptive_short_2.0_med_4.0_long_6.0_temporal_iter3,selected_dbfp_dense_videomme_blip_k16_alpha0.8_adaptive_short_3.0_med_6.0_long_10.0_temporal_iter1,0.0033980013101036766,0.15503438211676776,0.8768465250533439,0.01267965421717763,No
selected_dbfp_dense_videomme_blip_k16_alpha0.85_adaptive_short_2.0_med_4.0_long_6.0_temporal_iter3,selected_dbfp_dense_videomme_blip_k16_alpha0.8_adaptive_short_3.0_med_6.0_long_10.0_temporal_iter2,0.016357123583559563,0.7622047497106479,0.44623832956267584,0.06233773779325353,No
selected_dbfp_dense_videomme_blip_k16_alpha0.85_adaptive_short_2.0_med_4.0_long_6.0_temporal_iter3,selected_dbfp_dense_videomme_blip_k16_alpha0.8_adaptive_short_3.0_med_6.0_long_10.0_temporal_iter3,0.02099182947553735,0.9830409072713335,0.3259848556677747,0.08039906118291727,No
selected_dbfp_dense_videomme_blip_k16_alpha0.85_adaptive_short_2.0_med_5.0_long_8.0_score_diff_iter1,selected_dbfp_dense_videomme_blip_k16_alpha0.85_adaptive_short_2.0_med_5.0_long_8.0_score_diff_iter2,0.005921216797865281,0.27688543208098904,0.7819637577549408,0.022645373789753825,No
selected_dbfp_dense_videomme_blip_k16_alpha0.85_adaptive_short_2.0_med_5.0_long_8.0_score_diff_iter1,selected_dbfp_dense_videomme_blip_k16_alpha0.85_adaptive_short_2.0_med_5.0_long_8.0_score_diff_iter3,0.009236886479275869,0.4325044021638118,0.6655307786078202,0.035372839150857836,No
selected_dbfp_dense_videomme_blip_k16_alpha0.85_adaptive_short_2.0_med_5.0_long_8.0_score_diff_iter1,selected_dbfp_dense_videomme_blip_k16_alpha0.85_adaptive_short_2.0_med_5.0_long_8.0_temporal_iter1,0.012683659212525622,0.6003106705250171,0.5485266319306514,0.04909705583111595,No
selected_dbfp_dense_videomme_blip_k16_alpha0.85_adaptive_short_2.0_med_5.0_long_8.0_score_diff_iter1,selected_dbfp_dense_videomme_blip_k16_alpha0.85_adaptive_short_2.0_med_5.0_long_8.0_temporal_iter2,0.008486717551565826,0.39889073321063995,0.6901161156748945,0.03262370896568971,No
selected_dbfp_dense_videomme_blip_k16_alpha0.85_adaptive_short_2.0_med_5.0_long_8.0_score_diff_iter1,selected_dbfp_dense_videomme_blip_k16_alpha0.85_adaptive_short_2.0_med_5.0_long_8.0_temporal_iter3,0.0038293466853339952,0.17714621572888212,0.8594535232449281,0.014488094379384302,No
selected_dbfp_dense_videomme_blip_k16_alpha0.85_adaptive_short_2.0_med_5.0_long_8.0_score_diff_iter1,selected_dbfp_dense_videomme_blip_k16_alpha0.85_adaptive_short_3.0_med_6.0_long_10.0_score_diff_iter1,0.01394824771245412,0.6654513577131859,0.5060184226497961,0.054424657192635326,No
selected_dbfp_dense_videomme_blip_k16_alpha0.85_adaptive_short_2.0_med_5.0_long_8.0_score_diff_iter1,selected_dbfp_dense_videomme_blip_k16_alpha0.85_adaptive_short_3.0_med_6.0_long_10.0_score_diff_iter2,0.01189911150334913,0.5690922447880763,0.569507218534548,0.046543823183455714,No
selected_dbfp_dense_videomme_blip_k16_alpha0.85_adaptive_short_2.0_med_5.0_long_8.0_score_diff_iter1,selected_dbfp_dense_videomme_blip_k16_alpha0.85_adaptive_short_3.0_med_6.0_long_10.0_score_diff_iter3,0.009804720641476139,0.46572629394785536,0.6415810017547225,0.038089927391737666,No
selected_dbfp_dense_videomme_blip_k16_alpha0.85_adaptive_short_2.0_med_5.0_long_8.0_score_diff_iter1,selected_dbfp_dense_videomme_blip_k16_alpha0.85_adaptive_short_3.0_med_6.0_long_10.0_temporal_iter1,0.0008788792234185605,0.04097523801086202,0.9673293129296174,0.003351204048591835,No
selected_dbfp_dense_videomme_blip_k16_alpha0.85_adaptive_short_2.0_med_5.0_long_8.0_score_diff_iter1,selected_dbfp_dense_videomme_blip_k16_alpha0.85_adaptive_short_3.0_med_6.0_long_10.0_temporal_iter2,0.014921825368917618,0.7098507808389993,0.4780733718749639,0.058055911918472904,No
selected_dbfp_dense_videomme_blip_k16_alpha0.85_adaptive_short_2.0_med_5.0_long_8.0_score_diff_iter1,selected_dbfp_dense_videomme_blip_k16_alpha0.85_adaptive_short_3.0_med_6.0_long_10.0_temporal_iter3,0.008483571477363644,0.39860207008096227,0.6903287192426993,0.032600100340642375,No
selected_dbfp_dense_videomme_blip_k16_alpha0.85_adaptive_short_2.0_med_5.0_long_8.0_score_diff_iter1,selected_dbfp_dense_videomme_blip_k16_alpha0.8_adaptive_short_2.0_med_3.0_long_5.0_score_diff_iter1,0.008744190901917415,0.4135882612937417,0.6793239492111548,0.0338257621484319,No
selected_dbfp_dense_videomme_blip_k16_alpha0.85_adaptive_short_2.0_med_5.0_long_8.0_score_diff_iter1,selected_dbfp_dense_videomme_blip_k16_alpha0.8_adaptive_short_2.0_med_3.0_long_5.0_score_diff_iter2,0.01729304787709915,0.8346235616033986,0.40426298445673436,0.06826058836312925,No
selected_dbfp_dense_videomme_blip_k16_alpha0.85_adaptive_short_2.0_med_5.0_long_8.0_score_diff_iter1,selected_dbfp_dense_videomme_blip_k16_alpha0.8_adaptive_short_2.0_med_3.0_long_5.0_score_diff_iter3,0.019253235385483014,0.925791235904959,0.35492793769045594,0.0757168349670428,No
selected_dbfp_dense_videomme_blip_k16_alpha0.85_adaptive_short_2.0_med_5.0_long_8.0_score_diff_iter1,selected_dbfp_dense_videomme_blip_k16_alpha0.8_adaptive_short_2.0_med_3.0_long_5.0_temporal_iter1,0.0189314212023943,0.9059204115025639,0.3653428390716693,0.07409167817082773,No
selected_dbfp_dense_videomme_blip_k16_alpha0.85_adaptive_short_2.0_med_5.0_long_8.0_score_diff_iter1,selected_dbfp_dense_videomme_blip_k16_alpha0.8_adaptive_short_2.0_med_3.0_long_5.0_temporal_iter2,-0.0014499037378613855,-0.0664944587056566,0.9470063936053815,-0.00543832104899338,No
selected_dbfp_dense_videomme_blip_k16_alpha0.85_adaptive_short_2.0_med_5.0_long_8.0_score_diff_iter1,selected_dbfp_dense_videomme_blip_k16_alpha0.8_adaptive_short_2.0_med_3.0_long_5.0_temporal_iter3,0.01093203210495261,0.5095839989445089,0.610530933789011,0.04167687714027103,No
selected_dbfp_dense_videomme_blip_k16_alpha0.85_adaptive_short_2.0_med_5.0_long_8.0_score_diff_iter1,selected_dbfp_dense_videomme_blip_k16_alpha0.8_adaptive_short_2.0_med_4.0_long_6.0_score_diff_iter1,0.0025580375920371823,0.11956182598682254,0.9048704161938876,0.00977849293173959,No
selected_dbfp_dense_videomme_blip_k16_alpha0.85_adaptive_short_2.0_med_5.0_long_8.0_score_diff_iter1,selected_dbfp_dense_videomme_blip_k16_alpha0.8_adaptive_short_2.0_med_4.0_long_6.0_score_diff_iter2,0.008786861966624815,0.41420384200404453,0.6788733534046689,0.03387610808536439,No
selected_dbfp_dense_videomme_blip_k16_alpha0.85_adaptive_short_2.0_med_5.0_long_8.0_score_diff_iter1,selected_dbfp_dense_videomme_blip_k16_alpha0.8_adaptive_short_2.0_med_4.0_long_6.0_score_diff_iter3,0.011161967142011092,0.5198776876426976,0.6033412136923207,0.042518757577563175,No
selected_dbfp_dense_videomme_blip_k16_alpha0.85_adaptive_short_2.0_med_5.0_long_8.0_score_diff_iter1,selected_dbfp_dense_videomme_blip_k16_alpha0.8_adaptive_short_2.0_med_4.0_long_6.0_temporal_iter1,0.0031754494673380262,0.1479118517093022,0.8824621931162947,0.01209713037343898,No
selected_dbfp_dense_videomme_blip_k16_alpha0.85_adaptive_short_2.0_med_5.0_long_8.0_score_diff_iter1,selected_dbfp_dense_videomme_blip_k16_alpha0.8_adaptive_short_2.0_med_4.0_long_6.0_temporal_iter2,-0.013912354333468796,-0.6309854293151012,0.5282911342687444,-0.05160582415543938,No
selected_dbfp_dense_videomme_blip_k16_alpha0.85_adaptive_short_2.0_med_5.0_long_8.0_score_diff_iter1,selected_dbfp_dense_videomme_blip_k16_alpha0.8_adaptive_short_2.0_med_4.0_long_6.0_temporal_iter3,0.003885533600451352,0.1811466595547992,0.8563138393429329,0.014815274989462638,No
selected_dbfp_dense_videomme_blip_k16_alpha0.85_adaptive_short_2.0_med_5.0_long_8.0_score_diff_iter1,selected_dbfp_dense_videomme_blip_k16_alpha0.8_adaptive_short_2.0_med_5.0_long_8.0_score_diff_iter1,0.0015869161976885815,0.07399000210331166,0.9410430830824609,0.006051352149257168,No
selected_dbfp_dense_videomme_blip_k16_alpha0.85_adaptive_short_2.0_med_5.0_long_8.0_score_diff_iter1,selected_dbfp_dense_videomme_blip_k16_alpha0.8_adaptive_short_2.0_med_5.0_long_8.0_score_diff_iter2,0.0059535192886149,0.2774058329353775,0.7815643737538833,0.022687935338167597,No
selected_dbfp_dense_videomme_blip_k16_alpha0.85_adaptive_short_2.0_med_5.0_long_8.0_score_diff_iter1,selected_dbfp_dense_videomme_blip_k16_alpha0.8_adaptive_short_2.0_med_5.0_long_8.0_score_diff_iter3,0.002689159123434648,0.12316270540805371,0.9020196393625557,0.010072994747881838,No
selected_dbfp_dense_videomme_blip_k16_alpha0.85_adaptive_short_2.0_med_5.0_long_8.0_score_diff_iter1,selected_dbfp_dense_videomme_blip_k16_alpha0.8_adaptive_short_2.0_med_5.0_long_8.0_temporal_iter1,0.012905073947697382,0.6107630446645967,0.5415885240080209,0.04995191452669981,No
selected_dbfp_dense_videomme_blip_k16_alpha0.85_adaptive_short_2.0_med_5.0_long_8.0_score_diff_iter1,selected_dbfp_dense_videomme_blip_k16_alpha0.8_adaptive_short_2.0_med_5.0_long_8.0_temporal_iter2,-0.0032410352082725413,-0.1485630388672289,0.8819485224552526,-0.012150388425082979,No
selected_dbfp_dense_videomme_blip_k16_alpha0.85_adaptive_short_2.0_med_5.0_long_8.0_score_diff_iter1,selected_dbfp_dense_videomme_blip_k16_alpha0.8_adaptive_short_2.0_med_5.0_long_8.0_temporal_iter3,0.005731465406857067,0.26526866219115247,0.7908939198253603,0.02169528373967102,No
selected_dbfp_dense_videomme_blip_k16_alpha0.85_adaptive_short_2.0_med_5.0_long_8.0_score_diff_iter1,selected_dbfp_dense_videomme_blip_k16_alpha0.8_adaptive_short_3.0_med_6.0_long_10.0_score_diff_iter1,0.01429496871159025,0.6828882777684364,0.4949419036273047,0.0558507545077866,No
selected_dbfp_dense_videomme_blip_k16_alpha0.85_adaptive_short_2.0_med_5.0_long_8.0_score_diff_iter1,selected_dbfp_dense_videomme_blip_k16_alpha0.8_adaptive_short_3.0_med_6.0_long_10.0_score_diff_iter2,0.009824783616197125,0.4688974570966373,0.6393138237615368,0.0383492843839372,No
selected_dbfp_dense_videomme_blip_k16_alpha0.85_adaptive_short_2.0_med_5.0_long_8.0_score_diff_iter1,selected_dbfp_dense_videomme_blip_k16_alpha0.8_adaptive_short_3.0_med_6.0_long_10.0_score_diff_iter3,0.005058804795664812,0.2388677473408119,0.8112899726916011,0.019536056419345194,No
selected_dbfp_dense_videomme_blip_k16_alpha0.85_adaptive_short_2.0_med_5.0_long_8.0_score_diff_iter1,selected_dbfp_dense_videomme_blip_k16_alpha0.8_adaptive_short_3.0_med_6.0_long_10.0_temporal_iter1,-0.003740347017868656,-0.17238613135290456,0.8631922993379225,-0.014098785744942886,No
selected_dbfp_dense_videomme_blip_k16_alpha0.85_adaptive_short_2.0_med_5.0_long_8.0_score_diff_iter1,selected_dbfp_dense_videomme_blip_k16_alpha0.8_adaptive_short_3.0_med_6.0_long_10.0_temporal_iter2,0.00921877525558723,0.4341250749928267,0.6643542022550044,0.03550538761891236,No
selected_dbfp_dense_videomme_blip_k16_alpha0.85_adaptive_short_2.0_med_5.0_long_8.0_score_diff_iter1,selected_dbfp_dense_videomme_blip_k16_alpha0.8_adaptive_short_3.0_med_6.0_long_10.0_temporal_iter3,0.013853481147565017,0.6556971839987555,0.5122711596611937,0.05362690158897283,No
selected_dbfp_dense_videomme_blip_k16_alpha0.85_adaptive_short_2.0_med_5.0_long_8.0_score_diff_iter2,selected_dbfp_dense_videomme_blip_k16_alpha0.85_adaptive_short_2.0_med_5.0_long_8.0_score_diff_iter3,0.003315669681410588,0.15699363351519305,0.875302855200192,0.012839893688647625,No
selected_dbfp_dense_videomme_blip_k16_alpha0.85_adaptive_short_2.0_med_5.0_long_8.0_score_diff_iter2,selected_dbfp_dense_videomme_blip_k16_alpha0.85_adaptive_short_2.0_med_5.0_long_8.0_temporal_iter1,0.006762442414660341,0.3237333271950092,0.7462531235518578,0.026476879411004794,No
selected_dbfp_dense_videomme_blip_k16_alpha0.85_adaptive_short_2.0_med_5.0_long_8.0_score_diff_iter2,selected_dbfp_dense_videomme_blip_k16_alpha0.85_adaptive_short_2.0_med_5.0_long_8.0_temporal_iter2,0.0025655007537005448,0.12194656341360482,0.902982305894162,0.009973531248572214,No
selected_dbfp_dense_videomme_blip_k16_alpha0.85_adaptive_short_2.0_med_5.0_long_8.0_score_diff_iter2,selected_dbfp_dense_videomme_blip_k16_alpha0.85_adaptive_short_2.0_med_5.0_long_8.0_temporal_iter3,-0.0020918701125312855,-0.09782966597174515,0.9221003308872608,-0.00800110477823844,No
selected_dbfp_dense_videomme_blip_k16_alpha0.85_adaptive_short_2.0_med_5.0_long_8.0_score_diff_iter2,selected_dbfp_dense_videomme_blip_k16_alpha0.85_adaptive_short_3.0_med_6.0_long_10.0_score_diff_iter1,0.00802703091458884,0.3874222188278624,0.6985815058542724,0.03168574411116408,No
selected_dbfp_dense_videomme_blip_k16_alpha0.85_adaptive_short_2.0_med_5.0_long_8.0_score_diff_iter2,selected_dbfp_dense_videomme_blip_k16_alpha0.85_adaptive_short_3.0_med_6.0_long_10.0_score_diff_iter2,0.005977894705483849,0.2892507584513039,0.7724897413642435,0.023656685316248326,No
selected_dbfp_dense_videomme_blip_k16_alpha0.85_adaptive_short_2.0_med_5.0_long_8.0_score_diff_iter2,selected_dbfp_dense_videomme_blip_k16_alpha0.85_adaptive_short_3.0_med_6.0_long_10.0_score_diff_iter3,0.003883503843610858,0.1865983584587685,0.8520388383480919,0.015261148048295084,No
selected_dbfp_dense_videomme_blip_k16_alpha0.85_adaptive_short_2.0_med_5.0_long_8.0_score_diff_iter2,selected_dbfp_dense_videomme_blip_k16_alpha0.85_adaptive_short_3.0_med_6.0_long_10.0_temporal_iter1,-0.00504233757444672,-0.23769934640924517,0.8121957072243557,-0.019440497489857125,No
selected_dbfp_dense_videomme_blip_k16_alpha0.85_adaptive_short_2.0_med_5.0_long_8.0_score_diff_iter2,selected_dbfp_dense_videomme_blip_k16_alpha0.85_adaptive_short_3.0_med_6.0_long_10.0_temporal_iter2,0.009000608571052338,0.43313237883757333,0.6650747818145779,0.0354241988629989,No
selected_dbfp_dense_videomme_blip_k16_alpha0.85_adaptive_short_2.0_med_5.0_long_8.0_score_diff_iter2,selected_dbfp_dense_videomme_blip_k16_alpha0.85_adaptive_short_3.0_med_6.0_long_10.0_temporal_iter3,0.002562354679498363,0.1217530374827057,0.9031355092390131,0.009957703521671557,No
selected_dbfp_dense_videomme_blip_k16_alpha0.85_adaptive_short_2.0_med_5.0_long_8.0_score_diff_iter2,selected_dbfp_dense_videomme_blip_k16_alpha0.8_adaptive_short_2.0_med_3.0_long_5.0_score_diff_iter1,0.002822974104052134,0.1350520801989984,0.8926161415005961,0.01104538007473526,No
selected_dbfp_dense_videomme_blip_k16_alpha0.85_adaptive_short_2.0_med_5.0_long_8.0_score_diff_iter2,selected_dbfp_dense_videomme_blip_k16_alpha0.8_adaptive_short_2.0_med_3.0_long_5.0_score_diff_iter2,0.011371831079233868,0.5553945239606161,0.5788325397338849,0.04542354027068329,No
selected_dbfp_dense_videomme_blip_k16_alpha0.85_adaptive_short_2.0_med_5.0_long_8.0_score_diff_iter2,selected_dbfp_dense_videomme_blip_k16_alpha0.8_adaptive_short_2.0_med_3.0_long_5.0_score_diff_iter3,0.013332018587617733,0.6486625842907134,0.5168055062082086,0.053051569205177056,No
selected_dbfp_dense_videomme_blip_k16_alpha0.85_adaptive_short_2.0_med_5.0_long_8.0_score_diff_iter2,selected_dbfp_dense_videomme_blip_k16_alpha0.8_adaptive_short_2.0_med_3.0_long_5.0_temporal_iter1,0.013010204404529019,0.6298754580809272,0.5290166570491769,0.05151504383150998,No
selected_dbfp_dense_videomme_blip_k16_alpha0.85_adaptive_short_2.0_med_5.0_long_8.0_score_diff_iter2,selected_dbfp_dense_videomme_blip_k16_alpha0.8_adaptive_short_2.0_med_3.0_long_5.0_temporal_iter2,-0.007371120535726666,-0.3416853771609213,0.7327077132465101,-0.027945107218982395,No
selected_dbfp_dense_videomme_blip_k16_alpha0.85_adaptive_short_2.0_med_5.0_long_8.0_score_diff_iter2,selected_dbfp_dense_videomme_blip_k16_alpha0.8_adaptive_short_2.0_med_3.0_long_5.0_temporal_iter3,0.00501081530708733,0.23617032738343083,0.8133813703151808,0.019315445019372584,No
selected_dbfp_dense_videomme_blip_k16_alpha0.85_adaptive_short_2.0_med_5.0_long_8.0_score_diff_iter2,selected_dbfp_dense_videomme_blip_k16_alpha0.8_adaptive_short_2.0_med_4.0_long_6.0_score_diff_iter1,-0.0033631792058280985,-0.1589512429936975,0.8737609539145651,-0.012999998892724816,No
selected_dbfp_dense_videomme_blip_k16_alpha0.85_adaptive_short_2.0_med_5.0_long_8.0_score_diff_iter2,selected_dbfp_dense_videomme_blip_k16_alpha0.8_adaptive_short_2.0_med_4.0_long_6.0_score_diff_iter2,0.002865645168759534,0.13662017420020184,0.8913770104792518,0.011173628335809985,No
selected_dbfp_dense_videomme_blip_k16_alpha0.85_adaptive_short_2.0_med_5.0_long_8.0_score_diff_iter2,selected_dbfp_dense_videomme_blip_k16_alpha0.8_adaptive_short_2.0_med_4.0_long_6.0_score_diff_iter3,0.005240750344145811,0.24680164121829604,0.8051464403958163,0.020184938491687177,No
selected_dbfp_dense_videomme_blip_k16_alpha0.85_adaptive_short_2.0_med_5.0_long_8.0_score_diff_iter2,selected_dbfp_dense_videomme_blip_k16_alpha0.8_adaptive_short_2.0_med_4.0_long_6.0_temporal_iter1,-0.0027457673305272545,-0.12931725219935292,0.8971501032839544,-0.010576350986419606,No
selected_dbfp_dense_videomme_blip_k16_alpha0.85_adaptive_short_2.0_med_5.0_long_8.0_score_diff_iter2,selected_dbfp_dense_videomme_blip_k16_alpha0.8_adaptive_short_2.0_med_4.0_long_6.0_temporal_iter2,-0.019833571131334077,-0.9089980972255384,0.36371732766972575,-0.07434339014082923,No
selected_dbfp_dense_videomme_blip_k16_alpha0.85_adaptive_short_2.0_med_5.0_long_8.0_score_diff_iter2,selected_dbfp_dense_videomme_blip_k16_alpha0.8_adaptive_short_2.0_med_4.0_long_6.0_temporal_iter3,-0.002035683197413929,-0.09596068812337036,0.9235839433521695,-0.007848248406108885,No
selected_dbfp_dense_videomme_blip_k16_alpha0.85_adaptive_short_2.0_med_5.0_long_8.0_score_diff_iter2,selected_dbfp_dense_videomme_blip_k16_alpha0.8_adaptive_short_2.0_med_5.0_long_8.0_score_diff_iter1,-0.004334300600176699,-0.20433485613904862,0.8381613558370543,-0.01671174665753031,No
selected_dbfp_dense_videomme_blip_k16_alpha0.85_adaptive_short_2.0_med_5.0_long_8.0_score_diff_iter2,selected_dbfp_dense_videomme_blip_k16_alpha0.8_adaptive_short_2.0_med_5.0_long_8.0_score_diff_iter2,3.230249074961944e-05,0.0015218646112309124,0.998786235724956,0.00012446733910774675,No
selected_dbfp_dense_videomme_blip_k16_alpha0.85_adaptive_short_2.0_med_5.0_long_8.0_score_diff_iter2,selected_dbfp_dense_videomme_blip_k16_alpha0.8_adaptive_short_2.0_med_5.0_long_8.0_score_diff_iter3,-0.003232057674430633,-0.1496152321368156,0.8811186346877764,-0.01223644318236244,No
selected_dbfp_dense_videomme_blip_k16_alpha0.85_adaptive_short_2.0_med_5.0_long_8.0_score_diff_iter2,selected_dbfp_dense_videomme_blip_k16_alpha0.8_adaptive_short_2.0_med_5.0_long_8.0_temporal_iter1,0.006983857149832101,0.33431779231527026,0.7382569807667768,0.027342541309527946,No
selected_dbfp_dense_videomme_blip_k16_alpha0.85_adaptive_short_2.0_med_5.0_long_8.0_score_diff_iter2,selected_dbfp_dense_videomme_blip_k16_alpha0.8_adaptive_short_2.0_med_5.0_long_8.0_temporal_iter2,-0.009162252006137822,-0.42449356667513855,0.6713585716039401,-0.03471766434169083,No
selected_dbfp_dense_videomme_blip_k16_alpha0.85_adaptive_short_2.0_med_5.0_long_8.0_score_diff_iter2,selected_dbfp_dense_videomme_blip_k16_alpha0.8_adaptive_short_2.0_med_5.0_long_8.0_temporal_iter3,-0.0001897513910082138,-0.008878479497849898,0.9929190523885598,-0.0007261360245561189,No
selected_dbfp_dense_videomme_blip_k16_alpha0.85_adaptive_short_2.0_med_5.0_long_8.0_score_diff_iter2,selected_dbfp_dense_videomme_blip_k16_alpha0.8_adaptive_short_3.0_med_6.0_long_10.0_score_diff_iter1,0.00837375191372497,0.40469966202295105,0.6858430059677547,0.03309879843972298,No
selected_dbfp_dense_videomme_blip_k16_alpha0.85_adaptive_short_2.0_med_5.0_long_8.0_score_diff_iter2,selected_dbfp_dense_videomme_blip_k16_alpha0.8_adaptive_short_3.0_med_6.0_long_10.0_score_diff_iter2,0.003903566818331844,0.18847473310195711,0.8505684624029621,0.015414609369768956,No
selected_dbfp_dense_videomme_blip_k16_alpha0.85_adaptive_short_2.0_med_5.0_long_8.0_score_diff_iter2,selected_dbfp_dense_videomme_blip_k16_alpha0.8_adaptive_short_3.0_med_6.0_long_10.0_score_diff_iter3,-0.0008624120022004689,-0.04118633995617731,0.9671610905941316,-0.0033684692458188737,No
selected_dbfp_dense_videomme_blip_k16_alpha0.85_adaptive_short_2.0_med_5.0_long_8.0_score_diff_iter2,selected_dbfp_dense_videomme_blip_k16_alpha0.8_adaptive_short_3.0_med_6.0_long_10.0_temporal_iter1,-0.009661563815733937,-0.4501228483035944,0.6527849916636191,-0.036813782783633515,No
selected_dbfp_dense_videomme_blip_k16_alpha0.85_adaptive_short_2.0_med_5.0_long_8.0_score_diff_iter2,selected_dbfp_dense_videomme_blip_k16_alpha0.8_adaptive_short_3.0_med_6.0_long_10.0_temporal_iter2,0.0032975584577219497,0.1570493788642614,0.8752589410615934,0.012844452879252243,No
selected_dbfp_dense_videomme_blip_k16_alpha0.85_adaptive_short_2.0_med_5.0_long_8.0_score_diff_iter2,selected_dbfp_dense_videomme_blip_k16_alpha0.8_adaptive_short_3.0_med_6.0_long_10.0_temporal_iter3,0.007932264349699736,0.3797468759810864,0.7042681423238972,0.031058007926346286,No
selected_dbfp_dense_videomme_blip_k16_alpha0.85_adaptive_short_2.0_med_5.0_long_8.0_score_diff_iter3,selected_dbfp_dense_videomme_blip_k16_alpha0.85_adaptive_short_2.0_med_5.0_long_8.0_temporal_iter1,0.0034467727332497533,0.16523421309837227,0.8688154785381821,0.013513858373637121,No
selected_dbfp_dense_videomme_blip_k16_alpha0.85_adaptive_short_2.0_med_5.0_long_8.0_score_diff_iter3,selected_dbfp_dense_videomme_blip_k16_alpha0.85_adaptive_short_2.0_med_5.0_long_8.0_temporal_iter2,-0.0007501689277100432,-0.035706843420406344,0.9715280293696258,-0.0029203227106487525,No
selected_dbfp_dense_videomme_blip_k16_alpha0.85_adaptive_short_2.0_med_5.0_long_8.0_score_diff_iter3,selected_dbfp_dense_videomme_blip_k16_alpha0.85_adaptive_short_2.0_med_5.0_long_8.0_temporal_iter3,-0.0054075397939418735,-0.2532278605204227,0.8001791671632633,-0.020710513774782693,No
selected_dbfp_dense_videomme_blip_k16_alpha0.85_adaptive_short_2.0_med_5.0_long_8.0_score_diff_iter3,selected_dbfp_dense_videomme_blip_k16_alpha0.85_adaptive_short_3.0_med_6.0_long_10.0_score_diff_iter1,0.004711361233178252,0.22771384624655297,0.8199465414509015,0.01862382256795785,No
selected_dbfp_dense_videomme_blip_k16_alpha0.85_adaptive_short_2.0_med_5.0_long_8.0_score_diff_iter3,selected_dbfp_dense_videomme_blip_k16_alpha0.85_adaptive_short_3.0_med_6.0_long_10.0_score_diff_iter2,0.0026622250240732614,0.1289993622691204,0.8974015273473248,0.010550352003794273,No
selected_dbfp_dense_videomme_blip_k16_alpha0.85_adaptive_short_2.0_med_5.0_long_8.0_score_diff_iter3,selected_dbfp_dense_videomme_blip_k16_alpha0.85_adaptive_short_3.0_med_6.0_long_10.0_score_diff_iter3,0.0005678341622002703,0.02732206774005151,0.9782119710672413,0.0022345647849611352,No
selected_dbfp_dense_videomme_blip_k16_alpha0.85_adaptive_short_2.0_med_5.0_long_8.0_score_diff_iter3,selected_dbfp_dense_videomme_blip_k16_alpha0.85_adaptive_short_3.0_med_6.0_long_10.0_temporal_iter1,-0.008358007255857308,-0.394533588713067,0.6933277994603936,-0.03226735519683226,No
selected_dbfp_dense_videomme_blip_k16_alpha0.85_adaptive_short_2.0_med_5.0_long_8.0_score_diff_iter3,selected_dbfp_dense_videomme_blip_k16_alpha0.85_adaptive_short_3.0_med_6.0_long_10.0_temporal_iter2,0.00568493888964175,0.2739582666996662,0.7842112952074594,0.022405972384793874,No
selected_dbfp_dense_videomme_blip_k16_alpha0.85_adaptive_short_2.0_med_5.0_long_8.0_score_diff_iter3,selected_dbfp_dense_videomme_blip_k16_alpha0.85_adaptive_short_3.0_med_6.0_long_10.0_temporal_iter3,-0.0007533150019122248,-0.035843607640856714,0.9714190228156854,-0.0029315081200045586,No
selected_dbfp_dense_videomme_blip_k16_alpha0.85_adaptive_short_2.0_med_5.0_long_8.0_score_diff_iter3,selected_dbfp_dense_videomme_blip_k16_alpha0.8_adaptive_short_2.0_med_3.0_long_5.0_score_diff_iter1,-0.000492695577358454,-0.023603463766495806,0.9811767830386164,-0.0019304347477126535,No
selected_dbfp_dense_videomme_blip_k16_alpha0.85_adaptive_short_2.0_med_5.0_long_8.0_score_diff_iter3,selected_dbfp_dense_videomme_blip_k16_alpha0.8_adaptive_short_2.0_med_3.0_long_5.0_score_diff_iter2,0.00805616139782328,0.3940283934146545,0.6937005416685224,0.03222603720935781,No
selected_dbfp_dense_videomme_blip_k16_alpha0.85_adaptive_short_2.0_med_5.0_long_8.0_score_diff_iter3,selected_dbfp_dense_videomme_blip_k16_alpha0.8_adaptive_short_2.0_med_3.0_long_5.0_score_diff_iter3,0.010016348906207145,0.48804041856400304,0.6257001027779507,0.039914912106735596,No
selected_dbfp_dense_videomme_blip_k16_alpha0.85_adaptive_short_2.0_med_5.0_long_8.0_score_diff_iter3,selected_dbfp_dense_videomme_blip_k16_alpha0.8_adaptive_short_2.0_med_3.0_long_5.0_temporal_iter1,0.009694534723118431,0.4700183240672271,0.63851328176128,0.038440955674544725,No
selected_dbfp_dense_videomme_blip_k16_alpha0.85_adaptive_short_2.0_med_5.0_long_8.0_score_diff_iter3,selected_dbfp_dense_videomme_blip_k16_alpha0.8_adaptive_short_2.0_med_3.0_long_5.0_temporal_iter2,-0.010686790217137254,-0.49602772833395026,0.6200571022839954,-0.040568162929217645,No
selected_dbfp_dense_videomme_blip_k16_alpha0.85_adaptive_short_2.0_med_5.0_long_8.0_score_diff_iter3,selected_dbfp_dense_videomme_blip_k16_alpha0.8_adaptive_short_2.0_med_3.0_long_5.0_temporal_iter3,0.0016951456256767417,0.08000348488537898,0.936261249946821,0.006543171323434731,No
selected_dbfp_dense_videomme_blip_k16_alpha0.85_adaptive_short_2.0_med_5.0_long_8.0_score_diff_iter3,selected_dbfp_dense_videomme_blip_k16_alpha0.8_adaptive_short_2.0_med_4.0_long_6.0_score_diff_iter1,-0.006678848887238686,-0.3160848859152256,0.7520483709485416,-0.025851343401275862,No
selected_dbfp_dense_videomme_blip_k16_alpha0.85_adaptive_short_2.0_med_5.0_long_8.0_score_diff_iter3,selected_dbfp_dense_videomme_blip_k16_alpha0.8_adaptive_short_2.0_med_4.0_long_6.0_score_diff_iter2,-0.0004500245126510538,-0.02148459260765017,0.9828662605786898,-0.0017571405843728597,No
selected_dbfp_dense_videomme_blip_k16_alpha0.85_adaptive_short_2.0_med_5.0_long_8.0_score_diff_iter3,selected_dbfp_dense_videomme_blip_k16_alpha0.8_adaptive_short_2.0_med_4.0_long_6.0_score_diff_iter3,0.0019250806627352235,0.09077943643180854,0.9276982482528053,0.0074244941465781466,No
selected_dbfp_dense_videomme_blip_k16_alpha0.85_adaptive_short_2.0_med_5.0_long_8.0_score_diff_iter3,selected_dbfp_dense_videomme_blip_k16_alpha0.8_adaptive_short_2.0_med_4.0_long_6.0_temporal_iter1,-0.0060614370119378425,-0.28585935705772003,0.7750848364138216,-0.023379315918167127,No
selected_dbfp_dense_videomme_blip_k16_alpha0.85_adaptive_short_2.0_med_5.0_long_8.0_score_diff_iter3,selected_dbfp_dense_videomme_blip_k16_alpha0.8_adaptive_short_2.0_med_4.0_long_6.0_temporal_iter2,-0.023149240812744665,-1.0623114931565993,0.2885231088918784,-0.08688229163967136,No
selected_dbfp_dense_videomme_blip_k16_alpha0.85_adaptive_short_2.0_med_5.0_long_8.0_score_diff_iter3,selected_dbfp_dense_videomme_blip_k16_alpha0.8_adaptive_short_2.0_med_4.0_long_6.0_temporal_iter3,-0.005351352878824517,-0.2525991506206227,0.8006647870168693,-0.020659094051003406,No
selected_dbfp_dense_videomme_blip_k16_alpha0.85_adaptive_short_2.0_med_5.0_long_8.0_score_diff_iter3,selected_dbfp_dense_videomme_blip_k16_alpha0.8_adaptive_short_2.0_med_5.0_long_8.0_score_diff_iter1,-0.007649970281587287,-0.36113403403795213,0.7181267977221493,-0.02953573658443027,No
selected_dbfp_dense_videomme_blip_k16_alpha0.85_adaptive_short_2.0_med_5.0_long_8.0_score_diff_iter3,selected_dbfp_dense_videomme_blip_k16_alpha0.8_adaptive_short_2.0_med_5.0_long_8.0_score_diff_iter2,-0.0032833671906609685,-0.15489733292966118,0.876954522051512,-0.012668445485467647,No
selected_dbfp_dense_videomme_blip_k16_alpha0.85_adaptive_short_2.0_med_5.0_long_8.0_score_diff_iter3,selected_dbfp_dense_videomme_blip_k16_alpha0.8_adaptive_short_2.0_med_5.0_long_8.0_score_diff_iter3,-0.006547727355841221,-0.3034949948418029,0.7616182208167708,-0.024821665597085242,No
selected_dbfp_dense_videomme_blip_k16_alpha0.85_adaptive_short_2.0_med_5.0_long_8.0_score_diff_iter3,selected_dbfp_dense_videomme_blip_k16_alpha0.8_adaptive_short_2.0_med_5.0_long_8.0_temporal_iter1,0.0036681874684215132,0.17584058006577385,0.8604787152737776,0.014381311538286442,No
selected_dbfp_dense_videomme_blip_k16_alpha0.85_adaptive_short_2.0_med_5.0_long_8.0_score_diff_iter3,selected_dbfp_dense_videomme_blip_k16_alpha0.8_adaptive_short_2.0_med_5.0_long_8.0_temporal_iter2,-0.01247792168754841,-0.5788637341359314,0.5628990837994459,-0.04734299503694774,No
selected_dbfp_dense_videomme_blip_k16_alpha0.85_adaptive_short_2.0_med_5.0_long_8.0_score_diff_iter3,selected_dbfp_dense_videomme_blip_k16_alpha0.8_adaptive_short_2.0_med_5.0_long_8.0_temporal_iter3,-0.0035054210724188017,-0.1642367360566951,0.8696002781465609,-0.013432278649638146,No
selected_dbfp_dense_videomme_blip_k16_alpha0.85_adaptive_short_2.0_med_5.0_long_8.0_score_diff_iter3,selected_dbfp_dense_videomme_blip_k16_alpha0.8_adaptive_short_3.0_med_6.0_long_10.0_score_diff_iter1,0.0050580822323143815,0.2448013089420254,0.8066942574162449,0.02002133913701913,No
selected_dbfp_dense_videomme_blip_k16_alpha0.85_adaptive_short_2.0_med_5.0_long_8.0_score_diff_iter3,selected_dbfp_dense_videomme_blip_k16_alpha0.8_adaptive_short_3.0_med_6.0_long_10.0_score_diff_iter2,0.000587897136921256,0.028425412062847637,0.9773323400205636,0.002324802990234287,No
selected_dbfp_dense_videomme_blip_k16_alpha0.85_adaptive_short_2.0_med_5.0_long_8.0_score_diff_iter3,selected_dbfp_dense_videomme_blip_k16_alpha0.8_adaptive_short_3.0_med_6.0_long_10.0_score_diff_iter3,-0.004178081683611057,-0.1998094060535672,0.8416975702851355,-0.016341627830890788,No
selected_dbfp_dense_videomme_blip_k16_alpha0.85_adaptive_short_2.0_med_5.0_long_8.0_score_diff_iter3,selected_dbfp_dense_videomme_blip_k16_alpha0.8_adaptive_short_3.0_med_6.0_long_10.0_temporal_iter1,-0.012977233497144525,-0.6053928471559877,0.5451476791315851,-0.04951270715726012,No
selected_dbfp_dense_videomme_blip_k16_alpha0.85_adaptive_short_2.0_med_5.0_long_8.0_score_diff_iter3,selected_dbfp_dense_videomme_blip_k16_alpha0.8_adaptive_short_3.0_med_6.0_long_10.0_temporal_iter2,-1.8111223688638267e-05,-0.0008637514890068712,0.9993111141642138,-7.064284736157367e-05,No
selected_dbfp_dense_videomme_blip_k16_alpha0.85_adaptive_short_2.0_med_5.0_long_8.0_score_diff_iter3,selected_dbfp_dense_videomme_blip_k16_alpha0.8_adaptive_short_3.0_med_6.0_long_10.0_temporal_iter3,0.004616594668289148,0.2213208401555623,0.8249181749639336,0.01810096367398465,No
selected_dbfp_dense_videomme_blip_k16_alpha0.85_adaptive_short_2.0_med_5.0_long_8.0_temporal_iter1,selected_dbfp_dense_videomme_blip_k16_alpha0.85_adaptive_short_2.0_med_5.0_long_8.0_temporal_iter2,-0.0041969416609597965,-0.20199905964659468,0.8399861571417677,-0.016520711008075624,No
selected_dbfp_dense_videomme_blip_k16_alpha0.85_adaptive_short_2.0_med_5.0_long_8.0_temporal_iter1,selected_dbfp_dense_videomme_blip_k16_alpha0.85_adaptive_short_2.0_med_5.0_long_8.0_temporal_iter3,-0.008854312527191627,-0.4191159592921278,0.6752818907234167,-0.0342778508917609,No
selected_dbfp_dense_videomme_blip_k16_alpha0.85_adaptive_short_2.0_med_5.0_long_8.0_temporal_iter1,selected_dbfp_dense_videomme_blip_k16_alpha0.85_adaptive_short_3.0_med_6.0_long_10.0_score_diff_iter1,0.0012645884999284984,0.06182555955423417,0.9507224065680555,0.005056470081892175,No
selected_dbfp_dense_videomme_blip_k16_alpha0.85_adaptive_short_2.0_med_5.0_long_8.0_temporal_iter1,selected_dbfp_dense_videomme_blip_k16_alpha0.85_adaptive_short_3.0_med_6.0_long_10.0_score_diff_iter2,-0.0007845477091764919,-0.038455947032085984,0.9693369889517323,-0.003145161111689172,No
selected_dbfp_dense_videomme_blip_k16_alpha0.85_adaptive_short_2.0_med_5.0_long_8.0_temporal_iter1,selected_dbfp_dense_videomme_blip_k16_alpha0.85_adaptive_short_3.0_med_6.0_long_10.0_score_diff_iter3,-0.002878938571049483,-0.1401055125007846,0.8886238012841966,-0.011458680479500181,No
selected_dbfp_dense_videomme_blip_k16_alpha0.85_adaptive_short_2.0_med_5.0_long_8.0_temporal_iter1,selected_dbfp_dense_videomme_blip_k16_alpha0.85_adaptive_short_3.0_med_6.0_long_10.0_temporal_iter1,-0.011804779989107061,-0.5633557465802888,0.5734038356357991,-0.046074657492839774,No
selected_dbfp_dense_videomme_blip_k16_alpha0.85_adaptive_short_2.0_med_5.0_long_8.0_temporal_iter1,selected_dbfp_dense_videomme_blip_k16_alpha0.85_adaptive_short_3.0_med_6.0_long_10.0_temporal_iter2,0.0022381661563919963,0.1090930401785075,0.9131652914474319,0.008922291975182704,No
selected_dbfp_dense_videomme_blip_k16_alpha0.85_adaptive_short_2.0_med_5.0_long_8.0_temporal_iter1,selected_dbfp_dense_videomme_blip_k16_alpha0.85_adaptive_short_3.0_med_6.0_long_10.0_temporal_iter3,-0.004200087735161978,-0.2020756370208037,0.8399263186417181,-0.016526973971477194,No
selected_dbfp_dense_videomme_blip_k16_alpha0.85_adaptive_short_2.0_med_5.0_long_8.0_temporal_iter1,selected_dbfp_dense_videomme_blip_k16_alpha0.8_adaptive_short_2.0_med_3.0_long_5.0_score_diff_iter1,-0.003939468310608207,-0.1908631720894493,0.8486975734863554,-0.015609950426841677,No
selected_dbfp_dense_videomme_blip_k16_alpha0.85_adaptive_short_2.0_med_5.0_long_8.0_temporal_iter1,selected_dbfp_dense_videomme_blip_k16_alpha0.8_adaptive_short_2.0_med_3.0_long_5.0_score_diff_iter2,0.004609388664573527,0.22810744701820926,0.8196406856431334,0.01865601361405793,No
selected_dbfp_dense_videomme_blip_k16_alpha0.85_adaptive_short_2.0_med_5.0_long_8.0_temporal_iter1,selected_dbfp_dense_videomme_blip_k16_alpha0.8_adaptive_short_2.0_med_3.0_long_5.0_score_diff_iter3,0.006569576172957392,0.32384811167270067,0.7461662595604805,0.026486267152520726,No
selected_dbfp_dense_videomme_blip_k16_alpha0.85_adaptive_short_2.0_med_5.0_long_8.0_temporal_iter1,selected_dbfp_dense_videomme_blip_k16_alpha0.8_adaptive_short_2.0_med_3.0_long_5.0_temporal_iter1,0.006247761989868678,0.30642158743186837,0.7593903303604654,0.02506102007438165,No
selected_dbfp_dense_videomme_blip_k16_alpha0.85_adaptive_short_2.0_med_5.0_long_8.0_temporal_iter1,selected_dbfp_dense_videomme_blip_k16_alpha0.8_adaptive_short_2.0_med_3.0_long_5.0_temporal_iter2,-0.014133562950387007,-0.6629716430996756,0.5076041735563883,-0.054221851093324946,No
selected_dbfp_dense_videomme_blip_k16_alpha0.85_adaptive_short_2.0_med_5.0_long_8.0_temporal_iter1,selected_dbfp_dense_videomme_blip_k16_alpha0.8_adaptive_short_2.0_med_3.0_long_5.0_temporal_iter3,-0.0017516271075730117,-0.0835767327690869,0.9334209358996455,-0.006835413253720195,No
selected_dbfp_dense_videomme_blip_k16_alpha0.85_adaptive_short_2.0_med_5.0_long_8.0_temporal_iter1,selected_dbfp_dense_videomme_blip_k16_alpha0.8_adaptive_short_2.0_med_4.0_long_6.0_score_diff_iter1,-0.01012562162048844,-0.4844982576419367,0.6282097041507414,-0.03962521268298963,No
selected_dbfp_dense_videomme_blip_k16_alpha0.85_adaptive_short_2.0_med_5.0_long_8.0_temporal_iter1,selected_dbfp_dense_videomme_blip_k16_alpha0.8_adaptive_short_2.0_med_4.0_long_6.0_score_diff_iter2,-0.003896797245900807,-0.18812739874384937,0.8508406035081117,-0.015386202254659424,No
selected_dbfp_dense_videomme_blip_k16_alpha0.85_adaptive_short_2.0_med_5.0_long_8.0_temporal_iter1,selected_dbfp_dense_videomme_blip_k16_alpha0.8_adaptive_short_2.0_med_4.0_long_6.0_score_diff_iter3,-0.0015216920705145298,-0.07254360835261875,0.9421935586592658,-0.005933057270768609,No
selected_dbfp_dense_videomme_blip_k16_alpha0.85_adaptive_short_2.0_med_5.0_long_8.0_temporal_iter1,selected_dbfp_dense_videomme_blip_k16_alpha0.8_adaptive_short_2.0_med_4.0_long_6.0_temporal_iter1,-0.009508209745187596,-0.4533255931795891,0.650478753041454,-0.03707572269574206,No
selected_dbfp_dense_videomme_blip_k16_alpha0.85_adaptive_short_2.0_med_5.0_long_8.0_temporal_iter1,selected_dbfp_dense_videomme_blip_k16_alpha0.8_adaptive_short_2.0_med_4.0_long_6.0_temporal_iter2,-0.026596013545994418,-1.2331389967203272,0.21800842205343993,-0.10085360329224667,No
selected_dbfp_dense_videomme_blip_k16_alpha0.85_adaptive_short_2.0_med_5.0_long_8.0_temporal_iter1,selected_dbfp_dense_videomme_blip_k16_alpha0.8_adaptive_short_2.0_med_4.0_long_6.0_temporal_iter3,-0.00879812561207427,-0.4198573500607276,0.6747404683431225,-0.03433848632476027,No
selected_dbfp_dense_videomme_blip_k16_alpha0.85_adaptive_short_2.0_med_5.0_long_8.0_temporal_iter1,selected_dbfp_dense_videomme_blip_k16_alpha0.8_adaptive_short_2.0_med_5.0_long_8.0_score_diff_iter1,-0.01109674301483704,-0.5296005139555043,0.5965854904400036,-0.043313949376733066,No
selected_dbfp_dense_videomme_blip_k16_alpha0.85_adaptive_short_2.0_med_5.0_long_8.0_temporal_iter1,selected_dbfp_dense_videomme_blip_k16_alpha0.8_adaptive_short_2.0_med_5.0_long_8.0_score_diff_iter2,-0.006730139923910722,-0.3209863059216184,0.7483329140493239,-0.02625221131648008,No
selected_dbfp_dense_videomme_blip_k16_alpha0.85_adaptive_short_2.0_med_5.0_long_8.0_temporal_iter1,selected_dbfp_dense_videomme_blip_k16_alpha0.8_adaptive_short_2.0_med_5.0_long_8.0_score_diff_iter3,-0.009994500089090974,-0.46815957604128966,0.6398410608625493,-0.03828893601347651,No
selected_dbfp_dense_videomme_blip_k16_alpha0.85_adaptive_short_2.0_med_5.0_long_8.0_temporal_iter1,selected_dbfp_dense_videomme_blip_k16_alpha0.8_adaptive_short_2.0_med_5.0_long_8.0_temporal_iter1,0.0002214147351717599,0.010734151400726005,0.9914391307734629,0.000877904151969072,No
selected_dbfp_dense_videomme_blip_k16_alpha0.85_adaptive_short_2.0_med_5.0_long_8.0_temporal_iter1,selected_dbfp_dense_videomme_blip_k16_alpha0.8_adaptive_short_2.0_med_5.0_long_8.0_temporal_iter2,-0.015924694420798163,-0.7465949175544297,0.4556015318555532,-0.06106107081476369,No
selected_dbfp_dense_videomme_blip_k16_alpha0.85_adaptive_short_2.0_med_5.0_long_8.0_temporal_iter1,selected_dbfp_dense_videomme_blip_k16_alpha0.8_adaptive_short_2.0_med_5.0_long_8.0_temporal_iter3,-0.006952193805668555,-0.32924888988152434,0.7420828545689437,-0.02692797566686261,No
selected_dbfp_dense_videomme_blip_k16_alpha0.85_adaptive_short_2.0_med_5.0_long_8.0_temporal_iter1,selected_dbfp_dense_videomme_blip_k16_alpha0.8_adaptive_short_3.0_med_6.0_long_10.0_score_diff_iter1,0.0016113094990646282,0.0788853186585239,0.9371502300850755,0.0064517208829377795,No
selected_dbfp_dense_videomme_blip_k16_alpha0.85_adaptive_short_2.0_med_5.0_long_8.0_temporal_iter1,selected_dbfp_dense_videomme_blip_k16_alpha0.8_adaptive_short_3.0_med_6.0_long_10.0_score_diff_iter2,-0.0028588755963284973,-0.13982352273417067,0.8888465067492022,-0.01143561763996791,No
selected_dbfp_dense_videomme_blip_k16_alpha0.85_adaptive_short_2.0_med_5.0_long_8.0_temporal_iter1,selected_dbfp_dense_videomme_blip_k16_alpha0.8_adaptive_short_3.0_med_6.0_long_10.0_score_diff_iter3,-0.00762485441686081,-0.36875743354862006,0.7124390504443534,-0.030159224509442938,No
selected_dbfp_dense_videomme_blip_k16_alpha0.85_adaptive_short_2.0_med_5.0_long_8.0_temporal_iter1,selected_dbfp_dense_videomme_blip_k16_alpha0.8_adaptive_short_3.0_med_6.0_long_10.0_temporal_iter1,-0.016424006230394278,-0.7744011748841977,0.43899965227654025,-0.06333523555608606,No
selected_dbfp_dense_videomme_blip_k16_alpha0.85_adaptive_short_2.0_med_5.0_long_8.0_temporal_iter1,selected_dbfp_dense_videomme_blip_k16_alpha0.8_adaptive_short_3.0_med_6.0_long_10.0_temporal_iter2,-0.0034648839569383916,-0.16709861036563012,0.8673489473727642,-0.013666340112246197,No
selected_dbfp_dense_videomme_blip_k16_alpha0.85_adaptive_short_2.0_med_5.0_long_8.0_temporal_iter1,selected_dbfp_dense_videomme_blip_k16_alpha0.8_adaptive_short_3.0_med_6.0_long_10.0_temporal_iter3,0.0011698219350393946,0.056717187713636305,0.954789427416897,0.004638676381841372,No
selected_dbfp_dense_videomme_blip_k16_alpha0.85_adaptive_short_2.0_med_5.0_long_8.0_temporal_iter2,selected_dbfp_dense_videomme_blip_k16_alpha0.85_adaptive_short_2.0_med_5.0_long_8.0_temporal_iter3,-0.00465737086623183,-0.21892845565536592,0.8267804780987487,-0.017905299940390328,No
selected_dbfp_dense_videomme_blip_k16_alpha0.85_adaptive_short_2.0_med_5.0_long_8.0_temporal_iter2,selected_dbfp_dense_videomme_blip_k16_alpha0.85_adaptive_short_3.0_med_6.0_long_10.0_score_diff_iter1,0.005461530160888295,0.26504225672114007,0.7910682424361895,0.02167676688421417,No
selected_dbfp_dense_videomme_blip_k16_alpha0.85_adaptive_short_2.0_med_5.0_long_8.0_temporal_iter2,selected_dbfp_dense_videomme_blip_k16_alpha0.85_adaptive_short_3.0_med_6.0_long_10.0_score_diff_iter2,0.0034123939517833046,0.16602316022674346,0.8681948387783105,0.01357838325771954,No
selected_dbfp_dense_videomme_blip_k16_alpha0.85_adaptive_short_2.0_med_5.0_long_8.0_temporal_iter2,selected_dbfp_dense_videomme_blip_k16_alpha0.85_adaptive_short_3.0_med_6.0_long_10.0_score_diff_iter3,0.0013180030899103135,0.06367228554902511,0.9492524501026489,0.005207506561985781,No
selected_dbfp_dense_videomme_blip_k16_alpha0.85_adaptive_short_2.0_med_5.0_long_8.0_temporal_iter2,selected_dbfp_dense_videomme_blip_k16_alpha0.85_adaptive_short_3.0_med_6.0_long_10.0_temporal_iter1,-0.007607838328147265,-0.36051124462569706,0.7185921528194955,-0.02948480107612035,No
selected_dbfp_dense_videomme_blip_k16_alpha0.85_adaptive_short_2.0_med_5.0_long_8.0_temporal_iter2,selected_dbfp_dense_videomme_blip_k16_alpha0.85_adaptive_short_3.0_med_6.0_long_10.0_temporal_iter2,0.006435107817351793,0.3113592541633909,0.7556360374761308,0.02546485248818727,No
selected_dbfp_dense_videomme_blip_k16_alpha0.85_adaptive_short_2.0_med_5.0_long_8.0_temporal_iter2,selected_dbfp_dense_videomme_blip_k16_alpha0.85_adaptive_short_3.0_med_6.0_long_10.0_temporal_iter3,-3.1460742021816035e-06,-0.00015028213026866566,0.9998801423271211,-1.2290986150753331e-05,No
selected_dbfp_dense_videomme_blip_k16_alpha0.85_adaptive_short_2.0_med_5.0_long_8.0_temporal_iter2,selected_dbfp_dense_videomme_blip_k16_alpha0.8_adaptive_short_2.0_med_3.0_long_5.0_score_diff_iter1,0.00025747335035158914,0.012383862706421769,0.9901234899526896,0.0010128275710780113,No
selected_dbfp_dense_videomme_blip_k16_alpha0.85_adaptive_short_2.0_med_5.0_long_8.0_temporal_iter2,selected_dbfp_dense_videomme_blip_k16_alpha0.8_adaptive_short_2.0_med_3.0_long_5.0_score_diff_iter2,0.008806330325533324,0.432508348754926,0.665527912456443,0.0353731618608273,No
selected_dbfp_dense_videomme_blip_k16_alpha0.85_adaptive_short_2.0_med_5.0_long_8.0_temporal_iter2,selected_dbfp_dense_videomme_blip_k16_alpha0.8_adaptive_short_2.0_med_3.0_long_5.0_score_diff_iter3,0.010766517833917189,0.5267542722867239,0.5985595722862487,0.04308116638901117,No
selected_dbfp_dense_videomme_blip_k16_alpha0.85_adaptive_short_2.0_med_5.0_long_8.0_temporal_iter2,selected_dbfp_dense_videomme_blip_k16_alpha0.8_adaptive_short_2.0_med_3.0_long_5.0_temporal_iter1,0.010444703650828474,0.5084551550884256,0.6113216987641243,0.04158455335730596,No
selected_dbfp_dense_videomme_blip_k16_alpha0.85_adaptive_short_2.0_med_5.0_long_8.0_temporal_iter2,selected_dbfp_dense_videomme_blip_k16_alpha0.8_adaptive_short_2.0_med_3.0_long_5.0_temporal_iter2,-0.009936621289427211,-0.46293276130177324,0.6435809784843765,-0.03786145533875072,No
selected_dbfp_dense_videomme_blip_k16_alpha0.85_adaptive_short_2.0_med_5.0_long_8.0_temporal_iter2,selected_dbfp_dense_videomme_blip_k16_alpha0.8_adaptive_short_2.0_med_3.0_long_5.0_temporal_iter3,0.002445314553386785,0.11585434085008685,0.9078068759965949,0.00947527225493576,No
selected_dbfp_dense_videomme_blip_k16_alpha0.85_adaptive_short_2.0_med_5.0_long_8.0_temporal_iter2,selected_dbfp_dense_videomme_blip_k16_alpha0.8_adaptive_short_2.0_med_4.0_long_6.0_score_diff_iter1,-0.005928679959528643,-0.2816729417854826,0.7782917485197106,-0.02303692542199373,No
selected_dbfp_dense_videomme_blip_k16_alpha0.85_adaptive_short_2.0_med_5.0_long_8.0_temporal_iter2,selected_dbfp_dense_videomme_blip_k16_alpha0.8_adaptive_short_2.0_med_4.0_long_6.0_score_diff_iter2,0.00030014441505898937,0.014385865823217063,0.9885269337587601,0.0011765635558950043,No
selected_dbfp_dense_videomme_blip_k16_alpha0.85_adaptive_short_2.0_med_5.0_long_8.0_temporal_iter2,selected_dbfp_dense_videomme_blip_k16_alpha0.8_adaptive_short_2.0_med_4.0_long_6.0_score_diff_iter3,0.0026752495904452667,0.12664140819984757,0.8992667904334981,0.010357504196013865,No
selected_dbfp_dense_videomme_blip_k16_alpha0.85_adaptive_short_2.0_med_5.0_long_8.0_temporal_iter2,selected_dbfp_dense_videomme_blip_k16_alpha0.8_adaptive_short_2.0_med_4.0_long_6.0_temporal_iter1,-0.005311268084227799,-0.25144801352158896,0.801554133308946,-0.02056494705910409,No
selected_dbfp_dense_videomme_blip_k16_alpha0.85_adaptive_short_2.0_med_5.0_long_8.0_temporal_iter2,selected_dbfp_dense_videomme_blip_k16_alpha0.8_adaptive_short_2.0_med_4.0_long_6.0_temporal_iter2,-0.02239907188503462,-1.03164208417606,0.30265686564437144,-0.08437396092413249,No
selected_dbfp_dense_videomme_blip_k16_alpha0.85_adaptive_short_2.0_med_5.0_long_8.0_temporal_iter2,selected_dbfp_dense_videomme_blip_k16_alpha0.8_adaptive_short_2.0_med_4.0_long_6.0_temporal_iter3,-0.004601183951114474,-0.21802891469258814,0.8274809608364833,-0.017831730006744522,No
selected_dbfp_dense_videomme_blip_k16_alpha0.85_adaptive_short_2.0_med_5.0_long_8.0_temporal_iter2,selected_dbfp_dense_videomme_blip_k16_alpha0.8_adaptive_short_2.0_med_5.0_long_8.0_score_diff_iter1,-0.006899801353877244,-0.32698043896183837,0.7437970996549491,-0.026742447960418837,No
selected_dbfp_dense_videomme_blip_k16_alpha0.85_adaptive_short_2.0_med_5.0_long_8.0_temporal_iter2,selected_dbfp_dense_videomme_blip_k16_alpha0.8_adaptive_short_2.0_med_5.0_long_8.0_score_diff_iter2,-0.0025331982629509253,-0.11996870754615443,0.9045482302165666,-0.009811770174081105,No
selected_dbfp_dense_videomme_blip_k16_alpha0.85_adaptive_short_2.0_med_5.0_long_8.0_temporal_iter2,selected_dbfp_dense_videomme_blip_k16_alpha0.8_adaptive_short_2.0_med_5.0_long_8.0_score_diff_iter3,-0.005797558428131178,-0.26972556843706824,0.7874644364215189,-0.0220597966212664,No
selected_dbfp_dense_videomme_blip_k16_alpha0.85_adaptive_short_2.0_med_5.0_long_8.0_temporal_iter2,selected_dbfp_dense_videomme_blip_k16_alpha0.8_adaptive_short_2.0_med_5.0_long_8.0_temporal_iter1,0.004418356396131556,0.2126460200683884,0.8316755387363169,0.017391484152054344,No
selected_dbfp_dense_videomme_blip_k16_alpha0.85_adaptive_short_2.0_med_5.0_long_8.0_temporal_iter2,selected_dbfp_dense_videomme_blip_k16_alpha0.8_adaptive_short_2.0_med_5.0_long_8.0_temporal_iter2,-0.011727752759838367,-0.5460943894572873,0.5852047227622226,-0.04466291882097254,No
selected_dbfp_dense_videomme_blip_k16_alpha0.85_adaptive_short_2.0_med_5.0_long_8.0_temporal_iter2,selected_dbfp_dense_videomme_blip_k16_alpha0.8_adaptive_short_2.0_med_5.0_long_8.0_temporal_iter3,-0.0027552521447087586,-0.12958142670528733,0.8969411714558464,-0.01059795678396915,No
selected_dbfp_dense_videomme_blip_k16_alpha0.85_adaptive_short_2.0_med_5.0_long_8.0_temporal_iter2,selected_dbfp_dense_videomme_blip_k16_alpha0.8_adaptive_short_3.0_med_6.0_long_10.0_score_diff_iter1,0.005808251160024425,0.28225116746480333,0.7778485846155824,0.023084216212508394,No
selected_dbfp_dense_videomme_blip_k16_alpha0.85_adaptive_short_2.0_med_5.0_long_8.0_temporal_iter2,selected_dbfp_dense_videomme_blip_k16_alpha0.8_adaptive_short_3.0_med_6.0_long_10.0_score_diff_iter2,0.0013380660646312992,0.06495940678781222,0.9482280297635434,0.0053127751599877674,No
selected_dbfp_dense_videomme_blip_k16_alpha0.85_adaptive_short_2.0_med_5.0_long_8.0_temporal_iter2,selected_dbfp_dense_videomme_blip_k16_alpha0.8_adaptive_short_3.0_med_6.0_long_10.0_score_diff_iter3,-0.0034279127559010136,-0.16458471110649225,0.869326482058403,-0.013460738151727903,No
selected_dbfp_dense_videomme_blip_k16_alpha0.85_adaptive_short_2.0_med_5.0_long_8.0_temporal_iter2,selected_dbfp_dense_videomme_blip_k16_alpha0.8_adaptive_short_3.0_med_6.0_long_10.0_temporal_iter1,-0.012227064569434482,-0.5725513163579582,0.5671637227869124,-0.04682672712177961,No
selected_dbfp_dense_videomme_blip_k16_alpha0.85_adaptive_short_2.0_med_5.0_long_8.0_temporal_iter2,selected_dbfp_dense_videomme_blip_k16_alpha0.8_adaptive_short_3.0_med_6.0_long_10.0_temporal_iter2,0.0007320577040214049,0.035050769148936546,0.9720509541837037,0.0028666649679061624,No
selected_dbfp_dense_videomme_blip_k16_alpha0.85_adaptive_short_2.0_med_5.0_long_8.0_temporal_iter2,selected_dbfp_dense_videomme_blip_k16_alpha0.8_adaptive_short_3.0_med_6.0_long_10.0_temporal_iter3,0.005366763595999191,0.25831059689268054,0.7962560854426092,0.021126210830131813,No
selected_dbfp_dense_videomme_blip_k16_alpha0.85_adaptive_short_2.0_med_5.0_long_8.0_temporal_iter3,selected_dbfp_dense_videomme_blip_k16_alpha0.85_adaptive_short_3.0_med_6.0_long_10.0_score_diff_iter1,0.010118901027120125,0.4828126440309696,0.6294054691872029,0.039487352959712674,No
selected_dbfp_dense_videomme_blip_k16_alpha0.85_adaptive_short_2.0_med_5.0_long_8.0_temporal_iter3,selected_dbfp_dense_videomme_blip_k16_alpha0.85_adaptive_short_3.0_med_6.0_long_10.0_score_diff_iter2,0.008069764818015135,0.3859916187603462,0.6996401592360441,0.03156874095251201,No
selected_dbfp_dense_videomme_blip_k16_alpha0.85_adaptive_short_2.0_med_5.0_long_8.0_temporal_iter3,selected_dbfp_dense_videomme_blip_k16_alpha0.85_adaptive_short_3.0_med_6.0_long_10.0_score_diff_iter3,0.005975373956142144,0.28386302257374735,0.7766136089297774,0.023216043542083536,No
selected_dbfp_dense_videomme_blip_k16_alpha0.85_adaptive_short_2.0_med_5.0_long_8.0_temporal_iter3,selected_dbfp_dense_videomme_blip_k16_alpha0.85_adaptive_short_3.0_med_6.0_long_10.0_temporal_iter1,-0.0029504674619154347,-0.1375718412770048,0.8906251185595893,-0.01125146146401001,No
selected_dbfp_dense_videomme_blip_k16_alpha0.85_adaptive_short_2.0_med_5.0_long_8.0_temporal_iter3,selected_dbfp_dense_videomme_blip_k16_alpha0.85_adaptive_short_3.0_med_6.0_long_10.0_temporal_iter2,0.011092478683583623,0.5277424848858406,0.5978738361553233,0.04316198847005958,No
selected_dbfp_dense_videomme_blip_k16_alpha0.85_adaptive_short_2.0_med_5.0_long_8.0_temporal_iter3,selected_dbfp_dense_videomme_blip_k16_alpha0.85_adaptive_short_3.0_med_6.0_long_10.0_temporal_iter3,0.004654224792029649,0.21870330254360223,0.8269557944361784,0.01788688555047741,No
selected_dbfp_dense_videomme_blip_k16_alpha0.85_adaptive_short_2.0_med_5.0_long_8.0_temporal_iter3,selected_dbfp_dense_videomme_blip_k16_alpha0.8_adaptive_short_2.0_med_3.0_long_5.0_score_diff_iter1,0.004914844216583419,0.23249098686616113,0.8162362323117078,0.019014526183010146,No
selected_dbfp_dense_videomme_blip_k16_alpha0.85_adaptive_short_2.0_med_5.0_long_8.0_temporal_iter3,selected_dbfp_dense_videomme_blip_k16_alpha0.8_adaptive_short_2.0_med_3.0_long_5.0_score_diff_iter2,0.013463701191765154,0.6498802251661192,0.5160191527824585,0.05315115529446481,No
selected_dbfp_dense_videomme_blip_k16_alpha0.85_adaptive_short_2.0_med_5.0_long_8.0_temporal_iter3,selected_dbfp_dense_videomme_blip_k16_alpha0.8_adaptive_short_2.0_med_3.0_long_5.0_score_diff_iter3,0.015423888700149019,0.7417415725310129,0.45853513215286146,0.06066413469595632,No
selected_dbfp_dense_videomme_blip_k16_alpha0.85_adaptive_short_2.0_med_5.0_long_8.0_temporal_iter3,selected_dbfp_dense_videomme_blip_k16_alpha0.8_adaptive_short_2.0_med_3.0_long_5.0_temporal_iter1,0.015102074517060304,0.7227570771746227,0.4701117079362309,0.05911146727410128,No
selected_dbfp_dense_videomme_blip_k16_alpha0.85_adaptive_short_2.0_med_5.0_long_8.0_temporal_iter3,selected_dbfp_dense_videomme_blip_k16_alpha0.8_adaptive_short_2.0_med_3.0_long_5.0_temporal_iter2,-0.005279250423195381,-0.24213829444719767,0.8087560219684926,-0.01980354166477967,No
selected_dbfp_dense_videomme_blip_k16_alpha0.85_adaptive_short_2.0_med_5.0_long_8.0_temporal_iter3,selected_dbfp_dense_videomme_blip_k16_alpha0.8_adaptive_short_2.0_med_3.0_long_5.0_temporal_iter3,0.007102685419618615,0.3311188317100847,0.7406707221571356,0.02708091089307888,No
selected_dbfp_dense_videomme_blip_k16_alpha0.85_adaptive_short_2.0_med_5.0_long_8.0_temporal_iter3,selected_dbfp_dense_videomme_blip_k16_alpha0.8_adaptive_short_2.0_med_4.0_long_6.0_score_diff_iter1,-0.001271309093296813,-0.05942694953165863,0.9526319017825489,-0.004860297182244679,No
selected_dbfp_dense_videomme_blip_k16_alpha0.85_adaptive_short_2.0_med_5.0_long_8.0_temporal_iter3,selected_dbfp_dense_videomme_blip_k16_alpha0.8_adaptive_short_2.0_med_4.0_long_6.0_score_diff_iter2,0.00495751528129082,0.23371783204623456,0.8152840288256905,0.019114865042136924,No
selected_dbfp_dense_videomme_blip_k16_alpha0.85_adaptive_short_2.0_med_5.0_long_8.0_temporal_iter3,selected_dbfp_dense_videomme_blip_k16_alpha0.8_adaptive_short_2.0_med_4.0_long_6.0_score_diff_iter3,0.007332620456677097,0.3415591987571141,0.7328026340241821,0.02793478757692441,No
selected_dbfp_dense_videomme_blip_k16_alpha0.85_adaptive_short_2.0_med_5.0_long_8.0_temporal_iter3,selected_dbfp_dense_videomme_blip_k16_alpha0.8_adaptive_short_2.0_med_4.0_long_6.0_temporal_iter1,-0.000653897217995969,-0.03046166283799174,0.9757090312932979,-0.0024913399601382592,No
selected_dbfp_dense_videomme_blip_k16_alpha0.85_adaptive_short_2.0_med_5.0_long_8.0_temporal_iter3,selected_dbfp_dense_videomme_blip_k16_alpha0.8_adaptive_short_2.0_med_4.0_long_6.0_temporal_iter2,-0.01774170101880279,-0.8047442807925234,0.42128708502033396,-0.06581687930511569,No
selected_dbfp_dense_videomme_blip_k16_alpha0.85_adaptive_short_2.0_med_5.0_long_8.0_temporal_iter3,selected_dbfp_dense_videomme_blip_k16_alpha0.8_adaptive_short_2.0_med_4.0_long_6.0_temporal_iter3,5.618691511735663e-05,0.0026197586313565376,0.997910611102514,0.00021425978610257448,No
selected_dbfp_dense_videomme_blip_k16_alpha0.85_adaptive_short_2.0_med_5.0_long_8.0_temporal_iter3,selected_dbfp_dense_videomme_blip_k16_alpha0.8_adaptive_short_2.0_med_5.0_long_8.0_score_diff_iter1,-0.0022424304876454138,-0.10456455057652937,0.9167564056623982,-0.008551924582746962,No
selected_dbfp_dense_videomme_blip_k16_alpha0.85_adaptive_short_2.0_med_5.0_long_8.0_temporal_iter3,selected_dbfp_dense_videomme_blip_k16_alpha0.8_adaptive_short_2.0_med_5.0_long_8.0_score_diff_iter2,0.002124172603280905,0.09898696453416955,0.9211817921129979,0.008095755690857284,No
selected_dbfp_dense_videomme_blip_k16_alpha0.85_adaptive_short_2.0_med_5.0_long_8.0_temporal_iter3,selected_dbfp_dense_videomme_blip_k16_alpha0.8_adaptive_short_2.0_med_5.0_long_8.0_score_diff_iter3,-0.0011401875618993473,-0.052225646825008645,0.9583663382360981,-0.004271330874294115,No
selected_dbfp_dense_videomme_blip_k16_alpha0.85_adaptive_short_2.0_med_5.0_long_8.0_temporal_iter3,selected_dbfp_dense_videomme_blip_k16_alpha0.8_adaptive_short_2.0_med_5.0_long_8.0_temporal_iter1,0.009075727262363387,0.4295775127823454,0.6676577337840089,0.03513346033041074,No
selected_dbfp_dense_videomme_blip_k16_alpha0.85_adaptive_short_2.0_med_5.0_long_8.0_temporal_iter3,selected_dbfp_dense_videomme_blip_k16_alpha0.8_adaptive_short_2.0_med_5.0_long_8.0_temporal_iter2,-0.007070381893606537,-0.3241266810495603,0.7459554636001398,-0.02650905032435097,No
selected_dbfp_dense_videomme_blip_k16_alpha0.85_adaptive_short_2.0_med_5.0_long_8.0_temporal_iter3,selected_dbfp_dense_videomme_blip_k16_alpha0.8_adaptive_short_2.0_med_5.0_long_8.0_temporal_iter3,0.0019021187215230717,0.08804478793885556,0.9298705542244241,0.007200837974402567,No
selected_dbfp_dense_videomme_blip_k16_alpha0.85_adaptive_short_2.0_med_5.0_long_8.0_temporal_iter3,selected_dbfp_dense_videomme_blip_k16_alpha0.8_adaptive_short_3.0_med_6.0_long_10.0_score_diff_iter1,0.010465622026256255,0.5000117904651162,0.6172507134061268,0.04089400370350642,No
selected_dbfp_dense_videomme_blip_k16_alpha0.85_adaptive_short_2.0_med_5.0_long_8.0_temporal_iter3,selected_dbfp_dense_videomme_blip_k16_alpha0.8_adaptive_short_3.0_med_6.0_long_10.0_score_diff_iter2,0.0059954369308631295,0.2861701825709579,0.7748468878654182,0.023404737107173355,No
selected_dbfp_dense_videomme_blip_k16_alpha0.85_adaptive_short_2.0_med_5.0_long_8.0_temporal_iter3,selected_dbfp_dense_videomme_blip_k16_alpha0.8_adaptive_short_3.0_med_6.0_long_10.0_score_diff_iter3,0.0012294581103308166,0.05805918791761279,0.9537208777774981,0.004748433321124437,No
selected_dbfp_dense_videomme_blip_k16_alpha0.85_adaptive_short_2.0_med_5.0_long_8.0_temporal_iter3,selected_dbfp_dense_videomme_blip_k16_alpha0.8_adaptive_short_3.0_med_6.0_long_10.0_temporal_iter1,-0.007569693703202651,-0.3489105565868641,0.7272792740283762,-0.028536026319757116,No
selected_dbfp_dense_videomme_blip_k16_alpha0.85_adaptive_short_2.0_med_5.0_long_8.0_temporal_iter3,selected_dbfp_dense_videomme_blip_k16_alpha0.8_adaptive_short_3.0_med_6.0_long_10.0_temporal_iter2,0.005389428570253235,0.2538234466946291,0.7997192037176117,0.020759224428057266,No
selected_dbfp_dense_videomme_blip_k16_alpha0.85_adaptive_short_2.0_med_5.0_long_8.0_temporal_iter3,selected_dbfp_dense_videomme_blip_k16_alpha0.8_adaptive_short_3.0_med_6.0_long_10.0_temporal_iter3,0.010024134462231021,0.4745031939478708,0.6353143444905374,0.03880775563226378,No
selected_dbfp_dense_videomme_blip_k16_alpha0.85_adaptive_short_3.0_med_6.0_long_10.0_score_diff_iter1,selected_dbfp_dense_videomme_blip_k16_alpha0.85_adaptive_short_3.0_med_6.0_long_10.0_score_diff_iter2,-0.0020491362091049903,-0.10130567506937599,0.9193417681289573,-0.008285393914390692,No
selected_dbfp_dense_videomme_blip_k16_alpha0.85_adaptive_short_3.0_med_6.0_long_10.0_score_diff_iter1,selected_dbfp_dense_videomme_blip_k16_alpha0.85_adaptive_short_3.0_med_6.0_long_10.0_score_diff_iter3,-0.0041435270709779815,-0.20335660249070414,0.8389254942783115,-0.016631739101190673,No
selected_dbfp_dense_videomme_blip_k16_alpha0.85_adaptive_short_3.0_med_6.0_long_10.0_score_diff_iter1,selected_dbfp_dense_videomme_blip_k16_alpha0.85_adaptive_short_3.0_med_6.0_long_10.0_temporal_iter1,-0.01306936848903556,-0.6287860383680058,0.5297292404284554,-0.05142594447777653,No
selected_dbfp_dense_videomme_blip_k16_alpha0.85_adaptive_short_3.0_med_6.0_long_10.0_score_diff_iter1,selected_dbfp_dense_videomme_blip_k16_alpha0.85_adaptive_short_3.0_med_6.0_long_10.0_temporal_iter2,0.0009735776564634979,0.04785774339698314,0.9618455951675059,0.003914097168965435,No
selected_dbfp_dense_videomme_blip_k16_alpha0.85_adaptive_short_3.0_med_6.0_long_10.0_score_diff_iter1,selected_dbfp_dense_videomme_blip_k16_alpha0.85_adaptive_short_3.0_med_6.0_long_10.0_temporal_iter3,-0.0054646762350904765,-0.2650951144429496,0.7910275432941143,-0.021681089910337306,No
selected_dbfp_dense_videomme_blip_k16_alpha0.85_adaptive_short_3.0_med_6.0_long_10.0_score_diff_iter1,selected_dbfp_dense_videomme_blip_k16_alpha0.8_adaptive_short_2.0_med_3.0_long_5.0_score_diff_iter1,-0.005204056810536706,-0.25424884093709293,0.7993907199073922,-0.020794015725197696,No
selected_dbfp_dense_videomme_blip_k16_alpha0.85_adaptive_short_3.0_med_6.0_long_10.0_score_diff_iter1,selected_dbfp_dense_videomme_blip_k16_alpha0.8_adaptive_short_2.0_med_3.0_long_5.0_score_diff_iter2,0.0033448001646450287,0.16697733502981085,0.8674443284497774,0.01365642145914302,No
selected_dbfp_dense_videomme_blip_k16_alpha0.85_adaptive_short_3.0_med_6.0_long_10.0_score_diff_iter1,selected_dbfp_dense_videomme_blip_k16_alpha0.8_adaptive_short_2.0_med_3.0_long_5.0_score_diff_iter3,0.005304987673028894,0.2637848967961145,0.7920365466904493,0.02157393232526502,No
selected_dbfp_dense_videomme_blip_k16_alpha0.85_adaptive_short_3.0_med_6.0_long_10.0_score_diff_iter1,selected_dbfp_dense_videomme_blip_k16_alpha0.8_adaptive_short_2.0_med_3.0_long_5.0_temporal_iter1,0.004983173489940179,0.24650402639815522,0.8053766804679606,0.02016059770338534,No
selected_dbfp_dense_videomme_blip_k16_alpha0.85_adaptive_short_3.0_med_6.0_long_10.0_score_diff_iter1,selected_dbfp_dense_videomme_blip_k16_alpha0.8_adaptive_short_2.0_med_3.0_long_5.0_temporal_iter2,-0.015398151450315506,-0.7279726598829726,0.46691526148862406,-0.05953802936084082,No
selected_dbfp_dense_videomme_blip_k16_alpha0.85_adaptive_short_3.0_med_6.0_long_10.0_score_diff_iter1,selected_dbfp_dense_videomme_blip_k16_alpha0.8_adaptive_short_2.0_med_3.0_long_5.0_temporal_iter3,-0.00301621560750151,-0.14508691420435235,0.8846911366401533,-0.011866089797009573,No
selected_dbfp_dense_videomme_blip_k16_alpha0.85_adaptive_short_3.0_med_6.0_long_10.0_score_diff_iter1,selected_dbfp_dense_videomme_blip_k16_alpha0.8_adaptive_short_2.0_med_4.0_long_6.0_score_diff_iter1,-0.011390210120416938,-0.5494706616111201,0.5828876227791366,-0.04493905082010976,No
selected_dbfp_dense_videomme_blip_k16_alpha0.85_adaptive_short_3.0_med_6.0_long_10.0_score_diff_iter1,selected_dbfp_dense_videomme_blip_k16_alpha0.8_adaptive_short_2.0_med_4.0_long_6.0_score_diff_iter2,-0.0051613857458293055,-0.2512563790446088,0.8017022114717557,-0.0205492740041793,No
selected_dbfp_dense_videomme_blip_k16_alpha0.85_adaptive_short_3.0_med_6.0_long_10.0_score_diff_iter1,selected_dbfp_dense_videomme_blip_k16_alpha0.8_adaptive_short_2.0_med_4.0_long_6.0_score_diff_iter3,-0.0027862805704430282,-0.1339100846955956,0.8935187288047779,-0.010951980738520184,No
selected_dbfp_dense_videomme_blip_k16_alpha0.85_adaptive_short_3.0_med_6.0_long_10.0_score_diff_iter1,selected_dbfp_dense_videomme_blip_k16_alpha0.8_adaptive_short_2.0_med_4.0_long_6.0_temporal_iter1,-0.010772798245116094,-0.5177936401683582,0.6047937517285691,-0.04234831145482972,No
selected_dbfp_dense_videomme_blip_k16_alpha0.85_adaptive_short_3.0_med_6.0_long_10.0_score_diff_iter1,selected_dbfp_dense_videomme_blip_k16_alpha0.8_adaptive_short_2.0_med_4.0_long_6.0_temporal_iter2,-0.027860602045922916,-1.3016983984370185,0.1935207236789891,-0.10646080790002048,No
selected_dbfp_dense_videomme_blip_k16_alpha0.85_adaptive_short_3.0_med_6.0_long_10.0_score_diff_iter1,selected_dbfp_dense_videomme_blip_k16_alpha0.8_adaptive_short_2.0_med_4.0_long_6.0_temporal_iter3,-0.010062714112002769,-0.4841166013169412,0.6284803635463263,-0.039593998500256765,No
selected_dbfp_dense_videomme_blip_k16_alpha0.85_adaptive_short_3.0_med_6.0_long_10.0_score_diff_iter1,selected_dbfp_dense_videomme_blip_k16_alpha0.8_adaptive_short_2.0_med_5.0_long_8.0_score_diff_iter1,-0.012361331514765539,-0.5947603899084979,0.5522286153095011,-0.04864312011176558,No
selected_dbfp_dense_videomme_blip_k16_alpha0.85_adaptive_short_3.0_med_6.0_long_10.0_score_diff_iter1,selected_dbfp_dense_videomme_blip_k16_alpha0.8_adaptive_short_2.0_med_5.0_long_8.0_score_diff_iter2,-0.00799472842383922,-0.3844016934006226,0.7008174013298964,-0.03143870718530746,No
selected_dbfp_dense_videomme_blip_k16_alpha0.85_adaptive_short_3.0_med_6.0_long_10.0_score_diff_iter1,selected_dbfp_dense_videomme_blip_k16_alpha0.8_adaptive_short_2.0_med_5.0_long_8.0_score_diff_iter3,-0.011259088589019473,-0.531532261266967,0.5952473741507894,-0.04347193943297274,No
selected_dbfp_dense_videomme_blip_k16_alpha0.85_adaptive_short_3.0_med_6.0_long_10.0_score_diff_iter1,selected_dbfp_dense_videomme_blip_k16_alpha0.8_adaptive_short_2.0_med_5.0_long_8.0_temporal_iter1,-0.0010431737647567385,-0.05099821197772117,0.9593439749916237,-0.004170943780454137,No
selected_dbfp_dense_videomme_blip_k16_alpha0.85_adaptive_short_3.0_med_6.0_long_10.0_score_diff_iter1,selected_dbfp_dense_videomme_blip_k16_alpha0.8_adaptive_short_2.0_med_5.0_long_8.0_temporal_iter2,-0.017189282920726662,-0.8122154512633497,0.41699121595780997,-0.06642791694048322,No
selected_dbfp_dense_videomme_blip_k16_alpha0.85_adaptive_short_3.0_med_6.0_long_10.0_score_diff_iter1,selected_dbfp_dense_videomme_blip_k16_alpha0.8_adaptive_short_2.0_med_5.0_long_8.0_temporal_iter3,-0.008216782305597053,-0.3922597586612789,0.6950060572411748,-0.032081387538890754,No
selected_dbfp_dense_videomme_blip_k16_alpha0.85_adaptive_short_3.0_med_6.0_long_10.0_score_diff_iter1,selected_dbfp_dense_videomme_blip_k16_alpha0.8_adaptive_short_3.0_med_6.0_long_10.0_score_diff_iter1,0.00034672099913612975,0.01712013033905181,0.9863464898726173,0.0014001883274030835,No
selected_dbfp_dense_videomme_blip_k16_alpha0.85_adaptive_short_3.0_med_6.0_long_10.0_score_diff_iter1,selected_dbfp_dense_videomme_blip_k16_alpha0.8_adaptive_short_3.0_med_6.0_long_10.0_score_diff_iter2,-0.004123464096256996,-0.20339930463119593,0.8388921353827201,-0.01663523153842505,No
selected_dbfp_dense_videomme_blip_k16_alpha0.85_adaptive_short_3.0_med_6.0_long_10.0_score_diff_iter1,selected_dbfp_dense_videomme_blip_k16_alpha0.8_adaptive_short_3.0_med_6.0_long_10.0_score_diff_iter3,-0.008889442916789309,-0.43351401816943325,0.6647977202173545,-0.03545541162876917,No
selected_dbfp_dense_videomme_blip_k16_alpha0.85_adaptive_short_3.0_med_6.0_long_10.0_score_diff_iter1,selected_dbfp_dense_videomme_blip_k16_alpha0.8_adaptive_short_3.0_med_6.0_long_10.0_temporal_iter1,-0.017688594730322776,-0.8406574122854129,0.40087588452506395,-0.06875407339187752,No
selected_dbfp_dense_videomme_blip_k16_alpha0.85_adaptive_short_3.0_med_6.0_long_10.0_score_diff_iter1,selected_dbfp_dense_videomme_blip_k16_alpha0.8_adaptive_short_3.0_med_6.0_long_10.0_temporal_iter2,-0.00472947245686689,-0.22998297374734103,0.8181836464533829,-0.018809405603961132,No
selected_dbfp_dense_videomme_blip_k16_alpha0.85_adaptive_short_3.0_med_6.0_long_10.0_score_diff_iter1,selected_dbfp_dense_videomme_blip_k16_alpha0.8_adaptive_short_3.0_med_6.0_long_10.0_temporal_iter3,-9.476656488910384e-05,-0.0046332713240584,0.9963047427555418,-0.0003789370933361181,No
selected_dbfp_dense_videomme_blip_k16_alpha0.85_adaptive_short_3.0_med_6.0_long_10.0_score_diff_iter2,selected_dbfp_dense_videomme_blip_k16_alpha0.85_adaptive_short_3.0_med_6.0_long_10.0_score_diff_iter3,-0.002094390861872991,-0.10305756160921765,0.9179518366298082,-0.008428673846416468,No
selected_dbfp_dense_videomme_blip_k16_alpha0.85_adaptive_short_3.0_med_6.0_long_10.0_score_diff_iter2,selected_dbfp_dense_videomme_blip_k16_alpha0.85_adaptive_short_3.0_med_6.0_long_10.0_temporal_iter1,-0.01102023227993057,-0.5315311498368495,0.5952481436405594,-0.04347184849708534,No
selected_dbfp_dense_videomme_blip_k16_alpha0.85_adaptive_short_3.0_med_6.0_long_10.0_score_diff_iter2,selected_dbfp_dense_videomme_blip_k16_alpha0.85_adaptive_short_3.0_med_6.0_long_10.0_temporal_iter2,0.003022713865568488,0.14897600546888257,0.8816227911524921,0.012184163309814556,No
selected_dbfp_dense_videomme_blip_k16_alpha0.85_adaptive_short_3.0_med_6.0_long_10.0_score_diff_iter2,selected_dbfp_dense_videomme_blip_k16_alpha0.85_adaptive_short_3.0_med_6.0_long_10.0_temporal_iter3,-0.0034155400259854862,-0.16611335831917165,0.8681238879703238,-0.013585760206215084,No
selected_dbfp_dense_videomme_blip_k16_alpha0.85_adaptive_short_3.0_med_6.0_long_10.0_score_diff_iter2,selected_dbfp_dense_videomme_blip_k16_alpha0.8_adaptive_short_2.0_med_3.0_long_5.0_score_diff_iter1,-0.0031549206014317155,-0.1545358140294805,0.8772394158635226,-0.01263887825352033,No
selected_dbfp_dense_videomme_blip_k16_alpha0.85_adaptive_short_3.0_med_6.0_long_10.0_score_diff_iter2,selected_dbfp_dense_videomme_blip_k16_alpha0.8_adaptive_short_2.0_med_3.0_long_5.0_score_diff_iter2,0.005393936373750019,0.2700017719879728,0.7872520394968149,0.022082386162874012,No
selected_dbfp_dense_videomme_blip_k16_alpha0.85_adaptive_short_3.0_med_6.0_long_10.0_score_diff_iter2,selected_dbfp_dense_videomme_blip_k16_alpha0.8_adaptive_short_2.0_med_3.0_long_5.0_score_diff_iter3,0.007354123882133884,0.36665755783764475,0.7140041646378315,0.029987483872463118,No
selected_dbfp_dense_videomme_blip_k16_alpha0.85_adaptive_short_3.0_med_6.0_long_10.0_score_diff_iter2,selected_dbfp_dense_videomme_blip_k16_alpha0.8_adaptive_short_2.0_med_3.0_long_5.0_temporal_iter1,0.0070323096990451694,0.34879329891507543,0.727367263752517,0.028526436192769494,No
selected_dbfp_dense_videomme_blip_k16_alpha0.85_adaptive_short_3.0_med_6.0_long_10.0_score_diff_iter2,selected_dbfp_dense_videomme_blip_k16_alpha0.8_adaptive_short_2.0_med_3.0_long_5.0_temporal_iter2,-0.013349015241210516,-0.6326271384017991,0.5272189781445011,-0.05174009301826475,No
selected_dbfp_dense_videomme_blip_k16_alpha0.85_adaptive_short_3.0_med_6.0_long_10.0_score_diff_iter2,selected_dbfp_dense_videomme_blip_k16_alpha0.8_adaptive_short_2.0_med_3.0_long_5.0_temporal_iter3,-0.0009670793983965198,-0.04663556724697184,0.9628192538522383,-0.0038141401770592884,No
selected_dbfp_dense_videomme_blip_k16_alpha0.85_adaptive_short_3.0_med_6.0_long_10.0_score_diff_iter2,selected_dbfp_dense_videomme_blip_k16_alpha0.8_adaptive_short_2.0_med_4.0_long_6.0_score_diff_iter1,-0.009341073911311948,-0.4517572603218451,0.651607663692616,-0.03694745488031527,No
selected_dbfp_dense_videomme_blip_k16_alpha0.85_adaptive_short_3.0_med_6.0_long_10.0_score_diff_iter2,selected_dbfp_dense_videomme_blip_k16_alpha0.8_adaptive_short_2.0_med_4.0_long_6.0_score_diff_iter2,-0.0031122495367243153,-0.15189408084228143,0.879321706817841,-0.012422821256877168,No
selected_dbfp_dense_videomme_blip_k16_alpha0.85_adaptive_short_3.0_med_6.0_long_10.0_score_diff_iter2,selected_dbfp_dense_videomme_blip_k16_alpha0.8_adaptive_short_2.0_med_4.0_long_6.0_score_diff_iter3,-0.000737144361338038,-0.03551635273526669,0.9716798589529696,-0.0029047432230740276,No
selected_dbfp_dense_videomme_blip_k16_alpha0.85_adaptive_short_3.0_med_6.0_long_10.0_score_diff_iter2,selected_dbfp_dense_videomme_blip_k16_alpha0.8_adaptive_short_2.0_med_4.0_long_6.0_temporal_iter1,-0.008723662036011104,-0.42035342639406925,0.6743782882443929,-0.034379058449806946,No
selected_dbfp_dense_videomme_blip_k16_alpha0.85_adaptive_short_3.0_med_6.0_long_10.0_score_diff_iter2,selected_dbfp_dense_videomme_blip_k16_alpha0.8_adaptive_short_2.0_med_4.0_long_6.0_temporal_iter2,-0.025811465836817926,-1.2088155646724716,0.22721145247183222,-0.09886428512167304,No
selected_dbfp_dense_videomme_blip_k16_alpha0.85_adaptive_short_3.0_med_6.0_long_10.0_score_diff_iter2,selected_dbfp_dense_videomme_blip_k16_alpha0.8_adaptive_short_2.0_med_4.0_long_6.0_temporal_iter3,-0.008013577902897778,-0.38650126750009073,0.6992629486012474,-0.031610423114192425,No
selected_dbfp_dense_videomme_blip_k16_alpha0.85_adaptive_short_3.0_med_6.0_long_10.0_score_diff_iter2,selected_dbfp_dense_videomme_blip_k16_alpha0.8_adaptive_short_2.0_med_5.0_long_8.0_score_diff_iter1,-0.010312195305660549,-0.49741369950825615,0.61908018658439,-0.04068151601647167,No
selected_dbfp_dense_videomme_blip_k16_alpha0.85_adaptive_short_3.0_med_6.0_long_10.0_score_diff_iter2,selected_dbfp_dense_videomme_blip_k16_alpha0.8_adaptive_short_2.0_med_5.0_long_8.0_score_diff_iter2,-0.00594559221473423,-0.2865926448638666,0.7745235111771276,-0.023439288632525798,No
selected_dbfp_dense_videomme_blip_k16_alpha0.85_adaptive_short_3.0_med_6.0_long_10.0_score_diff_iter2,selected_dbfp_dense_videomme_blip_k16_alpha0.8_adaptive_short_2.0_med_5.0_long_8.0_score_diff_iter3,-0.009209952379914482,-0.43584581210735884,0.6631058882337368,-0.03564611995349849,No
selected_dbfp_dense_videomme_blip_k16_alpha0.85_adaptive_short_3.0_med_6.0_long_10.0_score_diff_iter2,selected_dbfp_dense_videomme_blip_k16_alpha0.8_adaptive_short_2.0_med_5.0_long_8.0_temporal_iter1,0.0010059624443482518,0.04930662529611315,0.9606914031243514,0.004032595538496824,No
selected_dbfp_dense_videomme_blip_k16_alpha0.85_adaptive_short_3.0_med_6.0_long_10.0_score_diff_iter2,selected_dbfp_dense_videomme_blip_k16_alpha0.8_adaptive_short_2.0_med_5.0_long_8.0_temporal_iter2,-0.015140146711621671,-0.7171244786259052,0.47357729672208115,-0.0586507991489107,No
selected_dbfp_dense_videomme_blip_k16_alpha0.85_adaptive_short_3.0_med_6.0_long_10.0_score_diff_iter2,selected_dbfp_dense_videomme_blip_k16_alpha0.8_adaptive_short_2.0_med_5.0_long_8.0_temporal_iter3,-0.006167646096492063,-0.29516458874492113,0.7679706001610049,-0.024140354316960516,No
selected_dbfp_dense_videomme_blip_k16_alpha0.85_adaptive_short_3.0_med_6.0_long_10.0_score_diff_iter2,selected_dbfp_dense_videomme_blip_k16_alpha0.8_adaptive_short_3.0_med_6.0_long_10.0_score_diff_iter1,0.00239585720824112,0.11861395452075539,0.9056210415916589,0.009700970219279811,No
selected_dbfp_dense_videomme_blip_k16_alpha0.85_adaptive_short_3.0_med_6.0_long_10.0_score_diff_iter2,selected_dbfp_dense_videomme_blip_k16_alpha0.8_adaptive_short_3.0_med_6.0_long_10.0_score_diff_iter2,-0.0020743278871520054,-0.10259123492186853,0.9183217917830662,-0.00839053481353266,No
selected_dbfp_dense_videomme_blip_k16_alpha0.85_adaptive_short_3.0_med_6.0_long_10.0_score_diff_iter2,selected_dbfp_dense_videomme_blip_k16_alpha0.8_adaptive_short_3.0_med_6.0_long_10.0_score_diff_iter3,-0.006840306707684318,-0.33444433926093786,0.7381615491117786,-0.027352891065111722,No
selected_dbfp_dense_videomme_blip_k16_alpha0.85_adaptive_short_3.0_med_6.0_long_10.0_score_diff_iter2,selected_dbfp_dense_videomme_blip_k16_alpha0.8_adaptive_short_3.0_med_6.0_long_10.0_temporal_iter1,-0.015639458521217786,-0.7450933086705144,0.45650804507425535,-0.06093826007431434,No
selected_dbfp_dense_videomme_blip_k16_alpha0.85_adaptive_short_3.0_med_6.0_long_10.0_score_diff_iter2,selected_dbfp_dense_videomme_blip_k16_alpha0.8_adaptive_short_3.0_med_6.0_long_10.0_temporal_iter2,-0.0026803362477618997,-0.13067289651787242,0.8960780197365479,-0.010687223805091035,No
selected_dbfp_dense_videomme_blip_k16_alpha0.85_adaptive_short_3.0_med_6.0_long_10.0_score_diff_iter2,selected_dbfp_dense_videomme_blip_k16_alpha0.8_adaptive_short_3.0_med_6.0_long_10.0_temporal_iter3,0.0019543696442158864,0.09579982138258562,0.9237116534390539,0.007835091734121008,No
selected_dbfp_dense_videomme_blip_k16_alpha0.85_adaptive_short_3.0_med_6.0_long_10.0_score_diff_iter3,selected_dbfp_dense_videomme_blip_k16_alpha0.85_adaptive_short_3.0_med_6.0_long_10.0_temporal_iter1,-0.008925841418057578,-0.42752766838710954,0.6691489413380325,-0.034965811578919884,No
selected_dbfp_dense_videomme_blip_k16_alpha0.85_adaptive_short_3.0_med_6.0_long_10.0_score_diff_iter3,selected_dbfp_dense_videomme_blip_k16_alpha0.85_adaptive_short_3.0_med_6.0_long_10.0_temporal_iter2,0.005117104727441479,0.2503733988765962,0.8023845925731825,0.02047705851445426,No
selected_dbfp_dense_videomme_blip_k16_alpha0.85_adaptive_short_3.0_med_6.0_long_10.0_score_diff_iter3,selected_dbfp_dense_videomme_blip_k16_alpha0.85_adaptive_short_3.0_med_6.0_long_10.0_temporal_iter3,-0.001321149164112495,-0.06380046471065601,0.9491504284552956,-0.005217989833073721,No
selected_dbfp_dense_videomme_blip_k16_alpha0.85_adaptive_short_3.0_med_6.0_long_10.0_score_diff_iter3,selected_dbfp_dense_videomme_blip_k16_alpha0.8_adaptive_short_2.0_med_3.0_long_5.0_score_diff_iter1,-0.0010605297395587243,-0.0515758699146592,0.9588838698253647,-0.004218188158850863,No
selected_dbfp_dense_videomme_blip_k16_alpha0.85_adaptive_short_3.0_med_6.0_long_10.0_score_diff_iter3,selected_dbfp_dense_videomme_blip_k16_alpha0.8_adaptive_short_2.0_med_3.0_long_5.0_score_diff_iter2,0.00748832723562301,0.3720415503769259,0.7099937127192653,0.030427819514215453,No
selected_dbfp_dense_videomme_blip_k16_alpha0.85_adaptive_short_3.0_med_6.0_long_10.0_score_diff_iter3,selected_dbfp_dense_videomme_blip_k16_alpha0.8_adaptive_short_2.0_med_3.0_long_5.0_score_diff_iter3,0.009448514744006875,0.46758947695571773,0.6402485378670402,0.038242309761923846,No
selected_dbfp_dense_videomme_blip_k16_alpha0.85_adaptive_short_3.0_med_6.0_long_10.0_score_diff_iter3,selected_dbfp_dense_videomme_blip_k16_alpha0.8_adaptive_short_2.0_med_3.0_long_5.0_temporal_iter1,0.00912670056091816,0.4493539933546258,0.6533391267987857,0.03675090107258535,No
selected_dbfp_dense_videomme_blip_k16_alpha0.85_adaptive_short_3.0_med_6.0_long_10.0_score_diff_iter3,selected_dbfp_dense_videomme_blip_k16_alpha0.8_adaptive_short_2.0_med_3.0_long_5.0_temporal_iter2,-0.011254624379337524,-0.5297982038263959,0.5964484881375443,-0.043330117679198824,No
selected_dbfp_dense_videomme_blip_k16_alpha0.85_adaptive_short_3.0_med_6.0_long_10.0_score_diff_iter3,selected_dbfp_dense_videomme_blip_k16_alpha0.8_adaptive_short_2.0_med_3.0_long_5.0_temporal_iter3,0.0011273114634764714,0.053985519815799354,0.9569647309432927,0.004415263978129256,No
selected_dbfp_dense_videomme_blip_k16_alpha0.85_adaptive_short_3.0_med_6.0_long_10.0_score_diff_iter3,selected_dbfp_dense_videomme_blip_k16_alpha0.8_adaptive_short_2.0_med_4.0_long_6.0_score_diff_iter1,-0.007246683049438957,-0.34802341457939623,0.7279450715820923,-0.028463470408536203,No
selected_dbfp_dense_videomme_blip_k16_alpha0.85_adaptive_short_3.0_med_6.0_long_10.0_score_diff_iter3,selected_dbfp_dense_videomme_blip_k16_alpha0.8_adaptive_short_2.0_med_4.0_long_6.0_score_diff_iter2,-0.001017858674851324,-0.04932411229258164,0.9606774733289599,-0.0040340257332001144,No
selected_dbfp_dense_videomme_blip_k16_alpha0.85_adaptive_short_3.0_med_6.0_long_10.0_score_diff_iter3,selected_dbfp_dense_videomme_blip_k16_alpha0.8_adaptive_short_2.0_med_4.0_long_6.0_score_diff_iter3,0.0013572465005349532,0.06494085661253447,0.9482427932506592,0.005311258016930962,No
selected_dbfp_dense_videomme_blip_k16_alpha0.85_adaptive_short_3.0_med_6.0_long_10.0_score_diff_iter3,selected_dbfp_dense_videomme_blip_k16_alpha0.8_adaptive_short_2.0_med_4.0_long_6.0_temporal_iter1,-0.006629271174138113,-0.3172228499462708,0.7511852351095261,-0.025944413006089566,No
selected_dbfp_dense_videomme_blip_k16_alpha0.85_adaptive_short_3.0_med_6.0_long_10.0_score_diff_iter3,selected_dbfp_dense_videomme_blip_k16_alpha0.8_adaptive_short_2.0_med_4.0_long_6.0_temporal_iter2,-0.023717074974944935,-1.1034619790396991,0.2702704362338669,-0.09024782847961359,No
selected_dbfp_dense_videomme_blip_k16_alpha0.85_adaptive_short_3.0_med_6.0_long_10.0_score_diff_iter3,selected_dbfp_dense_videomme_blip_k16_alpha0.8_adaptive_short_2.0_med_4.0_long_6.0_temporal_iter3,-0.005919187041024787,-0.2835070067458146,0.7768863335591025,-0.023186926396103466,No
selected_dbfp_dense_videomme_blip_k16_alpha0.85_adaptive_short_3.0_med_6.0_long_10.0_score_diff_iter3,selected_dbfp_dense_videomme_blip_k16_alpha0.8_adaptive_short_2.0_med_5.0_long_8.0_score_diff_iter1,-0.008217804443787557,-0.39363989387919995,0.6939872341865396,-0.03219426338233705,No
selected_dbfp_dense_videomme_blip_k16_alpha0.85_adaptive_short_3.0_med_6.0_long_10.0_score_diff_iter3,selected_dbfp_dense_videomme_blip_k16_alpha0.8_adaptive_short_2.0_med_5.0_long_8.0_score_diff_iter2,-0.0038512013528612388,-0.1843516110363472,0.8538001260872539,-0.01507739538879223,No
selected_dbfp_dense_videomme_blip_k16_alpha0.85_adaptive_short_3.0_med_6.0_long_10.0_score_diff_iter3,selected_dbfp_dense_videomme_blip_k16_alpha0.8_adaptive_short_2.0_med_5.0_long_8.0_score_diff_iter3,-0.007115561518041491,-0.3344828584281576,0.7381325018182956,-0.027356041438950054,No
selected_dbfp_dense_videomme_blip_k16_alpha0.85_adaptive_short_3.0_med_6.0_long_10.0_score_diff_iter3,selected_dbfp_dense_videomme_blip_k16_alpha0.8_adaptive_short_2.0_med_5.0_long_8.0_temporal_iter1,0.003100353306221243,0.15087374343760296,0.8801261913176883,0.012339371862981636,No
selected_dbfp_dense_videomme_blip_k16_alpha0.85_adaptive_short_3.0_med_6.0_long_10.0_score_diff_iter3,selected_dbfp_dense_videomme_blip_k16_alpha0.8_adaptive_short_2.0_med_5.0_long_8.0_temporal_iter2,-0.01304575584974868,-0.6137870507237024,0.539589462498729,-0.050199236136115086,No
selected_dbfp_dense_videomme_blip_k16_alpha0.85_adaptive_short_3.0_med_6.0_long_10.0_score_diff_iter3,selected_dbfp_dense_videomme_blip_k16_alpha0.8_adaptive_short_2.0_med_5.0_long_8.0_temporal_iter3,-0.004073255234619072,-0.19360210219355473,0.8465531931181126,-0.015833956791981883,No
selected_dbfp_dense_videomme_blip_k16_alpha0.85_adaptive_short_3.0_med_6.0_long_10.0_score_diff_iter3,selected_dbfp_dense_videomme_blip_k16_alpha0.8_adaptive_short_3.0_med_6.0_long_10.0_score_diff_iter1,0.004490248070114111,0.2206792224720154,0.8254175327494191,0.018048488261753162,No
selected_dbfp_dense_videomme_blip_k16_alpha0.85_adaptive_short_3.0_med_6.0_long_10.0_score_diff_iter3,selected_dbfp_dense_videomme_blip_k16_alpha0.8_adaptive_short_3.0_med_6.0_long_10.0_score_diff_iter2,2.0062974720985727e-05,0.0009850331810394388,0.9992143858627942,8.056200129306932e-05,No
selected_dbfp_dense_videomme_blip_k16_alpha0.85_adaptive_short_3.0_med_6.0_long_10.0_score_diff_iter3,selected_dbfp_dense_videomme_blip_k16_alpha0.8_adaptive_short_3.0_med_6.0_long_10.0_score_diff_iter3,-0.004745915845811327,-0.2303894462300439,0.8178679532578239,-0.01884264939572109,No
selected_dbfp_dense_videomme_blip_k16_alpha0.85_adaptive_short_3.0_med_6.0_long_10.0_score_diff_iter3,selected_dbfp_dense_videomme_blip_k16_alpha0.8_adaptive_short_3.0_med_6.0_long_10.0_temporal_iter1,-0.013545067659344795,-0.6409442760820596,0.5218044333870392,-0.05242031909939673,No
selected_dbfp_dense_videomme_blip_k16_alpha0.85_adaptive_short_3.0_med_6.0_long_10.0_score_diff_iter3,selected_dbfp_dense_videomme_blip_k16_alpha0.8_adaptive_short_3.0_med_6.0_long_10.0_temporal_iter2,-0.0005859453858889085,-0.028363863035780312,0.9773814086947508,-0.0023197691365516556,No
selected_dbfp_dense_videomme_blip_k16_alpha0.85_adaptive_short_3.0_med_6.0_long_10.0_score_diff_iter3,selected_dbfp_dense_videomme_blip_k16_alpha0.8_adaptive_short_3.0_med_6.0_long_10.0_temporal_iter3,0.004048760506088878,0.19704188515692597,0.8438617114172493,0.01611528313760044,No
selected_dbfp_dense_videomme_blip_k16_alpha0.85_adaptive_short_3.0_med_6.0_long_10.0_temporal_iter1,selected_dbfp_dense_videomme_blip_k16_alpha0.85_adaptive_short_3.0_med_6.0_long_10.0_temporal_iter2,0.014042946145499058,0.6736492061134145,0.5007946426820236,0.05509512705624083,No
selected_dbfp_dense_videomme_blip_k16_alpha0.85_adaptive_short_3.0_med_6.0_long_10.0_temporal_iter1,selected_dbfp_dense_videomme_blip_k16_alpha0.85_adaptive_short_3.0_med_6.0_long_10.0_temporal_iter3,0.007604692253945083,0.36023282976882126,0.7188002213191085,0.029462030617095118,No
selected_dbfp_dense_videomme_blip_k16_alpha0.85_adaptive_short_3.0_med_6.0_long_10.0_temporal_iter1,selected_dbfp_dense_videomme_blip_k16_alpha0.8_adaptive_short_2.0_med_3.0_long_5.0_score_diff_iter1,0.007865311678498854,0.37510523562617665,0.7077152027664897,0.03067838636706006,No
selected_dbfp_dense_videomme_blip_k16_alpha0.85_adaptive_short_3.0_med_6.0_long_10.0_temporal_iter1,selected_dbfp_dense_videomme_blip_k16_alpha0.8_adaptive_short_2.0_med_3.0_long_5.0_score_diff_iter2,0.01641416865368059,0.7990533825593994,0.4245767071757319,0.06535144287522719,No
selected_dbfp_dense_videomme_blip_k16_alpha0.85_adaptive_short_3.0_med_6.0_long_10.0_temporal_iter1,selected_dbfp_dense_videomme_blip_k16_alpha0.8_adaptive_short_2.0_med_3.0_long_5.0_score_diff_iter3,0.018374356162064454,0.8911102460441107,0.3732284163062146,0.07288041277302086,No
selected_dbfp_dense_videomme_blip_k16_alpha0.85_adaptive_short_3.0_med_6.0_long_10.0_temporal_iter1,selected_dbfp_dense_videomme_blip_k16_alpha0.8_adaptive_short_2.0_med_3.0_long_5.0_temporal_iter1,0.01805254197897574,0.8712024743901092,0.38399322010583037,0.07125223420633427,No
selected_dbfp_dense_videomme_blip_k16_alpha0.85_adaptive_short_3.0_med_6.0_long_10.0_temporal_iter1,selected_dbfp_dense_videomme_blip_k16_alpha0.8_adaptive_short_2.0_med_3.0_long_5.0_temporal_iter2,-0.002328782961279946,-0.10763349613486367,0.9143225264347624,-0.0088029216092565,No
selected_dbfp_dense_videomme_blip_k16_alpha0.85_adaptive_short_3.0_med_6.0_long_10.0_temporal_iter1,selected_dbfp_dense_videomme_blip_k16_alpha0.8_adaptive_short_2.0_med_3.0_long_5.0_temporal_iter3,0.01005315288153405,0.47239119550216685,0.6368199310558857,0.03863502357181928,No
selected_dbfp_dense_videomme_blip_k16_alpha0.85_adaptive_short_3.0_med_6.0_long_10.0_temporal_iter1,selected_dbfp_dense_videomme_blip_k16_alpha0.8_adaptive_short_2.0_med_4.0_long_6.0_score_diff_iter1,0.0016791583686186218,0.07911901810646035,0.9369644245547553,0.006470834254119831,No
selected_dbfp_dense_videomme_blip_k16_alpha0.85_adaptive_short_3.0_med_6.0_long_10.0_temporal_iter1,selected_dbfp_dense_videomme_blip_k16_alpha0.8_adaptive_short_2.0_med_4.0_long_6.0_score_diff_iter2,0.007907982743206254,0.3758462876469,0.7071644638758825,0.030738994110151012,No
selected_dbfp_dense_videomme_blip_k16_alpha0.85_adaptive_short_3.0_med_6.0_long_10.0_temporal_iter1,selected_dbfp_dense_videomme_blip_k16_alpha0.8_adaptive_short_2.0_med_4.0_long_6.0_score_diff_iter3,0.010283087918592532,0.48279513164659593,0.6294178974973612,0.03948592071512162,No
selected_dbfp_dense_videomme_blip_k16_alpha0.85_adaptive_short_3.0_med_6.0_long_10.0_temporal_iter1,selected_dbfp_dense_videomme_blip_k16_alpha0.8_adaptive_short_2.0_med_4.0_long_6.0_temporal_iter1,0.0022965702439194657,0.10783431870684028,0.9141632885154116,0.008819346094670158,No
selected_dbfp_dense_videomme_blip_k16_alpha0.85_adaptive_short_3.0_med_6.0_long_10.0_temporal_iter1,selected_dbfp_dense_videomme_blip_k16_alpha0.8_adaptive_short_2.0_med_4.0_long_6.0_temporal_iter2,-0.014791233556887357,-0.6759592793589225,0.4993278247736296,-0.05528405899140364,No
selected_dbfp_dense_videomme_blip_k16_alpha0.85_adaptive_short_3.0_med_6.0_long_10.0_temporal_iter1,selected_dbfp_dense_videomme_blip_k16_alpha0.8_adaptive_short_2.0_med_4.0_long_6.0_temporal_iter3,0.0030066543770327914,0.14130217277610552,0.8876788199208969,0.011556550646798147,No
selected_dbfp_dense_videomme_blip_k16_alpha0.85_adaptive_short_3.0_med_6.0_long_10.0_temporal_iter1,selected_dbfp_dense_videomme_blip_k16_alpha0.8_adaptive_short_2.0_med_5.0_long_8.0_score_diff_iter1,0.000708036974270021,0.033278312290231905,0.973463752717395,0.0027217026735324307,No
selected_dbfp_dense_videomme_blip_k16_alpha0.85_adaptive_short_3.0_med_6.0_long_10.0_temporal_iter1,selected_dbfp_dense_videomme_blip_k16_alpha0.8_adaptive_short_2.0_med_5.0_long_8.0_score_diff_iter2,0.00507464006519634,0.23835753886812397,0.8116854509228556,0.019494328472918876,No
selected_dbfp_dense_videomme_blip_k16_alpha0.85_adaptive_short_3.0_med_6.0_long_10.0_temporal_iter1,selected_dbfp_dense_videomme_blip_k16_alpha0.8_adaptive_short_2.0_med_5.0_long_8.0_score_diff_iter3,0.0018102799000160874,0.08355481354693944,0.9334383565642965,0.00683362057519772,No
selected_dbfp_dense_videomme_blip_k16_alpha0.85_adaptive_short_3.0_med_6.0_long_10.0_temporal_iter1,selected_dbfp_dense_videomme_blip_k16_alpha0.8_adaptive_short_2.0_med_5.0_long_8.0_temporal_iter1,0.012026194724278821,0.5738963961585413,0.5662536934632469,0.046936735890130615,No
selected_dbfp_dense_videomme_blip_k16_alpha0.85_adaptive_short_3.0_med_6.0_long_10.0_temporal_iter1,selected_dbfp_dense_videomme_blip_k16_alpha0.8_adaptive_short_2.0_med_5.0_long_8.0_temporal_iter2,-0.004119914431691102,-0.19031978502682623,0.8491231395037547,-0.01556550895842818,No
selected_dbfp_dense_videomme_blip_k16_alpha0.85_adaptive_short_3.0_med_6.0_long_10.0_temporal_iter1,selected_dbfp_dense_videomme_blip_k16_alpha0.8_adaptive_short_2.0_med_5.0_long_8.0_temporal_iter3,0.0048525861834385065,0.2263749942764254,0.8209871299852175,0.018514323140734187,No
selected_dbfp_dense_videomme_blip_k16_alpha0.85_adaptive_short_3.0_med_6.0_long_10.0_temporal_iter1,selected_dbfp_dense_videomme_blip_k16_alpha0.8_adaptive_short_3.0_med_6.0_long_10.0_score_diff_iter1,0.01341608948817169,0.6463290762652305,0.518314224962706,0.05286072075472688,No
selected_dbfp_dense_videomme_blip_k16_alpha0.85_adaptive_short_3.0_med_6.0_long_10.0_temporal_iter1,selected_dbfp_dense_videomme_blip_k16_alpha0.8_adaptive_short_3.0_med_6.0_long_10.0_score_diff_iter2,0.008945904392778564,0.4305597647032651,0.6669436369847488,0.03521379484051601,No
selected_dbfp_dense_videomme_blip_k16_alpha0.85_adaptive_short_3.0_med_6.0_long_10.0_temporal_iter1,selected_dbfp_dense_videomme_blip_k16_alpha0.8_adaptive_short_3.0_med_6.0_long_10.0_score_diff_iter3,0.004179925572246251,0.1990006357860367,0.8423298878232537,0.01627548168490604,No
selected_dbfp_dense_videomme_blip_k16_alpha0.85_adaptive_short_3.0_med_6.0_long_10.0_temporal_iter1,selected_dbfp_dense_videomme_blip_k16_alpha0.8_adaptive_short_3.0_med_6.0_long_10.0_temporal_iter1,-0.0046192262412872165,-0.21456828653543492,0.8301770694744776,-0.017548698812851853,No
selected_dbfp_dense_videomme_blip_k16_alpha0.85_adaptive_short_3.0_med_6.0_long_10.0_temporal_iter1,selected_dbfp_dense_videomme_blip_k16_alpha0.8_adaptive_short_3.0_med_6.0_long_10.0_temporal_iter2,0.00833989603216867,0.39596724447717635,0.6922704277328815,0.03238460827293631,No
selected_dbfp_dense_videomme_blip_k16_alpha0.85_adaptive_short_3.0_med_6.0_long_10.0_temporal_iter1,selected_dbfp_dense_videomme_blip_k16_alpha0.8_adaptive_short_3.0_med_6.0_long_10.0_temporal_iter3,0.012974601924146456,0.619201487551852,0.5360194510740377,0.05064206166557467,No
selected_dbfp_dense_videomme_blip_k16_alpha0.85_adaptive_short_3.0_med_6.0_long_10.0_temporal_iter2,selected_dbfp_dense_videomme_blip_k16_alpha0.85_adaptive_short_3.0_med_6.0_long_10.0_temporal_iter3,-0.006438253891553974,-0.31139492076267206,0.7556089397378014,-0.025467769519862776,No
selected_dbfp_dense_videomme_blip_k16_alpha0.85_adaptive_short_3.0_med_6.0_long_10.0_temporal_iter2,selected_dbfp_dense_videomme_blip_k16_alpha0.8_adaptive_short_2.0_med_3.0_long_5.0_score_diff_iter1,-0.006177634467000204,-0.3009032461664545,0.7635928648083978,-0.024609696587960934,No
selected_dbfp_dense_videomme_blip_k16_alpha0.85_adaptive_short_3.0_med_6.0_long_10.0_temporal_iter2,selected_dbfp_dense_videomme_blip_k16_alpha0.8_adaptive_short_2.0_med_3.0_long_5.0_score_diff_iter2,0.002371222508181531,0.11800208620184145,0.9061056289161167,0.009650927906772449,No
selected_dbfp_dense_videomme_blip_k16_alpha0.85_adaptive_short_3.0_med_6.0_long_10.0_temporal_iter2,selected_dbfp_dense_videomme_blip_k16_alpha0.8_adaptive_short_2.0_med_3.0_long_5.0_score_diff_iter3,0.004331410016565396,0.21470178580157243,0.8300730253754778,0.01755961714959529,No
selected_dbfp_dense_videomme_blip_k16_alpha0.85_adaptive_short_3.0_med_6.0_long_10.0_temporal_iter2,selected_dbfp_dense_videomme_blip_k16_alpha0.8_adaptive_short_2.0_med_3.0_long_5.0_temporal_iter1,0.004009595833476681,0.19773036743771014,0.8433232221486382,0.016171591395080186,No
selected_dbfp_dense_videomme_blip_k16_alpha0.85_adaptive_short_3.0_med_6.0_long_10.0_temporal_iter2,selected_dbfp_dense_videomme_blip_k16_alpha0.8_adaptive_short_2.0_med_3.0_long_5.0_temporal_iter2,-0.016371729106779004,-0.7718128009729945,0.4405301957230995,-0.0631235426036622,No
selected_dbfp_dense_videomme_blip_k16_alpha0.85_adaptive_short_3.0_med_6.0_long_10.0_temporal_iter2,selected_dbfp_dense_videomme_blip_k16_alpha0.8_adaptive_short_2.0_med_3.0_long_5.0_temporal_iter3,-0.003989793263965008,-0.19135685314345038,0.8483109741891037,-0.015650326670649823,No
selected_dbfp_dense_videomme_blip_k16_alpha0.85_adaptive_short_3.0_med_6.0_long_10.0_temporal_iter2,selected_dbfp_dense_videomme_blip_k16_alpha0.8_adaptive_short_2.0_med_4.0_long_6.0_score_diff_iter1,-0.012363787776880436,-0.5946819767469118,0.5522810040855268,-0.04863670700738624,No
selected_dbfp_dense_videomme_blip_k16_alpha0.85_adaptive_short_3.0_med_6.0_long_10.0_temporal_iter2,selected_dbfp_dense_videomme_blip_k16_alpha0.8_adaptive_short_2.0_med_4.0_long_6.0_score_diff_iter2,-0.0061349634022928035,-0.2977555534609529,0.7659931542312018,-0.024352259147930225,No
selected_dbfp_dense_videomme_blip_k16_alpha0.85_adaptive_short_3.0_med_6.0_long_10.0_temporal_iter2,selected_dbfp_dense_videomme_blip_k16_alpha0.8_adaptive_short_2.0_med_4.0_long_6.0_score_diff_iter3,-0.003759858226906526,-0.18017306931149632,0.8570777380766726,-0.014735648845355108,No
selected_dbfp_dense_videomme_blip_k16_alpha0.85_adaptive_short_3.0_med_6.0_long_10.0_temporal_iter2,selected_dbfp_dense_videomme_blip_k16_alpha0.8_adaptive_short_2.0_med_4.0_long_6.0_temporal_iter1,-0.011746375901579592,-0.5629396230238076,0.5736869871358743,-0.04604062437125019,No
selected_dbfp_dense_videomme_blip_k16_alpha0.85_adaptive_short_3.0_med_6.0_long_10.0_temporal_iter2,selected_dbfp_dense_videomme_blip_k16_alpha0.8_adaptive_short_2.0_med_4.0_long_6.0_temporal_iter2,-0.028834179702386414,-1.343467043152079,0.17963036606721772,-0.10987690158322672,No
selected_dbfp_dense_videomme_blip_k16_alpha0.85_adaptive_short_3.0_med_6.0_long_10.0_temporal_iter2,selected_dbfp_dense_videomme_blip_k16_alpha0.8_adaptive_short_2.0_med_4.0_long_6.0_temporal_iter3,-0.011036291768466266,-0.5294017571481973,0.5967232466249419,-0.04329769382820547,No
selected_dbfp_dense_videomme_blip_k16_alpha0.85_adaptive_short_3.0_med_6.0_long_10.0_temporal_iter2,selected_dbfp_dense_videomme_blip_k16_alpha0.8_adaptive_short_2.0_med_5.0_long_8.0_score_diff_iter1,-0.013334909171229037,-0.63972594428721,0.5225957842059432,-0.052320676491160796,No
selected_dbfp_dense_videomme_blip_k16_alpha0.85_adaptive_short_3.0_med_6.0_long_10.0_temporal_iter2,selected_dbfp_dense_videomme_blip_k16_alpha0.8_adaptive_short_2.0_med_5.0_long_8.0_score_diff_iter2,-0.008968306080302718,-0.42995285899246294,0.6673848215641237,-0.035164158407636946,No
selected_dbfp_dense_videomme_blip_k16_alpha0.85_adaptive_short_3.0_med_6.0_long_10.0_temporal_iter2,selected_dbfp_dense_videomme_blip_k16_alpha0.8_adaptive_short_2.0_med_5.0_long_8.0_score_diff_iter3,-0.01223266624548297,-0.5758666915957666,0.5649219366578964,-0.04709787865287781,No
selected_dbfp_dense_videomme_blip_k16_alpha0.85_adaptive_short_3.0_med_6.0_long_10.0_temporal_iter2,selected_dbfp_dense_videomme_blip_k16_alpha0.8_adaptive_short_2.0_med_5.0_long_8.0_temporal_iter1,-0.0020167514212202364,-0.0982961893354633,0.9217300423582802,-0.008039259881889981,No
selected_dbfp_dense_videomme_blip_k16_alpha0.85_adaptive_short_3.0_med_6.0_long_10.0_temporal_iter2,selected_dbfp_dense_videomme_blip_k16_alpha0.8_adaptive_short_2.0_med_5.0_long_8.0_temporal_iter2,-0.01816286057719016,-0.8557954950180117,0.39245367250970764,-0.0699921578429387,No
selected_dbfp_dense_videomme_blip_k16_alpha0.85_adaptive_short_3.0_med_6.0_long_10.0_temporal_iter2,selected_dbfp_dense_videomme_blip_k16_alpha0.8_adaptive_short_2.0_med_5.0_long_8.0_temporal_iter3,-0.009190359962060551,-0.43747310828744923,0.6619262233457319,-0.03577921011905485,No
selected_dbfp_dense_videomme_blip_k16_alpha0.85_adaptive_short_3.0_med_6.0_long_10.0_temporal_iter2,selected_dbfp_dense_videomme_blip_k16_alpha0.8_adaptive_short_3.0_med_6.0_long_10.0_score_diff_iter1,-0.0006268566573273682,-0.030857078546222518,0.9753938155089003,-0.002523679454998266,No
selected_dbfp_dense_videomme_blip_k16_alpha0.85_adaptive_short_3.0_med_6.0_long_10.0_temporal_iter2,selected_dbfp_dense_videomme_blip_k16_alpha0.8_adaptive_short_3.0_med_6.0_long_10.0_score_diff_iter2,-0.005097041752720494,-0.2506500425378797,0.8021707816779216,-0.020499684110579425,No
selected_dbfp_dense_videomme_blip_k16_alpha0.85_adaptive_short_3.0_med_6.0_long_10.0_temporal_iter2,selected_dbfp_dense_videomme_blip_k16_alpha0.8_adaptive_short_3.0_med_6.0_long_10.0_score_diff_iter3,-0.009863020573252806,-0.47954679536900624,0.6317250159214003,-0.03922025197454786,No
selected_dbfp_dense_videomme_blip_k16_alpha0.85_adaptive_short_3.0_med_6.0_long_10.0_temporal_iter2,selected_dbfp_dense_videomme_blip_k16_alpha0.8_adaptive_short_3.0_med_6.0_long_10.0_temporal_iter1,-0.018662172386786274,-0.8843942807001761,0.3768388454780588,-0.07233114036794067,No
selected_dbfp_dense_videomme_blip_k16_alpha0.85_adaptive_short_3.0_med_6.0_long_10.0_temporal_iter2,selected_dbfp_dense_videomme_blip_k16_alpha0.8_adaptive_short_3.0_med_6.0_long_10.0_temporal_iter2,-0.005703050113330388,-0.2764967832871151,0.7822620656421813,-0.02261358769701651,No
selected_dbfp_dense_videomme_blip_k16_alpha0.85_adaptive_short_3.0_med_6.0_long_10.0_temporal_iter2,selected_dbfp_dense_videomme_blip_k16_alpha0.8_adaptive_short_3.0_med_6.0_long_10.0_temporal_iter3,-0.0010683442213526018,-0.052075039683462734,0.9584862916225707,-0.0042590132964873935,No
selected_dbfp_dense_videomme_blip_k16_alpha0.85_adaptive_short_3.0_med_6.0_long_10.0_temporal_iter3,selected_dbfp_dense_videomme_blip_k16_alpha0.8_adaptive_short_2.0_med_3.0_long_5.0_score_diff_iter1,0.00026061942455377074,0.012530546748368829,0.9900065110306823,0.00102482428370538,No
selected_dbfp_dense_videomme_blip_k16_alpha0.85_adaptive_short_3.0_med_6.0_long_10.0_temporal_iter3,selected_dbfp_dense_videomme_blip_k16_alpha0.8_adaptive_short_2.0_med_3.0_long_5.0_score_diff_iter2,0.008809476399735505,0.4324960674437897,0.6655368315867349,0.0353721574210956,No
selected_dbfp_dense_videomme_blip_k16_alpha0.85_adaptive_short_3.0_med_6.0_long_10.0_temporal_iter3,selected_dbfp_dense_videomme_blip_k16_alpha0.8_adaptive_short_2.0_med_3.0_long_5.0_score_diff_iter3,0.01076966390811937,0.526706618930114,0.5985926487321105,0.04307726900849474,No
selected_dbfp_dense_videomme_blip_k16_alpha0.85_adaptive_short_3.0_med_6.0_long_10.0_temporal_iter3,selected_dbfp_dense_videomme_blip_k16_alpha0.8_adaptive_short_2.0_med_3.0_long_5.0_temporal_iter1,0.010447849725030656,0.5084156724198652,0.6113493649499865,0.04158132422529265,No
selected_dbfp_dense_videomme_blip_k16_alpha0.85_adaptive_short_3.0_med_6.0_long_10.0_temporal_iter3,selected_dbfp_dense_videomme_blip_k16_alpha0.8_adaptive_short_2.0_med_3.0_long_5.0_temporal_iter2,-0.00993347521522503,-0.4626256442030266,0.6438010114828263,-0.03783633743598286,No
selected_dbfp_dense_videomme_blip_k16_alpha0.85_adaptive_short_3.0_med_6.0_long_10.0_temporal_iter3,selected_dbfp_dense_videomme_blip_k16_alpha0.8_adaptive_short_2.0_med_3.0_long_5.0_temporal_iter3,0.0024484606275889664,0.11596177805227294,0.9077217639484831,0.009484059122556145,No
selected_dbfp_dense_videomme_blip_k16_alpha0.85_adaptive_short_3.0_med_6.0_long_10.0_temporal_iter3,selected_dbfp_dense_videomme_blip_k16_alpha0.8_adaptive_short_2.0_med_4.0_long_6.0_score_diff_iter1,-0.005925533885326462,-0.28142190685667035,0.7784841693022211,-0.023016394259838698,No
selected_dbfp_dense_videomme_blip_k16_alpha0.85_adaptive_short_3.0_med_6.0_long_10.0_temporal_iter3,selected_dbfp_dense_videomme_blip_k16_alpha0.8_adaptive_short_2.0_med_4.0_long_6.0_score_diff_iter2,0.00030329048926117097,0.0145313192467515,0.9884109393710132,0.0011884596210717463,No
selected_dbfp_dense_videomme_blip_k16_alpha0.85_adaptive_short_3.0_med_6.0_long_10.0_temporal_iter3,selected_dbfp_dense_videomme_blip_k16_alpha0.8_adaptive_short_2.0_med_4.0_long_6.0_score_diff_iter3,0.0026783956646474483,0.12674492642050975,0.8991848904051467,0.010365970545514525,No
selected_dbfp_dense_videomme_blip_k16_alpha0.85_adaptive_short_3.0_med_6.0_long_10.0_temporal_iter3,selected_dbfp_dense_videomme_blip_k16_alpha0.8_adaptive_short_2.0_med_4.0_long_6.0_temporal_iter1,-0.005308122010025618,-0.25120904979591874,0.8017387844260234,-0.020545403153280482,No
selected_dbfp_dense_videomme_blip_k16_alpha0.85_adaptive_short_3.0_med_6.0_long_10.0_temporal_iter3,selected_dbfp_dense_videomme_blip_k16_alpha0.8_adaptive_short_2.0_med_4.0_long_6.0_temporal_iter2,-0.02239592581083244,-1.0311474549018804,0.30288853135119537,-0.0843335071363503,No
selected_dbfp_dense_videomme_blip_k16_alpha0.85_adaptive_short_3.0_med_6.0_long_10.0_temporal_iter3,selected_dbfp_dense_videomme_blip_k16_alpha0.8_adaptive_short_2.0_med_4.0_long_6.0_temporal_iter3,-0.004598037876912292,-0.2178016452948786,0.8276579598887077,-0.017813142534112966,No
selected_dbfp_dense_videomme_blip_k16_alpha0.85_adaptive_short_3.0_med_6.0_long_10.0_temporal_iter3,selected_dbfp_dense_videomme_blip_k16_alpha0.8_adaptive_short_2.0_med_5.0_long_8.0_score_diff_iter1,-0.006896655279675062,-0.3267140337527233,0.7439985030778067,-0.02672065972335422,No
selected_dbfp_dense_videomme_blip_k16_alpha0.85_adaptive_short_3.0_med_6.0_long_10.0_temporal_iter3,selected_dbfp_dense_videomme_blip_k16_alpha0.8_adaptive_short_2.0_med_5.0_long_8.0_score_diff_iter2,-0.0025300521887487437,-0.11977676230337099,0.9047002185947975,-0.009796071725457262,No
selected_dbfp_dense_videomme_blip_k16_alpha0.85_adaptive_short_3.0_med_6.0_long_10.0_temporal_iter3,selected_dbfp_dense_videomme_blip_k16_alpha0.8_adaptive_short_2.0_med_5.0_long_8.0_score_diff_iter3,-0.005794412353928996,-0.2694859391090794,0.7876487210863579,-0.022040198278431122,No
selected_dbfp_dense_videomme_blip_k16_alpha0.85_adaptive_short_3.0_med_6.0_long_10.0_temporal_iter3,selected_dbfp_dense_videomme_blip_k16_alpha0.8_adaptive_short_2.0_med_5.0_long_8.0_temporal_iter1,0.004421502470333738,0.21271865583554408,0.831618905603712,0.017397424746883543,No
selected_dbfp_dense_videomme_blip_k16_alpha0.85_adaptive_short_3.0_med_6.0_long_10.0_temporal_iter3,selected_dbfp_dense_videomme_blip_k16_alpha0.8_adaptive_short_2.0_med_5.0_long_8.0_temporal_iter2,-0.011724606685636185,-0.5457586960543775,0.5854353399018594,-0.0446354637744263,No
selected_dbfp_dense_videomme_blip_k16_alpha0.85_adaptive_short_3.0_med_6.0_long_10.0_temporal_iter3,selected_dbfp_dense_videomme_blip_k16_alpha0.8_adaptive_short_2.0_med_5.0_long_8.0_temporal_iter3,-0.002752106070506577,-0.12938770675289984,0.8970943810882708,-0.010582113188809342,No
selected_dbfp_dense_videomme_blip_k16_alpha0.85_adaptive_short_3.0_med_6.0_long_10.0_temporal_iter3,selected_dbfp_dense_videomme_blip_k16_alpha0.8_adaptive_short_3.0_med_6.0_long_10.0_score_diff_iter1,0.005811397234226606,0.28229746634377073,0.7778131033446464,0.023088002816616462,No
selected_dbfp_dense_videomme_blip_k16_alpha0.85_adaptive_short_3.0_med_6.0_long_10.0_temporal_iter3,selected_dbfp_dense_videomme_blip_k16_alpha0.8_adaptive_short_3.0_med_6.0_long_10.0_score_diff_iter2,0.0013412121388334808,0.06508761366396427,0.9481259945270213,0.005323260697738395,No
selected_dbfp_dense_videomme_blip_k16_alpha0.85_adaptive_short_3.0_med_6.0_long_10.0_temporal_iter3,selected_dbfp_dense_videomme_blip_k16_alpha0.8_adaptive_short_3.0_med_6.0_long_10.0_score_diff_iter3,-0.003424766681698832,-0.16437307445860316,0.8694930015714892,-0.013443429220361307,No
selected_dbfp_dense_videomme_blip_k16_alpha0.85_adaptive_short_3.0_med_6.0_long_10.0_temporal_iter3,selected_dbfp_dense_videomme_blip_k16_alpha0.8_adaptive_short_3.0_med_6.0_long_10.0_temporal_iter1,-0.0122239184952323,-0.5722033897198899,0.56739923088929,-0.04679827156694266,No
selected_dbfp_dense_videomme_blip_k16_alpha0.85_adaptive_short_3.0_med_6.0_long_10.0_temporal_iter3,selected_dbfp_dense_videomme_blip_k16_alpha0.8_adaptive_short_3.0_med_6.0_long_10.0_temporal_iter2,0.0007352037782235865,0.035188504809266795,0.9719411707978451,0.0028779298275179365,No
selected_dbfp_dense_videomme_blip_k16_alpha0.85_adaptive_short_3.0_med_6.0_long_10.0_temporal_iter3,selected_dbfp_dense_videomme_blip_k16_alpha0.8_adaptive_short_3.0_med_6.0_long_10.0_temporal_iter3,0.005369909670201373,0.25836632448646923,0.7962131008089564,0.021130768571816262,No
selected_dbfp_dense_videomme_blip_k16_alpha0.8_adaptive_short_2.0_med_3.0_long_5.0_score_diff_iter1,selected_dbfp_dense_videomme_blip_k16_alpha0.8_adaptive_short_2.0_med_3.0_long_5.0_score_diff_iter2,0.008548856975181734,0.42276097411677044,0.6726216384414068,0.03457596230171529,No
selected_dbfp_dense_videomme_blip_k16_alpha0.8_adaptive_short_2.0_med_3.0_long_5.0_score_diff_iter1,selected_dbfp_dense_videomme_blip_k16_alpha0.8_adaptive_short_2.0_med_3.0_long_5.0_score_diff_iter3,0.0105090444835656,0.5176787643507377,0.6048738635041422,0.04233891617076482,No
selected_dbfp_dense_videomme_blip_k16_alpha0.8_adaptive_short_2.0_med_3.0_long_5.0_score_diff_iter1,selected_dbfp_dense_videomme_blip_k16_alpha0.8_adaptive_short_2.0_med_3.0_long_5.0_temporal_iter1,0.010187230300476885,0.4992834991882028,0.6177633079224025,0.04083443957451641,No
selected_dbfp_dense_videomme_blip_k16_alpha0.8_adaptive_short_2.0_med_3.0_long_5.0_score_diff_iter1,selected_dbfp_dense_videomme_blip_k16_alpha0.8_adaptive_short_2.0_med_3.0_long_5.0_temporal_iter2,-0.0101940946397788,-0.4778747121325737,0.6329140118315679,-0.03908349889899917,No
selected_dbfp_dense_videomme_blip_k16_alpha0.8_adaptive_short_2.0_med_3.0_long_5.0_score_diff_iter1,selected_dbfp_dense_videomme_blip_k16_alpha0.8_adaptive_short_2.0_med_3.0_long_5.0_temporal_iter3,0.0021878412030351957,0.10432106059755737,0.9169495433133041,0.008532010484775247,No
selected_dbfp_dense_videomme_blip_k16_alpha0.8_adaptive_short_2.0_med_3.0_long_5.0_score_diff_iter1,selected_dbfp_dense_videomme_blip_k16_alpha0.8_adaptive_short_2.0_med_4.0_long_6.0_score_diff_iter1,-0.006186153309880232,-0.29580263668701473,0.7674834955515467,-0.024192537757029123,No
selected_dbfp_dense_videomme_blip_k16_alpha0.8_adaptive_short_2.0_med_3.0_long_5.0_score_diff_iter1,selected_dbfp_dense_videomme_blip_k16_alpha0.8_adaptive_short_2.0_med_4.0_long_6.0_score_diff_iter2,4.267106470740023e-05,0.0020586539782544975,0.9983581194849477,0.00016836923645427231,No
selected_dbfp_dense_videomme_blip_k16_alpha0.8_adaptive_short_2.0_med_3.0_long_5.0_score_diff_iter1,selected_dbfp_dense_videomme_blip_k16_alpha0.8_adaptive_short_2.0_med_4.0_long_6.0_score_diff_iter3,0.0024177762400936775,0.11518646160465813,0.9083359955424289,0.009420649028282883,No
selected_dbfp_dense_videomme_blip_k16_alpha0.8_adaptive_short_2.0_med_3.0_long_5.0_score_diff_iter1,selected_dbfp_dense_videomme_blip_k16_alpha0.8_adaptive_short_2.0_med_4.0_long_6.0_temporal_iter1,-0.005568741434579388,-0.2653269975768182,0.7908490057507614,-0.021700054737938283,No
selected_dbfp_dense_videomme_blip_k16_alpha0.8_adaptive_short_2.0_med_3.0_long_5.0_score_diff_iter1,selected_dbfp_dense_videomme_blip_k16_alpha0.8_adaptive_short_2.0_med_4.0_long_6.0_temporal_iter2,-0.02265654523538621,-1.0498267842061921,0.29422183509073774,-0.08586121621651126,No
selected_dbfp_dense_videomme_blip_k16_alpha0.8_adaptive_short_2.0_med_3.0_long_5.0_score_diff_iter1,selected_dbfp_dense_videomme_blip_k16_alpha0.8_adaptive_short_2.0_med_4.0_long_6.0_temporal_iter3,-0.004858657301466063,-0.2317075819420886,0.8168444065422034,-0.018950454560141574,No
selected_dbfp_dense_videomme_blip_k16_alpha0.8_adaptive_short_2.0_med_3.0_long_5.0_score_diff_iter1,selected_dbfp_dense_videomme_blip_k16_alpha0.8_adaptive_short_2.0_med_5.0_long_8.0_score_diff_iter1,-0.007157274704228833,-0.34136019349202823,0.7329523489079919,-0.027918511691191323,No
selected_dbfp_dense_videomme_blip_k16_alpha0.8_adaptive_short_2.0_med_3.0_long_5.0_score_diff_iter1,selected_dbfp_dense_videomme_blip_k16_alpha0.8_adaptive_short_2.0_med_5.0_long_8.0_score_diff_iter2,-0.0027906716133025145,-0.13300986435510143,0.8942303242593117,-0.010878355250361396,No
selected_dbfp_dense_videomme_blip_k16_alpha0.8_adaptive_short_2.0_med_3.0_long_5.0_score_diff_iter1,selected_dbfp_dense_videomme_blip_k16_alpha0.8_adaptive_short_2.0_med_5.0_long_8.0_score_diff_iter3,-0.006055031778482767,-0.28344717587989493,0.7769321694831167,-0.023182033084748793,No
selected_dbfp_dense_videomme_blip_k16_alpha0.8_adaptive_short_2.0_med_3.0_long_5.0_score_diff_iter1,selected_dbfp_dense_videomme_blip_k16_alpha0.8_adaptive_short_2.0_med_5.0_long_8.0_temporal_iter1,0.004160883045779967,0.2015811272547943,0.8403127509705098,0.0164865299522806,No
selected_dbfp_dense_videomme_blip_k16_alpha0.8_adaptive_short_2.0_med_3.0_long_5.0_score_diff_iter1,selected_dbfp_dense_videomme_blip_k16_alpha0.8_adaptive_short_2.0_med_5.0_long_8.0_temporal_iter2,-0.011985226110189956,-0.5615423815278724,0.5746382265611512,-0.04592634950840642,No
selected_dbfp_dense_videomme_blip_k16_alpha0.8_adaptive_short_2.0_med_3.0_long_5.0_score_diff_iter1,selected_dbfp_dense_videomme_blip_k16_alpha0.8_adaptive_short_2.0_med_5.0_long_8.0_temporal_iter3,-0.0030127254950603477,-0.1425866067016786,0.886664703375244,-0.01166159945797205,No
selected_dbfp_dense_videomme_blip_k16_alpha0.8_adaptive_short_2.0_med_3.0_long_5.0_score_diff_iter1,selected_dbfp_dense_videomme_blip_k16_alpha0.8_adaptive_short_3.0_med_6.0_long_10.0_score_diff_iter1,0.0055507778096728355,0.2715615964119183,0.7860528530765366,0.02220995810649817,No
selected_dbfp_dense_videomme_blip_k16_alpha0.8_adaptive_short_2.0_med_3.0_long_5.0_score_diff_iter1,selected_dbfp_dense_videomme_blip_k16_alpha0.8_adaptive_short_3.0_med_6.0_long_10.0_score_diff_iter2,0.00108059271427971,0.05281349537193412,0.9578981462405589,0.0043194086911161455,No
selected_dbfp_dense_videomme_blip_k16_alpha0.8_adaptive_short_2.0_med_3.0_long_5.0_score_diff_iter1,selected_dbfp_dense_videomme_blip_k16_alpha0.8_adaptive_short_3.0_med_6.0_long_10.0_score_diff_iter3,-0.0036853861062526028,-0.17811349250818728,0.8586941654407805,-0.01456720412973483,No
selected_dbfp_dense_videomme_blip_k16_alpha0.8_adaptive_short_2.0_med_3.0_long_5.0_score_diff_iter1,selected_dbfp_dense_videomme_blip_k16_alpha0.8_adaptive_short_3.0_med_6.0_long_10.0_temporal_iter1,-0.01248453791978607,-0.5882725493418183,0.5565714705414625,-0.04811250511111828,No
selected_dbfp_dense_videomme_blip_k16_alpha0.8_adaptive_short_2.0_med_3.0_long_5.0_score_diff_iter1,selected_dbfp_dense_videomme_blip_k16_alpha0.8_adaptive_short_3.0_med_6.0_long_10.0_temporal_iter2,0.00047458435366981577,0.02287198294155628,0.9817600185821467,0.0018706097988797517,No
selected_dbfp_dense_videomme_blip_k16_alpha0.8_adaptive_short_2.0_med_3.0_long_5.0_score_diff_iter1,selected_dbfp_dense_videomme_blip_k16_alpha0.8_adaptive_short_3.0_med_6.0_long_10.0_temporal_iter3,0.005109290245647602,0.24754754317907535,0.8045694719503946,0.020245942865793218,No
selected_dbfp_dense_videomme_blip_k16_alpha0.8_adaptive_short_2.0_med_3.0_long_5.0_score_diff_iter2,selected_dbfp_dense_videomme_blip_k16_alpha0.8_adaptive_short_2.0_med_3.0_long_5.0_score_diff_iter3,0.001960187508383865,0.0987016413800356,0.9214082411163608,0.008072420204085839,No
selected_dbfp_dense_videomme_blip_k16_alpha0.8_adaptive_short_2.0_med_3.0_long_5.0_score_diff_iter2,selected_dbfp_dense_videomme_blip_k16_alpha0.8_adaptive_short_2.0_med_3.0_long_5.0_temporal_iter1,0.0016383733252951505,0.08206068727520668,0.934625913048851,0.006711421824438969,No
selected_dbfp_dense_videomme_blip_k16_alpha0.8_adaptive_short_2.0_med_3.0_long_5.0_score_diff_iter2,selected_dbfp_dense_videomme_blip_k16_alpha0.8_adaptive_short_2.0_med_3.0_long_5.0_temporal_iter2,-0.018742951614960535,-0.8962214313840483,0.3704951386473311,-0.07329843662065276,No
selected_dbfp_dense_videomme_blip_k16_alpha0.8_adaptive_short_2.0_med_3.0_long_5.0_score_diff_iter2,selected_dbfp_dense_videomme_blip_k16_alpha0.8_adaptive_short_2.0_med_3.0_long_5.0_temporal_iter3,-0.006361015772146539,-0.3095985996021162,0.7569740707495962,-0.025320855449605086,No
selected_dbfp_dense_videomme_blip_k16_alpha0.8_adaptive_short_2.0_med_3.0_long_5.0_score_diff_iter2,selected_dbfp_dense_videomme_blip_k16_alpha0.8_adaptive_short_2.0_med_4.0_long_6.0_score_diff_iter1,-0.014735010285061967,-0.7192827231809328,0.4722477241157015,-0.05882731343854528,No
selected_dbfp_dense_videomme_blip_k16_alpha0.8_adaptive_short_2.0_med_3.0_long_5.0_score_diff_iter2,selected_dbfp_dense_videomme_blip_k16_alpha0.8_adaptive_short_2.0_med_4.0_long_6.0_score_diff_iter2,-0.008506185910474334,-0.4190995577944005,0.6752938703046687,-0.03427650942332142,No
selected_dbfp_dense_videomme_blip_k16_alpha0.8_adaptive_short_2.0_med_3.0_long_5.0_score_diff_iter2,selected_dbfp_dense_videomme_blip_k16_alpha0.8_adaptive_short_2.0_med_4.0_long_6.0_score_diff_iter3,-0.006131080735088057,-0.2981419957500725,0.7656983488363285,-0.02438386474555617,No
selected_dbfp_dense_videomme_blip_k16_alpha0.8_adaptive_short_2.0_med_3.0_long_5.0_score_diff_iter2,selected_dbfp_dense_videomme_blip_k16_alpha0.8_adaptive_short_2.0_med_4.0_long_6.0_temporal_iter1,-0.014117598409761123,-0.6865744450240839,0.49261706881384826,-0.05615223163392975,No
selected_dbfp_dense_videomme_blip_k16_alpha0.8_adaptive_short_2.0_med_3.0_long_5.0_score_diff_iter2,selected_dbfp_dense_videomme_blip_k16_alpha0.8_adaptive_short_2.0_med_4.0_long_6.0_temporal_iter2,-0.031205402210567945,-1.4742263968594478,0.14094686873925671,-0.12057119633763771,No
selected_dbfp_dense_videomme_blip_k16_alpha0.8_adaptive_short_2.0_med_3.0_long_5.0_score_diff_iter2,selected_dbfp_dense_videomme_blip_k16_alpha0.8_adaptive_short_2.0_med_4.0_long_6.0_temporal_iter3,-0.013407514276647797,-0.6526666254282649,0.514222036967025,-0.053379044027919764,No
selected_dbfp_dense_videomme_blip_k16_alpha0.8_adaptive_short_2.0_med_3.0_long_5.0_score_diff_iter2,selected_dbfp_dense_videomme_blip_k16_alpha0.8_adaptive_short_2.0_med_5.0_long_8.0_score_diff_iter1,-0.015706131679410568,-0.764637005190353,0.4447893513581237,-0.06253666232510298,No
selected_dbfp_dense_videomme_blip_k16_alpha0.8_adaptive_short_2.0_med_3.0_long_5.0_score_diff_iter2,selected_dbfp_dense_videomme_blip_k16_alpha0.8_adaptive_short_2.0_med_5.0_long_8.0_score_diff_iter2,-0.011339528588484249,-0.5516693396477192,0.5813810037515015,-0.045118872060120954,No
selected_dbfp_dense_videomme_blip_k16_alpha0.8_adaptive_short_2.0_med_3.0_long_5.0_score_diff_iter2,selected_dbfp_dense_videomme_blip_k16_alpha0.8_adaptive_short_2.0_med_5.0_long_8.0_score_diff_iter3,-0.014603888753664501,-0.6972869650789616,0.48589421434290925,-0.05702836668415164,No
selected_dbfp_dense_videomme_blip_k16_alpha0.8_adaptive_short_2.0_med_3.0_long_5.0_score_diff_iter2,selected_dbfp_dense_videomme_blip_k16_alpha0.8_adaptive_short_2.0_med_5.0_long_8.0_temporal_iter1,-0.004387973929401767,-0.2171396501942511,0.8281735764428926,-0.017759000519874692,No
selected_dbfp_dense_videomme_blip_k16_alpha0.8_adaptive_short_2.0_med_3.0_long_5.0_score_diff_iter2,selected_dbfp_dense_videomme_blip_k16_alpha0.8_adaptive_short_2.0_med_5.0_long_8.0_temporal_iter2,-0.02053408308537169,-0.9813282758985035,0.32682772864891096,-0.08025899171531964,No
selected_dbfp_dense_videomme_blip_k16_alpha0.8_adaptive_short_2.0_med_3.0_long_5.0_score_diff_iter2,selected_dbfp_dense_videomme_blip_k16_alpha0.8_adaptive_short_2.0_med_5.0_long_8.0_temporal_iter3,-0.011561582470242082,-0.558364934149126,0.5768042076196639,-0.04566647849260487,No
selected_dbfp_dense_videomme_blip_k16_alpha0.8_adaptive_short_2.0_med_3.0_long_5.0_score_diff_iter2,selected_dbfp_dense_videomme_blip_k16_alpha0.8_adaptive_short_3.0_med_6.0_long_10.0_score_diff_iter1,-0.002998079165508899,-0.14988369499160945,0.8809069130981495,-0.012258399669472968,No
selected_dbfp_dense_videomme_blip_k16_alpha0.8_adaptive_short_2.0_med_3.0_long_5.0_score_diff_iter2,selected_dbfp_dense_videomme_blip_k16_alpha0.8_adaptive_short_3.0_med_6.0_long_10.0_score_diff_iter2,-0.0074682642609020244,-0.37297546972438206,0.709298865923516,-0.03050420110900482,No
selected_dbfp_dense_videomme_blip_k16_alpha0.8_adaptive_short_2.0_med_3.0_long_5.0_score_diff_iter2,selected_dbfp_dense_videomme_blip_k16_alpha0.8_adaptive_short_3.0_med_6.0_long_10.0_score_diff_iter3,-0.012234243081434337,-0.6038878065829564,0.5461472449173632,-0.04938961568075033,No
selected_dbfp_dense_videomme_blip_k16_alpha0.8_adaptive_short_2.0_med_3.0_long_5.0_score_diff_iter2,selected_dbfp_dense_videomme_blip_k16_alpha0.8_adaptive_short_3.0_med_6.0_long_10.0_temporal_iter1,-0.021033394894967805,-1.011156967996297,0.31235025790435234,-0.08269856345897074,No
selected_dbfp_dense_videomme_blip_k16_alpha0.8_adaptive_short_2.0_med_3.0_long_5.0_score_diff_iter2,selected_dbfp_dense_videomme_blip_k16_alpha0.8_adaptive_short_3.0_med_6.0_long_10.0_temporal_iter2,-0.008074272621511919,-0.3973805007645277,0.691228689490762,-0.03250019291689831,No
selected_dbfp_dense_videomme_blip_k16_alpha0.8_adaptive_short_2.0_med_3.0_long_5.0_score_diff_iter2,selected_dbfp_dense_videomme_blip_k16_alpha0.8_adaptive_short_3.0_med_6.0_long_10.0_temporal_iter3,-0.0034395667295341326,-0.17022133005134843,0.8648936497874727,-0.013921735096107252,No
selected_dbfp_dense_videomme_blip_k16_alpha0.8_adaptive_short_2.0_med_3.0_long_5.0_score_diff_iter3,selected_dbfp_dense_videomme_blip_k16_alpha0.8_adaptive_short_2.0_med_3.0_long_5.0_temporal_iter1,-0.00032181418308871446,-0.0160544077641425,0.9871963408924807,-0.0013130270564629064,No
selected_dbfp_dense_videomme_blip_k16_alpha0.8_adaptive_short_2.0_med_3.0_long_5.0_score_diff_iter3,selected_dbfp_dense_videomme_blip_k16_alpha0.8_adaptive_short_2.0_med_3.0_long_5.0_temporal_iter2,-0.0207031391233444,-0.9863552641383341,0.3243577194135281,-0.0806701293814278,No
selected_dbfp_dense_videomme_blip_k16_alpha0.8_adaptive_short_2.0_med_3.0_long_5.0_score_diff_iter3,selected_dbfp_dense_videomme_blip_k16_alpha0.8_adaptive_short_2.0_med_3.0_long_5.0_temporal_iter3,-0.008321203280530404,-0.40347969579468457,0.6867395966069325,-0.032999022181391016,No
selected_dbfp_dense_videomme_blip_k16_alpha0.8_adaptive_short_2.0_med_3.0_long_5.0_score_diff_iter3,selected_dbfp_dense_videomme_blip_k16_alpha0.8_adaptive_short_2.0_med_4.0_long_6.0_score_diff_iter1,-0.016695197793445832,-0.8118843615296838,0.4171810401043923,-0.066400838334555,No
selected_dbfp_dense_videomme_blip_k16_alpha0.8_adaptive_short_2.0_med_3.0_long_5.0_score_diff_iter3,selected_dbfp_dense_videomme_blip_k16_alpha0.8_adaptive_short_2.0_med_4.0_long_6.0_score_diff_iter2,-0.0104663734188582,-0.5136901405913783,0.6076583915001299,-0.04201270228020726,No
selected_dbfp_dense_videomme_blip_k16_alpha0.8_adaptive_short_2.0_med_3.0_long_5.0_score_diff_iter3,selected_dbfp_dense_videomme_blip_k16_alpha0.8_adaptive_short_2.0_med_4.0_long_6.0_score_diff_iter3,-0.008091268243471922,-0.39198428467396357,0.695209479779625,-0.03205885758312793,No
selected_dbfp_dense_videomme_blip_k16_alpha0.8_adaptive_short_2.0_med_3.0_long_5.0_score_diff_iter3,selected_dbfp_dense_videomme_blip_k16_alpha0.8_adaptive_short_2.0_med_4.0_long_6.0_temporal_iter1,-0.016077785918144988,-0.7789663270251139,0.43630768793837194,-0.06370860138137857,No
selected_dbfp_dense_videomme_blip_k16_alpha0.8_adaptive_short_2.0_med_3.0_long_5.0_score_diff_iter3,selected_dbfp_dense_videomme_blip_k16_alpha0.8_adaptive_short_2.0_med_4.0_long_6.0_temporal_iter2,-0.03316558971895181,-1.5612753752973074,0.11898782036587163,-0.12769059096954094,No
selected_dbfp_dense_videomme_blip_k16_alpha0.8_adaptive_short_2.0_med_3.0_long_5.0_score_diff_iter3,selected_dbfp_dense_videomme_blip_k16_alpha0.8_adaptive_short_2.0_med_4.0_long_6.0_temporal_iter3,-0.015367701785031662,-0.7452715949886557,0.4564003614328954,-0.06095284137060631,No
selected_dbfp_dense_videomme_blip_k16_alpha0.8_adaptive_short_2.0_med_3.0_long_5.0_score_diff_iter3,selected_dbfp_dense_videomme_blip_k16_alpha0.8_adaptive_short_2.0_med_5.0_long_8.0_score_diff_iter1,-0.017666319187794433,-0.8568293522554492,0.3918824270787351,-0.0700767128932338,No
selected_dbfp_dense_videomme_blip_k16_alpha0.8_adaptive_short_2.0_med_3.0_long_5.0_score_diff_iter3,selected_dbfp_dense_videomme_blip_k16_alpha0.8_adaptive_short_2.0_med_5.0_long_8.0_score_diff_iter2,-0.013299716096868114,-0.6446005504197425,0.5194332651468792,-0.05271935139116803,No
selected_dbfp_dense_videomme_blip_k16_alpha0.8_adaptive_short_2.0_med_3.0_long_5.0_score_diff_iter3,selected_dbfp_dense_videomme_blip_k16_alpha0.8_adaptive_short_2.0_med_5.0_long_8.0_score_diff_iter3,-0.016564076262048366,-0.7880153361215623,0.4309999803509321,-0.06444868439831156,No
selected_dbfp_dense_videomme_blip_k16_alpha0.8_adaptive_short_2.0_med_3.0_long_5.0_score_diff_iter3,selected_dbfp_dense_videomme_blip_k16_alpha0.8_adaptive_short_2.0_med_5.0_long_8.0_temporal_iter1,-0.006348161437785632,-0.31291840162988704,0.7544517552687062,-0.025592369026691725,No
selected_dbfp_dense_videomme_blip_k16_alpha0.8_adaptive_short_2.0_med_3.0_long_5.0_score_diff_iter3,selected_dbfp_dense_videomme_blip_k16_alpha0.8_adaptive_short_2.0_med_5.0_long_8.0_temporal_iter2,-0.022494270593755555,-1.0711060327242719,0.2845538540488676,-0.08760156242326336,No
selected_dbfp_dense_videomme_blip_k16_alpha0.8_adaptive_short_2.0_med_3.0_long_5.0_score_diff_iter3,selected_dbfp_dense_videomme_blip_k16_alpha0.8_adaptive_short_2.0_med_5.0_long_8.0_temporal_iter3,-0.013521769978625947,-0.650612741557283,0.5155463930245507,-0.05321106494440535,No
selected_dbfp_dense_videomme_blip_k16_alpha0.8_adaptive_short_2.0_med_3.0_long_5.0_score_diff_iter3,selected_dbfp_dense_videomme_blip_k16_alpha0.8_adaptive_short_3.0_med_6.0_long_10.0_score_diff_iter1,-0.004958266673892764,-0.24689621848143486,0.8050732773030984,-0.020192673550564758,No
selected_dbfp_dense_videomme_blip_k16_alpha0.8_adaptive_short_2.0_med_3.0_long_5.0_score_diff_iter3,selected_dbfp_dense_videomme_blip_k16_alpha0.8_adaptive_short_3.0_med_6.0_long_10.0_score_diff_iter2,-0.00942845176928589,-0.4690053591146667,0.639236739986194,-0.03835810920359182,No
selected_dbfp_dense_videomme_blip_k16_alpha0.8_adaptive_short_2.0_med_3.0_long_5.0_score_diff_iter3,selected_dbfp_dense_videomme_blip_k16_alpha0.8_adaptive_short_3.0_med_6.0_long_10.0_score_diff_iter3,-0.014194430589818202,-0.6979328838885543,0.48549045185358963,-0.057081193784398715,No
selected_dbfp_dense_videomme_blip_k16_alpha0.8_adaptive_short_2.0_med_3.0_long_5.0_score_diff_iter3,selected_dbfp_dense_videomme_blip_k16_alpha0.8_adaptive_short_3.0_med_6.0_long_10.0_temporal_iter1,-0.02299358240335167,-1.101333045654638,0.27119482098015474,-0.09007371126478808,No
selected_dbfp_dense_videomme_blip_k16_alpha0.8_adaptive_short_2.0_med_3.0_long_5.0_score_diff_iter3,selected_dbfp_dense_videomme_blip_k16_alpha0.8_adaptive_short_3.0_med_6.0_long_10.0_temporal_iter2,-0.010034460129895784,-0.4919528844014708,0.6229331878600144,-0.04023489733589599,No
selected_dbfp_dense_videomme_blip_k16_alpha0.8_adaptive_short_2.0_med_3.0_long_5.0_score_diff_iter3,selected_dbfp_dense_videomme_blip_k16_alpha0.8_adaptive_short_3.0_med_6.0_long_10.0_temporal_iter3,-0.0053997542379179975,-0.26619016580081034,0.790184509401944,-0.02177064985294837,No
selected_dbfp_dense_videomme_blip_k16_alpha0.8_adaptive_short_2.0_med_3.0_long_5.0_temporal_iter1,selected_dbfp_dense_videomme_blip_k16_alpha0.8_adaptive_short_2.0_med_3.0_long_5.0_temporal_iter2,-0.020381324940255685,-0.966418800303975,0.33422532807006133,-0.07903960419339978,No
selected_dbfp_dense_videomme_blip_k16_alpha0.8_adaptive_short_2.0_med_3.0_long_5.0_temporal_iter1,selected_dbfp_dense_videomme_blip_k16_alpha0.8_adaptive_short_2.0_med_3.0_long_5.0_temporal_iter3,-0.00799938909744169,-0.3859709557149347,0.6996554543189155,-0.03156705099225403,No
selected_dbfp_dense_videomme_blip_k16_alpha0.8_adaptive_short_2.0_med_3.0_long_5.0_temporal_iter1,selected_dbfp_dense_videomme_blip_k16_alpha0.8_adaptive_short_2.0_med_4.0_long_6.0_score_diff_iter1,-0.016373383610357117,-0.7923021717649754,0.4284986948153635,-0.06479928783293039,No
selected_dbfp_dense_videomme_blip_k16_alpha0.8_adaptive_short_2.0_med_3.0_long_5.0_temporal_iter1,selected_dbfp_dense_videomme_blip_k16_alpha0.8_adaptive_short_2.0_med_4.0_long_6.0_score_diff_iter2,-0.010144559235769485,-0.4953910895877116,0.6205060690483446,-0.04051609466235401,No
selected_dbfp_dense_videomme_blip_k16_alpha0.8_adaptive_short_2.0_med_3.0_long_5.0_temporal_iter1,selected_dbfp_dense_videomme_blip_k16_alpha0.8_adaptive_short_2.0_med_4.0_long_6.0_score_diff_iter3,-0.007769454060383207,-0.3745489325046677,0.7081287397814129,-0.0306328885031684,No
selected_dbfp_dense_videomme_blip_k16_alpha0.8_adaptive_short_2.0_med_3.0_long_5.0_temporal_iter1,selected_dbfp_dense_videomme_blip_k16_alpha0.8_adaptive_short_2.0_med_4.0_long_6.0_temporal_iter1,-0.015755971735056273,-0.759631988806759,0.4477739398380697,-0.06212732168495244,No
selected_dbfp_dense_videomme_blip_k16_alpha0.8_adaptive_short_2.0_med_3.0_long_5.0_temporal_iter1,selected_dbfp_dense_videomme_blip_k16_alpha0.8_adaptive_short_2.0_med_4.0_long_6.0_temporal_iter2,-0.032843775535863096,-1.538967045255529,0.1243412864324022,-0.12586608015189982,No
selected_dbfp_dense_videomme_blip_k16_alpha0.8_adaptive_short_2.0_med_3.0_long_5.0_temporal_iter1,selected_dbfp_dense_videomme_blip_k16_alpha0.8_adaptive_short_2.0_med_4.0_long_6.0_temporal_iter3,-0.015045887601942948,-0.7260809149890364,0.4680732461685636,-0.0593833109161326,No
selected_dbfp_dense_videomme_blip_k16_alpha0.8_adaptive_short_2.0_med_3.0_long_5.0_temporal_iter1,selected_dbfp_dense_videomme_blip_k16_alpha0.8_adaptive_short_2.0_med_5.0_long_8.0_score_diff_iter1,-0.017344505004705718,-0.8370883905017605,0.4028772845172047,-0.06846217705365663,No
selected_dbfp_dense_videomme_blip_k16_alpha0.8_adaptive_short_2.0_med_3.0_long_5.0_temporal_iter1,selected_dbfp_dense_videomme_blip_k16_alpha0.8_adaptive_short_2.0_med_5.0_long_8.0_score_diff_iter2,-0.0129779019137794,-0.6259171814425046,0.5316080808500228,-0.051191311914280765,No
selected_dbfp_dense_videomme_blip_k16_alpha0.8_adaptive_short_2.0_med_3.0_long_5.0_temporal_iter1,selected_dbfp_dense_videomme_blip_k16_alpha0.8_adaptive_short_2.0_med_5.0_long_8.0_score_diff_iter3,-0.01624226207895965,-0.7690519932458275,0.44216607731450475,-0.06289774695459081,No
selected_dbfp_dense_videomme_blip_k16_alpha0.8_adaptive_short_2.0_med_3.0_long_5.0_temporal_iter1,selected_dbfp_dense_videomme_blip_k16_alpha0.8_adaptive_short_2.0_med_5.0_long_8.0_temporal_iter1,-0.006026347254696918,-0.29554823507141686,0.7676777022190692,-0.024171731222213055,No
selected_dbfp_dense_videomme_blip_k16_alpha0.8_adaptive_short_2.0_med_3.0_long_5.0_temporal_iter1,selected_dbfp_dense_videomme_blip_k16_alpha0.8_adaptive_short_2.0_med_5.0_long_8.0_temporal_iter2,-0.02217245641066684,-1.0507814277485303,0.2937834288974987,-0.08593929269446507,No
selected_dbfp_dense_videomme_blip_k16_alpha0.8_adaptive_short_2.0_med_3.0_long_5.0_temporal_iter1,selected_dbfp_dense_videomme_blip_k16_alpha0.8_adaptive_short_2.0_med_5.0_long_8.0_temporal_iter3,-0.013199955795537233,-0.6320570542168196,0.5275911586454234,-0.051693468047366326,No
selected_dbfp_dense_videomme_blip_k16_alpha0.8_adaptive_short_2.0_med_3.0_long_5.0_temporal_iter1,selected_dbfp_dense_videomme_blip_k16_alpha0.8_adaptive_short_3.0_med_6.0_long_10.0_score_diff_iter1,-0.004636452490804049,-0.22967644176972807,0.81842173885034,-0.018784335541525678,No
selected_dbfp_dense_videomme_blip_k16_alpha0.8_adaptive_short_2.0_med_3.0_long_5.0_temporal_iter1,selected_dbfp_dense_videomme_blip_k16_alpha0.8_adaptive_short_3.0_med_6.0_long_10.0_score_diff_iter2,-0.009106637586197175,-0.4506570478497719,0.6524000922272825,-0.03685747278251567,No
selected_dbfp_dense_videomme_blip_k16_alpha0.8_adaptive_short_2.0_med_3.0_long_5.0_temporal_iter1,selected_dbfp_dense_videomme_blip_k16_alpha0.8_adaptive_short_3.0_med_6.0_long_10.0_score_diff_iter3,-0.013872616406729488,-0.6786660407577652,0.4976120382678223,-0.05550543424664705,No
selected_dbfp_dense_videomme_blip_k16_alpha0.8_adaptive_short_2.0_med_3.0_long_5.0_temporal_iter1,selected_dbfp_dense_videomme_blip_k16_alpha0.8_adaptive_short_3.0_med_6.0_long_10.0_temporal_iter1,-0.022671768220262956,-1.0807150453544274,0.2802595329643647,-0.08838744588398263,No
selected_dbfp_dense_videomme_blip_k16_alpha0.8_adaptive_short_2.0_med_3.0_long_5.0_temporal_iter1,selected_dbfp_dense_videomme_blip_k16_alpha0.8_adaptive_short_3.0_med_6.0_long_10.0_temporal_iter2,-0.00971264594680707,-0.47378556769468677,0.6358257517239336,-0.03874906374917119,No
selected_dbfp_dense_videomme_blip_k16_alpha0.8_adaptive_short_2.0_med_3.0_long_5.0_temporal_iter1,selected_dbfp_dense_videomme_blip_k16_alpha0.8_adaptive_short_3.0_med_6.0_long_10.0_temporal_iter3,-0.005077940054829283,-0.24905559687008766,0.8034032918006689,-0.020369280653825268,No
selected_dbfp_dense_videomme_blip_k16_alpha0.8_adaptive_short_2.0_med_3.0_long_5.0_temporal_iter2,selected_dbfp_dense_videomme_blip_k16_alpha0.8_adaptive_short_2.0_med_3.0_long_5.0_temporal_iter3,0.012381935842813996,0.5721776796340617,0.5674166356551158,0.046796168862778244,No
selected_dbfp_dense_videomme_blip_k16_alpha0.8_adaptive_short_2.0_med_3.0_long_5.0_temporal_iter2,selected_dbfp_dense_videomme_blip_k16_alpha0.8_adaptive_short_2.0_med_4.0_long_6.0_score_diff_iter1,0.004007941329898568,0.18570099628291165,0.8527422172868895,0.01518775633598264,No
selected_dbfp_dense_videomme_blip_k16_alpha0.8_adaptive_short_2.0_med_3.0_long_5.0_temporal_iter2,selected_dbfp_dense_videomme_blip_k16_alpha0.8_adaptive_short_2.0_med_4.0_long_6.0_score_diff_iter2,0.0102367657044862,0.47828397934193617,0.6326228993623713,0.039116971264237556,No
selected_dbfp_dense_videomme_blip_k16_alpha0.8_adaptive_short_2.0_med_3.0_long_5.0_temporal_iter2,selected_dbfp_dense_videomme_blip_k16_alpha0.8_adaptive_short_2.0_med_4.0_long_6.0_score_diff_iter3,0.012611870879872478,0.5823358579130186,0.5605599648203654,0.047626966434627015,No
selected_dbfp_dense_videomme_blip_k16_alpha0.8_adaptive_short_2.0_med_3.0_long_5.0_temporal_iter2,selected_dbfp_dense_videomme_blip_k16_alpha0.8_adaptive_short_2.0_med_4.0_long_6.0_temporal_iter1,0.004625353205199412,0.2135873890478813,0.8309416339858726,0.01746847505744708,No
selected_dbfp_dense_videomme_blip_k16_alpha0.8_adaptive_short_2.0_med_3.0_long_5.0_temporal_iter2,selected_dbfp_dense_videomme_blip_k16_alpha0.8_adaptive_short_2.0_med_4.0_long_6.0_temporal_iter2,-0.01246245059560741,-0.5605948424633141,0.5752837348219892,-0.04584885407386098,No
selected_dbfp_dense_videomme_blip_k16_alpha0.8_adaptive_short_2.0_med_3.0_long_5.0_temporal_iter2,selected_dbfp_dense_videomme_blip_k16_alpha0.8_adaptive_short_2.0_med_4.0_long_6.0_temporal_iter3,0.005335437338312737,0.2465903332220975,0.8053099102447014,0.02016765645368449,No
selected_dbfp_dense_videomme_blip_k16_alpha0.8_adaptive_short_2.0_med_3.0_long_5.0_temporal_iter2,selected_dbfp_dense_videomme_blip_k16_alpha0.8_adaptive_short_2.0_med_5.0_long_8.0_score_diff_iter1,0.003036819935549967,0.14036659747666289,0.888417613534481,0.011480033618847208,No
selected_dbfp_dense_videomme_blip_k16_alpha0.8_adaptive_short_2.0_med_3.0_long_5.0_temporal_iter2,selected_dbfp_dense_videomme_blip_k16_alpha0.8_adaptive_short_2.0_med_5.0_long_8.0_score_diff_iter2,0.007403423026476286,0.34198325932604867,0.7324836403928425,0.027969469836951658,No
selected_dbfp_dense_videomme_blip_k16_alpha0.8_adaptive_short_2.0_med_3.0_long_5.0_temporal_iter2,selected_dbfp_dense_videomme_blip_k16_alpha0.8_adaptive_short_2.0_med_5.0_long_8.0_score_diff_iter3,0.004139062861296033,0.18798437683600927,0.8509526682607254,0.01537450508960338,No
selected_dbfp_dense_videomme_blip_k16_alpha0.8_adaptive_short_2.0_med_3.0_long_5.0_temporal_iter2,selected_dbfp_dense_videomme_blip_k16_alpha0.8_adaptive_short_2.0_med_5.0_long_8.0_temporal_iter1,0.014354977685558767,0.6733283714824064,0.5009985426849539,0.05506888729779649,No
selected_dbfp_dense_videomme_blip_k16_alpha0.8_adaptive_short_2.0_med_3.0_long_5.0_temporal_iter2,selected_dbfp_dense_videomme_blip_k16_alpha0.8_adaptive_short_2.0_med_5.0_long_8.0_temporal_iter2,-0.0017911314704111558,-0.08141518986679781,0.9351390104293504,-0.006658629147845054,No
selected_dbfp_dense_videomme_blip_k16_alpha0.8_adaptive_short_2.0_med_3.0_long_5.0_temporal_iter2,selected_dbfp_dense_videomme_blip_k16_alpha0.8_adaptive_short_2.0_med_5.0_long_8.0_temporal_iter3,0.0071813691447184524,0.32953984178820944,0.74186307777594,0.02695177151486348,No
selected_dbfp_dense_videomme_blip_k16_alpha0.8_adaptive_short_2.0_med_3.0_long_5.0_temporal_iter2,selected_dbfp_dense_videomme_blip_k16_alpha0.8_adaptive_short_3.0_med_6.0_long_10.0_score_diff_iter1,0.015744872449451636,0.7453240394489601,0.4563686880849839,0.06095713065511889,No
selected_dbfp_dense_videomme_blip_k16_alpha0.8_adaptive_short_2.0_med_3.0_long_5.0_temporal_iter2,selected_dbfp_dense_videomme_blip_k16_alpha0.8_adaptive_short_3.0_med_6.0_long_10.0_score_diff_iter2,0.01127468735405851,0.5332199087035873,0.5940794703538022,0.04360996549629127,No
selected_dbfp_dense_videomme_blip_k16_alpha0.8_adaptive_short_2.0_med_3.0_long_5.0_temporal_iter2,selected_dbfp_dense_videomme_blip_k16_alpha0.8_adaptive_short_3.0_med_6.0_long_10.0_score_diff_iter3,0.006508708533526197,0.30460309145480846,0.7607744398249852,0.024912292464986708,No
selected_dbfp_dense_videomme_blip_k16_alpha0.8_adaptive_short_2.0_med_3.0_long_5.0_temporal_iter2,selected_dbfp_dense_videomme_blip_k16_alpha0.8_adaptive_short_3.0_med_6.0_long_10.0_temporal_iter1,-0.0022904432800072705,-0.10466978279824578,0.9166729363829278,-0.008560531120056137,No
selected_dbfp_dense_videomme_blip_k16_alpha0.8_adaptive_short_2.0_med_3.0_long_5.0_temporal_iter2,selected_dbfp_dense_videomme_blip_k16_alpha0.8_adaptive_short_3.0_med_6.0_long_10.0_temporal_iter2,0.010668678993448616,0.49796951812405527,0.6186886015472869,0.04072697429352348,No
selected_dbfp_dense_videomme_blip_k16_alpha0.8_adaptive_short_2.0_med_3.0_long_5.0_temporal_iter2,selected_dbfp_dense_videomme_blip_k16_alpha0.8_adaptive_short_3.0_med_6.0_long_10.0_temporal_iter3,0.015303384885426402,0.717866140871578,0.47312016789775013,0.05871145681774335,No
selected_dbfp_dense_videomme_blip_k16_alpha0.8_adaptive_short_2.0_med_3.0_long_5.0_temporal_iter3,selected_dbfp_dense_videomme_blip_k16_alpha0.8_adaptive_short_2.0_med_4.0_long_6.0_score_diff_iter1,-0.008373994512915428,-0.3944962180010251,0.6933553696992039,-0.032264298795326225,No
selected_dbfp_dense_videomme_blip_k16_alpha0.8_adaptive_short_2.0_med_3.0_long_5.0_temporal_iter3,selected_dbfp_dense_videomme_blip_k16_alpha0.8_adaptive_short_2.0_med_4.0_long_6.0_score_diff_iter2,-0.0021451701383277955,-0.10193559384336821,0.918841967395732,-0.008336912513906117,No
selected_dbfp_dense_videomme_blip_k16_alpha0.8_adaptive_short_2.0_med_3.0_long_5.0_temporal_iter3,selected_dbfp_dense_videomme_blip_k16_alpha0.8_adaptive_short_2.0_med_4.0_long_6.0_score_diff_iter3,0.00022993503705848184,0.010793591811691141,0.9913917267610963,0.000882765551212627,No
selected_dbfp_dense_videomme_blip_k16_alpha0.8_adaptive_short_2.0_med_3.0_long_5.0_temporal_iter3,selected_dbfp_dense_videomme_blip_k16_alpha0.8_adaptive_short_2.0_med_4.0_long_6.0_temporal_iter1,-0.007756582637614584,-0.36414066330685163,0.7158816883685339,-0.02978163700926188,No
selected_dbfp_dense_videomme_blip_k16_alpha0.8_adaptive_short_2.0_med_3.0_long_5.0_temporal_iter3,selected_dbfp_dense_videomme_blip_k16_alpha0.8_adaptive_short_2.0_med_4.0_long_6.0_temporal_iter2,-0.024844386438421406,-1.1351938866845066,0.2567488766635504,-0.09284305684518199,No
selected_dbfp_dense_videomme_blip_k16_alpha0.8_adaptive_short_2.0_med_3.0_long_5.0_temporal_iter3,selected_dbfp_dense_videomme_blip_k16_alpha0.8_adaptive_short_2.0_med_4.0_long_6.0_temporal_iter3,-0.0070464985045012585,-0.3311006595436964,0.7406844411090103,-0.02707942465466942,No
selected_dbfp_dense_videomme_blip_k16_alpha0.8_adaptive_short_2.0_med_3.0_long_5.0_temporal_iter3,selected_dbfp_dense_videomme_blip_k16_alpha0.8_adaptive_short_2.0_med_5.0_long_8.0_score_diff_iter1,-0.009345115907264029,-0.4391484787860581,0.6607125865462855,-0.03591623212060753,No
selected_dbfp_dense_videomme_blip_k16_alpha0.8_adaptive_short_2.0_med_3.0_long_5.0_temporal_iter3,selected_dbfp_dense_videomme_blip_k16_alpha0.8_adaptive_short_2.0_med_5.0_long_8.0_score_diff_iter2,-0.00497851281633771,-0.23380011204745774,0.8152201778029522,-0.01912159440365647,No
selected_dbfp_dense_videomme_blip_k16_alpha0.8_adaptive_short_2.0_med_3.0_long_5.0_temporal_iter3,selected_dbfp_dense_videomme_blip_k16_alpha0.8_adaptive_short_2.0_med_5.0_long_8.0_score_diff_iter3,-0.008242872981517962,-0.38038947375204735,0.7037914021664371,-0.0311105635222015,No
selected_dbfp_dense_videomme_blip_k16_alpha0.8_adaptive_short_2.0_med_3.0_long_5.0_temporal_iter3,selected_dbfp_dense_videomme_blip_k16_alpha0.8_adaptive_short_2.0_med_5.0_long_8.0_temporal_iter1,0.0019730418427447716,0.09413702502573398,0.9250318415078512,0.007699098148591727,No
selected_dbfp_dense_videomme_blip_k16_alpha0.8_adaptive_short_2.0_med_3.0_long_5.0_temporal_iter3,selected_dbfp_dense_videomme_blip_k16_alpha0.8_adaptive_short_2.0_med_5.0_long_8.0_temporal_iter2,-0.014173067313225152,-0.6546114548513271,0.5129696366691334,-0.05353810410940283,No
selected_dbfp_dense_videomme_blip_k16_alpha0.8_adaptive_short_2.0_med_3.0_long_5.0_temporal_iter3,selected_dbfp_dense_videomme_blip_k16_alpha0.8_adaptive_short_2.0_med_5.0_long_8.0_temporal_iter3,-0.005200566698095543,-0.24256513007527805,0.8084254664155738,-0.019838450864562537,No
selected_dbfp_dense_videomme_blip_k16_alpha0.8_adaptive_short_2.0_med_3.0_long_5.0_temporal_iter3,selected_dbfp_dense_videomme_blip_k16_alpha0.8_adaptive_short_3.0_med_6.0_long_10.0_score_diff_iter1,0.00336293660663764,0.16198089041676222,0.8713756166293652,0.013247781865956102,No
selected_dbfp_dense_videomme_blip_k16_alpha0.8_adaptive_short_2.0_med_3.0_long_5.0_temporal_iter3,selected_dbfp_dense_videomme_blip_k16_alpha0.8_adaptive_short_3.0_med_6.0_long_10.0_score_diff_iter2,-0.0011072484887554856,-0.05328093038511808,0.9575258679918184,-0.004357638370599846,No
selected_dbfp_dense_videomme_blip_k16_alpha0.8_adaptive_short_2.0_med_3.0_long_5.0_temporal_iter3,selected_dbfp_dense_videomme_blip_k16_alpha0.8_adaptive_short_3.0_med_6.0_long_10.0_score_diff_iter3,-0.0058732273092877985,-0.279564493353534,0.7799083176384534,-0.022864483690647912,No
selected_dbfp_dense_videomme_blip_k16_alpha0.8_adaptive_short_2.0_med_3.0_long_5.0_temporal_iter3,selected_dbfp_dense_videomme_blip_k16_alpha0.8_adaptive_short_3.0_med_6.0_long_10.0_temporal_iter1,-0.014672379122821266,-0.6814280450543722,0.49586448290315344,-0.05573132786049047,No
selected_dbfp_dense_videomme_blip_k16_alpha0.8_adaptive_short_2.0_med_3.0_long_5.0_temporal_iter3,selected_dbfp_dense_videomme_blip_k16_alpha0.8_adaptive_short_3.0_med_6.0_long_10.0_temporal_iter2,-0.00171325684936538,-0.0813281379464792,0.9352082089248623,-0.0066515095016521485,No
selected_dbfp_dense_videomme_blip_k16_alpha0.8_adaptive_short_2.0_med_3.0_long_5.0_temporal_iter3,selected_dbfp_dense_videomme_blip_k16_alpha0.8_adaptive_short_3.0_med_6.0_long_10.0_temporal_iter3,0.0029214490426124062,0.13939755617259347,0.8891829366268443,0.011400779516349574,No
selected_dbfp_dense_videomme_blip_k16_alpha0.8_adaptive_short_2.0_med_4.0_long_6.0_score_diff_iter1,selected_dbfp_dense_videomme_blip_k16_alpha0.8_adaptive_short_2.0_med_4.0_long_6.0_score_diff_iter2,0.006228824374587633,0.29681575702095647,0.7667102388469396,0.024275396899781795,No
selected_dbfp_dense_videomme_blip_k16_alpha0.8_adaptive_short_2.0_med_4.0_long_6.0_score_diff_iter1,selected_dbfp_dense_videomme_blip_k16_alpha0.8_adaptive_short_2.0_med_4.0_long_6.0_score_diff_iter3,0.00860392954997391,0.40499065112691585,0.6856292145589715,0.03312259733161263,No
selected_dbfp_dense_videomme_blip_k16_alpha0.8_adaptive_short_2.0_med_4.0_long_6.0_score_diff_iter1,selected_dbfp_dense_videomme_blip_k16_alpha0.8_adaptive_short_2.0_med_4.0_long_6.0_temporal_iter1,0.000617411875300844,0.029064392988508755,0.9768229309602292,0.0023770627370387877,No
selected_dbfp_dense_videomme_blip_k16_alpha0.8_adaptive_short_2.0_med_4.0_long_6.0_score_diff_iter1,selected_dbfp_dense_videomme_blip_k16_alpha0.8_adaptive_short_2.0_med_4.0_long_6.0_temporal_iter2,-0.01647039192550598,-0.754519513797868,0.4508343537094608,-0.061709192522294384,No
selected_dbfp_dense_videomme_blip_k16_alpha0.8_adaptive_short_2.0_med_4.0_long_6.0_score_diff_iter1,selected_dbfp_dense_videomme_blip_k16_alpha0.8_adaptive_short_2.0_med_4.0_long_6.0_temporal_iter3,0.0013274960084141696,0.06254744275706584,0.950147781877881,0.005115510085778428,No
selected_dbfp_dense_videomme_blip_k16_alpha0.8_adaptive_short_2.0_med_4.0_long_6.0_score_diff_iter1,selected_dbfp_dense_videomme_blip_k16_alpha0.8_adaptive_short_2.0_med_5.0_long_8.0_score_diff_iter1,-0.0009711213943486008,-0.04576042874494967,0.9635164758099,-0.003742566033957562,No
selected_dbfp_dense_videomme_blip_k16_alpha0.8_adaptive_short_2.0_med_4.0_long_6.0_score_diff_iter1,selected_dbfp_dense_videomme_blip_k16_alpha0.8_adaptive_short_2.0_med_5.0_long_8.0_score_diff_iter2,0.003395481696577718,0.1598949712998187,0.8730178023448215,0.013077182732218081,No
selected_dbfp_dense_videomme_blip_k16_alpha0.8_adaptive_short_2.0_med_4.0_long_6.0_score_diff_iter1,selected_dbfp_dense_videomme_blip_k16_alpha0.8_adaptive_short_2.0_med_5.0_long_8.0_score_diff_iter3,0.00013112153139746563,0.006066961904410601,0.9951613177937133,0.0004961930250944055,No
selected_dbfp_dense_videomme_blip_k16_alpha0.8_adaptive_short_2.0_med_4.0_long_6.0_score_diff_iter1,selected_dbfp_dense_videomme_blip_k16_alpha0.8_adaptive_short_2.0_med_5.0_long_8.0_temporal_iter1,0.0103470363556602,0.49507025234993324,0.6207323818096802,0.040489854675432396,No
selected_dbfp_dense_videomme_blip_k16_alpha0.8_adaptive_short_2.0_med_4.0_long_6.0_score_diff_iter1,selected_dbfp_dense_videomme_blip_k16_alpha0.8_adaptive_short_2.0_med_5.0_long_8.0_temporal_iter2,-0.005799072800309724,-0.2685515387354822,0.7883674266075839,-0.021963777339317682,No
selected_dbfp_dense_videomme_blip_k16_alpha0.8_adaptive_short_2.0_med_4.0_long_6.0_score_diff_iter1,selected_dbfp_dense_videomme_blip_k16_alpha0.8_adaptive_short_2.0_med_5.0_long_8.0_temporal_iter3,0.0031734278148198847,0.1484152324284792,0.8820651110453674,0.012138299906782626,No
selected_dbfp_dense_videomme_blip_k16_alpha0.8_adaptive_short_2.0_med_4.0_long_6.0_score_diff_iter1,selected_dbfp_dense_videomme_blip_k16_alpha0.8_adaptive_short_3.0_med_6.0_long_10.0_score_diff_iter1,0.011736931119553068,0.5669567224973335,0.5709563285772516,0.04636916717091842,No
selected_dbfp_dense_videomme_blip_k16_alpha0.8_adaptive_short_2.0_med_4.0_long_6.0_score_diff_iter1,selected_dbfp_dense_videomme_blip_k16_alpha0.8_adaptive_short_3.0_med_6.0_long_10.0_score_diff_iter2,0.007266746024159942,0.3506828470371246,0.7259497934563552,0.028680974955609062,No
selected_dbfp_dense_videomme_blip_k16_alpha0.8_adaptive_short_2.0_med_4.0_long_6.0_score_diff_iter1,selected_dbfp_dense_videomme_blip_k16_alpha0.8_adaptive_short_3.0_med_6.0_long_10.0_score_diff_iter3,0.0025007672036276296,0.1193711537163522,0.9050214039441749,0.009762898586447863,No
selected_dbfp_dense_videomme_blip_k16_alpha0.8_adaptive_short_2.0_med_4.0_long_6.0_score_diff_iter1,selected_dbfp_dense_videomme_blip_k16_alpha0.8_adaptive_short_3.0_med_6.0_long_10.0_temporal_iter1,-0.006298384609905838,-0.29329913352537895,0.7693952700397351,-0.02398778607465847,No
selected_dbfp_dense_videomme_blip_k16_alpha0.8_adaptive_short_2.0_med_4.0_long_6.0_score_diff_iter1,selected_dbfp_dense_videomme_blip_k16_alpha0.8_adaptive_short_3.0_med_6.0_long_10.0_temporal_iter2,0.006660737663550048,0.31706983842350206,0.7513012748883149,0.0259318987989112,No
selected_dbfp_dense_videomme_blip_k16_alpha0.8_adaptive_short_2.0_med_4.0_long_6.0_score_diff_iter1,selected_dbfp_dense_videomme_blip_k16_alpha0.8_adaptive_short_3.0_med_6.0_long_10.0_temporal_iter3,0.011295443555527834,0.5404891769246268,0.5890609655405168,0.044204490420056176,No
selected_dbfp_dense_videomme_blip_k16_alpha0.8_adaptive_short_2.0_med_4.0_long_6.0_score_diff_iter2,selected_dbfp_dense_videomme_blip_k16_alpha0.8_adaptive_short_2.0_med_4.0_long_6.0_score_diff_iter3,0.0023751051753862773,0.11276611886671244,0.9102538237713174,0.009222698687566002,No
selected_dbfp_dense_videomme_blip_k16_alpha0.8_adaptive_short_2.0_med_4.0_long_6.0_score_diff_iter2,selected_dbfp_dense_videomme_blip_k16_alpha0.8_adaptive_short_2.0_med_4.0_long_6.0_temporal_iter1,-0.005611412499286789,-0.26644450784670876,0.7899887373609958,-0.021791451523866107,No
selected_dbfp_dense_videomme_blip_k16_alpha0.8_adaptive_short_2.0_med_4.0_long_6.0_score_diff_iter2,selected_dbfp_dense_videomme_blip_k16_alpha0.8_adaptive_short_2.0_med_4.0_long_6.0_temporal_iter2,-0.02269921630009361,-1.0483963482656051,0.2948795647444895,-0.08574422648032415,No
selected_dbfp_dense_videomme_blip_k16_alpha0.8_adaptive_short_2.0_med_4.0_long_6.0_score_diff_iter2,selected_dbfp_dense_videomme_blip_k16_alpha0.8_adaptive_short_2.0_med_4.0_long_6.0_temporal_iter3,-0.004901328366173463,-0.23294062159640436,0.8158872212050863,-0.0190513000410482,No
selected_dbfp_dense_videomme_blip_k16_alpha0.8_adaptive_short_2.0_med_4.0_long_6.0_score_diff_iter2,selected_dbfp_dense_videomme_blip_k16_alpha0.8_adaptive_short_2.0_med_5.0_long_8.0_score_diff_iter1,-0.007199945768936233,-0.34221700516652265,0.7323078281559166,-0.027988586962082344,No
selected_dbfp_dense_videomme_blip_k16_alpha0.8_adaptive_short_2.0_med_4.0_long_6.0_score_diff_iter2,selected_dbfp_dense_videomme_blip_k16_alpha0.8_adaptive_short_2.0_med_5.0_long_8.0_score_diff_iter2,-0.0028333426780099147,-0.13458088394143267,0.8929885392372785,-0.011006842783551648,No
selected_dbfp_dense_videomme_blip_k16_alpha0.8_adaptive_short_2.0_med_4.0_long_6.0_score_diff_iter2,selected_dbfp_dense_videomme_blip_k16_alpha0.8_adaptive_short_2.0_med_5.0_long_8.0_score_diff_iter3,-0.006097702843190167,-0.2845009209230384,0.7761250182784284,-0.023268214762911816,No
selected_dbfp_dense_videomme_blip_k16_alpha0.8_adaptive_short_2.0_med_4.0_long_6.0_score_diff_iter2,selected_dbfp_dense_videomme_blip_k16_alpha0.8_adaptive_short_2.0_med_5.0_long_8.0_temporal_iter1,0.004118211981072567,0.1988075694297321,0.8424808471869228,0.01625969153580656,No
selected_dbfp_dense_videomme_blip_k16_alpha0.8_adaptive_short_2.0_med_4.0_long_6.0_score_diff_iter2,selected_dbfp_dense_videomme_blip_k16_alpha0.8_adaptive_short_2.0_med_5.0_long_8.0_temporal_iter2,-0.012027897174897356,-0.561675153306871,0.5745478036192411,-0.04593720839742639,No
selected_dbfp_dense_videomme_blip_k16_alpha0.8_adaptive_short_2.0_med_4.0_long_6.0_score_diff_iter2,selected_dbfp_dense_videomme_blip_k16_alpha0.8_adaptive_short_2.0_med_5.0_long_8.0_temporal_iter3,-0.003055396559767748,-0.14411748585959966,0.885456250694427,-0.011786804063025999,No
selected_dbfp_dense_videomme_blip_k16_alpha0.8_adaptive_short_2.0_med_4.0_long_6.0_score_diff_iter2,selected_dbfp_dense_videomme_blip_k16_alpha0.8_adaptive_short_3.0_med_6.0_long_10.0_score_diff_iter1,0.005508106744965435,0.26850129414131163,0.7884060779775167,0.021959667987202343,No
selected_dbfp_dense_videomme_blip_k16_alpha0.8_adaptive_short_2.0_med_4.0_long_6.0_score_diff_iter2,selected_dbfp_dense_videomme_blip_k16_alpha0.8_adaptive_short_3.0_med_6.0_long_10.0_score_diff_iter2,0.0010379216495723098,0.05054521871787919,0.9597047941148821,0.004133895238674815,No
selected_dbfp_dense_videomme_blip_k16_alpha0.8_adaptive_short_2.0_med_4.0_long_6.0_score_diff_iter2,selected_dbfp_dense_videomme_blip_k16_alpha0.8_adaptive_short_3.0_med_6.0_long_10.0_score_diff_iter3,-0.003728057170960003,-0.17954100558618843,0.8575737400501023,-0.014683954828833954,No
selected_dbfp_dense_videomme_blip_k16_alpha0.8_adaptive_short_2.0_med_4.0_long_6.0_score_diff_iter2,selected_dbfp_dense_videomme_blip_k16_alpha0.8_adaptive_short_3.0_med_6.0_long_10.0_temporal_iter1,-0.01252720898449347,-0.588305901886703,0.5565491022738995,-0.048115232891195674,No
selected_dbfp_dense_videomme_blip_k16_alpha0.8_adaptive_short_2.0_med_4.0_long_6.0_score_diff_iter2,selected_dbfp_dense_videomme_blip_k16_alpha0.8_adaptive_short_3.0_med_6.0_long_10.0_temporal_iter2,0.00043191328896241554,0.02074258193044865,0.9834579198611264,0.0016964544402498195,No
selected_dbfp_dense_videomme_blip_k16_alpha0.8_adaptive_short_2.0_med_4.0_long_6.0_score_diff_iter2,selected_dbfp_dense_videomme_blip_k16_alpha0.8_adaptive_short_3.0_med_6.0_long_10.0_temporal_iter3,0.005066619180940202,0.24461096903392093,0.8068415782772781,0.020005771984250093,No
selected_dbfp_dense_videomme_blip_k16_alpha0.8_adaptive_short_2.0_med_4.0_long_6.0_score_diff_iter3,selected_dbfp_dense_videomme_blip_k16_alpha0.8_adaptive_short_2.0_med_4.0_long_6.0_temporal_iter1,-0.007986517674673066,-0.37462495307965016,0.7080722235517118,-0.030639105960497223,No
selected_dbfp_dense_videomme_blip_k16_alpha0.8_adaptive_short_2.0_med_4.0_long_6.0_score_diff_iter3,selected_dbfp_dense_videomme_blip_k16_alpha0.8_adaptive_short_2.0_med_4.0_long_6.0_temporal_iter2,-0.025074321475479888,-1.1448019994581493,0.2527491679298769,-0.09362886671783482,No
selected_dbfp_dense_videomme_blip_k16_alpha0.8_adaptive_short_2.0_med_4.0_long_6.0_score_diff_iter3,selected_dbfp_dense_videomme_blip_k16_alpha0.8_adaptive_short_2.0_med_4.0_long_6.0_temporal_iter3,-0.00727643354155974,-0.3416214217819833,0.7327558247260106,-0.027939876545730897,No
selected_dbfp_dense_videomme_blip_k16_alpha0.8_adaptive_short_2.0_med_4.0_long_6.0_score_diff_iter3,selected_dbfp_dense_videomme_blip_k16_alpha0.8_adaptive_short_2.0_med_5.0_long_8.0_score_diff_iter1,-0.00957505094432251,-0.4495806018360226,0.6531757838273239,-0.036769434560300664,No
selected_dbfp_dense_videomme_blip_k16_alpha0.8_adaptive_short_2.0_med_4.0_long_6.0_score_diff_iter3,selected_dbfp_dense_videomme_blip_k16_alpha0.8_adaptive_short_2.0_med_5.0_long_8.0_score_diff_iter2,-0.005208447853396192,-0.24439575204383918,0.807008161983952,-0.019988170252711074,No
selected_dbfp_dense_videomme_blip_k16_alpha0.8_adaptive_short_2.0_med_4.0_long_6.0_score_diff_iter3,selected_dbfp_dense_videomme_blip_k16_alpha0.8_adaptive_short_2.0_med_5.0_long_8.0_score_diff_iter3,-0.008472808018576444,-0.39068780181480584,0.696167156947286,-0.031952823394893366,No
selected_dbfp_dense_videomme_blip_k16_alpha0.8_adaptive_short_2.0_med_4.0_long_6.0_score_diff_iter3,selected_dbfp_dense_videomme_blip_k16_alpha0.8_adaptive_short_2.0_med_5.0_long_8.0_temporal_iter1,0.0017431068056862897,0.08309537462861548,0.9338035105926693,0.0067960448591418265,No
selected_dbfp_dense_videomme_blip_k16_alpha0.8_adaptive_short_2.0_med_4.0_long_6.0_score_diff_iter3,selected_dbfp_dense_videomme_blip_k16_alpha0.8_adaptive_short_2.0_med_5.0_long_8.0_temporal_iter2,-0.014403002350283634,-0.6646986450831472,0.5064994979324444,-0.05436309584744366,No
selected_dbfp_dense_videomme_blip_k16_alpha0.8_adaptive_short_2.0_med_4.0_long_6.0_score_diff_iter3,selected_dbfp_dense_videomme_blip_k16_alpha0.8_adaptive_short_2.0_med_5.0_long_8.0_temporal_iter3,-0.005430501735154025,-0.2530828876198715,0.8002911383673482,-0.020698657013506868,No
selected_dbfp_dense_videomme_blip_k16_alpha0.8_adaptive_short_2.0_med_4.0_long_6.0_score_diff_iter3,selected_dbfp_dense_videomme_blip_k16_alpha0.8_adaptive_short_3.0_med_6.0_long_10.0_score_diff_iter1,0.003133001569579158,0.15077428708826981,0.8802046142736094,0.012331237723596776,No
selected_dbfp_dense_videomme_blip_k16_alpha0.8_adaptive_short_2.0_med_4.0_long_6.0_score_diff_iter3,selected_dbfp_dense_videomme_blip_k16_alpha0.8_adaptive_short_3.0_med_6.0_long_10.0_score_diff_iter2,-0.0013371835258139675,-0.06428949565404407,0.9487612017197546,-0.005257985757253367,No
selected_dbfp_dense_videomme_blip_k16_alpha0.8_adaptive_short_2.0_med_4.0_long_6.0_score_diff_iter3,selected_dbfp_dense_videomme_blip_k16_alpha0.8_adaptive_short_3.0_med_6.0_long_10.0_score_diff_iter3,-0.00610316234634628,-0.2902622382351155,0.7717162507343309,-0.02373941029759042,No
selected_dbfp_dense_videomme_blip_k16_alpha0.8_adaptive_short_2.0_med_4.0_long_6.0_score_diff_iter3,selected_dbfp_dense_videomme_blip_k16_alpha0.8_adaptive_short_3.0_med_6.0_long_10.0_temporal_iter1,-0.014902314159879748,-0.6915464004429785,0.4894906178517312,-0.05655886847442564,No
selected_dbfp_dense_videomme_blip_k16_alpha0.8_adaptive_short_2.0_med_4.0_long_6.0_score_diff_iter3,selected_dbfp_dense_videomme_blip_k16_alpha0.8_adaptive_short_3.0_med_6.0_long_10.0_temporal_iter2,-0.0019431918864238618,-0.09216509354004383,0.9265977374622081,-0.007537821606414082,No
selected_dbfp_dense_videomme_blip_k16_alpha0.8_adaptive_short_2.0_med_4.0_long_6.0_score_diff_iter3,selected_dbfp_dense_videomme_blip_k16_alpha0.8_adaptive_short_3.0_med_6.0_long_10.0_temporal_iter3,0.0026915140055539244,0.1283163834126485,0.897941740787414,0.010494493847944491,No
selected_dbfp_dense_videomme_blip_k16_alpha0.8_adaptive_short_2.0_med_4.0_long_6.0_temporal_iter1,selected_dbfp_dense_videomme_blip_k16_alpha0.8_adaptive_short_2.0_med_4.0_long_6.0_temporal_iter2,-0.017087803800806822,-0.780231191723115,0.43556351734998977,-0.06381204985079712,No
selected_dbfp_dense_videomme_blip_k16_alpha0.8_adaptive_short_2.0_med_4.0_long_6.0_temporal_iter1,selected_dbfp_dense_videomme_blip_k16_alpha0.8_adaptive_short_2.0_med_4.0_long_6.0_temporal_iter3,0.0007100841331133256,0.033340665704280896,0.9734140503122195,0.0027268023148778317,No
selected_dbfp_dense_videomme_blip_k16_alpha0.8_adaptive_short_2.0_med_4.0_long_6.0_temporal_iter1,selected_dbfp_dense_videomme_blip_k16_alpha0.8_adaptive_short_2.0_med_5.0_long_8.0_score_diff_iter1,-0.0015885332696494447,-0.07459345495190946,0.9405631271715886,-0.006100706189881714,No
selected_dbfp_dense_videomme_blip_k16_alpha0.8_adaptive_short_2.0_med_4.0_long_6.0_temporal_iter1,selected_dbfp_dense_videomme_blip_k16_alpha0.8_adaptive_short_2.0_med_5.0_long_8.0_score_diff_iter2,0.002778069821276874,0.13036661137279182,0.89632022250779,0.01066217396001317,No
selected_dbfp_dense_videomme_blip_k16_alpha0.8_adaptive_short_2.0_med_4.0_long_6.0_temporal_iter1,selected_dbfp_dense_videomme_blip_k16_alpha0.8_adaptive_short_2.0_med_5.0_long_8.0_score_diff_iter3,-0.00048629034390337833,-0.022425117082541916,0.9821163253722569,-0.001834062395645639,No
selected_dbfp_dense_videomme_blip_k16_alpha0.8_adaptive_short_2.0_med_4.0_long_6.0_temporal_iter1,selected_dbfp_dense_videomme_blip_k16_alpha0.8_adaptive_short_2.0_med_5.0_long_8.0_temporal_iter1,0.009729624480359356,0.4638611877510377,0.6429160010521394,0.037937387663863995,No
selected_dbfp_dense_videomme_blip_k16_alpha0.8_adaptive_short_2.0_med_4.0_long_6.0_temporal_iter1,selected_dbfp_dense_videomme_blip_k16_alpha0.8_adaptive_short_2.0_med_5.0_long_8.0_temporal_iter2,-0.006416484675610568,-0.2961457968052208,0.7672215550622211,-0.024220603510444395,No
selected_dbfp_dense_videomme_blip_k16_alpha0.8_adaptive_short_2.0_med_4.0_long_6.0_temporal_iter1,selected_dbfp_dense_videomme_blip_k16_alpha0.8_adaptive_short_2.0_med_5.0_long_8.0_temporal_iter3,0.0025560159395190407,0.11913071720232488,0.9052118034384666,0.009743234235732276,No
selected_dbfp_dense_videomme_blip_k16_alpha0.8_adaptive_short_2.0_med_4.0_long_6.0_temporal_iter1,selected_dbfp_dense_videomme_blip_k16_alpha0.8_adaptive_short_3.0_med_6.0_long_10.0_score_diff_iter1,0.011119519244252224,0.5351709550799156,0.5927305973700336,0.043769533899154854,No
selected_dbfp_dense_videomme_blip_k16_alpha0.8_adaptive_short_2.0_med_4.0_long_6.0_temporal_iter1,selected_dbfp_dense_videomme_blip_k16_alpha0.8_adaptive_short_3.0_med_6.0_long_10.0_score_diff_iter2,0.0066493341488590985,0.31971788850744093,0.7492938633670442,0.026148472421550942,No
selected_dbfp_dense_videomme_blip_k16_alpha0.8_adaptive_short_2.0_med_4.0_long_6.0_temporal_iter1,selected_dbfp_dense_videomme_blip_k16_alpha0.8_adaptive_short_3.0_med_6.0_long_10.0_score_diff_iter3,0.0018833553283267856,0.08957912271844802,0.9286516685520776,0.007326325192123321,No
selected_dbfp_dense_videomme_blip_k16_alpha0.8_adaptive_short_2.0_med_4.0_long_6.0_temporal_iter1,selected_dbfp_dense_videomme_blip_k16_alpha0.8_adaptive_short_3.0_med_6.0_long_10.0_temporal_iter1,-0.006915796485206682,-0.3209570143779951,0.7483551008234097,-0.026249815703563013,No
selected_dbfp_dense_videomme_blip_k16_alpha0.8_adaptive_short_2.0_med_4.0_long_6.0_temporal_iter1,selected_dbfp_dense_videomme_blip_k16_alpha0.8_adaptive_short_3.0_med_6.0_long_10.0_temporal_iter2,0.006043325788249204,0.2866589446131015,0.7744727651331273,0.023444711043777187,No
selected_dbfp_dense_videomme_blip_k16_alpha0.8_adaptive_short_2.0_med_4.0_long_6.0_temporal_iter1,selected_dbfp_dense_videomme_blip_k16_alpha0.8_adaptive_short_3.0_med_6.0_long_10.0_temporal_iter3,0.01067803168022699,0.5091148709229275,0.6108595068143214,0.041638508962623166,No
selected_dbfp_dense_videomme_blip_k16_alpha0.8_adaptive_short_2.0_med_4.0_long_6.0_temporal_iter2,selected_dbfp_dense_videomme_blip_k16_alpha0.8_adaptive_short_2.0_med_4.0_long_6.0_temporal_iter3,0.017797887933920148,0.8133406451102848,0.41634648870378654,0.06651994221763576,No
selected_dbfp_dense_videomme_blip_k16_alpha0.8_adaptive_short_2.0_med_4.0_long_6.0_temporal_iter2,selected_dbfp_dense_videomme_blip_k16_alpha0.8_adaptive_short_2.0_med_5.0_long_8.0_score_diff_iter1,0.015499270531157378,0.7083585002196234,0.4789986756456279,0.05793386422663996,No
selected_dbfp_dense_videomme_blip_k16_alpha0.8_adaptive_short_2.0_med_4.0_long_6.0_temporal_iter2,selected_dbfp_dense_videomme_blip_k16_alpha0.8_adaptive_short_2.0_med_5.0_long_8.0_score_diff_iter2,0.019865873622083696,0.9073673525269459,0.3645780566518654,0.07421001793567572,No
selected_dbfp_dense_videomme_blip_k16_alpha0.8_adaptive_short_2.0_med_4.0_long_6.0_temporal_iter2,selected_dbfp_dense_videomme_blip_k16_alpha0.8_adaptive_short_2.0_med_5.0_long_8.0_score_diff_iter3,0.016601513456903444,0.7458163154912514,0.4560714429122471,0.06099739210270399,No
selected_dbfp_dense_videomme_blip_k16_alpha0.8_adaptive_short_2.0_med_4.0_long_6.0_temporal_iter2,selected_dbfp_dense_videomme_blip_k16_alpha0.8_adaptive_short_2.0_med_5.0_long_8.0_temporal_iter1,0.026817428281166178,1.2433521394888445,0.21422532479088113,0.10168889619279137,No
selected_dbfp_dense_videomme_blip_k16_alpha0.8_adaptive_short_2.0_med_4.0_long_6.0_temporal_iter2,selected_dbfp_dense_videomme_blip_k16_alpha0.8_adaptive_short_2.0_med_5.0_long_8.0_temporal_iter2,0.010671319125196255,0.4797917898652023,0.6315508837177363,0.039240289231163926,No
selected_dbfp_dense_videomme_blip_k16_alpha0.8_adaptive_short_2.0_med_4.0_long_6.0_temporal_iter2,selected_dbfp_dense_videomme_blip_k16_alpha0.8_adaptive_short_2.0_med_5.0_long_8.0_temporal_iter3,0.019643819740325863,0.8914427068054265,0.37305024858272995,0.07290760362090488,No
selected_dbfp_dense_videomme_blip_k16_alpha0.8_adaptive_short_2.0_med_4.0_long_6.0_temporal_iter2,selected_dbfp_dense_videomme_blip_k16_alpha0.8_adaptive_short_3.0_med_6.0_long_10.0_score_diff_iter1,0.028207323045059046,1.3195570615195296,0.18748791090773095,0.10792139792248875,No
selected_dbfp_dense_videomme_blip_k16_alpha0.8_adaptive_short_2.0_med_4.0_long_6.0_temporal_iter2,selected_dbfp_dense_videomme_blip_k16_alpha0.8_adaptive_short_3.0_med_6.0_long_10.0_score_diff_iter2,0.02373713794966592,1.1094301578197483,0.26769060381273263,0.09073594240446102,No
selected_dbfp_dense_videomme_blip_k16_alpha0.8_adaptive_short_2.0_med_4.0_long_6.0_temporal_iter2,selected_dbfp_dense_videomme_blip_k16_alpha0.8_adaptive_short_3.0_med_6.0_long_10.0_score_diff_iter3,0.018971159129133608,0.877624127917427,0.38050018216877235,0.07177743618494437,No
selected_dbfp_dense_videomme_blip_k16_alpha0.8_adaptive_short_2.0_med_4.0_long_6.0_temporal_iter2,selected_dbfp_dense_videomme_blip_k16_alpha0.8_adaptive_short_3.0_med_6.0_long_10.0_temporal_iter1,0.01017200731560014,0.45974255039392453,0.6458681183680421,0.037600540540548726,No
selected_dbfp_dense_videomme_blip_k16_alpha0.8_adaptive_short_2.0_med_4.0_long_6.0_temporal_iter2,selected_dbfp_dense_videomme_blip_k16_alpha0.8_adaptive_short_3.0_med_6.0_long_10.0_temporal_iter2,0.023131129589056026,1.0673094029607024,0.28626282704462447,0.08729105106746106,No
selected_dbfp_dense_videomme_blip_k16_alpha0.8_adaptive_short_2.0_med_4.0_long_6.0_temporal_iter2,selected_dbfp_dense_videomme_blip_k16_alpha0.8_adaptive_short_3.0_med_6.0_long_10.0_temporal_iter3,0.027765835481033813,1.2874151476487095,0.19844766315827736,0.10529263685486964,No
selected_dbfp_dense_videomme_blip_k16_alpha0.8_adaptive_short_2.0_med_4.0_long_6.0_temporal_iter3,selected_dbfp_dense_videomme_blip_k16_alpha0.8_adaptive_short_2.0_med_5.0_long_8.0_score_diff_iter1,-0.0022986174027627704,-0.10803369092855163,0.9140052040366726,-0.008835651966594976,No
selected_dbfp_dense_videomme_blip_k16_alpha0.8_adaptive_short_2.0_med_4.0_long_6.0_temporal_iter3,selected_dbfp_dense_videomme_blip_k16_alpha0.8_adaptive_short_2.0_med_5.0_long_8.0_score_diff_iter2,0.0020679856881635483,0.09713111227870878,0.9226548179590748,0.0079439728094813,No
selected_dbfp_dense_videomme_blip_k16_alpha0.8_adaptive_short_2.0_med_4.0_long_6.0_temporal_iter3,selected_dbfp_dense_videomme_blip_k16_alpha0.8_adaptive_short_2.0_med_5.0_long_8.0_score_diff_iter3,-0.001196374477016704,-0.05521797931456743,0.9559832482271688,-0.004516062014228474,No
selected_dbfp_dense_videomme_blip_k16_alpha0.8_adaptive_short_2.0_med_4.0_long_6.0_temporal_iter3,selected_dbfp_dense_videomme_blip_k16_alpha0.8_adaptive_short_2.0_med_5.0_long_8.0_temporal_iter1,0.00901954034724603,0.43040414355805257,0.6670567533601721,0.03520106720908102,No
selected_dbfp_dense_videomme_blip_k16_alpha0.8_adaptive_short_2.0_med_4.0_long_6.0_temporal_iter3,selected_dbfp_dense_videomme_blip_k16_alpha0.8_adaptive_short_2.0_med_5.0_long_8.0_temporal_iter2,-0.007126568808723893,-0.32920303413996305,0.7421174946155196,-0.0269242253312265,No
selected_dbfp_dense_videomme_blip_k16_alpha0.8_adaptive_short_2.0_med_4.0_long_6.0_temporal_iter3,selected_dbfp_dense_videomme_blip_k16_alpha0.8_adaptive_short_2.0_med_5.0_long_8.0_temporal_iter3,0.001845931806405715,0.08611091552373991,0.9314070698404208,0.007042674130367866,No
selected_dbfp_dense_videomme_blip_k16_alpha0.8_adaptive_short_2.0_med_4.0_long_6.0_temporal_iter3,selected_dbfp_dense_videomme_blip_k16_alpha0.8_adaptive_short_3.0_med_6.0_long_10.0_score_diff_iter1,0.010409435111138898,0.5014659255759872,0.6162278061853622,0.04101293169895618,No
selected_dbfp_dense_videomme_blip_k16_alpha0.8_adaptive_short_2.0_med_4.0_long_6.0_temporal_iter3,selected_dbfp_dense_videomme_blip_k16_alpha0.8_adaptive_short_3.0_med_6.0_long_10.0_score_diff_iter2,0.005939250015745773,0.2858428560844456,0.7750974691177451,0.023377966349768294,No
selected_dbfp_dense_videomme_blip_k16_alpha0.8_adaptive_short_2.0_med_4.0_long_6.0_temporal_iter3,selected_dbfp_dense_videomme_blip_k16_alpha0.8_adaptive_short_3.0_med_6.0_long_10.0_score_diff_iter3,0.00117327119521346,0.055856170559613554,0.955475043787105,0.004568257168336341,No
selected_dbfp_dense_videomme_blip_k16_alpha0.8_adaptive_short_2.0_med_4.0_long_6.0_temporal_iter3,selected_dbfp_dense_videomme_blip_k16_alpha0.8_adaptive_short_3.0_med_6.0_long_10.0_temporal_iter1,-0.007625880618320008,-0.3542205621547715,0.7232984600216597,-0.02897031084578946,No
selected_dbfp_dense_videomme_blip_k16_alpha0.8_adaptive_short_2.0_med_4.0_long_6.0_temporal_iter3,selected_dbfp_dense_videomme_blip_k16_alpha0.8_adaptive_short_3.0_med_6.0_long_10.0_temporal_iter2,0.0053332416551358786,0.25320763272947205,0.8001947900436688,0.020708859412091427,No
selected_dbfp_dense_videomme_blip_k16_alpha0.8_adaptive_short_2.0_med_4.0_long_6.0_temporal_iter3,selected_dbfp_dense_videomme_blip_k16_alpha0.8_adaptive_short_3.0_med_6.0_long_10.0_temporal_iter3,0.009967947547113665,0.4756970552366108,0.6344639407786995,0.03890539685345321,No
selected_dbfp_dense_videomme_blip_k16_alpha0.8_adaptive_short_2.0_med_5.0_long_8.0_score_diff_iter1,selected_dbfp_dense_videomme_blip_k16_alpha0.8_adaptive_short_2.0_med_5.0_long_8.0_score_diff_iter2,0.004366603090926319,0.20511363314643843,0.83755314292988,0.016775439777607044,No
selected_dbfp_dense_videomme_blip_k16_alpha0.8_adaptive_short_2.0_med_5.0_long_8.0_score_diff_iter1,selected_dbfp_dense_videomme_blip_k16_alpha0.8_adaptive_short_2.0_med_5.0_long_8.0_score_diff_iter3,0.0011022429257460664,0.050877913444758546,0.9594397946153975,0.004161105044452262,No
selected_dbfp_dense_videomme_blip_k16_alpha0.8_adaptive_short_2.0_med_5.0_long_8.0_score_diff_iter1,selected_dbfp_dense_videomme_blip_k16_alpha0.8_adaptive_short_2.0_med_5.0_long_8.0_temporal_iter1,0.0113181577500088,0.540143363225151,0.5892992610447724,0.04417620767815064,No
selected_dbfp_dense_videomme_blip_k16_alpha0.8_adaptive_short_2.0_med_5.0_long_8.0_score_diff_iter1,selected_dbfp_dense_videomme_blip_k16_alpha0.8_adaptive_short_2.0_med_5.0_long_8.0_temporal_iter2,-0.004827951405961123,-0.2230411030625416,0.8235796808910798,-0.01824165725765402,No
selected_dbfp_dense_videomme_blip_k16_alpha0.8_adaptive_short_2.0_med_5.0_long_8.0_score_diff_iter1,selected_dbfp_dense_videomme_blip_k16_alpha0.8_adaptive_short_2.0_med_5.0_long_8.0_temporal_iter3,0.0041445492091684855,0.193356727681562,0.8467452570689651,0.015813888584141032,No
selected_dbfp_dense_videomme_blip_k16_alpha0.8_adaptive_short_2.0_med_5.0_long_8.0_score_diff_iter1,selected_dbfp_dense_videomme_blip_k16_alpha0.8_adaptive_short_3.0_med_6.0_long_10.0_score_diff_iter1,0.012708052513901669,0.6122592019582793,0.5405990052052229,0.05007427933021444,No
selected_dbfp_dense_videomme_blip_k16_alpha0.8_adaptive_short_2.0_med_5.0_long_8.0_score_diff_iter1,selected_dbfp_dense_videomme_blip_k16_alpha0.8_adaptive_short_3.0_med_6.0_long_10.0_score_diff_iter2,0.008237867418508543,0.39650850434289886,0.6918713856415202,0.03242887577764582,No
selected_dbfp_dense_videomme_blip_k16_alpha0.8_adaptive_short_2.0_med_5.0_long_8.0_score_diff_iter1,selected_dbfp_dense_videomme_blip_k16_alpha0.8_adaptive_short_3.0_med_6.0_long_10.0_score_diff_iter3,0.0034718885979762304,0.1653025681666921,0.8687617025552032,0.013519448870258206,No
selected_dbfp_dense_videomme_blip_k16_alpha0.8_adaptive_short_2.0_med_5.0_long_8.0_score_diff_iter1,selected_dbfp_dense_videomme_blip_k16_alpha0.8_adaptive_short_3.0_med_6.0_long_10.0_temporal_iter1,-0.0053272632155572375,-0.24747254152258297,0.8046274822472144,-0.020239808807456242,No
selected_dbfp_dense_videomme_blip_k16_alpha0.8_adaptive_short_2.0_med_5.0_long_8.0_score_diff_iter1,selected_dbfp_dense_videomme_blip_k16_alpha0.8_adaptive_short_3.0_med_6.0_long_10.0_temporal_iter2,0.007631859057898649,0.3623737398705378,0.7172007879905242,0.029637127256756195,No
selected_dbfp_dense_videomme_blip_k16_alpha0.8_adaptive_short_2.0_med_5.0_long_8.0_score_diff_iter1,selected_dbfp_dense_videomme_blip_k16_alpha0.8_adaptive_short_3.0_med_6.0_long_10.0_temporal_iter3,0.012266564949876435,0.5854488420556331,0.5584668138384323,0.047881565140560446,No
selected_dbfp_dense_videomme_blip_k16_alpha0.8_adaptive_short_2.0_med_5.0_long_8.0_score_diff_iter2,selected_dbfp_dense_videomme_blip_k16_alpha0.8_adaptive_short_2.0_med_5.0_long_8.0_score_diff_iter3,-0.0032643601651802523,-0.1505838284898635,0.8803547972763603,-0.012315660881754415,No
selected_dbfp_dense_videomme_blip_k16_alpha0.8_adaptive_short_2.0_med_5.0_long_8.0_score_diff_iter2,selected_dbfp_dense_videomme_blip_k16_alpha0.8_adaptive_short_2.0_med_5.0_long_8.0_temporal_iter1,0.006951554659082482,0.33153150971500095,0.7403591960032092,0.027114662185153904,No
selected_dbfp_dense_videomme_blip_k16_alpha0.8_adaptive_short_2.0_med_5.0_long_8.0_score_diff_iter2,selected_dbfp_dense_videomme_blip_k16_alpha0.8_adaptive_short_2.0_med_5.0_long_8.0_temporal_iter2,-0.009194554496887442,-0.42450277660455393,0.67135186001079,-0.03471841759029816,No
selected_dbfp_dense_videomme_blip_k16_alpha0.8_adaptive_short_2.0_med_5.0_long_8.0_score_diff_iter2,selected_dbfp_dense_videomme_blip_k16_alpha0.8_adaptive_short_2.0_med_5.0_long_8.0_temporal_iter3,-0.00022205388175783325,-0.010352918565208239,0.9917431664983543,-0.0008467246145399641,No
selected_dbfp_dense_videomme_blip_k16_alpha0.8_adaptive_short_2.0_med_5.0_long_8.0_score_diff_iter2,selected_dbfp_dense_videomme_blip_k16_alpha0.8_adaptive_short_3.0_med_6.0_long_10.0_score_diff_iter1,0.00834144942297535,0.40160752866624,0.6881163690418393,0.03284590498234872,No
selected_dbfp_dense_videomme_blip_k16_alpha0.8_adaptive_short_2.0_med_5.0_long_8.0_score_diff_iter2,selected_dbfp_dense_videomme_blip_k16_alpha0.8_adaptive_short_3.0_med_6.0_long_10.0_score_diff_iter2,0.0038712643275822245,0.18620661631887328,0.8523458829156533,0.015229108994141772,No
selected_dbfp_dense_videomme_blip_k16_alpha0.8_adaptive_short_2.0_med_5.0_long_8.0_score_diff_iter2,selected_dbfp_dense_videomme_blip_k16_alpha0.8_adaptive_short_3.0_med_6.0_long_10.0_score_diff_iter3,-0.0008947144929500883,-0.042570545857885785,0.9660580850579417,-0.0034816780192986055,No
selected_dbfp_dense_videomme_blip_k16_alpha0.8_adaptive_short_2.0_med_5.0_long_8.0_score_diff_iter2,selected_dbfp_dense_videomme_blip_k16_alpha0.8_adaptive_short_3.0_med_6.0_long_10.0_temporal_iter1,-0.009693866306483556,-0.45003334611924195,0.6528494885066973,-0.036806462755874084,No
selected_dbfp_dense_videomme_blip_k16_alpha0.8_adaptive_short_2.0_med_5.0_long_8.0_score_diff_iter2,selected_dbfp_dense_videomme_blip_k16_alpha0.8_adaptive_short_3.0_med_6.0_long_10.0_temporal_iter2,0.0032652559669723302,0.15493734556956335,0.8769229912002129,0.012671717959551024,No
selected_dbfp_dense_videomme_blip_k16_alpha0.8_adaptive_short_2.0_med_5.0_long_8.0_score_diff_iter2,selected_dbfp_dense_videomme_blip_k16_alpha0.8_adaptive_short_3.0_med_6.0_long_10.0_temporal_iter3,0.007899961858950116,0.37679098840713127,0.7064625989955362,0.03081625747676972,No
selected_dbfp_dense_videomme_blip_k16_alpha0.8_adaptive_short_2.0_med_5.0_long_8.0_score_diff_iter3,selected_dbfp_dense_videomme_blip_k16_alpha0.8_adaptive_short_2.0_med_5.0_long_8.0_temporal_iter1,0.010215914824262734,0.47851025384124934,0.6324619744108235,0.03913547736452703,No
selected_dbfp_dense_videomme_blip_k16_alpha0.8_adaptive_short_2.0_med_5.0_long_8.0_score_diff_iter3,selected_dbfp_dense_videomme_blip_k16_alpha0.8_adaptive_short_2.0_med_5.0_long_8.0_temporal_iter2,-0.005930194331707189,-0.2691991128934008,0.7878693177417039,-0.022016739906970825,No
selected_dbfp_dense_videomme_blip_k16_alpha0.8_adaptive_short_2.0_med_5.0_long_8.0_score_diff_iter3,selected_dbfp_dense_videomme_blip_k16_alpha0.8_adaptive_short_2.0_med_5.0_long_8.0_temporal_iter3,0.003042306283422419,0.13941816494787496,0.8891666592830494,0.011402465044882787,No
selected_dbfp_dense_videomme_blip_k16_alpha0.8_adaptive_short_2.0_med_5.0_long_8.0_score_diff_iter3,selected_dbfp_dense_videomme_blip_k16_alpha0.8_adaptive_short_3.0_med_6.0_long_10.0_score_diff_iter1,0.011605809588155602,0.5486049684548847,0.5834813297150505,0.04486824920705363,No
selected_dbfp_dense_videomme_blip_k16_alpha0.8_adaptive_short_2.0_med_5.0_long_8.0_score_diff_iter3,selected_dbfp_dense_videomme_blip_k16_alpha0.8_adaptive_short_3.0_med_6.0_long_10.0_score_diff_iter2,0.007135624492762477,0.33698712109629614,0.7362448440494702,0.02756085525809767,No
selected_dbfp_dense_videomme_blip_k16_alpha0.8_adaptive_short_2.0_med_5.0_long_8.0_score_diff_iter3,selected_dbfp_dense_videomme_blip_k16_alpha0.8_adaptive_short_3.0_med_6.0_long_10.0_score_diff_iter3,0.002369645672230164,0.11074273519429431,0.9118575129487123,0.009057214076534707,No
selected_dbfp_dense_videomme_blip_k16_alpha0.8_adaptive_short_2.0_med_5.0_long_8.0_score_diff_iter3,selected_dbfp_dense_videomme_blip_k16_alpha0.8_adaptive_short_3.0_med_6.0_long_10.0_temporal_iter1,-0.006429506141303304,-0.29342692396322334,0.7692976500276236,-0.02399823757173968,No
selected_dbfp_dense_videomme_blip_k16_alpha0.8_adaptive_short_2.0_med_5.0_long_8.0_score_diff_iter3,selected_dbfp_dense_videomme_blip_k16_alpha0.8_adaptive_short_3.0_med_6.0_long_10.0_temporal_iter2,0.0065296161321525825,0.30435140483726963,0.7609660663326594,0.024891708007266845,No
selected_dbfp_dense_videomme_blip_k16_alpha0.8_adaptive_short_2.0_med_5.0_long_8.0_score_diff_iter3,selected_dbfp_dense_videomme_blip_k16_alpha0.8_adaptive_short_3.0_med_6.0_long_10.0_temporal_iter3,0.011164322024130369,0.5229712656515191,0.6011879589617077,0.042771769183312575,No
selected_dbfp_dense_videomme_blip_k16_alpha0.8_adaptive_short_2.0_med_5.0_long_8.0_temporal_iter1,selected_dbfp_dense_videomme_blip_k16_alpha0.8_adaptive_short_2.0_med_5.0_long_8.0_temporal_iter2,-0.016146109155969923,-0.756942557351944,0.4493824012484142,-0.06190736369951627,No
selected_dbfp_dense_videomme_blip_k16_alpha0.8_adaptive_short_2.0_med_5.0_long_8.0_temporal_iter1,selected_dbfp_dense_videomme_blip_k16_alpha0.8_adaptive_short_2.0_med_5.0_long_8.0_temporal_iter3,-0.007173608540840315,-0.3397197958732751,0.7341868341501511,-0.027784350009910655,No
selected_dbfp_dense_videomme_blip_k16_alpha0.8_adaptive_short_2.0_med_5.0_long_8.0_temporal_iter1,selected_dbfp_dense_videomme_blip_k16_alpha0.8_adaptive_short_3.0_med_6.0_long_10.0_score_diff_iter1,0.0013898947638928683,0.06804223098623229,0.9457747606971767,0.005564907260838575,No
selected_dbfp_dense_videomme_blip_k16_alpha0.8_adaptive_short_2.0_med_5.0_long_8.0_temporal_iter1,selected_dbfp_dense_videomme_blip_k16_alpha0.8_adaptive_short_3.0_med_6.0_long_10.0_score_diff_iter2,-0.0030802903315002572,-0.15064547288094218,0.880306188130755,-0.012320702506809778,No
selected_dbfp_dense_videomme_blip_k16_alpha0.8_adaptive_short_2.0_med_5.0_long_8.0_temporal_iter1,selected_dbfp_dense_videomme_blip_k16_alpha0.8_adaptive_short_3.0_med_6.0_long_10.0_score_diff_iter3,-0.00784626915203257,-0.37944805928652947,0.7044898726735487,-0.03103356886826512,No
selected_dbfp_dense_videomme_blip_k16_alpha0.8_adaptive_short_2.0_med_5.0_long_8.0_temporal_iter1,selected_dbfp_dense_videomme_blip_k16_alpha0.8_adaptive_short_3.0_med_6.0_long_10.0_temporal_iter1,-0.016645420965566038,-0.7848064903674289,0.4328778230499226,-0.06418624550883914,No
selected_dbfp_dense_videomme_blip_k16_alpha0.8_adaptive_short_2.0_med_5.0_long_8.0_temporal_iter1,selected_dbfp_dense_videomme_blip_k16_alpha0.8_adaptive_short_3.0_med_6.0_long_10.0_temporal_iter2,-0.0036862986921101515,-0.1777684499998808,0.8589650250543581,-0.014538984457223925,No
selected_dbfp_dense_videomme_blip_k16_alpha0.8_adaptive_short_2.0_med_5.0_long_8.0_temporal_iter1,selected_dbfp_dense_videomme_blip_k16_alpha0.8_adaptive_short_3.0_med_6.0_long_10.0_temporal_iter3,0.0009484071998676347,0.045980064492149315,0.9633414895829302,0.0037605291763150948,No
selected_dbfp_dense_videomme_blip_k16_alpha0.8_adaptive_short_2.0_med_5.0_long_8.0_temporal_iter2,selected_dbfp_dense_videomme_blip_k16_alpha0.8_adaptive_short_2.0_med_5.0_long_8.0_temporal_iter3,0.008972500615129608,0.4115235157814022,0.680836149989047,0.03365689474862414,No
selected_dbfp_dense_videomme_blip_k16_alpha0.8_adaptive_short_2.0_med_5.0_long_8.0_temporal_iter2,selected_dbfp_dense_videomme_blip_k16_alpha0.8_adaptive_short_3.0_med_6.0_long_10.0_score_diff_iter1,0.01753600391986279,0.829665479739039,0.4070590090712346,0.0678550863419597,No
selected_dbfp_dense_videomme_blip_k16_alpha0.8_adaptive_short_2.0_med_5.0_long_8.0_temporal_iter2,selected_dbfp_dense_videomme_blip_k16_alpha0.8_adaptive_short_3.0_med_6.0_long_10.0_score_diff_iter2,0.013065818824469666,0.6175972004794412,0.5370759944151471,0.05051085333545889,No
selected_dbfp_dense_videomme_blip_k16_alpha0.8_adaptive_short_2.0_med_5.0_long_8.0_temporal_iter2,selected_dbfp_dense_videomme_blip_k16_alpha0.8_adaptive_short_3.0_med_6.0_long_10.0_score_diff_iter3,0.008299840003937353,0.38822266552542795,0.6979894262461692,0.03175120954652432,No
selected_dbfp_dense_videomme_blip_k16_alpha0.8_adaptive_short_2.0_med_5.0_long_8.0_temporal_iter2,selected_dbfp_dense_videomme_blip_k16_alpha0.8_adaptive_short_3.0_med_6.0_long_10.0_temporal_iter1,-0.0004993118095961147,-0.022806356700466972,0.9818123451886294,-0.001865242489796943,No
selected_dbfp_dense_videomme_blip_k16_alpha0.8_adaptive_short_2.0_med_5.0_long_8.0_temporal_iter2,selected_dbfp_dense_videomme_blip_k16_alpha0.8_adaptive_short_3.0_med_6.0_long_10.0_temporal_iter2,0.012459810463859772,0.5812680251966155,0.5612788453069242,0.04753963256522993,No
selected_dbfp_dense_videomme_blip_k16_alpha0.8_adaptive_short_2.0_med_5.0_long_8.0_temporal_iter2,selected_dbfp_dense_videomme_blip_k16_alpha0.8_adaptive_short_3.0_med_6.0_long_10.0_temporal_iter3,0.017094516355837558,0.8014628561173582,0.4231820781961474,0.06554850436570551,No
selected_dbfp_dense_videomme_blip_k16_alpha0.8_adaptive_short_2.0_med_5.0_long_8.0_temporal_iter3,selected_dbfp_dense_videomme_blip_k16_alpha0.8_adaptive_short_3.0_med_6.0_long_10.0_score_diff_iter1,0.008563503304733183,0.4093492076485935,0.6824299848334845,0.0334790665590004,No
selected_dbfp_dense_videomme_blip_k16_alpha0.8_adaptive_short_2.0_med_5.0_long_8.0_temporal_iter3,selected_dbfp_dense_videomme_blip_k16_alpha0.8_adaptive_short_3.0_med_6.0_long_10.0_score_diff_iter2,0.004093318209340058,0.19548160832894898,0.8450823361789832,0.01598767422597814,No
selected_dbfp_dense_videomme_blip_k16_alpha0.8_adaptive_short_2.0_med_5.0_long_8.0_temporal_iter3,selected_dbfp_dense_videomme_blip_k16_alpha0.8_adaptive_short_3.0_med_6.0_long_10.0_score_diff_iter3,-0.0006726606111922551,-0.03178156416746499,0.9746568531778292,-0.002599289512995128,No
selected_dbfp_dense_videomme_blip_k16_alpha0.8_adaptive_short_2.0_med_5.0_long_8.0_temporal_iter3,selected_dbfp_dense_videomme_blip_k16_alpha0.8_adaptive_short_3.0_med_6.0_long_10.0_temporal_iter1,-0.009471812424725723,-0.4367977911750149,0.6624156745457299,-0.03572397862387387,No
selected_dbfp_dense_videomme_blip_k16_alpha0.8_adaptive_short_2.0_med_5.0_long_8.0_temporal_iter3,selected_dbfp_dense_videomme_blip_k16_alpha0.8_adaptive_short_3.0_med_6.0_long_10.0_temporal_iter2,0.0034873098487301635,0.16432377770353968,0.8695317899766108,0.013439397441683695,No
selected_dbfp_dense_videomme_blip_k16_alpha0.8_adaptive_short_2.0_med_5.0_long_8.0_temporal_iter3,selected_dbfp_dense_videomme_blip_k16_alpha0.8_adaptive_short_3.0_med_6.0_long_10.0_temporal_iter3,0.00812201574070795,0.3846619192328156,0.700624670685194,0.031459990054287616,No
selected_dbfp_dense_videomme_blip_k16_alpha0.8_adaptive_short_3.0_med_6.0_long_10.0_score_diff_iter1,selected_dbfp_dense_videomme_blip_k16_alpha0.8_adaptive_short_3.0_med_6.0_long_10.0_score_diff_iter2,-0.0044701850953931255,-0.22081161421139983,0.8253144891887083,-0.018059316059277443,No
selected_dbfp_dense_videomme_blip_k16_alpha0.8_adaptive_short_3.0_med_6.0_long_10.0_score_diff_iter1,selected_dbfp_dense_videomme_blip_k16_alpha0.8_adaptive_short_3.0_med_6.0_long_10.0_score_diff_iter3,-0.009236163915925438,-0.45104058325368845,0.6521238059585601,-0.03688884065892982,No
selected_dbfp_dense_videomme_blip_k16_alpha0.8_adaptive_short_3.0_med_6.0_long_10.0_score_diff_iter1,selected_dbfp_dense_videomme_blip_k16_alpha0.8_adaptive_short_3.0_med_6.0_long_10.0_temporal_iter1,-0.018035315729458906,-0.858252102150398,0.3910971310550968,-0.07019307408064537,No
selected_dbfp_dense_videomme_blip_k16_alpha0.8_adaptive_short_3.0_med_6.0_long_10.0_score_diff_iter1,selected_dbfp_dense_videomme_blip_k16_alpha0.8_adaptive_short_3.0_med_6.0_long_10.0_temporal_iter2,-0.00507619345600302,-0.24717988604555338,0.8048538479732142,-0.020215873626485126,No
selected_dbfp_dense_videomme_blip_k16_alpha0.8_adaptive_short_3.0_med_6.0_long_10.0_score_diff_iter1,selected_dbfp_dense_videomme_blip_k16_alpha0.8_adaptive_short_3.0_med_6.0_long_10.0_temporal_iter3,-0.0004414875640252336,-0.02161471415820892,0.9827625061315097,-0.0017677827140018976,No
selected_dbfp_dense_videomme_blip_k16_alpha0.8_adaptive_short_3.0_med_6.0_long_10.0_score_diff_iter2,selected_dbfp_dense_videomme_blip_k16_alpha0.8_adaptive_short_3.0_med_6.0_long_10.0_score_diff_iter3,-0.004765978820532313,-0.23251235242559437,0.816219647317007,-0.01901627356528922,No
selected_dbfp_dense_videomme_blip_k16_alpha0.8_adaptive_short_3.0_med_6.0_long_10.0_score_diff_iter2,selected_dbfp_dense_videomme_blip_k16_alpha0.8_adaptive_short_3.0_med_6.0_long_10.0_temporal_iter1,-0.01356513063406578,-0.6449212713821838,0.5192255373642121,-0.05274558194095381,No
selected_dbfp_dense_videomme_blip_k16_alpha0.8_adaptive_short_3.0_med_6.0_long_10.0_score_diff_iter2,selected_dbfp_dense_videomme_blip_k16_alpha0.8_adaptive_short_3.0_med_6.0_long_10.0_temporal_iter2,-0.0006060083606098943,-0.029479898001720822,0.9764916866784875,-0.0024110452597182006,No
selected_dbfp_dense_videomme_blip_k16_alpha0.8_adaptive_short_3.0_med_6.0_long_10.0_score_diff_iter2,selected_dbfp_dense_videomme_blip_k16_alpha0.8_adaptive_short_3.0_med_6.0_long_10.0_temporal_iter3,0.004028697531367892,0.19704409393383637,0.8438599837281866,0.01611546378160116,No
selected_dbfp_dense_videomme_blip_k16_alpha0.8_adaptive_short_3.0_med_6.0_long_10.0_score_diff_iter3,selected_dbfp_dense_videomme_blip_k16_alpha0.8_adaptive_short_3.0_med_6.0_long_10.0_temporal_iter1,-0.008799151813533468,-0.4139172245263475,0.6790831387777831,-0.03385266676845616,No
selected_dbfp_dense_videomme_blip_k16_alpha0.8_adaptive_short_3.0_med_6.0_long_10.0_score_diff_iter3,selected_dbfp_dense_videomme_blip_k16_alpha0.8_adaptive_short_3.0_med_6.0_long_10.0_temporal_iter2,0.0041599704599224185,0.20013059388084184,0.8414464856933855,0.01636789652002497,No
selected_dbfp_dense_videomme_blip_k16_alpha0.8_adaptive_short_3.0_med_6.0_long_10.0_score_diff_iter3,selected_dbfp_dense_videomme_blip_k16_alpha0.8_adaptive_short_3.0_med_6.0_long_10.0_temporal_iter3,0.008794676351900205,0.4253462039679107,0.6707373368517795,0.03478739814474933,No
selected_dbfp_dense_videomme_blip_k16_alpha0.8_adaptive_short_3.0_med_6.0_long_10.0_temporal_iter1,selected_dbfp_dense_videomme_blip_k16_alpha0.8_adaptive_short_3.0_med_6.0_long_10.0_temporal_iter2,0.012959122273455886,0.6079796954210961,0.5434317657846903,0.04972427532277881,No
selected_dbfp_dense_videomme_blip_k16_alpha0.8_adaptive_short_3.0_med_6.0_long_10.0_temporal_iter1,selected_dbfp_dense_videomme_blip_k16_alpha0.8_adaptive_short_3.0_med_6.0_long_10.0_temporal_iter3,0.017593828165433673,0.829583399584414,0.4071053938443365,0.06784837333684933,No
selected_dbfp_dense_videomme_blip_k16_alpha0.8_adaptive_short_3.0_med_6.0_long_10.0_temporal_iter2,selected_dbfp_dense_videomme_blip_k16_alpha0.8_adaptive_short_3.0_med_6.0_long_10.0_temporal_iter3,0.004634705891977786,0.22352171447415503,0.823205820774243,0.018280964550144368,No
