hello miraj 

======================================================================
⚡ ULTRA-FAST DENSE SAMPLING WITH CHECKPOINTS
======================================================================
Dataset: videomme
Score threshold: 70.0% of MAX score
Neighbor radius: 2 seconds
Dense FPS: 8.0
Model: blip
Batch size: 256
FP16: True
Workers: 32
Checkpoint every: 25 videos
Resume mode: True
======================================================================

Loading existing frames and scores...
✅ Frames file: 2700 videos
✅ Scores file: 2700 videos
Loading questions from: ./datasets/videomme/include_frame_idx.json
✅ Loaded 2700 questions

🎯 Processing 2700 videos (limited by --num_videos)

Video folder: /home/train01/.cache/huggingface/custom_video_qa_cache/data/data

🔍 Checking for existing checkpoint...
✅ RESUMING from video 125
   Already processed: 125 videos
   Remaining: 2575 videos


======================================================================
[cuda:1] Loading blip model...
======================================================================
Using a slow image processor as `use_fast` is unset and a slow processor was saved with this model. `use_fast=True` will be the default behavior in v4.52, even if the model was saved with a slow processor. This will result in minor differences in outputs. You'll still be able to use a slow processor with `use_fast=False`.
✅ Model loaded successfully
======================================================================

======================================================================
Starting video processing...
======================================================================


Processing videos:   5%|███▏                                                                 | 125/2700 [00:00<?, ?it/s]
                                                                                                                        
──────────────────────────────────────────────────────────────────────
📹 Video: kRlhlCWplqk
──────────────────────────────────────────────────────────────────────
  📊 Scores: Max=0.4426 | Min=0.0069 | Range=[0.0069, 0.4426]
  🎯 Threshold: 0.3098 (70.0% of max)
  ✅ High-Score Frames: 35/110 (31.8%)
  📍 First 10 indices: [180, 420, 480, 570, 600, 630, 690, 1380, 1410, 1440]
──────────────────────────────────────────────────────────────────────


Processing videos:   5%|███▏                                                                 | 125/2700 [00:00<?, ?it/s]
Processing videos:   5%|▌           | 125/2700 [00:07<?, ?it/s, video=kRlhlCWplqk, orig=110, new=605, final=650, dup=65]
Processing videos:   5%|  | 126/2700 [00:07<5:28:57,  7.67s/it, video=kRlhlCWplqk, orig=110, new=605, final=650, dup=65]
                                                                                                                        
──────────────────────────────────────────────────────────────────────
📹 Video: 9jjTGpWmc5U
──────────────────────────────────────────────────────────────────────
  📊 Scores: Max=0.8760 | Min=0.0005 | Range=[0.0005, 0.8760]
  🎯 Threshold: 0.6132 (70.0% of max)
  ✅ High-Score Frames: 7/117 (6.0%)
  📍 First 10 indices: [690, 851, 874, 897, 1219, 1242, 1288]
──────────────────────────────────────────────────────────────────────


Processing videos:   5%|  | 126/2700 [00:07<5:28:57,  7.67s/it, video=kRlhlCWplqk, orig=110, new=605, final=650, dup=65]
Processing videos:   5%|  | 126/2700 [00:13<5:28:57,  7.67s/it, video=9jjTGpWmc5U, orig=117, new=288, final=391, dup=14]
Processing videos:   5%|  | 127/2700 [00:13<4:35:53,  6.43s/it, video=9jjTGpWmc5U, orig=117, new=288, final=391, dup=14]
                                                                                                                        
──────────────────────────────────────────────────────────────────────
📹 Video: 9jjTGpWmc5U
──────────────────────────────────────────────────────────────────────
  📊 Scores: Max=0.2016 | Min=0.0011 | Range=[0.0011, 0.2016]
  🎯 Threshold: 0.1411 (70.0% of max)
  ✅ High-Score Frames: 3/117 (2.6%)
  📍 First 10 indices: [1587, 1633, 1656]
──────────────────────────────────────────────────────────────────────


Processing videos:   5%|  | 127/2700 [00:13<4:35:53,  6.43s/it, video=9jjTGpWmc5U, orig=117, new=288, final=391, dup=14]
Processing videos:   5%|▏  | 127/2700 [00:15<4:35:53,  6.43s/it, video=9jjTGpWmc5U, orig=117, new=120, final=231, dup=6]
Processing videos:   5%|▏  | 128/2700 [00:15<3:11:51,  4.48s/it, video=9jjTGpWmc5U, orig=117, new=120, final=231, dup=6]
                                                                                                                        
──────────────────────────────────────────────────────────────────────
📹 Video: 9jjTGpWmc5U
──────────────────────────────────────────────────────────────────────
  📊 Scores: Max=0.9661 | Min=0.0066 | Range=[0.0066, 0.9661]
  🎯 Threshold: 0.6763 (70.0% of max)
  ✅ High-Score Frames: 23/117 (19.7%)
  📍 First 10 indices: [1633, 1656, 1771, 1794, 1817, 1840, 1863, 1978, 2001, 2024]
──────────────────────────────────────────────────────────────────────


Processing videos:   5%|▏  | 128/2700 [00:15<3:11:51,  4.48s/it, video=9jjTGpWmc5U, orig=117, new=120, final=231, dup=6]
Processing videos:   5%|  | 128/2700 [00:29<3:11:51,  4.48s/it, video=9jjTGpWmc5U, orig=117, new=797, final=879, dup=35]
Processing videos:   5%|  | 129/2700 [00:29<6:01:14,  8.43s/it, video=9jjTGpWmc5U, orig=117, new=797, final=879, dup=35]
                                                                                                                        
──────────────────────────────────────────────────────────────────────
📹 Video: fo0Hmch2YS0
──────────────────────────────────────────────────────────────────────
  📊 Scores: Max=0.5943 | Min=0.0136 | Range=[0.0136, 0.5943]
  🎯 Threshold: 0.4160 (70.0% of max)
  ✅ High-Score Frames: 4/83 (4.8%)
  📍 First 10 indices: [638, 1856, 1885, 2088]
──────────────────────────────────────────────────────────────────────


Processing videos:   5%|  | 129/2700 [00:29<6:01:14,  8.43s/it, video=9jjTGpWmc5U, orig=117, new=797, final=879, dup=35]
Processing videos:   5%|▏  | 129/2700 [00:33<6:01:14,  8.43s/it, video=fo0Hmch2YS0, orig=83, new=163, final=235, dup=11]
Processing videos:   5%|▏  | 130/2700 [00:33<4:39:24,  6.52s/it, video=fo0Hmch2YS0, orig=83, new=163, final=235, dup=11]
                                                                                                                        
──────────────────────────────────────────────────────────────────────
📹 Video: fo0Hmch2YS0
──────────────────────────────────────────────────────────────────────
  📊 Scores: Max=0.9818 | Min=0.1868 | Range=[0.1868, 0.9818]
  🎯 Threshold: 0.6872 (70.0% of max)
  ✅ High-Score Frames: 75/83 (90.4%)
  📍 First 10 indices: [58, 87, 116, 145, 203, 261, 319, 348, 377, 406]
──────────────────────────────────────────────────────────────────────


Processing videos:   5%|▏  | 130/2700 [00:33<4:39:24,  6.52s/it, video=fo0Hmch2YS0, orig=83, new=163, final=235, dup=11]
Processing videos:   5%| | 130/2700 [01:10<4:39:24,  6.52s/it, video=fo0Hmch2YS0, orig=83, new=2242, final=2243, dup=82]
Processing videos:   5%| | 131/2700 [01:10<12:08:13, 17.01s/it, video=fo0Hmch2YS0, orig=83, new=2242, final=2243, dup=82
                                                                                                                        
──────────────────────────────────────────────────────────────────────
📹 Video: fo0Hmch2YS0
──────────────────────────────────────────────────────────────────────
  📊 Scores: Max=0.4279 | Min=0.0044 | Range=[0.0044, 0.4279]
  🎯 Threshold: 0.2996 (70.0% of max)
  ✅ High-Score Frames: 5/83 (6.0%)
  📍 First 10 indices: [1856, 2059, 2088, 2117, 2204]
──────────────────────────────────────────────────────────────────────


Processing videos:   5%| | 131/2700 [01:10<12:08:13, 17.01s/it, video=fo0Hmch2YS0, orig=83, new=2242, final=2243, dup=82
Processing videos:   5%|  | 131/2700 [01:13<12:08:13, 17.01s/it, video=fo0Hmch2YS0, orig=83, new=191, final=263, dup=11]
Processing videos:   5%|▏  | 132/2700 [01:13<8:56:41, 12.54s/it, video=fo0Hmch2YS0, orig=83, new=191, final=263, dup=11]
                                                                                                                        
──────────────────────────────────────────────────────────────────────
📹 Video: 990ci2H9BBc
──────────────────────────────────────────────────────────────────────
  📊 Scores: Max=0.9600 | Min=0.0018 | Range=[0.0018, 0.9600]
  🎯 Threshold: 0.6720 (70.0% of max)
  ✅ High-Score Frames: 24/77 (31.2%)
  📍 First 10 indices: [58, 174, 203, 232, 261, 464, 493, 522, 551, 580]
──────────────────────────────────────────────────────────────────────


Processing videos:   5%|▏  | 132/2700 [01:13<8:56:41, 12.54s/it, video=fo0Hmch2YS0, orig=83, new=191, final=263, dup=11]
Processing videos:   5%|▏  | 132/2700 [01:27<8:56:41, 12.54s/it, video=990ci2H9BBc, orig=77, new=854, final=889, dup=42]
Processing videos:   5%|▏  | 133/2700 [01:27<9:11:00, 12.88s/it, video=990ci2H9BBc, orig=77, new=854, final=889, dup=42]
                                                                                                                        
──────────────────────────────────────────────────────────────────────
📹 Video: 990ci2H9BBc
──────────────────────────────────────────────────────────────────────
  📊 Scores: Max=0.9994 | Min=0.0004 | Range=[0.0004, 0.9994]
  🎯 Threshold: 0.6996 (70.0% of max)
  ✅ High-Score Frames: 34/77 (44.2%)
  📍 First 10 indices: [174, 203, 232, 261, 290, 319, 464, 493, 522, 551]
──────────────────────────────────────────────────────────────────────


Processing videos:   5%|▏  | 133/2700 [01:27<9:11:00, 12.88s/it, video=990ci2H9BBc, orig=77, new=854, final=889, dup=42]
Processing videos:   5%| | 133/2700 [01:45<9:11:00, 12.88s/it, video=990ci2H9BBc, orig=77, new=1147, final=1176, dup=48]
Processing videos:   5%| | 134/2700 [01:45<10:20:26, 14.51s/it, video=990ci2H9BBc, orig=77, new=1147, final=1176, dup=48
                                                                                                                        
──────────────────────────────────────────────────────────────────────
📹 Video: 990ci2H9BBc
──────────────────────────────────────────────────────────────────────
  📊 Scores: Max=0.9994 | Min=0.0001 | Range=[0.0001, 0.9994]
  🎯 Threshold: 0.6996 (70.0% of max)
  ✅ High-Score Frames: 34/77 (44.2%)
  📍 First 10 indices: [174, 203, 232, 261, 290, 319, 464, 493, 522, 551]
──────────────────────────────────────────────────────────────────────


Processing videos:   5%| | 134/2700 [01:45<10:20:26, 14.51s/it, video=990ci2H9BBc, orig=77, new=1147, final=1176, dup=48
Processing videos:   5%| | 134/2700 [02:03<10:20:26, 14.51s/it, video=990ci2H9BBc, orig=77, new=1147, final=1176, dup=48
Processing videos:   5%| | 135/2700 [02:03<11:00:51, 15.46s/it, video=990ci2H9BBc, orig=77, new=1147, final=1176, dup=48
                                                                                                                        
──────────────────────────────────────────────────────────────────────
📹 Video: gD0MvkDGAMg
──────────────────────────────────────────────────────────────────────
  📊 Scores: Max=0.1942 | Min=0.0183 | Range=[0.0183, 0.1942]
  🎯 Threshold: 0.1359 (70.0% of max)
  ✅ High-Score Frames: 7/97 (7.2%)
  📍 First 10 indices: [1000, 1025, 1050, 1075, 1250, 1275, 1300]
──────────────────────────────────────────────────────────────────────


Processing videos:   5%| | 135/2700 [02:03<11:00:51, 15.46s/it, video=990ci2H9BBc, orig=77, new=1147, final=1176, dup=48
Processing videos:   5%|  | 135/2700 [02:07<11:00:51, 15.46s/it, video=gD0MvkDGAMg, orig=97, new=229, final=313, dup=13]
Processing videos:   5%|▏  | 136/2700 [02:07<8:32:42, 12.00s/it, video=gD0MvkDGAMg, orig=97, new=229, final=313, dup=13]
                                                                                                                        
──────────────────────────────────────────────────────────────────────
📹 Video: gD0MvkDGAMg
──────────────────────────────────────────────────────────────────────
  📊 Scores: Max=0.9715 | Min=0.0002 | Range=[0.0002, 0.9715]
  🎯 Threshold: 0.6801 (70.0% of max)
  ✅ High-Score Frames: 19/97 (19.6%)
  📍 First 10 indices: [800, 825, 850, 875, 900, 925, 950, 975, 1475, 1500]
──────────────────────────────────────────────────────────────────────


Processing videos:   5%|▏  | 136/2700 [02:07<8:32:42, 12.00s/it, video=gD0MvkDGAMg, orig=97, new=229, final=313, dup=13]
Processing videos:   5%|▏  | 136/2700 [02:15<8:32:42, 12.00s/it, video=gD0MvkDGAMg, orig=97, new=556, final=625, dup=28]
Processing videos:   5%|▏  | 137/2700 [02:15<7:50:23, 11.01s/it, video=gD0MvkDGAMg, orig=97, new=556, final=625, dup=28]
                                                                                                                        
──────────────────────────────────────────────────────────────────────
📹 Video: gD0MvkDGAMg
──────────────────────────────────────────────────────────────────────
  📊 Scores: Max=0.6305 | Min=0.0034 | Range=[0.0034, 0.6305]
  🎯 Threshold: 0.4413 (70.0% of max)
  ✅ High-Score Frames: 1/97 (1.0%)
  📍 First 10 indices: [1050]
──────────────────────────────────────────────────────────────────────


Processing videos:   5%|▏  | 137/2700 [02:15<7:50:23, 11.01s/it, video=gD0MvkDGAMg, orig=97, new=556, final=625, dup=28]
Processing videos:   5%|▎    | 137/2700 [02:16<7:50:23, 11.01s/it, video=gD0MvkDGAMg, orig=97, new=35, final=129, dup=3]
Processing videos:   5%|▎    | 138/2700 [02:16<5:37:01,  7.89s/it, video=gD0MvkDGAMg, orig=97, new=35, final=129, dup=3]
                                                                                                                        
──────────────────────────────────────────────────────────────────────
📹 Video: WTQ7_e8bnfM
──────────────────────────────────────────────────────────────────────
  📊 Scores: Max=0.1184 | Min=0.0045 | Range=[0.0045, 0.1184]
  🎯 Threshold: 0.0829 (70.0% of max)
  ✅ High-Score Frames: 3/42 (7.1%)
  📍 First 10 indices: [0, 30, 60]
──────────────────────────────────────────────────────────────────────


Processing videos:   5%|▎    | 138/2700 [02:16<5:37:01,  7.89s/it, video=gD0MvkDGAMg, orig=97, new=35, final=129, dup=3]
Processing videos:   5%|▎     | 138/2700 [02:17<5:37:01,  7.89s/it, video=WTQ7_e8bnfM, orig=42, new=41, final=78, dup=5]
Processing videos:   5%|▎     | 139/2700 [02:17<4:05:14,  5.75s/it, video=WTQ7_e8bnfM, orig=42, new=41, final=78, dup=5]
                                                                                                                        
──────────────────────────────────────────────────────────────────────
📹 Video: WTQ7_e8bnfM
──────────────────────────────────────────────────────────────────────
  📊 Scores: Max=0.7236 | Min=0.2257 | Range=[0.2257, 0.7236]
  🎯 Threshold: 0.5065 (70.0% of max)
  ✅ High-Score Frames: 14/42 (33.3%)
  📍 First 10 indices: [30, 270, 300, 330, 360, 390, 420, 480, 840, 990]
──────────────────────────────────────────────────────────────────────


Processing videos:   5%|▎     | 139/2700 [02:17<4:05:14,  5.75s/it, video=WTQ7_e8bnfM, orig=42, new=41, final=78, dup=5]
Processing videos:   5%|▏  | 139/2700 [02:21<4:05:14,  5.75s/it, video=WTQ7_e8bnfM, orig=42, new=264, final=276, dup=30]
Processing videos:   5%|▏  | 140/2700 [02:21<3:49:47,  5.39s/it, video=WTQ7_e8bnfM, orig=42, new=264, final=276, dup=30]
                                                                                                                        
──────────────────────────────────────────────────────────────────────
📹 Video: WTQ7_e8bnfM
──────────────────────────────────────────────────────────────────────
  📊 Scores: Max=0.9492 | Min=0.1160 | Range=[0.1160, 0.9492]
  🎯 Threshold: 0.6645 (70.0% of max)
  ✅ High-Score Frames: 21/42 (50.0%)
  📍 First 10 indices: [0, 30, 60, 90, 120, 270, 300, 330, 360, 420]
──────────────────────────────────────────────────────────────────────


Processing videos:   5%|▏  | 140/2700 [02:21<3:49:47,  5.39s/it, video=WTQ7_e8bnfM, orig=42, new=264, final=276, dup=30]
Processing videos:   5%|▏  | 140/2700 [02:28<3:49:47,  5.39s/it, video=WTQ7_e8bnfM, orig=42, new=373, final=375, dup=40]
Processing videos:   5%|▏  | 141/2700 [02:28<4:03:45,  5.72s/it, video=WTQ7_e8bnfM, orig=42, new=373, final=375, dup=40]
                                                                                                                        
──────────────────────────────────────────────────────────────────────
📹 Video: M7WOXFvwbSY
──────────────────────────────────────────────────────────────────────
  📊 Scores: Max=0.9970 | Min=0.0246 | Range=[0.0246, 0.9970]
  🎯 Threshold: 0.6979 (70.0% of max)
  ✅ High-Score Frames: 88/120 (73.3%)
  📍 First 10 indices: [30, 60, 90, 120, 180, 210, 240, 270, 300, 360]
──────────────────────────────────────────────────────────────────────


Processing videos:   5%|▏  | 141/2700 [02:28<4:03:45,  5.72s/it, video=WTQ7_e8bnfM, orig=42, new=373, final=375, dup=40]
Processing videos:   5%| | 141/2700 [02:38<4:03:45,  5.72s/it, video=M7WOXFvwbSY, orig=120, new=1013, final=1029, dup=10
Processing videos:   5%| | 142/2700 [02:38<4:59:25,  7.02s/it, video=M7WOXFvwbSY, orig=120, new=1013, final=1029, dup=10
                                                                                                                        
──────────────────────────────────────────────────────────────────────
📹 Video: M7WOXFvwbSY
──────────────────────────────────────────────────────────────────────
  📊 Scores: Max=0.9829 | Min=0.1676 | Range=[0.1676, 0.9829]
  🎯 Threshold: 0.6881 (70.0% of max)
  ✅ High-Score Frames: 32/120 (26.7%)
  📍 First 10 indices: [30, 60, 90, 120, 180, 210, 330, 360, 390, 510]
──────────────────────────────────────────────────────────────────────


Processing videos:   5%| | 142/2700 [02:38<4:59:25,  7.02s/it, video=M7WOXFvwbSY, orig=120, new=1013, final=1029, dup=10
Processing videos:   5%|  | 142/2700 [02:43<4:59:25,  7.02s/it, video=M7WOXFvwbSY, orig=120, new=471, final=543, dup=48]
Processing videos:   5%|  | 143/2700 [02:43<4:35:05,  6.45s/it, video=M7WOXFvwbSY, orig=120, new=471, final=543, dup=48]
                                                                                                                        
──────────────────────────────────────────────────────────────────────
📹 Video: M7WOXFvwbSY
──────────────────────────────────────────────────────────────────────
  📊 Scores: Max=0.9999 | Min=0.0059 | Range=[0.0059, 0.9999]
  🎯 Threshold: 0.6999 (70.0% of max)
  ✅ High-Score Frames: 77/120 (64.2%)
  📍 First 10 indices: [30, 60, 90, 120, 180, 210, 240, 270, 300, 360]
──────────────────────────────────────────────────────────────────────


Processing videos:   5%|  | 143/2700 [02:43<4:35:05,  6.45s/it, video=M7WOXFvwbSY, orig=120, new=471, final=543, dup=48]
Processing videos:   5%|  | 143/2700 [02:53<4:35:05,  6.45s/it, video=M7WOXFvwbSY, orig=120, new=954, final=975, dup=99]
Processing videos:   5%|  | 144/2700 [02:53<5:15:11,  7.40s/it, video=M7WOXFvwbSY, orig=120, new=954, final=975, dup=99]
                                                                                                                        
──────────────────────────────────────────────────────────────────────
📹 Video: RvnC--JjDBw
──────────────────────────────────────────────────────────────────────
  📊 Scores: Max=0.9906 | Min=0.9699 | Range=[0.9699, 0.9906]
  🎯 Threshold: 0.6934 (70.0% of max)
  ✅ High-Score Frames: 67/67 (100.0%)
  📍 First 10 indices: [0, 30, 60, 90, 120, 150, 180, 210, 240, 270]
──────────────────────────────────────────────────────────────────────


Processing videos:   5%|  | 144/2700 [02:53<5:15:11,  7.40s/it, video=M7WOXFvwbSY, orig=120, new=954, final=975, dup=99]
Processing videos:   5%|▏  | 144/2700 [03:04<5:15:11,  7.40s/it, video=RvnC--JjDBw, orig=67, new=680, final=680, dup=67]
Processing videos:   5%|▏  | 145/2700 [03:04<6:05:04,  8.57s/it, video=RvnC--JjDBw, orig=67, new=680, final=680, dup=67]
                                                                                                                        
──────────────────────────────────────────────────────────────────────
📹 Video: RvnC--JjDBw
──────────────────────────────────────────────────────────────────────
  📊 Scores: Max=0.9953 | Min=0.9738 | Range=[0.9738, 0.9953]
  🎯 Threshold: 0.6967 (70.0% of max)
  ✅ High-Score Frames: 67/67 (100.0%)
  📍 First 10 indices: [0, 30, 60, 90, 120, 150, 180, 210, 240, 270]
──────────────────────────────────────────────────────────────────────


Processing videos:   5%|▏  | 145/2700 [03:04<6:05:04,  8.57s/it, video=RvnC--JjDBw, orig=67, new=680, final=680, dup=67]
Processing videos:   5%|▏  | 145/2700 [03:15<6:05:04,  8.57s/it, video=RvnC--JjDBw, orig=67, new=680, final=680, dup=67]
Processing videos:   5%|▏  | 146/2700 [03:15<6:33:59,  9.26s/it, video=RvnC--JjDBw, orig=67, new=680, final=680, dup=67]
                                                                                                                        
──────────────────────────────────────────────────────────────────────
📹 Video: RvnC--JjDBw
──────────────────────────────────────────────────────────────────────
  📊 Scores: Max=0.9962 | Min=0.9875 | Range=[0.9875, 0.9962]
  🎯 Threshold: 0.6973 (70.0% of max)
  ✅ High-Score Frames: 67/67 (100.0%)
  📍 First 10 indices: [0, 30, 60, 90, 120, 150, 180, 210, 240, 270]
──────────────────────────────────────────────────────────────────────


Processing videos:   5%|▏  | 146/2700 [03:15<6:33:59,  9.26s/it, video=RvnC--JjDBw, orig=67, new=680, final=680, dup=67]
Processing videos:   5%|▏  | 146/2700 [03:26<6:33:59,  9.26s/it, video=RvnC--JjDBw, orig=67, new=680, final=680, dup=67]
Processing videos:   5%|▏  | 147/2700 [03:26<6:54:07,  9.73s/it, video=RvnC--JjDBw, orig=67, new=680, final=680, dup=67]
                                                                                                                        
──────────────────────────────────────────────────────────────────────
📹 Video: 08km9Yqbt-A
──────────────────────────────────────────────────────────────────────
  📊 Scores: Max=0.9919 | Min=0.1334 | Range=[0.1334, 0.9919]
  🎯 Threshold: 0.6943 (70.0% of max)
  ✅ High-Score Frames: 68/105 (64.8%)
  📍 First 10 indices: [58, 87, 116, 145, 174, 203, 232, 261, 290, 319]
──────────────────────────────────────────────────────────────────────


Processing videos:   5%|▏  | 147/2700 [03:26<6:54:07,  9.73s/it, video=RvnC--JjDBw, orig=67, new=680, final=680, dup=67]
Processing videos:   5%| | 147/2700 [03:57<6:54:07,  9.73s/it, video=08km9Yqbt-A, orig=105, new=2112, final=2135, dup=82
Processing videos:   5%| | 148/2700 [03:57<11:26:54, 16.15s/it, video=08km9Yqbt-A, orig=105, new=2112, final=2135, dup=8
                                                                                                                        
──────────────────────────────────────────────────────────────────────
📹 Video: 08km9Yqbt-A
──────────────────────────────────────────────────────────────────────
  📊 Scores: Max=0.9969 | Min=0.0018 | Range=[0.0018, 0.9969]
  🎯 Threshold: 0.6978 (70.0% of max)
  ✅ High-Score Frames: 40/105 (38.1%)
  📍 First 10 indices: [638, 696, 725, 754, 783, 841, 870, 899, 928, 957]
──────────────────────────────────────────────────────────────────────


Processing videos:   5%| | 148/2700 [03:57<11:26:54, 16.15s/it, video=08km9Yqbt-A, orig=105, new=2112, final=2135, dup=8
Processing videos:   5%| | 148/2700 [04:15<11:26:54, 16.15s/it, video=08km9Yqbt-A, orig=105, new=1232, final=1291, dup=4
Processing videos:   6%| | 149/2700 [04:15<11:53:50, 16.79s/it, video=08km9Yqbt-A, orig=105, new=1232, final=1291, dup=4
                                                                                                                        
──────────────────────────────────────────────────────────────────────
📹 Video: 08km9Yqbt-A
──────────────────────────────────────────────────────────────────────
  📊 Scores: Max=0.9900 | Min=0.0591 | Range=[0.0591, 0.9900]
  🎯 Threshold: 0.6930 (70.0% of max)
  ✅ High-Score Frames: 55/105 (52.4%)
  📍 First 10 indices: [174, 203, 232, 261, 290, 319, 348, 377, 435, 580]
──────────────────────────────────────────────────────────────────────


Processing videos:   6%| | 149/2700 [04:15<11:53:50, 16.79s/it, video=08km9Yqbt-A, orig=105, new=1232, final=1291, dup=4
Processing videos:   6%| | 149/2700 [04:41<11:53:50, 16.79s/it, video=08km9Yqbt-A, orig=105, new=1757, final=1791, dup=7
                                                                                                                        
======================================================================

Processing videos:   6%| | 149/2700 [04:41<11:53:50, 16.79s/it, video=08km9Yqbt-A, orig=105, new=1757, final=1791, dup=7
                                                                                                                        
💾 CHECKPOINT SAVED [150/2700]

Processing videos:   6%| | 149/2700 [04:41<11:53:50, 16.79s/it, video=08km9Yqbt-A, orig=105, new=1757, final=1791, dup=7
                                                                                                                        
======================================================================

Processing videos:   6%| | 149/2700 [04:41<11:53:50, 16.79s/it, video=08km9Yqbt-A, orig=105, new=1757, final=1791, dup=7
                                                                                                                        
  GPU Memory: 0.00GB allocated, 0.00GB reserved

Processing videos:   6%| | 149/2700 [04:41<11:53:50, 16.79s/it, video=08km9Yqbt-A, orig=105, new=1757, final=1791, dup=7
                                                                                                                        
  Videos processed: 150

Processing videos:   6%| | 149/2700 [04:41<11:53:50, 16.79s/it, video=08km9Yqbt-A, orig=105, new=1757, final=1791, dup=7
                                                                                                                        
  With dense sampling: 150

Processing videos:   6%| | 149/2700 [04:41<11:53:50, 16.79s/it, video=08km9Yqbt-A, orig=105, new=1757, final=1791, dup=7
                                                                                                                        
  Total frames: 104,116

Processing videos:   6%| | 149/2700 [04:41<11:53:50, 16.79s/it, video=08km9Yqbt-A, orig=105, new=1757, final=1791, dup=7
                                                                                                                        
  Elapsed time: 4.70 min

Processing videos:   6%| | 149/2700 [04:41<11:53:50, 16.79s/it, video=08km9Yqbt-A, orig=105, new=1757, final=1791, dup=7
                                                                                                                        
  Speed: 0.09 videos/sec

Processing videos:   6%| | 149/2700 [04:41<11:53:50, 16.79s/it, video=08km9Yqbt-A, orig=105, new=1757, final=1791, dup=7
                                                                                                                        
  ✅ Safe to restart if needed

Processing videos:   6%| | 149/2700 [04:41<11:53:50, 16.79s/it, video=08km9Yqbt-A, orig=105, new=1757, final=1791, dup=7
                                                                                                                        
======================================================================


Processing videos:   6%| | 149/2700 [04:41<11:53:50, 16.79s/it, video=08km9Yqbt-A, orig=105, new=1757, final=1791, dup=7
Processing videos:   6%| | 150/2700 [04:41<13:55:10, 19.65s/it, video=08km9Yqbt-A, orig=105, new=1757, final=1791, dup=7
                                                                                                                        
──────────────────────────────────────────────────────────────────────
📹 Video: Qyg_91gNHCc
──────────────────────────────────────────────────────────────────────
  📊 Scores: Max=0.9738 | Min=0.0003 | Range=[0.0003, 0.9738]
  🎯 Threshold: 0.6817 (70.0% of max)
  ✅ High-Score Frames: 19/116 (16.4%)
  📍 First 10 indices: [168, 192, 216, 240, 264, 288, 312, 336, 360, 384]
──────────────────────────────────────────────────────────────────────


Processing videos:   6%| | 150/2700 [04:42<13:55:10, 19.65s/it, video=08km9Yqbt-A, orig=105, new=1757, final=1791, dup=7
Processing videos:   6%| | 150/2700 [04:46<13:55:10, 19.65s/it, video=Qyg_91gNHCc, orig=116, new=210, final=298, dup=28]
Processing videos:   6%| | 151/2700 [04:46<10:37:04, 15.00s/it, video=Qyg_91gNHCc, orig=116, new=210, final=298, dup=28]
                                                                                                                        
──────────────────────────────────────────────────────────────────────
📹 Video: Qyg_91gNHCc
──────────────────────────────────────────────────────────────────────
  📊 Scores: Max=0.9996 | Min=0.0016 | Range=[0.0016, 0.9996]
  🎯 Threshold: 0.6997 (70.0% of max)
  ✅ High-Score Frames: 27/116 (23.3%)
  📍 First 10 indices: [480, 504, 528, 552, 576, 600, 624, 648, 672, 696]
──────────────────────────────────────────────────────────────────────


Processing videos:   6%| | 151/2700 [04:46<10:37:04, 15.00s/it, video=Qyg_91gNHCc, orig=116, new=210, final=298, dup=28]
Processing videos:   6%| | 151/2700 [04:51<10:37:04, 15.00s/it, video=Qyg_91gNHCc, orig=116, new=318, final=392, dup=42]
Processing videos:   6%|  | 152/2700 [04:51<8:38:15, 12.20s/it, video=Qyg_91gNHCc, orig=116, new=318, final=392, dup=42]
                                                                                                                        
──────────────────────────────────────────────────────────────────────
📹 Video: Qyg_91gNHCc
──────────────────────────────────────────────────────────────────────
  📊 Scores: Max=0.9909 | Min=0.0019 | Range=[0.0019, 0.9909]
  🎯 Threshold: 0.6936 (70.0% of max)
  ✅ High-Score Frames: 11/116 (9.5%)
  📍 First 10 indices: [120, 1776, 1800, 1824, 1848, 1872, 1896, 1920, 1944, 1968]
──────────────────────────────────────────────────────────────────────


Processing videos:   6%|  | 152/2700 [04:51<8:38:15, 12.20s/it, video=Qyg_91gNHCc, orig=116, new=318, final=392, dup=42]
Processing videos:   6%|  | 152/2700 [04:54<8:38:15, 12.20s/it, video=Qyg_91gNHCc, orig=116, new=138, final=235, dup=19]
Processing videos:   6%|  | 153/2700 [04:54<6:36:12,  9.33s/it, video=Qyg_91gNHCc, orig=116, new=138, final=235, dup=19]
                                                                                                                        
──────────────────────────────────────────────────────────────────────
📹 Video: nYLMNQ77FjM
──────────────────────────────────────────────────────────────────────
  📊 Scores: Max=0.1179 | Min=0.0038 | Range=[0.0038, 0.1179]
  🎯 Threshold: 0.0825 (70.0% of max)
  ✅ High-Score Frames: 21/96 (21.9%)
  📍 First 10 indices: [840, 864, 888, 936, 984, 1008, 1032, 1056, 1080, 1128]
──────────────────────────────────────────────────────────────────────


Processing videos:   6%|  | 153/2700 [04:54<6:36:12,  9.33s/it, video=Qyg_91gNHCc, orig=116, new=138, final=235, dup=19]
Processing videos:   6%|▏  | 153/2700 [04:58<6:36:12,  9.33s/it, video=nYLMNQ77FjM, orig=96, new=268, final=329, dup=35]
Processing videos:   6%|▏  | 154/2700 [04:58<5:35:10,  7.90s/it, video=nYLMNQ77FjM, orig=96, new=268, final=329, dup=35]
                                                                                                                        
──────────────────────────────────────────────────────────────────────
📹 Video: nYLMNQ77FjM
──────────────────────────────────────────────────────────────────────
  📊 Scores: Max=0.9973 | Min=0.0007 | Range=[0.0007, 0.9973]
  🎯 Threshold: 0.6981 (70.0% of max)
  ✅ High-Score Frames: 13/96 (13.5%)
  📍 First 10 indices: [840, 984, 1008, 1032, 1056, 1080, 1104, 1128, 1152, 1176]
──────────────────────────────────────────────────────────────────────


Processing videos:   6%|▏  | 154/2700 [04:58<5:35:10,  7.90s/it, video=nYLMNQ77FjM, orig=96, new=268, final=329, dup=35]
Processing videos:   6%|▏  | 154/2700 [05:01<5:35:10,  7.90s/it, video=nYLMNQ77FjM, orig=96, new=154, final=229, dup=21]
Processing videos:   6%|▏  | 155/2700 [05:01<4:29:26,  6.35s/it, video=nYLMNQ77FjM, orig=96, new=154, final=229, dup=21]
                                                                                                                        
──────────────────────────────────────────────────────────────────────
📹 Video: nYLMNQ77FjM
──────────────────────────────────────────────────────────────────────
  📊 Scores: Max=0.1625 | Min=0.0002 | Range=[0.0002, 0.1625]
  🎯 Threshold: 0.1137 (70.0% of max)
  ✅ High-Score Frames: 3/96 (3.1%)
  📍 First 10 indices: [2016, 2112, 2136]
──────────────────────────────────────────────────────────────────────


Processing videos:   6%|▏  | 155/2700 [05:01<4:29:26,  6.35s/it, video=nYLMNQ77FjM, orig=96, new=154, final=229, dup=21]
Processing videos:   6%|▏   | 155/2700 [05:03<4:29:26,  6.35s/it, video=nYLMNQ77FjM, orig=96, new=73, final=159, dup=10]
Processing videos:   6%|▏   | 156/2700 [05:03<3:26:48,  4.88s/it, video=nYLMNQ77FjM, orig=96, new=73, final=159, dup=10]
                                                                                                                        
──────────────────────────────────────────────────────────────────────
📹 Video: DF_J3vCcbBA
──────────────────────────────────────────────────────────────────────
  📊 Scores: Max=0.9897 | Min=0.0019 | Range=[0.0019, 0.9897]
  🎯 Threshold: 0.6928 (70.0% of max)
  ✅ High-Score Frames: 60/97 (61.9%)
  📍 First 10 indices: [46, 69, 92, 115, 138, 207, 230, 253, 276, 299]
──────────────────────────────────────────────────────────────────────


Processing videos:   6%|▏   | 156/2700 [05:03<3:26:48,  4.88s/it, video=nYLMNQ77FjM, orig=96, new=73, final=159, dup=10]
Processing videos:   6%| | 156/2700 [05:29<3:26:48,  4.88s/it, video=DF_J3vCcbBA, orig=97, new=1745, final=1759, dup=83]
Processing videos:   6%| | 157/2700 [05:29<7:53:53, 11.18s/it, video=DF_J3vCcbBA, orig=97, new=1745, final=1759, dup=83]
                                                                                                                        
──────────────────────────────────────────────────────────────────────
📹 Video: DF_J3vCcbBA
──────────────────────────────────────────────────────────────────────
  📊 Scores: Max=1.0000 | Min=0.0004 | Range=[0.0004, 1.0000]
  🎯 Threshold: 0.7000 (70.0% of max)
  ✅ High-Score Frames: 92/97 (94.8%)
  📍 First 10 indices: [0, 23, 46, 69, 92, 115, 138, 161, 184, 207]
──────────────────────────────────────────────────────────────────────


Processing videos:   6%| | 157/2700 [05:29<7:53:53, 11.18s/it, video=DF_J3vCcbBA, orig=97, new=1745, final=1759, dup=83]
Processing videos:   6%| | 157/2700 [06:01<7:53:53, 11.18s/it, video=DF_J3vCcbBA, orig=97, new=2180, final=2181, dup=96]
Processing videos:   6%| | 158/2700 [06:01<12:18:39, 17.44s/it, video=DF_J3vCcbBA, orig=97, new=2180, final=2181, dup=96
                                                                                                                        
──────────────────────────────────────────────────────────────────────
📹 Video: DF_J3vCcbBA
──────────────────────────────────────────────────────────────────────
  📊 Scores: Max=0.9999 | Min=0.0004 | Range=[0.0004, 0.9999]
  🎯 Threshold: 0.6999 (70.0% of max)
  ✅ High-Score Frames: 82/97 (84.5%)
  📍 First 10 indices: [23, 46, 69, 92, 115, 138, 161, 184, 207, 230]
──────────────────────────────────────────────────────────────────────


Processing videos:   6%| | 158/2700 [06:01<12:18:39, 17.44s/it, video=DF_J3vCcbBA, orig=97, new=2180, final=2181, dup=96
Processing videos:   6%| | 158/2700 [06:31<12:18:39, 17.44s/it, video=DF_J3vCcbBA, orig=97, new=2074, final=2077, dup=94
Processing videos:   6%| | 159/2700 [06:31<15:00:44, 21.27s/it, video=DF_J3vCcbBA, orig=97, new=2074, final=2077, dup=94
                                                                                                                        
──────────────────────────────────────────────────────────────────────
📹 Video: wVlfyhs64IY
──────────────────────────────────────────────────────────────────────
  📊 Scores: Max=0.6870 | Min=0.0239 | Range=[0.0239, 0.6870]
  🎯 Threshold: 0.4809 (70.0% of max)
  ✅ High-Score Frames: 4/117 (3.4%)
  📍 First 10 indices: [3190, 3219, 3248, 3277]
──────────────────────────────────────────────────────────────────────


Processing videos:   6%| | 159/2700 [06:31<15:00:44, 21.27s/it, video=DF_J3vCcbBA, orig=97, new=2074, final=2077, dup=94
Processing videos:   6%|  | 159/2700 [06:33<15:00:44, 21.27s/it, video=wVlfyhs64IY, orig=117, new=149, final=259, dup=7]
Processing videos:   6%|  | 160/2700 [06:33<11:03:30, 15.67s/it, video=wVlfyhs64IY, orig=117, new=149, final=259, dup=7]
                                                                                                                        
──────────────────────────────────────────────────────────────────────
📹 Video: wVlfyhs64IY
──────────────────────────────────────────────────────────────────────
  📊 Scores: Max=0.9997 | Min=0.0003 | Range=[0.0003, 0.9997]
  🎯 Threshold: 0.6998 (70.0% of max)
  ✅ High-Score Frames: 75/117 (64.1%)
  📍 First 10 indices: [203, 232, 261, 290, 319, 522, 551, 580, 609, 638]
──────────────────────────────────────────────────────────────────────


Processing videos:   6%|  | 160/2700 [06:33<11:03:30, 15.67s/it, video=wVlfyhs64IY, orig=117, new=149, final=259, dup=7]
Processing videos:   6%| | 160/2700 [07:07<11:03:30, 15.67s/it, video=wVlfyhs64IY, orig=117, new=2285, final=2317, dup=8
Processing videos:   6%| | 161/2700 [07:07<14:56:17, 21.18s/it, video=wVlfyhs64IY, orig=117, new=2285, final=2317, dup=8
                                                                                                                        
──────────────────────────────────────────────────────────────────────
📹 Video: wVlfyhs64IY
──────────────────────────────────────────────────────────────────────
  📊 Scores: Max=0.9922 | Min=0.0003 | Range=[0.0003, 0.9922]
  🎯 Threshold: 0.6945 (70.0% of max)
  ✅ High-Score Frames: 44/117 (37.6%)
  📍 First 10 indices: [522, 551, 580, 609, 638, 667, 696, 725, 754, 783]
──────────────────────────────────────────────────────────────────────


Processing videos:   6%| | 161/2700 [07:07<14:56:17, 21.18s/it, video=wVlfyhs64IY, orig=117, new=2285, final=2317, dup=8
Processing videos:   6%| | 161/2700 [07:28<14:56:17, 21.18s/it, video=wVlfyhs64IY, orig=117, new=1408, final=1469, dup=5
Processing videos:   6%| | 162/2700 [07:28<14:52:24, 21.10s/it, video=wVlfyhs64IY, orig=117, new=1408, final=1469, dup=5
                                                                                                                        
──────────────────────────────────────────────────────────────────────
📹 Video: K0mjUgHKfJo
──────────────────────────────────────────────────────────────────────
  📊 Scores: Max=0.9967 | Min=0.0009 | Range=[0.0009, 0.9967]
  🎯 Threshold: 0.6977 (70.0% of max)
  ✅ High-Score Frames: 55/112 (49.1%)
  📍 First 10 indices: [87, 116, 145, 174, 203, 232, 261, 290, 319, 348]
──────────────────────────────────────────────────────────────────────


Processing videos:   6%| | 162/2700 [07:28<14:52:24, 21.10s/it, video=wVlfyhs64IY, orig=117, new=1408, final=1469, dup=5
Processing videos:   6%| | 162/2700 [07:45<14:52:24, 21.10s/it, video=K0mjUgHKfJo, orig=112, new=1760, final=1802, dup=7
Processing videos:   6%| | 163/2700 [07:45<13:59:13, 19.85s/it, video=K0mjUgHKfJo, orig=112, new=1760, final=1802, dup=7
                                                                                                                        
──────────────────────────────────────────────────────────────────────
📹 Video: K0mjUgHKfJo
──────────────────────────────────────────────────────────────────────
  📊 Scores: Max=0.9957 | Min=0.0166 | Range=[0.0166, 0.9957]
  🎯 Threshold: 0.6970 (70.0% of max)
  ✅ High-Score Frames: 23/112 (20.5%)
  📍 First 10 indices: [522, 1247, 1276, 1305, 1334, 1363, 1392, 1421, 1450, 1479]
──────────────────────────────────────────────────────────────────────


Processing videos:   6%| | 163/2700 [07:45<13:59:13, 19.85s/it, video=K0mjUgHKfJo, orig=112, new=1760, final=1802, dup=7
Processing videos:   6%| | 163/2700 [07:53<13:59:13, 19.85s/it, video=K0mjUgHKfJo, orig=112, new=745, final=826, dup=31]
Processing videos:   6%| | 164/2700 [07:53<11:24:23, 16.19s/it, video=K0mjUgHKfJo, orig=112, new=745, final=826, dup=31]
                                                                                                                        
──────────────────────────────────────────────────────────────────────
📹 Video: K0mjUgHKfJo
──────────────────────────────────────────────────────────────────────
  📊 Scores: Max=0.6759 | Min=0.0037 | Range=[0.0037, 0.6759]
  🎯 Threshold: 0.4731 (70.0% of max)
  ✅ High-Score Frames: 3/112 (2.7%)
  📍 First 10 indices: [522, 2146, 2175]
──────────────────────────────────────────────────────────────────────


Processing videos:   6%| | 164/2700 [07:53<11:24:23, 16.19s/it, video=K0mjUgHKfJo, orig=112, new=745, final=826, dup=31]
Processing videos:   6%|  | 164/2700 [07:55<11:24:23, 16.19s/it, video=K0mjUgHKfJo, orig=112, new=122, final=226, dup=8]
Processing videos:   6%|▏  | 165/2700 [07:55<8:18:51, 11.81s/it, video=K0mjUgHKfJo, orig=112, new=122, final=226, dup=8]
                                                                                                                        
──────────────────────────────────────────────────────────────────────
📹 Video: WmVLcj-XKnM
──────────────────────────────────────────────────────────────────────
  📊 Scores: Max=0.4888 | Min=0.0307 | Range=[0.0307, 0.4888]
  🎯 Threshold: 0.3422 (70.0% of max)
  ✅ High-Score Frames: 5/123 (4.1%)
  📍 First 10 indices: [2530, 2553, 2576, 2622, 2645]
──────────────────────────────────────────────────────────────────────


Processing videos:   6%|▏  | 165/2700 [07:55<8:18:51, 11.81s/it, video=K0mjUgHKfJo, orig=112, new=122, final=226, dup=8]
Processing videos:   6%|▏  | 165/2700 [07:58<8:18:51, 11.81s/it, video=WmVLcj-XKnM, orig=123, new=188, final=303, dup=8]
Processing videos:   6%|▏  | 166/2700 [07:58<6:30:31,  9.25s/it, video=WmVLcj-XKnM, orig=123, new=188, final=303, dup=8]
                                                                                                                        
──────────────────────────────────────────────────────────────────────
📹 Video: WmVLcj-XKnM
──────────────────────────────────────────────────────────────────────
  📊 Scores: Max=0.4663 | Min=0.0316 | Range=[0.0316, 0.4663]
  🎯 Threshold: 0.3264 (70.0% of max)
  ✅ High-Score Frames: 5/123 (4.1%)
  📍 First 10 indices: [2530, 2553, 2599, 2622, 2645]
──────────────────────────────────────────────────────────────────────


Processing videos:   6%|▏  | 166/2700 [07:58<6:30:31,  9.25s/it, video=WmVLcj-XKnM, orig=123, new=188, final=303, dup=8]
Processing videos:   6%|▏  | 166/2700 [08:01<6:30:31,  9.25s/it, video=WmVLcj-XKnM, orig=123, new=188, final=303, dup=8]
Processing videos:   6%|▏  | 167/2700 [08:01<5:09:28,  7.33s/it, video=WmVLcj-XKnM, orig=123, new=188, final=303, dup=8]
                                                                                                                        
──────────────────────────────────────────────────────────────────────
📹 Video: WmVLcj-XKnM
──────────────────────────────────────────────────────────────────────
  📊 Scores: Max=0.5652 | Min=0.0042 | Range=[0.0042, 0.5652]
  🎯 Threshold: 0.3957 (70.0% of max)
  ✅ High-Score Frames: 8/123 (6.5%)
  📍 First 10 indices: [2530, 2553, 2576, 2622, 2645, 2760, 2783, 2806]
──────────────────────────────────────────────────────────────────────


Processing videos:   6%|▏  | 167/2700 [08:01<5:09:28,  7.33s/it, video=WmVLcj-XKnM, orig=123, new=188, final=303, dup=8]
Processing videos:   6%|  | 167/2700 [08:05<5:09:28,  7.33s/it, video=WmVLcj-XKnM, orig=123, new=295, final=406, dup=12]
Processing videos:   6%|  | 168/2700 [08:05<4:37:22,  6.57s/it, video=WmVLcj-XKnM, orig=123, new=295, final=406, dup=12]
                                                                                                                        
──────────────────────────────────────────────────────────────────────
📹 Video: zBnKgwnn7i4
──────────────────────────────────────────────────────────────────────
  📊 Scores: Max=0.9923 | Min=0.0169 | Range=[0.0169, 0.9923]
  🎯 Threshold: 0.6946 (70.0% of max)
  ✅ High-Score Frames: 11/107 (10.3%)
  📍 First 10 indices: [25, 50, 75, 525, 550, 600, 875, 900, 925, 950]
──────────────────────────────────────────────────────────────────────


Processing videos:   6%|  | 168/2700 [08:05<4:37:22,  6.57s/it, video=WmVLcj-XKnM, orig=123, new=295, final=406, dup=12]
Processing videos:   6%|  | 168/2700 [08:11<4:37:22,  6.57s/it, video=zBnKgwnn7i4, orig=107, new=326, final=411, dup=22]
Processing videos:   6%|▏ | 169/2700 [08:11<4:23:14,  6.24s/it, video=zBnKgwnn7i4, orig=107, new=326, final=411, dup=22]
                                                                                                                        
──────────────────────────────────────────────────────────────────────
📹 Video: zBnKgwnn7i4
──────────────────────────────────────────────────────────────────────
  📊 Scores: Max=0.9862 | Min=0.0099 | Range=[0.0099, 0.9862]
  🎯 Threshold: 0.6903 (70.0% of max)
  ✅ High-Score Frames: 46/107 (43.0%)
  📍 First 10 indices: [725, 800, 975, 1000, 1025, 1050, 1075, 1100, 1125, 1150]
──────────────────────────────────────────────────────────────────────


Processing videos:   6%|▏ | 169/2700 [08:11<4:23:14,  6.24s/it, video=zBnKgwnn7i4, orig=107, new=326, final=411, dup=22]
Processing videos:   6%| | 169/2700 [08:29<4:23:14,  6.24s/it, video=zBnKgwnn7i4, orig=107, new=1253, final=1299, dup=61
Processing videos:   6%| | 170/2700 [08:29<6:51:25,  9.76s/it, video=zBnKgwnn7i4, orig=107, new=1253, final=1299, dup=61
                                                                                                                        
──────────────────────────────────────────────────────────────────────
📹 Video: zBnKgwnn7i4
──────────────────────────────────────────────────────────────────────
  📊 Scores: Max=0.2457 | Min=0.0155 | Range=[0.0155, 0.2457]
  🎯 Threshold: 0.1720 (70.0% of max)
  ✅ High-Score Frames: 5/107 (4.7%)
  📍 First 10 indices: [0, 125, 2375, 2625, 2650]
──────────────────────────────────────────────────────────────────────


Processing videos:   6%| | 170/2700 [08:29<6:51:25,  9.76s/it, video=zBnKgwnn7i4, orig=107, new=1253, final=1299, dup=61
Processing videos:   6%|▏ | 170/2700 [08:32<6:51:25,  9.76s/it, video=zBnKgwnn7i4, orig=107, new=152, final=248, dup=11]
Processing videos:   6%|▏ | 171/2700 [08:32<5:24:28,  7.70s/it, video=zBnKgwnn7i4, orig=107, new=152, final=248, dup=11]
                                                                                                                        
──────────────────────────────────────────────────────────────────────
📹 Video: D52rTzibFRc
──────────────────────────────────────────────────────────────────────
  📊 Scores: Max=0.9996 | Min=0.0004 | Range=[0.0004, 0.9996]
  🎯 Threshold: 0.6997 (70.0% of max)
  ✅ High-Score Frames: 31/93 (33.3%)
  📍 First 10 indices: [1008, 1032, 1056, 1080, 1152, 1200, 1224, 1272, 1344, 1368]
──────────────────────────────────────────────────────────────────────


Processing videos:   6%|▏ | 171/2700 [08:32<5:24:28,  7.70s/it, video=zBnKgwnn7i4, orig=107, new=152, final=248, dup=11]
Processing videos:   6%|▏  | 171/2700 [08:35<5:24:28,  7.70s/it, video=D52rTzibFRc, orig=93, new=321, final=373, dup=41]
Processing videos:   6%|▏  | 172/2700 [08:35<4:30:08,  6.41s/it, video=D52rTzibFRc, orig=93, new=321, final=373, dup=41]
                                                                                                                        
──────────────────────────────────────────────────────────────────────
📹 Video: D52rTzibFRc
──────────────────────────────────────────────────────────────────────
  📊 Scores: Max=0.9916 | Min=0.0005 | Range=[0.0005, 0.9916]
  🎯 Threshold: 0.6941 (70.0% of max)
  ✅ High-Score Frames: 12/93 (12.9%)
  📍 First 10 indices: [264, 288, 312, 336, 360, 384, 408, 432, 456, 480]
──────────────────────────────────────────────────────────────────────


Processing videos:   6%|▏  | 172/2700 [08:35<4:30:08,  6.41s/it, video=D52rTzibFRc, orig=93, new=321, final=373, dup=41]
Processing videos:   6%|▏  | 172/2700 [08:37<4:30:08,  6.41s/it, video=D52rTzibFRc, orig=93, new=121, final=198, dup=16]
Processing videos:   6%|▏  | 173/2700 [08:37<3:26:42,  4.91s/it, video=D52rTzibFRc, orig=93, new=121, final=198, dup=16]
                                                                                                                        
──────────────────────────────────────────────────────────────────────
📹 Video: D52rTzibFRc
──────────────────────────────────────────────────────────────────────
  📊 Scores: Max=0.9953 | Min=0.0011 | Range=[0.0011, 0.9953]
  🎯 Threshold: 0.6967 (70.0% of max)
  ✅ High-Score Frames: 5/93 (5.4%)
  📍 First 10 indices: [144, 168, 192, 216, 240]
──────────────────────────────────────────────────────────────────────


Processing videos:   6%|▏  | 173/2700 [08:37<3:26:42,  4.91s/it, video=D52rTzibFRc, orig=93, new=121, final=198, dup=16]
Processing videos:   6%|▎    | 173/2700 [08:37<3:26:42,  4.91s/it, video=D52rTzibFRc, orig=93, new=65, final=149, dup=9]
Processing videos:   6%|▎    | 174/2700 [08:37<2:32:50,  3.63s/it, video=D52rTzibFRc, orig=93, new=65, final=149, dup=9]
                                                                                                                        
──────────────────────────────────────────────────────────────────────
📹 Video: NEFG7YcIDcI
──────────────────────────────────────────────────────────────────────
  📊 Scores: Max=0.9998 | Min=0.0084 | Range=[0.0084, 0.9998]
  🎯 Threshold: 0.6999 (70.0% of max)
  ✅ High-Score Frames: 67/100 (67.0%)
  📍 First 10 indices: [0, 29, 58, 87, 116, 145, 174, 203, 232, 261]
──────────────────────────────────────────────────────────────────────


Processing videos:   6%|▎    | 174/2700 [08:37<2:32:50,  3.63s/it, video=D52rTzibFRc, orig=93, new=65, final=149, dup=9]
Processing videos:   6%| | 174/2700 [09:07<2:32:50,  3.63s/it, video=NEFG7YcIDcI, orig=100, new=2033, final=2053, dup=80
                                                                                                                        
======================================================================

Processing videos:   6%| | 174/2700 [09:07<2:32:50,  3.63s/it, video=NEFG7YcIDcI, orig=100, new=2033, final=2053, dup=80
                                                                                                                        
💾 CHECKPOINT SAVED [175/2700]

Processing videos:   6%| | 174/2700 [09:07<2:32:50,  3.63s/it, video=NEFG7YcIDcI, orig=100, new=2033, final=2053, dup=80
                                                                                                                        
======================================================================

Processing videos:   6%| | 174/2700 [09:07<2:32:50,  3.63s/it, video=NEFG7YcIDcI, orig=100, new=2033, final=2053, dup=80
                                                                                                                        
  GPU Memory: 0.00GB allocated, 0.00GB reserved

Processing videos:   6%| | 174/2700 [09:07<2:32:50,  3.63s/it, video=NEFG7YcIDcI, orig=100, new=2033, final=2053, dup=80
                                                                                                                        
  Videos processed: 175

Processing videos:   6%| | 174/2700 [09:07<2:32:50,  3.63s/it, video=NEFG7YcIDcI, orig=100, new=2033, final=2053, dup=80
                                                                                                                        
  With dense sampling: 175

Processing videos:   6%| | 174/2700 [09:07<2:32:50,  3.63s/it, video=NEFG7YcIDcI, orig=100, new=2033, final=2053, dup=80
                                                                                                                        
  Total frames: 124,417

Processing videos:   6%| | 174/2700 [09:07<2:32:50,  3.63s/it, video=NEFG7YcIDcI, orig=100, new=2033, final=2053, dup=80
                                                                                                                        
  Elapsed time: 9.13 min

Processing videos:   6%| | 174/2700 [09:07<2:32:50,  3.63s/it, video=NEFG7YcIDcI, orig=100, new=2033, final=2053, dup=80
                                                                                                                        
  Speed: 0.09 videos/sec

Processing videos:   6%| | 174/2700 [09:07<2:32:50,  3.63s/it, video=NEFG7YcIDcI, orig=100, new=2033, final=2053, dup=80
                                                                                                                        
  ✅ Safe to restart if needed

Processing videos:   6%| | 174/2700 [09:07<2:32:50,  3.63s/it, video=NEFG7YcIDcI, orig=100, new=2033, final=2053, dup=80
                                                                                                                        
======================================================================


Processing videos:   6%| | 174/2700 [09:07<2:32:50,  3.63s/it, video=NEFG7YcIDcI, orig=100, new=2033, final=2053, dup=80
Processing videos:   6%| | 175/2700 [09:07<8:06:19, 11.56s/it, video=NEFG7YcIDcI, orig=100, new=2033, final=2053, dup=80
                                                                                                                        
──────────────────────────────────────────────────────────────────────
📹 Video: NEFG7YcIDcI
──────────────────────────────────────────────────────────────────────
  📊 Scores: Max=0.8226 | Min=0.0019 | Range=[0.0019, 0.8226]
  🎯 Threshold: 0.5758 (70.0% of max)
  ✅ High-Score Frames: 9/100 (9.0%)
  📍 First 10 indices: [0, 116, 464, 493, 1102, 1160, 1508, 1566, 2291]
──────────────────────────────────────────────────────────────────────


Processing videos:   6%| | 175/2700 [09:07<8:06:19, 11.56s/it, video=NEFG7YcIDcI, orig=100, new=2033, final=2053, dup=80
Processing videos:   6%|▏ | 175/2700 [09:13<8:06:19, 11.56s/it, video=NEFG7YcIDcI, orig=100, new=344, final=422, dup=22]
Processing videos:   7%|▏ | 176/2700 [09:13<6:54:48,  9.86s/it, video=NEFG7YcIDcI, orig=100, new=344, final=422, dup=22]
                                                                                                                        
──────────────────────────────────────────────────────────────────────
📹 Video: NEFG7YcIDcI
──────────────────────────────────────────────────────────────────────
  📊 Scores: Max=0.9620 | Min=0.0490 | Range=[0.0490, 0.9620]
  🎯 Threshold: 0.6734 (70.0% of max)
  ✅ High-Score Frames: 78/100 (78.0%)
  📍 First 10 indices: [0, 29, 58, 87, 116, 145, 174, 319, 348, 377]
──────────────────────────────────────────────────────────────────────


Processing videos:   7%|▏ | 176/2700 [09:13<6:54:48,  9.86s/it, video=NEFG7YcIDcI, orig=100, new=344, final=422, dup=22]
Processing videos:   7%| | 176/2700 [09:50<6:54:48,  9.86s/it, video=NEFG7YcIDcI, orig=100, new=2394, final=2398, dup=96
Processing videos:   7%| | 177/2700 [09:50<12:40:40, 18.09s/it, video=NEFG7YcIDcI, orig=100, new=2394, final=2398, dup=9
                                                                                                                        
──────────────────────────────────────────────────────────────────────
📹 Video: 8TNPeimqOO0
──────────────────────────────────────────────────────────────────────
  📊 Scores: Max=0.7320 | Min=0.0436 | Range=[0.0436, 0.7320]
  🎯 Threshold: 0.5124 (70.0% of max)
  ✅ High-Score Frames: 9/113 (8.0%)
  📍 First 10 indices: [638, 696, 725, 754, 783, 812, 870, 1131, 1218]
──────────────────────────────────────────────────────────────────────


Processing videos:   7%| | 177/2700 [09:50<12:40:40, 18.09s/it, video=NEFG7YcIDcI, orig=100, new=2394, final=2398, dup=9
Processing videos:   7%| | 177/2700 [09:56<12:40:40, 18.09s/it, video=8TNPeimqOO0, orig=113, new=308, final=405, dup=16]
Processing videos:   7%|▏ | 178/2700 [09:56<9:56:58, 14.20s/it, video=8TNPeimqOO0, orig=113, new=308, final=405, dup=16]
                                                                                                                        
──────────────────────────────────────────────────────────────────────
📹 Video: 8TNPeimqOO0
──────────────────────────────────────────────────────────────────────
  📊 Scores: Max=0.8785 | Min=0.2130 | Range=[0.2130, 0.8785]
  🎯 Threshold: 0.6149 (70.0% of max)
  ✅ High-Score Frames: 37/113 (32.7%)
  📍 First 10 indices: [464, 551, 899, 928, 986, 1131, 1160, 1189, 1218, 1595]
──────────────────────────────────────────────────────────────────────


Processing videos:   7%|▏ | 178/2700 [09:56<9:56:58, 14.20s/it, video=8TNPeimqOO0, orig=113, new=308, final=405, dup=16]
Processing videos:   7%| | 178/2700 [10:15<9:56:58, 14.20s/it, video=8TNPeimqOO0, orig=113, new=1275, final=1329, dup=59
Processing videos:   7%| | 179/2700 [10:15<10:57:45, 15.65s/it, video=8TNPeimqOO0, orig=113, new=1275, final=1329, dup=5
                                                                                                                        
──────────────────────────────────────────────────────────────────────
📹 Video: 8TNPeimqOO0
──────────────────────────────────────────────────────────────────────
  📊 Scores: Max=0.9982 | Min=0.6109 | Range=[0.6109, 0.9982]
  🎯 Threshold: 0.6988 (70.0% of max)
  ✅ High-Score Frames: 112/113 (99.1%)
  📍 First 10 indices: [0, 29, 58, 87, 116, 145, 174, 203, 232, 261]
──────────────────────────────────────────────────────────────────────


Processing videos:   7%| | 179/2700 [10:15<10:57:45, 15.65s/it, video=8TNPeimqOO0, orig=113, new=1275, final=1329, dup=5
Processing videos:   7%| | 179/2700 [11:05<10:57:45, 15.65s/it, video=8TNPeimqOO0, orig=113, new=3218, final=3218, dup=1
Processing videos:   7%| | 180/2700 [11:05<18:12:45, 26.02s/it, video=8TNPeimqOO0, orig=113, new=3218, final=3218, dup=1
                                                                                                                        
──────────────────────────────────────────────────────────────────────
📹 Video: LCtOpCi5r2s
──────────────────────────────────────────────────────────────────────
  📊 Scores: Max=0.9147 | Min=0.0013 | Range=[0.0013, 0.9147]
  🎯 Threshold: 0.6403 (70.0% of max)
  ✅ High-Score Frames: 5/86 (5.8%)
  📍 First 10 indices: [450, 475, 500, 525, 550]
──────────────────────────────────────────────────────────────────────


Processing videos:   7%| | 180/2700 [11:05<18:12:45, 26.02s/it, video=8TNPeimqOO0, orig=113, new=3218, final=3218, dup=1
Processing videos:   7%|▏  | 180/2700 [11:07<18:12:45, 26.02s/it, video=LCtOpCi5r2s, orig=86, new=152, final=230, dup=8]
Processing videos:   7%|▏  | 181/2700 [11:07<13:14:20, 18.92s/it, video=LCtOpCi5r2s, orig=86, new=152, final=230, dup=8]
                                                                                                                        
──────────────────────────────────────────────────────────────────────
📹 Video: LCtOpCi5r2s
──────────────────────────────────────────────────────────────────────
  📊 Scores: Max=0.3306 | Min=0.0151 | Range=[0.0151, 0.3306]
  🎯 Threshold: 0.2314 (70.0% of max)
  ✅ High-Score Frames: 8/86 (9.3%)
  📍 First 10 indices: [0, 425, 725, 825, 1000, 1200, 1225, 2000]
──────────────────────────────────────────────────────────────────────


Processing videos:   7%|▏  | 181/2700 [11:07<13:14:20, 18.92s/it, video=LCtOpCi5r2s, orig=86, new=152, final=230, dup=8]
Processing videos:   7%|▏ | 181/2700 [11:12<13:14:20, 18.92s/it, video=LCtOpCi5r2s, orig=86, new=261, final=326, dup=21]
Processing videos:   7%|▏ | 182/2700 [11:12<10:12:08, 14.59s/it, video=LCtOpCi5r2s, orig=86, new=261, final=326, dup=21]
                                                                                                                        
──────────────────────────────────────────────────────────────────────
📹 Video: LCtOpCi5r2s
──────────────────────────────────────────────────────────────────────
  📊 Scores: Max=0.6364 | Min=0.0078 | Range=[0.0078, 0.6364]
  🎯 Threshold: 0.4455 (70.0% of max)
  ✅ High-Score Frames: 4/86 (4.7%)
  📍 First 10 indices: [2050, 2075, 2100, 2125]
──────────────────────────────────────────────────────────────────────


Processing videos:   7%|▏ | 182/2700 [11:12<10:12:08, 14.59s/it, video=LCtOpCi5r2s, orig=86, new=261, final=326, dup=21]
Processing videos:   7%|▏  | 182/2700 [11:14<10:12:08, 14.59s/it, video=LCtOpCi5r2s, orig=86, new=119, final=199, dup=6]
Processing videos:   7%|▎   | 183/2700 [11:14<7:33:24, 10.81s/it, video=LCtOpCi5r2s, orig=86, new=119, final=199, dup=6]
                                                                                                                        
──────────────────────────────────────────────────────────────────────
📹 Video: jTzKgI68VLc
──────────────────────────────────────────────────────────────────────
  📊 Scores: Max=0.4927 | Min=0.0083 | Range=[0.0083, 0.4927]
  🎯 Threshold: 0.3449 (70.0% of max)
  ✅ High-Score Frames: 4/96 (4.2%)
  📍 First 10 indices: [1150, 1175, 1200, 1225]
──────────────────────────────────────────────────────────────────────


Processing videos:   7%|▎   | 183/2700 [11:14<7:33:24, 10.81s/it, video=LCtOpCi5r2s, orig=86, new=119, final=199, dup=6]
Processing videos:   7%|▎   | 183/2700 [11:16<7:33:24, 10.81s/it, video=jTzKgI68VLc, orig=96, new=127, final=216, dup=7]
Processing videos:   7%|▎   | 184/2700 [11:16<5:45:36,  8.24s/it, video=jTzKgI68VLc, orig=96, new=127, final=216, dup=7]
                                                                                                                        
──────────────────────────────────────────────────────────────────────
📹 Video: jTzKgI68VLc
──────────────────────────────────────────────────────────────────────
  📊 Scores: Max=0.4496 | Min=0.0013 | Range=[0.0013, 0.4496]
  🎯 Threshold: 0.3147 (70.0% of max)
  ✅ High-Score Frames: 4/96 (4.2%)
  📍 First 10 indices: [250, 275, 300, 325]
──────────────────────────────────────────────────────────────────────


Processing videos:   7%|▎   | 184/2700 [11:16<5:45:36,  8.24s/it, video=jTzKgI68VLc, orig=96, new=127, final=216, dup=7]
Processing videos:   7%|▎   | 184/2700 [11:18<5:45:36,  8.24s/it, video=jTzKgI68VLc, orig=96, new=127, final=216, dup=7]
Processing videos:   7%|▎   | 185/2700 [11:18<4:26:26,  6.36s/it, video=jTzKgI68VLc, orig=96, new=127, final=216, dup=7]
                                                                                                                        
──────────────────────────────────────────────────────────────────────
📹 Video: jTzKgI68VLc
──────────────────────────────────────────────────────────────────────
  📊 Scores: Max=0.9999 | Min=0.0006 | Range=[0.0006, 0.9999]
  🎯 Threshold: 0.6999 (70.0% of max)
  ✅ High-Score Frames: 25/96 (26.0%)
  📍 First 10 indices: [100, 250, 825, 850, 875, 900, 925, 950, 975, 1000]
──────────────────────────────────────────────────────────────────────


Processing videos:   7%|▎   | 185/2700 [11:18<4:26:26,  6.36s/it, video=jTzKgI68VLc, orig=96, new=127, final=216, dup=7]
Processing videos:   7%|▏  | 185/2700 [11:29<4:26:26,  6.36s/it, video=jTzKgI68VLc, orig=96, new=699, final=760, dup=35]
Processing videos:   7%|▏  | 186/2700 [11:29<5:26:54,  7.80s/it, video=jTzKgI68VLc, orig=96, new=699, final=760, dup=35]
                                                                                                                        
──────────────────────────────────────────────────────────────────────
📹 Video: eTLMWnsStuk
──────────────────────────────────────────────────────────────────────
  📊 Scores: Max=0.5740 | Min=0.0014 | Range=[0.0014, 0.5740]
  🎯 Threshold: 0.4018 (70.0% of max)
  ✅ High-Score Frames: 2/85 (2.4%)
  📍 First 10 indices: [2310, 2340]
──────────────────────────────────────────────────────────────────────


Processing videos:   7%|▏  | 186/2700 [11:29<5:26:54,  7.80s/it, video=jTzKgI68VLc, orig=96, new=699, final=760, dup=35]
Processing videos:   7%|▎    | 186/2700 [11:30<5:26:54,  7.80s/it, video=eTLMWnsStuk, orig=85, new=51, final=130, dup=6]
Processing videos:   7%|▎    | 187/2700 [11:30<4:02:29,  5.79s/it, video=eTLMWnsStuk, orig=85, new=51, final=130, dup=6]
                                                                                                                        
──────────────────────────────────────────────────────────────────────
📹 Video: eTLMWnsStuk
──────────────────────────────────────────────────────────────────────
  📊 Scores: Max=0.7248 | Min=0.0000 | Range=[0.0000, 0.7248]
  🎯 Threshold: 0.5073 (70.0% of max)
  ✅ High-Score Frames: 1/85 (1.2%)
  📍 First 10 indices: [630]
──────────────────────────────────────────────────────────────────────


Processing videos:   7%|▎    | 187/2700 [11:30<4:02:29,  5.79s/it, video=eTLMWnsStuk, orig=85, new=51, final=130, dup=6]
Processing videos:   7%|▎    | 187/2700 [11:31<4:02:29,  5.79s/it, video=eTLMWnsStuk, orig=85, new=41, final=121, dup=5]
Processing videos:   7%|▎    | 188/2700 [11:31<2:58:34,  4.27s/it, video=eTLMWnsStuk, orig=85, new=41, final=121, dup=5]
                                                                                                                        
──────────────────────────────────────────────────────────────────────
📹 Video: eTLMWnsStuk
──────────────────────────────────────────────────────────────────────
  📊 Scores: Max=0.9494 | Min=0.0045 | Range=[0.0045, 0.9494]
  🎯 Threshold: 0.6646 (70.0% of max)
  ✅ High-Score Frames: 4/85 (4.7%)
  📍 First 10 indices: [2280, 2310, 2340, 2370]
──────────────────────────────────────────────────────────────────────


Processing videos:   7%|▎    | 188/2700 [11:31<2:58:34,  4.27s/it, video=eTLMWnsStuk, orig=85, new=41, final=121, dup=5]
Processing videos:   7%|▎    | 188/2700 [11:32<2:58:34,  4.27s/it, video=eTLMWnsStuk, orig=85, new=71, final=148, dup=8]
Processing videos:   7%|▎    | 189/2700 [11:32<2:21:05,  3.37s/it, video=eTLMWnsStuk, orig=85, new=71, final=148, dup=8]
                                                                                                                        
──────────────────────────────────────────────────────────────────────
📹 Video: 9_M4bNOxsYs
──────────────────────────────────────────────────────────────────────
  📊 Scores: Max=0.4090 | Min=0.0045 | Range=[0.0045, 0.4090]
  🎯 Threshold: 0.2863 (70.0% of max)
  ✅ High-Score Frames: 8/88 (9.1%)
  📍 First 10 indices: [75, 100, 850, 2075, 2100, 2125, 2150, 2175]
──────────────────────────────────────────────────────────────────────


Processing videos:   7%|▎    | 189/2700 [11:32<2:21:05,  3.37s/it, video=eTLMWnsStuk, orig=85, new=71, final=148, dup=8]
Processing videos:   7%|▏  | 189/2700 [11:36<2:21:05,  3.37s/it, video=9_M4bNOxsYs, orig=88, new=248, final=321, dup=15]
Processing videos:   7%|▏  | 190/2700 [11:36<2:31:27,  3.62s/it, video=9_M4bNOxsYs, orig=88, new=248, final=321, dup=15]
                                                                                                                        
──────────────────────────────────────────────────────────────────────
📹 Video: 9_M4bNOxsYs
──────────────────────────────────────────────────────────────────────
  📊 Scores: Max=0.8688 | Min=0.0006 | Range=[0.0006, 0.8688]
  🎯 Threshold: 0.6082 (70.0% of max)
  ✅ High-Score Frames: 2/88 (2.3%)
  📍 First 10 indices: [825, 850]
──────────────────────────────────────────────────────────────────────


Processing videos:   7%|▏  | 190/2700 [11:36<2:31:27,  3.62s/it, video=9_M4bNOxsYs, orig=88, new=248, final=321, dup=15]
Processing videos:   7%|▎    | 190/2700 [11:38<2:31:27,  3.62s/it, video=9_M4bNOxsYs, orig=88, new=69, final=152, dup=5]
Processing videos:   7%|▎    | 191/2700 [11:38<2:04:16,  2.97s/it, video=9_M4bNOxsYs, orig=88, new=69, final=152, dup=5]
                                                                                                                        
──────────────────────────────────────────────────────────────────────
📹 Video: 9_M4bNOxsYs
──────────────────────────────────────────────────────────────────────
  📊 Scores: Max=0.9934 | Min=0.0003 | Range=[0.0003, 0.9934]
  🎯 Threshold: 0.6954 (70.0% of max)
  ✅ High-Score Frames: 7/88 (8.0%)
  📍 First 10 indices: [875, 975, 1875, 1900, 1925, 1950, 2025]
──────────────────────────────────────────────────────────────────────


Processing videos:   7%|▎    | 191/2700 [11:38<2:04:16,  2.97s/it, video=9_M4bNOxsYs, orig=88, new=69, final=152, dup=5]
Processing videos:   7%|▏  | 191/2700 [11:42<2:04:16,  2.97s/it, video=9_M4bNOxsYs, orig=88, new=223, final=296, dup=15]
Processing videos:   7%|▏  | 192/2700 [11:42<2:15:27,  3.24s/it, video=9_M4bNOxsYs, orig=88, new=223, final=296, dup=15]
                                                                                                                        
──────────────────────────────────────────────────────────────────────
📹 Video: fo-mVfOsC-E
──────────────────────────────────────────────────────────────────────
  📊 Scores: Max=0.4806 | Min=0.0858 | Range=[0.0858, 0.4806]
  🎯 Threshold: 0.3364 (70.0% of max)
  ✅ High-Score Frames: 11/59 (18.6%)
  📍 First 10 indices: [288, 312, 336, 600, 624, 648, 1080, 1104, 1128, 1152]
──────────────────────────────────────────────────────────────────────


Processing videos:   7%|▏  | 192/2700 [11:42<2:15:27,  3.24s/it, video=9_M4bNOxsYs, orig=88, new=223, final=296, dup=15]
Processing videos:   7%|▏  | 192/2700 [11:44<2:15:27,  3.24s/it, video=fo-mVfOsC-E, orig=59, new=163, final=199, dup=23]
Processing videos:   7%|▏  | 193/2700 [11:44<2:07:40,  3.06s/it, video=fo-mVfOsC-E, orig=59, new=163, final=199, dup=23]
                                                                                                                        
──────────────────────────────────────────────────────────────────────
📹 Video: fo-mVfOsC-E
──────────────────────────────────────────────────────────────────────
  📊 Scores: Max=0.3685 | Min=0.0002 | Range=[0.0002, 0.3685]
  🎯 Threshold: 0.2580 (70.0% of max)
  ✅ High-Score Frames: 4/59 (6.8%)
  📍 First 10 indices: [0, 96, 120, 144]
──────────────────────────────────────────────────────────────────────


Processing videos:   7%|▏  | 193/2700 [11:44<2:07:40,  3.06s/it, video=fo-mVfOsC-E, orig=59, new=163, final=199, dup=23]
Processing videos:   7%|▎    | 193/2700 [11:45<2:07:40,  3.06s/it, video=fo-mVfOsC-E, orig=59, new=65, final=115, dup=9]
Processing videos:   7%|▎    | 194/2700 [11:45<1:42:34,  2.46s/it, video=fo-mVfOsC-E, orig=59, new=65, final=115, dup=9]
                                                                                                                        
──────────────────────────────────────────────────────────────────────
📹 Video: fo-mVfOsC-E
──────────────────────────────────────────────────────────────────────
  📊 Scores: Max=0.8578 | Min=0.0132 | Range=[0.0132, 0.8578]
  🎯 Threshold: 0.6004 (70.0% of max)
  ✅ High-Score Frames: 5/59 (8.5%)
  📍 First 10 indices: [1080, 1104, 1128, 1152, 1176]
──────────────────────────────────────────────────────────────────────


Processing videos:   7%|▎    | 194/2700 [11:45<1:42:34,  2.46s/it, video=fo-mVfOsC-E, orig=59, new=65, final=115, dup=9]
Processing videos:   7%|▎    | 194/2700 [11:46<1:42:34,  2.46s/it, video=fo-mVfOsC-E, orig=59, new=65, final=115, dup=9]
Processing videos:   7%|▎    | 195/2700 [11:46<1:25:08,  2.04s/it, video=fo-mVfOsC-E, orig=59, new=65, final=115, dup=9]
                                                                                                                        
──────────────────────────────────────────────────────────────────────
📹 Video: x6jPuXwtxCM
──────────────────────────────────────────────────────────────────────
  📊 Scores: Max=0.9999 | Min=0.0003 | Range=[0.0003, 0.9999]
  🎯 Threshold: 0.7000 (70.0% of max)
  ✅ High-Score Frames: 36/100 (36.0%)
  📍 First 10 indices: [175, 200, 225, 250, 275, 300, 325, 350, 375, 400]
──────────────────────────────────────────────────────────────────────


Processing videos:   7%|▎    | 195/2700 [11:46<1:25:08,  2.04s/it, video=fo-mVfOsC-E, orig=59, new=65, final=115, dup=9]
Processing videos:   7%| | 195/2700 [12:01<1:25:08,  2.04s/it, video=x6jPuXwtxCM, orig=100, new=983, final=1036, dup=47]
Processing videos:   7%| | 196/2700 [12:01<4:04:05,  5.85s/it, video=x6jPuXwtxCM, orig=100, new=983, final=1036, dup=47]
                                                                                                                        
──────────────────────────────────────────────────────────────────────
📹 Video: x6jPuXwtxCM
──────────────────────────────────────────────────────────────────────
  📊 Scores: Max=0.3068 | Min=0.0454 | Range=[0.0454, 0.3068]
  🎯 Threshold: 0.2147 (70.0% of max)
  ✅ High-Score Frames: 13/100 (13.0%)
  📍 First 10 indices: [1200, 1225, 1250, 1275, 1300, 1325, 1350, 1375, 1400, 1425]
──────────────────────────────────────────────────────────────────────


Processing videos:   7%| | 196/2700 [12:01<4:04:05,  5.85s/it, video=x6jPuXwtxCM, orig=100, new=983, final=1036, dup=47]
Processing videos:   7%|▏ | 196/2700 [12:07<4:04:05,  5.85s/it, video=x6jPuXwtxCM, orig=100, new=379, final=460, dup=19]
Processing videos:   7%|▏ | 197/2700 [12:07<4:03:44,  5.84s/it, video=x6jPuXwtxCM, orig=100, new=379, final=460, dup=19]
                                                                                                                        
──────────────────────────────────────────────────────────────────────
📹 Video: x6jPuXwtxCM
──────────────────────────────────────────────────────────────────────
  📊 Scores: Max=0.9910 | Min=0.0005 | Range=[0.0005, 0.9910]
  🎯 Threshold: 0.6937 (70.0% of max)
  ✅ High-Score Frames: 8/100 (8.0%)
  📍 First 10 indices: [600, 625, 650, 675, 2225, 2250, 2275, 2300]
──────────────────────────────────────────────────────────────────────


Processing videos:   7%|▏ | 197/2700 [12:07<4:03:44,  5.84s/it, video=x6jPuXwtxCM, orig=100, new=379, final=460, dup=19]
Processing videos:   7%|▏ | 197/2700 [12:12<4:03:44,  5.84s/it, video=x6jPuXwtxCM, orig=100, new=254, final=340, dup=14]
Processing videos:   7%|▏ | 198/2700 [12:12<3:47:30,  5.46s/it, video=x6jPuXwtxCM, orig=100, new=254, final=340, dup=14]
                                                                                                                        
──────────────────────────────────────────────────────────────────────
📹 Video: yXNShWnon4g
──────────────────────────────────────────────────────────────────────
  📊 Scores: Max=0.9738 | Min=0.0117 | Range=[0.0117, 0.9738]
  🎯 Threshold: 0.6816 (70.0% of max)
  ✅ High-Score Frames: 4/96 (4.2%)
  📍 First 10 indices: [150, 175, 200, 225]
──────────────────────────────────────────────────────────────────────


Processing videos:   7%|▏ | 198/2700 [12:12<3:47:30,  5.46s/it, video=x6jPuXwtxCM, orig=100, new=254, final=340, dup=14]
Processing videos:   7%|▎   | 198/2700 [12:13<3:47:30,  5.46s/it, video=yXNShWnon4g, orig=96, new=127, final=216, dup=7]
Processing videos:   7%|▎   | 199/2700 [12:13<2:54:15,  4.18s/it, video=yXNShWnon4g, orig=96, new=127, final=216, dup=7]
                                                                                                                        
──────────────────────────────────────────────────────────────────────
📹 Video: yXNShWnon4g
──────────────────────────────────────────────────────────────────────
  📊 Scores: Max=0.9741 | Min=0.0024 | Range=[0.0024, 0.9741]
  🎯 Threshold: 0.6818 (70.0% of max)
  ✅ High-Score Frames: 21/96 (21.9%)
  📍 First 10 indices: [25, 50, 475, 525, 550, 600, 650, 675, 725, 750]
──────────────────────────────────────────────────────────────────────


Processing videos:   7%|▎   | 199/2700 [12:13<2:54:15,  4.18s/it, video=yXNShWnon4g, orig=96, new=127, final=216, dup=7]
Processing videos:   7%|▏  | 199/2700 [12:19<2:54:15,  4.18s/it, video=yXNShWnon4g, orig=96, new=615, final=672, dup=39]
                                                                                                                        
======================================================================

Processing videos:   7%|▏  | 199/2700 [12:19<2:54:15,  4.18s/it, video=yXNShWnon4g, orig=96, new=615, final=672, dup=39]
                                                                                                                        
💾 CHECKPOINT SAVED [200/2700]

Processing videos:   7%|▏  | 199/2700 [12:19<2:54:15,  4.18s/it, video=yXNShWnon4g, orig=96, new=615, final=672, dup=39]
                                                                                                                        
======================================================================

Processing videos:   7%|▏  | 199/2700 [12:19<2:54:15,  4.18s/it, video=yXNShWnon4g, orig=96, new=615, final=672, dup=39]
                                                                                                                        
  GPU Memory: 0.00GB allocated, 0.00GB reserved

Processing videos:   7%|▏  | 199/2700 [12:19<2:54:15,  4.18s/it, video=yXNShWnon4g, orig=96, new=615, final=672, dup=39]
                                                                                                                        
  Videos processed: 200

Processing videos:   7%|▏  | 199/2700 [12:19<2:54:15,  4.18s/it, video=yXNShWnon4g, orig=96, new=615, final=672, dup=39]
                                                                                                                        
  With dense sampling: 200

Processing videos:   7%|▏  | 199/2700 [12:19<2:54:15,  4.18s/it, video=yXNShWnon4g, orig=96, new=615, final=672, dup=39]
                                                                                                                        
  Total frames: 138,457

Processing videos:   7%|▏  | 199/2700 [12:19<2:54:15,  4.18s/it, video=yXNShWnon4g, orig=96, new=615, final=672, dup=39]
                                                                                                                        
  Elapsed time: 12.33 min

Processing videos:   7%|▏  | 199/2700 [12:19<2:54:15,  4.18s/it, video=yXNShWnon4g, orig=96, new=615, final=672, dup=39]
                                                                                                                        
  Speed: 0.10 videos/sec

Processing videos:   7%|▏  | 199/2700 [12:19<2:54:15,  4.18s/it, video=yXNShWnon4g, orig=96, new=615, final=672, dup=39]
                                                                                                                        
  ✅ Safe to restart if needed

Processing videos:   7%|▏  | 199/2700 [12:19<2:54:15,  4.18s/it, video=yXNShWnon4g, orig=96, new=615, final=672, dup=39]
                                                                                                                        
======================================================================


Processing videos:   7%|▏  | 199/2700 [12:19<2:54:15,  4.18s/it, video=yXNShWnon4g, orig=96, new=615, final=672, dup=39]
Processing videos:   7%|▏  | 200/2700 [12:19<3:21:34,  4.84s/it, video=yXNShWnon4g, orig=96, new=615, final=672, dup=39]
                                                                                                                        
──────────────────────────────────────────────────────────────────────
📹 Video: yXNShWnon4g
──────────────────────────────────────────────────────────────────────
  📊 Scores: Max=0.9246 | Min=0.0093 | Range=[0.0093, 0.9246]
  🎯 Threshold: 0.6472 (70.0% of max)
  ✅ High-Score Frames: 1/96 (1.0%)
  📍 First 10 indices: [2025]
──────────────────────────────────────────────────────────────────────


Processing videos:   7%|▏  | 200/2700 [12:19<3:21:34,  4.84s/it, video=yXNShWnon4g, orig=96, new=615, final=672, dup=39]
Processing videos:   7%|▎    | 200/2700 [12:19<3:21:34,  4.84s/it, video=yXNShWnon4g, orig=96, new=35, final=128, dup=3]
Processing videos:   7%|▎    | 201/2700 [12:19<2:25:36,  3.50s/it, video=yXNShWnon4g, orig=96, new=35, final=128, dup=3]
                                                                                                                        
──────────────────────────────────────────────────────────────────────
📹 Video: UZvydHZKyww
──────────────────────────────────────────────────────────────────────
  📊 Scores: Max=0.2410 | Min=0.0773 | Range=[0.0773, 0.2410]
  🎯 Threshold: 0.1687 (70.0% of max)
  ✅ High-Score Frames: 29/94 (30.9%)
  📍 First 10 indices: [0, 58, 261, 290, 319, 464, 522, 1305, 1334, 1392]
──────────────────────────────────────────────────────────────────────


Processing videos:   7%|▎    | 201/2700 [12:19<2:25:36,  3.50s/it, video=yXNShWnon4g, orig=96, new=35, final=128, dup=3]
Processing videos:   7%| | 201/2700 [12:29<2:25:36,  3.50s/it, video=UZvydHZKyww, orig=94, new=1007, final=1048, dup=53]
Processing videos:   7%| | 202/2700 [12:29<3:45:24,  5.41s/it, video=UZvydHZKyww, orig=94, new=1007, final=1048, dup=53]
                                                                                                                        
──────────────────────────────────────────────────────────────────────
📹 Video: UZvydHZKyww
──────────────────────────────────────────────────────────────────────
  📊 Scores: Max=0.9977 | Min=0.0033 | Range=[0.0033, 0.9977]
  🎯 Threshold: 0.6984 (70.0% of max)
  ✅ High-Score Frames: 29/94 (30.9%)
  📍 First 10 indices: [464, 493, 522, 551, 580, 609, 638, 667, 696, 725]
──────────────────────────────────────────────────────────────────────


Processing videos:   7%| | 202/2700 [12:29<3:45:24,  5.41s/it, video=UZvydHZKyww, orig=94, new=1007, final=1048, dup=53]
Processing videos:   7%|▏  | 202/2700 [12:38<3:45:24,  5.41s/it, video=UZvydHZKyww, orig=94, new=874, final=936, dup=32]
Processing videos:   8%|▏  | 203/2700 [12:38<4:22:54,  6.32s/it, video=UZvydHZKyww, orig=94, new=874, final=936, dup=32]
                                                                                                                        
──────────────────────────────────────────────────────────────────────
📹 Video: UZvydHZKyww
──────────────────────────────────────────────────────────────────────
  📊 Scores: Max=0.3600 | Min=0.0678 | Range=[0.0678, 0.3600]
  🎯 Threshold: 0.2520 (70.0% of max)
  ✅ High-Score Frames: 7/94 (7.4%)
  📍 First 10 indices: [1305, 1334, 1537, 1566, 1682, 1769, 1827]
──────────────────────────────────────────────────────────────────────


Processing videos:   8%|▏  | 203/2700 [12:38<4:22:54,  6.32s/it, video=UZvydHZKyww, orig=94, new=874, final=936, dup=32]
Processing videos:   8%|▏  | 203/2700 [12:41<4:22:54,  6.32s/it, video=UZvydHZKyww, orig=94, new=273, final=350, dup=17]
Processing videos:   8%|▏  | 204/2700 [12:41<3:40:04,  5.29s/it, video=UZvydHZKyww, orig=94, new=273, final=350, dup=17]
                                                                                                                        
──────────────────────────────────────────────────────────────────────
📹 Video: -O6mJ0VBTc4
──────────────────────────────────────────────────────────────────────
  📊 Scores: Max=0.3358 | Min=0.0295 | Range=[0.0295, 0.3358]
  🎯 Threshold: 0.2350 (70.0% of max)
  ✅ High-Score Frames: 7/73 (9.6%)
  📍 First 10 indices: [300, 330, 360, 390, 630, 810, 1590]
──────────────────────────────────────────────────────────────────────


Processing videos:   8%|▏  | 204/2700 [12:41<3:40:04,  5.29s/it, video=UZvydHZKyww, orig=94, new=273, final=350, dup=17]
Processing videos:   8%|▏  | 204/2700 [12:44<3:40:04,  5.29s/it, video=-O6mJ0VBTc4, orig=73, new=194, final=244, dup=23]
Processing videos:   8%|▏  | 205/2700 [12:44<3:13:07,  4.64s/it, video=-O6mJ0VBTc4, orig=73, new=194, final=244, dup=23]
                                                                                                                        
──────────────────────────────────────────────────────────────────────
📹 Video: -O6mJ0VBTc4
──────────────────────────────────────────────────────────────────────
  📊 Scores: Max=0.7775 | Min=0.1007 | Range=[0.1007, 0.7775]
  🎯 Threshold: 0.5442 (70.0% of max)
  ✅ High-Score Frames: 13/73 (17.8%)
  📍 First 10 indices: [60, 90, 120, 150, 180, 240, 270, 300, 330, 360]
──────────────────────────────────────────────────────────────────────


Processing videos:   8%|▏  | 205/2700 [12:44<3:13:07,  4.64s/it, video=-O6mJ0VBTc4, orig=73, new=194, final=244, dup=23]
Processing videos:   8%|▏  | 205/2700 [12:48<3:13:07,  4.64s/it, video=-O6mJ0VBTc4, orig=73, new=233, final=280, dup=26]
Processing videos:   8%|▏  | 206/2700 [12:48<3:01:56,  4.38s/it, video=-O6mJ0VBTc4, orig=73, new=233, final=280, dup=26]
                                                                                                                        
──────────────────────────────────────────────────────────────────────
📹 Video: -O6mJ0VBTc4
──────────────────────────────────────────────────────────────────────
  📊 Scores: Max=0.4556 | Min=0.0743 | Range=[0.0743, 0.4556]
  🎯 Threshold: 0.3189 (70.0% of max)
  ✅ High-Score Frames: 9/73 (12.3%)
  📍 First 10 indices: [120, 240, 270, 300, 330, 360, 390, 420, 630]
──────────────────────────────────────────────────────────────────────


Processing videos:   8%|▏  | 206/2700 [12:48<3:01:56,  4.38s/it, video=-O6mJ0VBTc4, orig=73, new=233, final=280, dup=26]
Processing videos:   8%|▏  | 206/2700 [12:51<3:01:56,  4.38s/it, video=-O6mJ0VBTc4, orig=73, new=182, final=235, dup=20]
Processing videos:   8%|▏  | 207/2700 [12:51<2:49:25,  4.08s/it, video=-O6mJ0VBTc4, orig=73, new=182, final=235, dup=20]
                                                                                                                        
──────────────────────────────────────────────────────────────────────
📹 Video: CezlmUwMXNo
──────────────────────────────────────────────────────────────────────
  📊 Scores: Max=0.7724 | Min=0.0611 | Range=[0.0611, 0.7724]
  🎯 Threshold: 0.5407 (70.0% of max)
  ✅ High-Score Frames: 13/85 (15.3%)
  📍 First 10 indices: [30, 60, 660, 690, 720, 750, 780, 810, 870, 2250]
──────────────────────────────────────────────────────────────────────


Processing videos:   8%|▏  | 207/2700 [12:51<2:49:25,  4.08s/it, video=-O6mJ0VBTc4, orig=73, new=182, final=235, dup=20]
Processing videos:   8%|▏  | 207/2700 [12:55<2:49:25,  4.08s/it, video=CezlmUwMXNo, orig=85, new=223, final=283, dup=25]
Processing videos:   8%|▏  | 208/2700 [12:55<2:42:53,  3.92s/it, video=CezlmUwMXNo, orig=85, new=223, final=283, dup=25]
                                                                                                                        
──────────────────────────────────────────────────────────────────────
📹 Video: CezlmUwMXNo
──────────────────────────────────────────────────────────────────────
  📊 Scores: Max=0.6701 | Min=0.0048 | Range=[0.0048, 0.6701]
  🎯 Threshold: 0.4691 (70.0% of max)
  ✅ High-Score Frames: 5/85 (5.9%)
  📍 First 10 indices: [30, 2250, 2280, 2310, 2340]
──────────────────────────────────────────────────────────────────────


Processing videos:   8%|▏  | 208/2700 [12:55<2:42:53,  3.92s/it, video=CezlmUwMXNo, orig=85, new=223, final=283, dup=25]
Processing videos:   8%|▏  | 208/2700 [12:57<2:42:53,  3.92s/it, video=CezlmUwMXNo, orig=85, new=102, final=175, dup=12]
Processing videos:   8%|▏  | 209/2700 [12:57<2:19:22,  3.36s/it, video=CezlmUwMXNo, orig=85, new=102, final=175, dup=12]
                                                                                                                        
──────────────────────────────────────────────────────────────────────
📹 Video: CezlmUwMXNo
──────────────────────────────────────────────────────────────────────
  📊 Scores: Max=0.9598 | Min=0.0090 | Range=[0.0090, 0.9598]
  🎯 Threshold: 0.6719 (70.0% of max)
  ✅ High-Score Frames: 36/85 (42.4%)
  📍 First 10 indices: [90, 120, 150, 180, 210, 240, 270, 300, 330, 360]
──────────────────────────────────────────────────────────────────────


Processing videos:   8%|▏  | 209/2700 [12:57<2:19:22,  3.36s/it, video=CezlmUwMXNo, orig=85, new=102, final=175, dup=12]
Processing videos:   8%|▏  | 209/2700 [13:04<2:19:22,  3.36s/it, video=CezlmUwMXNo, orig=85, new=422, final=463, dup=44]
Processing videos:   8%|▏  | 210/2700 [13:04<3:08:01,  4.53s/it, video=CezlmUwMXNo, orig=85, new=422, final=463, dup=44]
                                                                                                                        
──────────────────────────────────────────────────────────────────────
📹 Video: IzQ2siryQrM
──────────────────────────────────────────────────────────────────────
  📊 Scores: Max=0.9977 | Min=0.0027 | Range=[0.0027, 0.9977]
  🎯 Threshold: 0.6984 (70.0% of max)
  ✅ High-Score Frames: 50/117 (42.7%)
  📍 First 10 indices: [23, 46, 69, 92, 115, 138, 161, 184, 207, 230]
──────────────────────────────────────────────────────────────────────


Processing videos:   8%|▏  | 210/2700 [13:04<3:08:01,  4.53s/it, video=CezlmUwMXNo, orig=85, new=422, final=463, dup=44]
Processing videos:   8%| | 210/2700 [13:27<3:08:01,  4.53s/it, video=IzQ2siryQrM, orig=117, new=1565, final=1611, dup=71
Processing videos:   8%| | 211/2700 [13:27<6:55:03, 10.01s/it, video=IzQ2siryQrM, orig=117, new=1565, final=1611, dup=71
                                                                                                                        
──────────────────────────────────────────────────────────────────────
📹 Video: IzQ2siryQrM
──────────────────────────────────────────────────────────────────────
  📊 Scores: Max=0.9980 | Min=0.0055 | Range=[0.0055, 0.9980]
  🎯 Threshold: 0.6986 (70.0% of max)
  ✅ High-Score Frames: 54/117 (46.2%)
  📍 First 10 indices: [23, 46, 69, 92, 115, 138, 161, 184, 207, 230]
──────────────────────────────────────────────────────────────────────


Processing videos:   8%| | 211/2700 [13:27<6:55:03, 10.01s/it, video=IzQ2siryQrM, orig=117, new=1565, final=1611, dup=71
Processing videos:   8%| | 211/2700 [13:50<6:55:03, 10.01s/it, video=IzQ2siryQrM, orig=117, new=1609, final=1653, dup=73
Processing videos:   8%| | 212/2700 [13:50<9:41:40, 14.03s/it, video=IzQ2siryQrM, orig=117, new=1609, final=1653, dup=73
                                                                                                                        
──────────────────────────────────────────────────────────────────────
📹 Video: IzQ2siryQrM
──────────────────────────────────────────────────────────────────────
  📊 Scores: Max=0.9481 | Min=0.0009 | Range=[0.0009, 0.9481]
  🎯 Threshold: 0.6636 (70.0% of max)
  ✅ High-Score Frames: 6/117 (5.1%)
  📍 First 10 indices: [1127, 1173, 1196, 1219, 1242, 1978]
──────────────────────────────────────────────────────────────────────


Processing videos:   8%| | 212/2700 [13:50<9:41:40, 14.03s/it, video=IzQ2siryQrM, orig=117, new=1609, final=1653, dup=73
Processing videos:   8%|▏ | 212/2700 [13:53<9:41:40, 14.03s/it, video=IzQ2siryQrM, orig=117, new=215, final=321, dup=11]
Processing videos:   8%|▏ | 213/2700 [13:53<7:28:12, 10.81s/it, video=IzQ2siryQrM, orig=117, new=215, final=321, dup=11]
                                                                                                                        
──────────────────────────────────────────────────────────────────────
📹 Video: VsuShNWghXk
──────────────────────────────────────────────────────────────────────
  📊 Scores: Max=0.5857 | Min=0.0179 | Range=[0.0179, 0.5857]
  🎯 Threshold: 0.4100 (70.0% of max)
  ✅ High-Score Frames: 4/105 (3.8%)
  📍 First 10 indices: [288, 312, 336, 360]
──────────────────────────────────────────────────────────────────────


Processing videos:   8%|▏ | 213/2700 [13:53<7:28:12, 10.81s/it, video=IzQ2siryQrM, orig=117, new=215, final=321, dup=11]
Processing videos:   8%|▎   | 213/2700 [13:54<7:28:12, 10.81s/it, video=VsuShNWghXk, orig=105, new=57, final=154, dup=8]
Processing videos:   8%|▎   | 214/2700 [13:54<5:25:01,  7.84s/it, video=VsuShNWghXk, orig=105, new=57, final=154, dup=8]
                                                                                                                        
──────────────────────────────────────────────────────────────────────
📹 Video: VsuShNWghXk
──────────────────────────────────────────────────────────────────────
  📊 Scores: Max=0.9738 | Min=0.0309 | Range=[0.0309, 0.9738]
  🎯 Threshold: 0.6817 (70.0% of max)
  ✅ High-Score Frames: 87/105 (82.9%)
  📍 First 10 indices: [48, 72, 96, 120, 144, 408, 456, 480, 504, 528]
──────────────────────────────────────────────────────────────────────


Processing videos:   8%|▎   | 214/2700 [13:54<5:25:01,  7.84s/it, video=VsuShNWghXk, orig=105, new=57, final=154, dup=8]
Processing videos:   8%|▏ | 214/2700 [14:02<5:25:01,  7.84s/it, video=VsuShNWghXk, orig=105, new=791, final=797, dup=99]
Processing videos:   8%|▏ | 215/2700 [14:02<5:23:46,  7.82s/it, video=VsuShNWghXk, orig=105, new=791, final=797, dup=99]
                                                                                                                        
──────────────────────────────────────────────────────────────────────
📹 Video: VsuShNWghXk
──────────────────────────────────────────────────────────────────────
  📊 Scores: Max=0.8209 | Min=0.0401 | Range=[0.0401, 0.8209]
  🎯 Threshold: 0.5746 (70.0% of max)
  ✅ High-Score Frames: 7/105 (6.7%)
  📍 First 10 indices: [480, 504, 528, 672, 696, 720, 744]
──────────────────────────────────────────────────────────────────────


Processing videos:   8%|▏ | 215/2700 [14:02<5:23:46,  7.82s/it, video=VsuShNWghXk, orig=105, new=791, final=797, dup=99]
Processing videos:   8%|▏ | 215/2700 [14:03<5:23:46,  7.82s/it, video=VsuShNWghXk, orig=105, new=106, final=196, dup=15]
Processing videos:   8%|▏ | 216/2700 [14:03<3:59:32,  5.79s/it, video=VsuShNWghXk, orig=105, new=106, final=196, dup=15]
                                                                                                                        
──────────────────────────────────────────────────────────────────────
📹 Video: 7iXM5aq53Ts
──────────────────────────────────────────────────────────────────────
  📊 Scores: Max=0.9846 | Min=0.0013 | Range=[0.0013, 0.9846]
  🎯 Threshold: 0.6892 (70.0% of max)
  ✅ High-Score Frames: 21/101 (20.8%)
  📍 First 10 indices: [638, 667, 696, 725, 754, 783, 812, 986, 1015, 1073]
──────────────────────────────────────────────────────────────────────


Processing videos:   8%|▏ | 216/2700 [14:03<3:59:32,  5.79s/it, video=VsuShNWghXk, orig=105, new=106, final=196, dup=15]
Processing videos:   8%|▏ | 216/2700 [14:14<3:59:32,  5.79s/it, video=7iXM5aq53Ts, orig=101, new=689, final=759, dup=31]
Processing videos:   8%|▏ | 217/2700 [14:14<5:05:11,  7.37s/it, video=7iXM5aq53Ts, orig=101, new=689, final=759, dup=31]
                                                                                                                        
──────────────────────────────────────────────────────────────────────
📹 Video: 7iXM5aq53Ts
──────────────────────────────────────────────────────────────────────
  📊 Scores: Max=0.9999 | Min=0.0034 | Range=[0.0034, 0.9999]
  🎯 Threshold: 0.6999 (70.0% of max)
  ✅ High-Score Frames: 12/101 (11.9%)
  📍 First 10 indices: [1421, 1450, 1479, 1508, 1537, 1566, 1595, 1624, 1653, 1682]
──────────────────────────────────────────────────────────────────────


Processing videos:   8%|▏ | 217/2700 [14:14<5:05:11,  7.37s/it, video=7iXM5aq53Ts, orig=101, new=689, final=759, dup=31]
Processing videos:   8%|▏ | 217/2700 [14:21<5:05:11,  7.37s/it, video=7iXM5aq53Ts, orig=101, new=404, final=487, dup=18]
Processing videos:   8%|▏ | 218/2700 [14:21<4:55:34,  7.15s/it, video=7iXM5aq53Ts, orig=101, new=404, final=487, dup=18]
                                                                                                                        
──────────────────────────────────────────────────────────────────────
📹 Video: 7iXM5aq53Ts
──────────────────────────────────────────────────────────────────────
  📊 Scores: Max=0.8556 | Min=0.0024 | Range=[0.0024, 0.8556]
  🎯 Threshold: 0.5989 (70.0% of max)
  ✅ High-Score Frames: 7/101 (6.9%)
  📍 First 10 indices: [1015, 1189, 1595, 1624, 1682, 2204, 2407]
──────────────────────────────────────────────────────────────────────


Processing videos:   8%|▏ | 218/2700 [14:21<4:55:34,  7.15s/it, video=7iXM5aq53Ts, orig=101, new=404, final=487, dup=18]
Processing videos:   8%|▏ | 218/2700 [14:25<4:55:34,  7.15s/it, video=7iXM5aq53Ts, orig=101, new=274, final=357, dup=18]
Processing videos:   8%|▏ | 219/2700 [14:25<4:24:34,  6.40s/it, video=7iXM5aq53Ts, orig=101, new=274, final=357, dup=18]
                                                                                                                        
──────────────────────────────────────────────────────────────────────
📹 Video: HvjgQqNOq9A
──────────────────────────────────────────────────────────────────────
  📊 Scores: Max=0.8923 | Min=0.0375 | Range=[0.0375, 0.8923]
  🎯 Threshold: 0.6246 (70.0% of max)
  ✅ High-Score Frames: 42/99 (42.4%)
  📍 First 10 indices: [115, 138, 161, 184, 253, 920, 943, 966, 1012, 1035]
──────────────────────────────────────────────────────────────────────


Processing videos:   8%|▏ | 219/2700 [14:25<4:24:34,  6.40s/it, video=7iXM5aq53Ts, orig=101, new=274, final=357, dup=18]
Processing videos:   8%| | 219/2700 [14:45<4:24:34,  6.40s/it, video=HvjgQqNOq9A, orig=99, new=1335, final=1371, dup=63]
Processing videos:   8%| | 220/2700 [14:45<7:06:07, 10.31s/it, video=HvjgQqNOq9A, orig=99, new=1335, final=1371, dup=63]
                                                                                                                        
──────────────────────────────────────────────────────────────────────
📹 Video: HvjgQqNOq9A
──────────────────────────────────────────────────────────────────────
  📊 Scores: Max=0.9498 | Min=0.0389 | Range=[0.0389, 0.9498]
  🎯 Threshold: 0.6649 (70.0% of max)
  ✅ High-Score Frames: 45/99 (45.5%)
  📍 First 10 indices: [115, 138, 161, 184, 207, 230, 253, 276, 299, 391]
──────────────────────────────────────────────────────────────────────


Processing videos:   8%| | 220/2700 [14:45<7:06:07, 10.31s/it, video=HvjgQqNOq9A, orig=99, new=1335, final=1371, dup=63]
Processing videos:   8%| | 220/2700 [15:08<7:06:07, 10.31s/it, video=HvjgQqNOq9A, orig=99, new=1555, final=1583, dup=71]
Processing videos:   8%| | 221/2700 [15:08<9:39:56, 14.04s/it, video=HvjgQqNOq9A, orig=99, new=1555, final=1583, dup=71]
                                                                                                                        
──────────────────────────────────────────────────────────────────────
📹 Video: HvjgQqNOq9A
──────────────────────────────────────────────────────────────────────
  📊 Scores: Max=0.5937 | Min=0.1031 | Range=[0.1031, 0.5937]
  🎯 Threshold: 0.4156 (70.0% of max)
  ✅ High-Score Frames: 6/99 (6.1%)
  📍 First 10 indices: [115, 138, 161, 184, 207, 2208]
──────────────────────────────────────────────────────────────────────


Processing videos:   8%| | 221/2700 [15:08<9:39:56, 14.04s/it, video=HvjgQqNOq9A, orig=99, new=1555, final=1583, dup=71]
Processing videos:   8%|▏  | 221/2700 [15:11<9:39:56, 14.04s/it, video=HvjgQqNOq9A, orig=99, new=214, final=303, dup=10]
Processing videos:   8%|▏  | 222/2700 [15:11<7:30:35, 10.91s/it, video=HvjgQqNOq9A, orig=99, new=214, final=303, dup=10]
                                                                                                                        
──────────────────────────────────────────────────────────────────────
📹 Video: uz6rjbw0ZA0
──────────────────────────────────────────────────────────────────────
  📊 Scores: Max=0.9970 | Min=0.0033 | Range=[0.0033, 0.9970]
  🎯 Threshold: 0.6979 (70.0% of max)
  ✅ High-Score Frames: 20/64 (31.2%)
  📍 First 10 indices: [400, 425, 450, 475, 500, 525, 550, 575, 600, 625]
──────────────────────────────────────────────────────────────────────


Processing videos:   8%|▏  | 222/2700 [15:11<7:30:35, 10.91s/it, video=HvjgQqNOq9A, orig=99, new=214, final=303, dup=10]
Processing videos:   8%|▏  | 222/2700 [15:20<7:30:35, 10.91s/it, video=uz6rjbw0ZA0, orig=64, new=546, final=584, dup=26]
Processing videos:   8%|▏  | 223/2700 [15:20<7:00:21, 10.18s/it, video=uz6rjbw0ZA0, orig=64, new=546, final=584, dup=26]
                                                                                                                        
──────────────────────────────────────────────────────────────────────
📹 Video: uz6rjbw0ZA0
──────────────────────────────────────────────────────────────────────
  📊 Scores: Max=0.9919 | Min=0.0023 | Range=[0.0023, 0.9919]
  🎯 Threshold: 0.6943 (70.0% of max)
  ✅ High-Score Frames: 11/64 (17.2%)
  📍 First 10 indices: [500, 525, 550, 575, 600, 625, 650, 675, 700, 725]
──────────────────────────────────────────────────────────────────────


Processing videos:   8%|▏  | 223/2700 [15:20<7:00:21, 10.18s/it, video=uz6rjbw0ZA0, orig=64, new=546, final=584, dup=26]
Processing videos:   8%|▏  | 223/2700 [15:25<7:00:21, 10.18s/it, video=uz6rjbw0ZA0, orig=64, new=302, final=352, dup=14]
Processing videos:   8%|▏  | 224/2700 [15:25<5:55:14,  8.61s/it, video=uz6rjbw0ZA0, orig=64, new=302, final=352, dup=14]
                                                                                                                        
──────────────────────────────────────────────────────────────────────
📹 Video: uz6rjbw0ZA0
──────────────────────────────────────────────────────────────────────
  📊 Scores: Max=0.5513 | Min=0.0401 | Range=[0.0401, 0.5513]
  🎯 Threshold: 0.3859 (70.0% of max)
  ✅ High-Score Frames: 22/64 (34.4%)
  📍 First 10 indices: [75, 100, 125, 150, 175, 200, 225, 425, 1125, 1175]
──────────────────────────────────────────────────────────────────────


Processing videos:   8%|▏  | 224/2700 [15:25<5:55:14,  8.61s/it, video=uz6rjbw0ZA0, orig=64, new=302, final=352, dup=14]
Processing videos:   8%|▏  | 224/2700 [15:35<5:55:14,  8.61s/it, video=uz6rjbw0ZA0, orig=64, new=641, final=672, dup=33]
                                                                                                                        
======================================================================

Processing videos:   8%|▏  | 224/2700 [15:35<5:55:14,  8.61s/it, video=uz6rjbw0ZA0, orig=64, new=641, final=672, dup=33]
                                                                                                                        
💾 CHECKPOINT SAVED [225/2700]

Processing videos:   8%|▏  | 224/2700 [15:35<5:55:14,  8.61s/it, video=uz6rjbw0ZA0, orig=64, new=641, final=672, dup=33]
                                                                                                                        
======================================================================

Processing videos:   8%|▏  | 224/2700 [15:35<5:55:14,  8.61s/it, video=uz6rjbw0ZA0, orig=64, new=641, final=672, dup=33]
                                                                                                                        
  GPU Memory: 0.00GB allocated, 0.00GB reserved

Processing videos:   8%|▏  | 224/2700 [15:35<5:55:14,  8.61s/it, video=uz6rjbw0ZA0, orig=64, new=641, final=672, dup=33]
                                                                                                                        
  Videos processed: 225

Processing videos:   8%|▏  | 224/2700 [15:35<5:55:14,  8.61s/it, video=uz6rjbw0ZA0, orig=64, new=641, final=672, dup=33]
                                                                                                                        
  With dense sampling: 225

Processing videos:   8%|▏  | 224/2700 [15:35<5:55:14,  8.61s/it, video=uz6rjbw0ZA0, orig=64, new=641, final=672, dup=33]
                                                                                                                        
  Total frames: 153,799

Processing videos:   8%|▏  | 224/2700 [15:35<5:55:14,  8.61s/it, video=uz6rjbw0ZA0, orig=64, new=641, final=672, dup=33]
                                                                                                                        
  Elapsed time: 15.59 min

Processing videos:   8%|▏  | 224/2700 [15:35<5:55:14,  8.61s/it, video=uz6rjbw0ZA0, orig=64, new=641, final=672, dup=33]
                                                                                                                        
  Speed: 0.11 videos/sec

Processing videos:   8%|▏  | 224/2700 [15:35<5:55:14,  8.61s/it, video=uz6rjbw0ZA0, orig=64, new=641, final=672, dup=33]
                                                                                                                        
  ✅ Safe to restart if needed

Processing videos:   8%|▏  | 224/2700 [15:35<5:55:14,  8.61s/it, video=uz6rjbw0ZA0, orig=64, new=641, final=672, dup=33]
                                                                                                                        
======================================================================


Processing videos:   8%|▏  | 224/2700 [15:35<5:55:14,  8.61s/it, video=uz6rjbw0ZA0, orig=64, new=641, final=672, dup=33]
Processing videos:   8%|▎  | 225/2700 [15:35<6:16:04,  9.12s/it, video=uz6rjbw0ZA0, orig=64, new=641, final=672, dup=33]
                                                                                                                        
──────────────────────────────────────────────────────────────────────
📹 Video: KOwR0Ln46Ks
──────────────────────────────────────────────────────────────────────
  📊 Scores: Max=0.9959 | Min=0.0008 | Range=[0.0008, 0.9959]
  🎯 Threshold: 0.6972 (70.0% of max)
  ✅ High-Score Frames: 7/79 (8.9%)
  📍 First 10 indices: [299, 322, 345, 460, 552, 575, 598]
──────────────────────────────────────────────────────────────────────


Processing videos:   8%|▎  | 225/2700 [15:35<6:16:04,  9.12s/it, video=uz6rjbw0ZA0, orig=64, new=641, final=672, dup=33]
Processing videos:   8%|▎  | 225/2700 [15:39<6:16:04,  9.12s/it, video=KOwR0Ln46Ks, orig=79, new=285, final=351, dup=13]
Processing videos:   8%|▎  | 226/2700 [15:39<5:18:24,  7.72s/it, video=KOwR0Ln46Ks, orig=79, new=285, final=351, dup=13]
                                                                                                                        
──────────────────────────────────────────────────────────────────────
📹 Video: KOwR0Ln46Ks
──────────────────────────────────────────────────────────────────────
  📊 Scores: Max=0.5556 | Min=0.0000 | Range=[0.0000, 0.5556]
  🎯 Threshold: 0.3889 (70.0% of max)
  ✅ High-Score Frames: 3/79 (3.8%)
  📍 First 10 indices: [667, 713, 736]
──────────────────────────────────────────────────────────────────────


Processing videos:   8%|▎  | 226/2700 [15:39<5:18:24,  7.72s/it, video=KOwR0Ln46Ks, orig=79, new=285, final=351, dup=13]
Processing videos:   8%|▎   | 226/2700 [15:41<5:18:24,  7.72s/it, video=KOwR0Ln46Ks, orig=79, new=120, final=193, dup=6]
Processing videos:   8%|▎   | 227/2700 [15:41<4:05:47,  5.96s/it, video=KOwR0Ln46Ks, orig=79, new=120, final=193, dup=6]
                                                                                                                        
──────────────────────────────────────────────────────────────────────
📹 Video: KOwR0Ln46Ks
──────────────────────────────────────────────────────────────────────
  📊 Scores: Max=0.6861 | Min=0.2483 | Range=[0.2483, 0.6861]
  🎯 Threshold: 0.4803 (70.0% of max)
  ✅ High-Score Frames: 41/79 (51.9%)
  📍 First 10 indices: [23, 46, 69, 92, 115, 138, 161, 184, 345, 368]
──────────────────────────────────────────────────────────────────────


Processing videos:   8%|▎   | 227/2700 [15:41<4:05:47,  5.96s/it, video=KOwR0Ln46Ks, orig=79, new=120, final=193, dup=6]
Processing videos:   8%| | 227/2700 [16:00<4:05:47,  5.96s/it, video=KOwR0Ln46Ks, orig=79, new=1281, final=1303, dup=57]
Processing videos:   8%| | 228/2700 [16:00<6:41:06,  9.74s/it, video=KOwR0Ln46Ks, orig=79, new=1281, final=1303, dup=57]
                                                                                                                        
──────────────────────────────────────────────────────────────────────
📹 Video: 540LkURTR7g
──────────────────────────────────────────────────────────────────────
  📊 Scores: Max=0.9954 | Min=0.0003 | Range=[0.0003, 0.9954]
  🎯 Threshold: 0.6968 (70.0% of max)
  ✅ High-Score Frames: 12/82 (14.6%)
  📍 First 10 indices: [174, 203, 754, 783, 812, 841, 870, 899, 928, 957]
──────────────────────────────────────────────────────────────────────


Processing videos:   8%| | 228/2700 [16:00<6:41:06,  9.74s/it, video=KOwR0Ln46Ks, orig=79, new=1281, final=1303, dup=57]
Processing videos:   8%|▎  | 228/2700 [16:06<6:41:06,  9.74s/it, video=540LkURTR7g, orig=82, new=405, final=468, dup=19]
Processing videos:   8%|▎  | 229/2700 [16:06<5:57:43,  8.69s/it, video=540LkURTR7g, orig=82, new=405, final=468, dup=19]
                                                                                                                        
──────────────────────────────────────────────────────────────────────
📹 Video: 540LkURTR7g
──────────────────────────────────────────────────────────────────────
  📊 Scores: Max=0.8748 | Min=0.0007 | Range=[0.0007, 0.8748]
  🎯 Threshold: 0.6124 (70.0% of max)
  ✅ High-Score Frames: 7/82 (8.5%)
  📍 First 10 indices: [754, 783, 812, 841, 870, 899, 928]
──────────────────────────────────────────────────────────────────────


Processing videos:   8%|▎  | 229/2700 [16:06<5:57:43,  8.69s/it, video=540LkURTR7g, orig=82, new=405, final=468, dup=19]
Processing videos:   8%|▎  | 229/2700 [16:10<5:57:43,  8.69s/it, video=540LkURTR7g, orig=82, new=236, final=308, dup=10]
Processing videos:   9%|▎  | 230/2700 [16:10<5:02:14,  7.34s/it, video=540LkURTR7g, orig=82, new=236, final=308, dup=10]
                                                                                                                        
──────────────────────────────────────────────────────────────────────
📹 Video: 540LkURTR7g
──────────────────────────────────────────────────────────────────────
  📊 Scores: Max=0.9344 | Min=0.0001 | Range=[0.0001, 0.9344]
  🎯 Threshold: 0.6541 (70.0% of max)
  ✅ High-Score Frames: 13/82 (15.9%)
  📍 First 10 indices: [1856, 1885, 1914, 1972, 2001, 2030, 2059, 2088, 2117, 2146]
──────────────────────────────────────────────────────────────────────


Processing videos:   9%|▎  | 230/2700 [16:10<5:02:14,  7.34s/it, video=540LkURTR7g, orig=82, new=236, final=308, dup=10]
Processing videos:   9%|▎  | 230/2700 [16:17<5:02:14,  7.34s/it, video=540LkURTR7g, orig=82, new=421, final=486, dup=17]
Processing videos:   9%|▎  | 231/2700 [16:17<4:56:16,  7.20s/it, video=540LkURTR7g, orig=82, new=421, final=486, dup=17]
                                                                                                                        
──────────────────────────────────────────────────────────────────────
📹 Video: SnOc5W0PgVE
──────────────────────────────────────────────────────────────────────
  📊 Scores: Max=0.8785 | Min=0.0041 | Range=[0.0041, 0.8785]
  🎯 Threshold: 0.6149 (70.0% of max)
  ✅ High-Score Frames: 3/64 (4.7%)
  📍 First 10 indices: [1275, 1300, 1325]
──────────────────────────────────────────────────────────────────────


Processing videos:   9%|▎  | 231/2700 [16:17<4:56:16,  7.20s/it, video=540LkURTR7g, orig=82, new=421, final=486, dup=17]
Processing videos:   9%|▎   | 231/2700 [16:19<4:56:16,  7.20s/it, video=SnOc5W0PgVE, orig=64, new=102, final=160, dup=6]
Processing videos:   9%|▎   | 232/2700 [16:19<3:46:49,  5.51s/it, video=SnOc5W0PgVE, orig=64, new=102, final=160, dup=6]
                                                                                                                        
──────────────────────────────────────────────────────────────────────
📹 Video: SnOc5W0PgVE
──────────────────────────────────────────────────────────────────────
  📊 Scores: Max=0.4043 | Min=0.0346 | Range=[0.0346, 0.4043]
  🎯 Threshold: 0.2830 (70.0% of max)
  ✅ High-Score Frames: 3/64 (4.7%)
  📍 First 10 indices: [950, 1275, 1300]
──────────────────────────────────────────────────────────────────────


Processing videos:   9%|▎   | 232/2700 [16:19<3:46:49,  5.51s/it, video=SnOc5W0PgVE, orig=64, new=102, final=160, dup=6]
Processing videos:   9%|▎   | 232/2700 [16:21<3:46:49,  5.51s/it, video=SnOc5W0PgVE, orig=64, new=104, final=160, dup=8]
Processing videos:   9%|▎   | 233/2700 [16:21<3:03:13,  4.46s/it, video=SnOc5W0PgVE, orig=64, new=104, final=160, dup=8]
                                                                                                                        
──────────────────────────────────────────────────────────────────────
📹 Video: SnOc5W0PgVE
──────────────────────────────────────────────────────────────────────
  📊 Scores: Max=0.2400 | Min=0.0514 | Range=[0.0514, 0.2400]
  🎯 Threshold: 0.1680 (70.0% of max)
  ✅ High-Score Frames: 15/64 (23.4%)
  📍 First 10 indices: [25, 50, 75, 100, 325, 350, 375, 550, 950, 1025]
──────────────────────────────────────────────────────────────────────


Processing videos:   9%|▎   | 233/2700 [16:21<3:03:13,  4.46s/it, video=SnOc5W0PgVE, orig=64, new=104, final=160, dup=8]
Processing videos:   9%|▎  | 233/2700 [16:28<3:03:13,  4.46s/it, video=SnOc5W0PgVE, orig=64, new=471, final=504, dup=31]
Processing videos:   9%|▎  | 234/2700 [16:28<3:37:22,  5.29s/it, video=SnOc5W0PgVE, orig=64, new=471, final=504, dup=31]
                                                                                                                        
──────────────────────────────────────────────────────────────────────
📹 Video: WViSvPFUVd8
──────────────────────────────────────────────────────────────────────
  📊 Scores: Max=0.8747 | Min=0.0020 | Range=[0.0020, 0.8747]
  🎯 Threshold: 0.6123 (70.0% of max)
  ✅ High-Score Frames: 2/62 (3.2%)
  📍 First 10 indices: [232, 261]
──────────────────────────────────────────────────────────────────────


Processing videos:   9%|▎  | 234/2700 [16:28<3:37:22,  5.29s/it, video=SnOc5W0PgVE, orig=64, new=471, final=504, dup=31]
Processing videos:   9%|▍    | 234/2700 [16:30<3:37:22,  5.29s/it, video=WViSvPFUVd8, orig=62, new=81, final=138, dup=5]
Processing videos:   9%|▍    | 235/2700 [16:30<2:53:47,  4.23s/it, video=WViSvPFUVd8, orig=62, new=81, final=138, dup=5]
                                                                                                                        
──────────────────────────────────────────────────────────────────────
📹 Video: WViSvPFUVd8
──────────────────────────────────────────────────────────────────────
  📊 Scores: Max=0.9767 | Min=0.0003 | Range=[0.0003, 0.9767]
  🎯 Threshold: 0.6837 (70.0% of max)
  ✅ High-Score Frames: 5/62 (8.1%)
  📍 First 10 indices: [928, 1102, 1131, 1160, 1189]
──────────────────────────────────────────────────────────────────────


Processing videos:   9%|▍    | 235/2700 [16:30<2:53:47,  4.23s/it, video=WViSvPFUVd8, orig=62, new=81, final=138, dup=5]
Processing videos:   9%|▎  | 235/2700 [16:33<2:53:47,  4.23s/it, video=WViSvPFUVd8, orig=62, new=190, final=242, dup=10]
Processing videos:   9%|▎  | 236/2700 [16:33<2:42:51,  3.97s/it, video=WViSvPFUVd8, orig=62, new=190, final=242, dup=10]
                                                                                                                        
──────────────────────────────────────────────────────────────────────
📹 Video: WViSvPFUVd8
──────────────────────────────────────────────────────────────────────
  📊 Scores: Max=0.9988 | Min=0.0016 | Range=[0.0016, 0.9988]
  🎯 Threshold: 0.6992 (70.0% of max)
  ✅ High-Score Frames: 17/62 (27.4%)
  📍 First 10 indices: [261, 580, 609, 957, 986, 1044, 1073, 1305, 1334, 1363]
──────────────────────────────────────────────────────────────────────


Processing videos:   9%|▎  | 236/2700 [16:33<2:42:51,  3.97s/it, video=WViSvPFUVd8, orig=62, new=190, final=242, dup=10]
Processing videos:   9%|▎  | 236/2700 [16:43<2:42:51,  3.97s/it, video=WViSvPFUVd8, orig=62, new=596, final=628, dup=30]
Processing videos:   9%|▎  | 237/2700 [16:43<3:53:46,  5.69s/it, video=WViSvPFUVd8, orig=62, new=596, final=628, dup=30]
                                                                                                                        
──────────────────────────────────────────────────────────────────────
📹 Video: 21q-lDikdBg
──────────────────────────────────────────────────────────────────────
  📊 Scores: Max=0.8208 | Min=0.0013 | Range=[0.0013, 0.8208]
  🎯 Threshold: 0.5746 (70.0% of max)
  ✅ High-Score Frames: 5/55 (9.1%)
  📍 First 10 indices: [184, 207, 230, 920, 989]
──────────────────────────────────────────────────────────────────────


Processing videos:   9%|▎  | 237/2700 [16:43<3:53:46,  5.69s/it, video=WViSvPFUVd8, orig=62, new=596, final=628, dup=30]
Processing videos:   9%|▎  | 237/2700 [16:46<3:53:46,  5.69s/it, video=21q-lDikdBg, orig=55, new=217, final=261, dup=11]
Processing videos:   9%|▎  | 238/2700 [16:46<3:28:52,  5.09s/it, video=21q-lDikdBg, orig=55, new=217, final=261, dup=11]
                                                                                                                        
──────────────────────────────────────────────────────────────────────
📹 Video: 21q-lDikdBg
──────────────────────────────────────────────────────────────────────
  📊 Scores: Max=0.9995 | Min=0.0097 | Range=[0.0097, 0.9995]
  🎯 Threshold: 0.6997 (70.0% of max)
  ✅ High-Score Frames: 27/55 (49.1%)
  📍 First 10 indices: [23, 46, 69, 92, 322, 345, 368, 391, 414, 437]
──────────────────────────────────────────────────────────────────────


Processing videos:   9%|▎  | 238/2700 [16:46<3:28:52,  5.09s/it, video=21q-lDikdBg, orig=55, new=217, final=261, dup=11]
Processing videos:   9%|▎  | 238/2700 [16:57<3:28:52,  5.09s/it, video=21q-lDikdBg, orig=55, new=735, final=757, dup=33]
Processing videos:   9%|▎  | 239/2700 [16:57<4:42:26,  6.89s/it, video=21q-lDikdBg, orig=55, new=735, final=757, dup=33]
                                                                                                                        
──────────────────────────────────────────────────────────────────────
📹 Video: 21q-lDikdBg
──────────────────────────────────────────────────────────────────────
  📊 Scores: Max=0.4507 | Min=0.0025 | Range=[0.0025, 0.4507]
  🎯 Threshold: 0.3155 (70.0% of max)
  ✅ High-Score Frames: 2/55 (3.6%)
  📍 First 10 indices: [184, 207]
──────────────────────────────────────────────────────────────────────


Processing videos:   9%|▎  | 239/2700 [16:57<4:42:26,  6.89s/it, video=21q-lDikdBg, orig=55, new=735, final=757, dup=33]
Processing videos:   9%|▍    | 239/2700 [16:59<4:42:26,  6.89s/it, video=21q-lDikdBg, orig=55, new=96, final=147, dup=4]
Processing videos:   9%|▍    | 240/2700 [16:59<3:40:57,  5.39s/it, video=21q-lDikdBg, orig=55, new=96, final=147, dup=4]
                                                                                                                        
──────────────────────────────────────────────────────────────────────
📹 Video: FjS2LzrHEO8
──────────────────────────────────────────────────────────────────────
  📊 Scores: Max=0.6129 | Min=0.0012 | Range=[0.0012, 0.6129]
  🎯 Threshold: 0.4290 (70.0% of max)
  ✅ High-Score Frames: 9/62 (14.5%)
  📍 First 10 indices: [276, 644, 690, 782, 828, 851, 874, 1265, 1288]
──────────────────────────────────────────────────────────────────────


Processing videos:   9%|▍    | 240/2700 [16:59<3:40:57,  5.39s/it, video=21q-lDikdBg, orig=55, new=96, final=147, dup=4]
Processing videos:   9%|▎  | 240/2700 [17:05<3:40:57,  5.39s/it, video=FjS2LzrHEO8, orig=62, new=359, final=402, dup=19]
Processing videos:   9%|▎  | 241/2700 [17:05<3:42:18,  5.42s/it, video=FjS2LzrHEO8, orig=62, new=359, final=402, dup=19]
                                                                                                                        
──────────────────────────────────────────────────────────────────────
📹 Video: FjS2LzrHEO8
──────────────────────────────────────────────────────────────────────
  📊 Scores: Max=0.9994 | Min=0.0004 | Range=[0.0004, 0.9994]
  🎯 Threshold: 0.6996 (70.0% of max)
  ✅ High-Score Frames: 4/62 (6.5%)
  📍 First 10 indices: [345, 368, 391, 943]
──────────────────────────────────────────────────────────────────────


Processing videos:   9%|▎  | 241/2700 [17:05<3:42:18,  5.42s/it, video=FjS2LzrHEO8, orig=62, new=359, final=402, dup=19]
Processing videos:   9%|▎   | 241/2700 [17:07<3:42:18,  5.42s/it, video=FjS2LzrHEO8, orig=62, new=168, final=222, dup=8]
Processing videos:   9%|▎   | 242/2700 [17:07<3:07:24,  4.57s/it, video=FjS2LzrHEO8, orig=62, new=168, final=222, dup=8]
                                                                                                                        
──────────────────────────────────────────────────────────────────────
📹 Video: FjS2LzrHEO8
──────────────────────────────────────────────────────────────────────
  📊 Scores: Max=0.6487 | Min=0.0365 | Range=[0.0365, 0.6487]
  🎯 Threshold: 0.4541 (70.0% of max)
  ✅ High-Score Frames: 19/62 (30.6%)
  📍 First 10 indices: [23, 46, 69, 92, 230, 276, 299, 345, 506, 575]
──────────────────────────────────────────────────────────────────────


Processing videos:   9%|▎   | 242/2700 [17:07<3:07:24,  4.57s/it, video=FjS2LzrHEO8, orig=62, new=168, final=222, dup=8]
Processing videos:   9%|▎  | 242/2700 [17:19<3:07:24,  4.57s/it, video=FjS2LzrHEO8, orig=62, new=731, final=752, dup=41]
Processing videos:   9%|▎  | 243/2700 [17:19<4:33:54,  6.69s/it, video=FjS2LzrHEO8, orig=62, new=731, final=752, dup=41]
                                                                                                                        
──────────────────────────────────────────────────────────────────────
📹 Video: m4qhFFdHTCc
──────────────────────────────────────────────────────────────────────
  📊 Scores: Max=0.1616 | Min=0.0070 | Range=[0.0070, 0.1616]
  🎯 Threshold: 0.1131 (70.0% of max)
  ✅ High-Score Frames: 2/17 (11.8%)
  📍 First 10 indices: [225, 275]
──────────────────────────────────────────────────────────────────────


Processing videos:   9%|▎  | 243/2700 [17:19<4:33:54,  6.69s/it, video=FjS2LzrHEO8, orig=62, new=731, final=752, dup=41]
Processing videos:   9%|▌     | 243/2700 [17:20<4:33:54,  6.69s/it, video=m4qhFFdHTCc, orig=17, new=69, final=81, dup=5]
Processing videos:   9%|▌     | 244/2700 [17:20<3:25:21,  5.02s/it, video=m4qhFFdHTCc, orig=17, new=69, final=81, dup=5]
                                                                                                                        
──────────────────────────────────────────────────────────────────────
📹 Video: m4qhFFdHTCc
──────────────────────────────────────────────────────────────────────
  📊 Scores: Max=0.9325 | Min=0.0333 | Range=[0.0333, 0.9325]
  🎯 Threshold: 0.6527 (70.0% of max)
  ✅ High-Score Frames: 11/17 (64.7%)
  📍 First 10 indices: [0, 25, 50, 75, 100, 125, 150, 175, 200, 225]
──────────────────────────────────────────────────────────────────────


Processing videos:   9%|▌     | 244/2700 [17:20<3:25:21,  5.02s/it, video=m4qhFFdHTCc, orig=17, new=69, final=81, dup=5]
Processing videos:   9%|▎  | 244/2700 [17:25<3:25:21,  5.02s/it, video=m4qhFFdHTCc, orig=17, new=253, final=257, dup=13]
Processing videos:   9%|▎  | 245/2700 [17:25<3:17:56,  4.84s/it, video=m4qhFFdHTCc, orig=17, new=253, final=257, dup=13]
                                                                                                                        
──────────────────────────────────────────────────────────────────────
📹 Video: m4qhFFdHTCc
──────────────────────────────────────────────────────────────────────
  📊 Scores: Max=0.2085 | Min=0.0381 | Range=[0.0381, 0.2085]
  🎯 Threshold: 0.1459 (70.0% of max)
  ✅ High-Score Frames: 4/17 (23.5%)
  📍 First 10 indices: [75, 175, 200, 375]
──────────────────────────────────────────────────────────────────────


Processing videos:   9%|▎  | 245/2700 [17:25<3:17:56,  4.84s/it, video=m4qhFFdHTCc, orig=17, new=253, final=257, dup=13]
Processing videos:   9%|▎  | 245/2700 [17:27<3:17:56,  4.84s/it, video=m4qhFFdHTCc, orig=17, new=139, final=145, dup=11]
Processing videos:   9%|▎  | 246/2700 [17:27<2:51:17,  4.19s/it, video=m4qhFFdHTCc, orig=17, new=139, final=145, dup=11]
                                                                                                                        
──────────────────────────────────────────────────────────────────────
📹 Video: lKoG2_zdoSA
──────────────────────────────────────────────────────────────────────
  📊 Scores: Max=0.9809 | Min=0.0000 | Range=[0.0000, 0.9809]
  🎯 Threshold: 0.6866 (70.0% of max)
  ✅ High-Score Frames: 5/65 (7.7%)
  📍 First 10 indices: [75, 100, 1000, 1050, 1125]
──────────────────────────────────────────────────────────────────────


Processing videos:   9%|▎  | 246/2700 [17:27<2:51:17,  4.19s/it, video=m4qhFFdHTCc, orig=17, new=139, final=145, dup=11]
Processing videos:   9%|▎  | 246/2700 [17:30<2:51:17,  4.19s/it, video=lKoG2_zdoSA, orig=65, new=164, final=217, dup=12]
Processing videos:   9%|▎  | 247/2700 [17:30<2:36:14,  3.82s/it, video=lKoG2_zdoSA, orig=65, new=164, final=217, dup=12]
                                                                                                                        
──────────────────────────────────────────────────────────────────────
📹 Video: lKoG2_zdoSA
──────────────────────────────────────────────────────────────────────
  📊 Scores: Max=0.6474 | Min=0.0462 | Range=[0.0462, 0.6474]
  🎯 Threshold: 0.4532 (70.0% of max)
  ✅ High-Score Frames: 4/65 (6.2%)
  📍 First 10 indices: [25, 875, 900, 925]
──────────────────────────────────────────────────────────────────────


Processing videos:   9%|▎  | 247/2700 [17:30<2:36:14,  3.82s/it, video=lKoG2_zdoSA, orig=65, new=164, final=217, dup=12]
Processing videos:   9%|▎   | 247/2700 [17:32<2:36:14,  3.82s/it, video=lKoG2_zdoSA, orig=65, new=129, final=185, dup=9]
Processing videos:   9%|▎   | 248/2700 [17:32<2:14:24,  3.29s/it, video=lKoG2_zdoSA, orig=65, new=129, final=185, dup=9]
                                                                                                                        
──────────────────────────────────────────────────────────────────────
📹 Video: lKoG2_zdoSA
──────────────────────────────────────────────────────────────────────
  📊 Scores: Max=0.9837 | Min=0.0002 | Range=[0.0002, 0.9837]
  🎯 Threshold: 0.6886 (70.0% of max)
  ✅ High-Score Frames: 12/65 (18.5%)
  📍 First 10 indices: [225, 250, 275, 350, 375, 400, 475, 800, 825, 875]
──────────────────────────────────────────────────────────────────────


Processing videos:   9%|▎   | 248/2700 [17:32<2:14:24,  3.29s/it, video=lKoG2_zdoSA, orig=65, new=129, final=185, dup=9]
Processing videos:   9%|▎  | 248/2700 [17:38<2:14:24,  3.29s/it, video=lKoG2_zdoSA, orig=65, new=374, final=417, dup=22]
Processing videos:   9%|▎  | 249/2700 [17:38<2:49:22,  4.15s/it, video=lKoG2_zdoSA, orig=65, new=374, final=417, dup=22]
                                                                                                                        
──────────────────────────────────────────────────────────────────────
📹 Video: aqTIB_q40bo
──────────────────────────────────────────────────────────────────────
  📊 Scores: Max=0.5506 | Min=0.0178 | Range=[0.0178, 0.5506]
  🎯 Threshold: 0.3854 (70.0% of max)
  ✅ High-Score Frames: 1/39 (2.6%)
  📍 First 10 indices: [368]
──────────────────────────────────────────────────────────────────────


Processing videos:   9%|▎  | 249/2700 [17:38<2:49:22,  4.15s/it, video=lKoG2_zdoSA, orig=65, new=374, final=417, dup=22]
Processing videos:   9%|▌     | 249/2700 [17:39<2:49:22,  4.15s/it, video=aqTIB_q40bo, orig=39, new=49, final=85, dup=3]
                                                                                                                        
======================================================================

Processing videos:   9%|▌     | 249/2700 [17:40<2:49:22,  4.15s/it, video=aqTIB_q40bo, orig=39, new=49, final=85, dup=3]
                                                                                                                        
💾 CHECKPOINT SAVED [250/2700]

Processing videos:   9%|▌     | 249/2700 [17:40<2:49:22,  4.15s/it, video=aqTIB_q40bo, orig=39, new=49, final=85, dup=3]
                                                                                                                        
======================================================================

Processing videos:   9%|▌     | 249/2700 [17:40<2:49:22,  4.15s/it, video=aqTIB_q40bo, orig=39, new=49, final=85, dup=3]
                                                                                                                        
  GPU Memory: 0.00GB allocated, 0.00GB reserved

Processing videos:   9%|▌     | 249/2700 [17:40<2:49:22,  4.15s/it, video=aqTIB_q40bo, orig=39, new=49, final=85, dup=3]
                                                                                                                        
  Videos processed: 250

Processing videos:   9%|▌     | 249/2700 [17:40<2:49:22,  4.15s/it, video=aqTIB_q40bo, orig=39, new=49, final=85, dup=3]
                                                                                                                        
  With dense sampling: 250

Processing videos:   9%|▌     | 249/2700 [17:40<2:49:22,  4.15s/it, video=aqTIB_q40bo, orig=39, new=49, final=85, dup=3]
                                                                                                                        
  Total frames: 162,668

Processing videos:   9%|▌     | 249/2700 [17:40<2:49:22,  4.15s/it, video=aqTIB_q40bo, orig=39, new=49, final=85, dup=3]
                                                                                                                        
  Elapsed time: 17.67 min

Processing videos:   9%|▌     | 249/2700 [17:40<2:49:22,  4.15s/it, video=aqTIB_q40bo, orig=39, new=49, final=85, dup=3]
                                                                                                                        
  Speed: 0.12 videos/sec

Processing videos:   9%|▌     | 249/2700 [17:40<2:49:22,  4.15s/it, video=aqTIB_q40bo, orig=39, new=49, final=85, dup=3]
                                                                                                                        
  ✅ Safe to restart if needed

Processing videos:   9%|▌     | 249/2700 [17:40<2:49:22,  4.15s/it, video=aqTIB_q40bo, orig=39, new=49, final=85, dup=3]
                                                                                                                        
======================================================================


Processing videos:   9%|▌     | 249/2700 [17:40<2:49:22,  4.15s/it, video=aqTIB_q40bo, orig=39, new=49, final=85, dup=3]
Processing videos:   9%|▌     | 250/2700 [17:40<2:12:07,  3.24s/it, video=aqTIB_q40bo, orig=39, new=49, final=85, dup=3]
                                                                                                                        
──────────────────────────────────────────────────────────────────────
📹 Video: aqTIB_q40bo
──────────────────────────────────────────────────────────────────────
  📊 Scores: Max=0.3157 | Min=0.0442 | Range=[0.0442, 0.3157]
  🎯 Threshold: 0.2210 (70.0% of max)
  ✅ High-Score Frames: 13/39 (33.3%)
  📍 First 10 indices: [161, 253, 276, 368, 437, 575, 736, 759, 782, 805]
──────────────────────────────────────────────────────────────────────


Processing videos:   9%|▌     | 250/2700 [17:40<2:12:07,  3.24s/it, video=aqTIB_q40bo, orig=39, new=49, final=85, dup=3]
Processing videos:   9%|▎  | 250/2700 [17:48<2:12:07,  3.24s/it, video=aqTIB_q40bo, orig=39, new=494, final=509, dup=24]
Processing videos:   9%|▎  | 251/2700 [17:48<3:09:50,  4.65s/it, video=aqTIB_q40bo, orig=39, new=494, final=509, dup=24]
                                                                                                                        
──────────────────────────────────────────────────────────────────────
📹 Video: aqTIB_q40bo
──────────────────────────────────────────────────────────────────────
  📊 Scores: Max=0.5645 | Min=0.0000 | Range=[0.0000, 0.5645]
  🎯 Threshold: 0.3952 (70.0% of max)
  ✅ High-Score Frames: 1/39 (2.6%)
  📍 First 10 indices: [598]
──────────────────────────────────────────────────────────────────────


Processing videos:   9%|▎  | 251/2700 [17:48<3:09:50,  4.65s/it, video=aqTIB_q40bo, orig=39, new=494, final=509, dup=24]
Processing videos:   9%|▌     | 251/2700 [17:48<3:09:50,  4.65s/it, video=aqTIB_q40bo, orig=39, new=49, final=85, dup=3]
Processing videos:   9%|▌     | 252/2700 [17:48<2:22:43,  3.50s/it, video=aqTIB_q40bo, orig=39, new=49, final=85, dup=3]
                                                                                                                        
──────────────────────────────────────────────────────────────────────
📹 Video: hUrjmA0fhsc
──────────────────────────────────────────────────────────────────────
  📊 Scores: Max=0.9897 | Min=0.0013 | Range=[0.0013, 0.9897]
  🎯 Threshold: 0.6928 (70.0% of max)
  ✅ High-Score Frames: 15/88 (17.0%)
  📍 First 10 indices: [336, 360, 408, 432, 480, 504, 528, 696, 720, 1128]
──────────────────────────────────────────────────────────────────────


Processing videos:   9%|▌     | 252/2700 [17:48<2:22:43,  3.50s/it, video=aqTIB_q40bo, orig=39, new=49, final=85, dup=3]
Processing videos:   9%|▎  | 252/2700 [17:52<2:22:43,  3.50s/it, video=hUrjmA0fhsc, orig=88, new=211, final=270, dup=29]
Processing videos:   9%|▎  | 253/2700 [17:52<2:28:50,  3.65s/it, video=hUrjmA0fhsc, orig=88, new=211, final=270, dup=29]
                                                                                                                        
──────────────────────────────────────────────────────────────────────
📹 Video: hUrjmA0fhsc
──────────────────────────────────────────────────────────────────────
  📊 Scores: Max=0.9998 | Min=0.0072 | Range=[0.0072, 0.9998]
  🎯 Threshold: 0.6999 (70.0% of max)
  ✅ High-Score Frames: 2/88 (2.3%)
  📍 First 10 indices: [72, 96]
──────────────────────────────────────────────────────────────────────


Processing videos:   9%|▎  | 253/2700 [17:52<2:28:50,  3.65s/it, video=hUrjmA0fhsc, orig=88, new=211, final=270, dup=29]
Processing videos:   9%|▍    | 253/2700 [17:53<2:28:50,  3.65s/it, video=hUrjmA0fhsc, orig=88, new=41, final=123, dup=6]
Processing videos:   9%|▍    | 254/2700 [17:53<1:52:24,  2.76s/it, video=hUrjmA0fhsc, orig=88, new=41, final=123, dup=6]
                                                                                                                        
──────────────────────────────────────────────────────────────────────
📹 Video: hUrjmA0fhsc
──────────────────────────────────────────────────────────────────────
  📊 Scores: Max=0.2453 | Min=0.0069 | Range=[0.0069, 0.2453]
  🎯 Threshold: 0.1717 (70.0% of max)
  ✅ High-Score Frames: 4/88 (4.5%)
  📍 First 10 indices: [0, 72, 1632, 2088]
──────────────────────────────────────────────────────────────────────


Processing videos:   9%|▍    | 254/2700 [17:53<1:52:24,  2.76s/it, video=hUrjmA0fhsc, orig=88, new=41, final=123, dup=6]
Processing videos:   9%|▎  | 254/2700 [17:55<1:52:24,  2.76s/it, video=hUrjmA0fhsc, orig=88, new=105, final=179, dup=14]
Processing videos:   9%|▎  | 255/2700 [17:55<1:43:43,  2.55s/it, video=hUrjmA0fhsc, orig=88, new=105, final=179, dup=14]
                                                                                                                        
──────────────────────────────────────────────────────────────────────
📹 Video: aBdQQxgxDrY
──────────────────────────────────────────────────────────────────────
  📊 Scores: Max=0.4531 | Min=0.0388 | Range=[0.0388, 0.4531]
  🎯 Threshold: 0.3172 (70.0% of max)
  ✅ High-Score Frames: 5/82 (6.1%)
  📍 First 10 indices: [275, 1250, 1275, 1300, 1325]
──────────────────────────────────────────────────────────────────────


Processing videos:   9%|▎  | 255/2700 [17:55<1:43:43,  2.55s/it, video=hUrjmA0fhsc, orig=88, new=105, final=179, dup=14]
Processing videos:   9%|▎  | 255/2700 [17:58<1:43:43,  2.55s/it, video=aBdQQxgxDrY, orig=82, new=162, final=234, dup=10]
Processing videos:   9%|▎  | 256/2700 [17:58<1:47:41,  2.64s/it, video=aBdQQxgxDrY, orig=82, new=162, final=234, dup=10]
                                                                                                                        
──────────────────────────────────────────────────────────────────────
📹 Video: aBdQQxgxDrY
──────────────────────────────────────────────────────────────────────
  📊 Scores: Max=0.5604 | Min=0.0831 | Range=[0.0831, 0.5604]
  🎯 Threshold: 0.3923 (70.0% of max)
  ✅ High-Score Frames: 12/82 (14.6%)
  📍 First 10 indices: [275, 300, 475, 925, 950, 975, 1250, 1275, 1300, 1575]
──────────────────────────────────────────────────────────────────────


Processing videos:   9%|▎  | 256/2700 [17:58<1:47:41,  2.64s/it, video=aBdQQxgxDrY, orig=82, new=162, final=234, dup=10]
Processing videos:   9%|▎  | 256/2700 [18:04<1:47:41,  2.64s/it, video=aBdQQxgxDrY, orig=82, new=410, final=466, dup=26]
Processing videos:  10%|▎  | 257/2700 [18:04<2:32:10,  3.74s/it, video=aBdQQxgxDrY, orig=82, new=410, final=466, dup=26]
                                                                                                                        
──────────────────────────────────────────────────────────────────────
📹 Video: aBdQQxgxDrY
──────────────────────────────────────────────────────────────────────
  📊 Scores: Max=0.9477 | Min=0.0010 | Range=[0.0010, 0.9477]
  🎯 Threshold: 0.6634 (70.0% of max)
  ✅ High-Score Frames: 2/82 (2.4%)
  📍 First 10 indices: [650, 675]
──────────────────────────────────────────────────────────────────────


Processing videos:  10%|▎  | 257/2700 [18:04<2:32:10,  3.74s/it, video=aBdQQxgxDrY, orig=82, new=410, final=466, dup=26]
Processing videos:  10%|▍    | 257/2700 [18:05<2:32:10,  3.74s/it, video=aBdQQxgxDrY, orig=82, new=69, final=146, dup=5]
Processing videos:  10%|▍    | 258/2700 [18:05<1:59:56,  2.95s/it, video=aBdQQxgxDrY, orig=82, new=69, final=146, dup=5]
                                                                                                                        
──────────────────────────────────────────────────────────────────────
📹 Video: tF4DML7FIWk
──────────────────────────────────────────────────────────────────────
  📊 Scores: Max=0.9968 | Min=0.0378 | Range=[0.0378, 0.9968]
  🎯 Threshold: 0.6978 (70.0% of max)
  ✅ High-Score Frames: 56/67 (83.6%)
  📍 First 10 indices: [0, 29, 58, 87, 116, 145, 174, 203, 232, 261]
──────────────────────────────────────────────────────────────────────


Processing videos:  10%|▍    | 258/2700 [18:05<1:59:56,  2.95s/it, video=aBdQQxgxDrY, orig=82, new=69, final=146, dup=5]
Processing videos:  10%| | 258/2700 [18:20<1:59:56,  2.95s/it, video=tF4DML7FIWk, orig=67, new=1601, final=1609, dup=59]
Processing videos:  10%| | 259/2700 [18:20<4:19:51,  6.39s/it, video=tF4DML7FIWk, orig=67, new=1601, final=1609, dup=59]
                                                                                                                        
──────────────────────────────────────────────────────────────────────
📹 Video: tF4DML7FIWk
──────────────────────────────────────────────────────────────────────
  📊 Scores: Max=0.8702 | Min=0.0740 | Range=[0.0740, 0.8702]
  🎯 Threshold: 0.6091 (70.0% of max)
  ✅ High-Score Frames: 38/67 (56.7%)
  📍 First 10 indices: [0, 29, 58, 87, 116, 145, 319, 348, 377, 406]
──────────────────────────────────────────────────────────────────────


Processing videos:  10%| | 259/2700 [18:20<4:19:51,  6.39s/it, video=tF4DML7FIWk, orig=67, new=1601, final=1609, dup=59]
Processing videos:  10%| | 259/2700 [18:31<4:19:51,  6.39s/it, video=tF4DML7FIWk, orig=67, new=1212, final=1225, dup=54]
Processing videos:  10%| | 260/2700 [18:31<5:18:53,  7.84s/it, video=tF4DML7FIWk, orig=67, new=1212, final=1225, dup=54]
                                                                                                                        
──────────────────────────────────────────────────────────────────────
📹 Video: tF4DML7FIWk
──────────────────────────────────────────────────────────────────────
  📊 Scores: Max=0.9954 | Min=0.0060 | Range=[0.0060, 0.9954]
  🎯 Threshold: 0.6968 (70.0% of max)
  ✅ High-Score Frames: 21/67 (31.3%)
  📍 First 10 indices: [0, 29, 58, 87, 116, 319, 406, 435, 464, 580]
──────────────────────────────────────────────────────────────────────


Processing videos:  10%| | 260/2700 [18:31<5:18:53,  7.84s/it, video=tF4DML7FIWk, orig=67, new=1212, final=1225, dup=54]
Processing videos:  10%|▎  | 260/2700 [18:37<5:18:53,  7.84s/it, video=tF4DML7FIWk, orig=67, new=644, final=679, dup=32]
Processing videos:  10%|▎  | 261/2700 [18:37<4:56:50,  7.30s/it, video=tF4DML7FIWk, orig=67, new=644, final=679, dup=32]
                                                                                                                        
──────────────────────────────────────────────────────────────────────
📹 Video: jRS9fVh7MUw
──────────────────────────────────────────────────────────────────────
  📊 Scores: Max=0.4165 | Min=0.0490 | Range=[0.0490, 0.4165]
  🎯 Threshold: 0.2916 (70.0% of max)
  ✅ High-Score Frames: 9/99 (9.1%)
  📍 First 10 indices: [150, 375, 400, 475, 700, 2050, 2075, 2100, 2250]
──────────────────────────────────────────────────────────────────────


Processing videos:  10%|▎  | 261/2700 [18:37<4:56:50,  7.30s/it, video=tF4DML7FIWk, orig=67, new=644, final=679, dup=32]
Processing videos:  10%|▎  | 261/2700 [18:42<4:56:50,  7.30s/it, video=jRS9fVh7MUw, orig=99, new=302, final=379, dup=22]
Processing videos:  10%|▎  | 262/2700 [18:42<4:26:11,  6.55s/it, video=jRS9fVh7MUw, orig=99, new=302, final=379, dup=22]
                                                                                                                        
──────────────────────────────────────────────────────────────────────
📹 Video: jRS9fVh7MUw
──────────────────────────────────────────────────────────────────────
  📊 Scores: Max=0.9995 | Min=0.0007 | Range=[0.0007, 0.9995]
  🎯 Threshold: 0.6997 (70.0% of max)
  ✅ High-Score Frames: 63/99 (63.6%)
  📍 First 10 indices: [150, 325, 475, 500, 525, 550, 575, 600, 625, 650]
──────────────────────────────────────────────────────────────────────


Processing videos:  10%|▎  | 262/2700 [18:42<4:26:11,  6.55s/it, video=jRS9fVh7MUw, orig=99, new=302, final=379, dup=22]
Processing videos:  10%| | 262/2700 [19:07<4:26:11,  6.55s/it, video=jRS9fVh7MUw, orig=99, new=1715, final=1731, dup=83]
Processing videos:  10%| | 263/2700 [19:07<8:13:40, 12.15s/it, video=jRS9fVh7MUw, orig=99, new=1715, final=1731, dup=83]
                                                                                                                        
──────────────────────────────────────────────────────────────────────
📹 Video: jRS9fVh7MUw
──────────────────────────────────────────────────────────────────────
  📊 Scores: Max=0.9927 | Min=0.0002 | Range=[0.0002, 0.9927]
  🎯 Threshold: 0.6949 (70.0% of max)
  ✅ High-Score Frames: 34/99 (34.3%)
  📍 First 10 indices: [675, 700, 725, 825, 1075, 1375, 1425, 1450, 1500, 1525]
──────────────────────────────────────────────────────────────────────


Processing videos:  10%| | 263/2700 [19:07<8:13:40, 12.15s/it, video=jRS9fVh7MUw, orig=99, new=1715, final=1731, dup=83]
Processing videos:  10%|▎  | 263/2700 [19:22<8:13:40, 12.15s/it, video=jRS9fVh7MUw, orig=99, new=925, final=979, dup=45]
Processing videos:  10%|▎  | 264/2700 [19:22<8:41:50, 12.85s/it, video=jRS9fVh7MUw, orig=99, new=925, final=979, dup=45]
                                                                                                                        
──────────────────────────────────────────────────────────────────────
📹 Video: JxkJ-FwFeVI
──────────────────────────────────────────────────────────────────────
  📊 Scores: Max=0.7705 | Min=0.0049 | Range=[0.0049, 0.7705]
  🎯 Threshold: 0.5394 (70.0% of max)
  ✅ High-Score Frames: 1/123 (0.8%)
  📍 First 10 indices: [1800]
──────────────────────────────────────────────────────────────────────


Processing videos:  10%|▎  | 264/2700 [19:22<8:41:50, 12.85s/it, video=jRS9fVh7MUw, orig=99, new=925, final=979, dup=45]
Processing videos:  10%|▍   | 264/2700 [19:22<8:41:50, 12.85s/it, video=JxkJ-FwFeVI, orig=123, new=35, final=155, dup=3]
Processing videos:  10%|▍   | 265/2700 [19:22<6:13:13,  9.20s/it, video=JxkJ-FwFeVI, orig=123, new=35, final=155, dup=3]
                                                                                                                        
──────────────────────────────────────────────────────────────────────
📹 Video: JxkJ-FwFeVI
──────────────────────────────────────────────────────────────────────
  📊 Scores: Max=0.9999 | Min=0.0001 | Range=[0.0001, 0.9999]
  🎯 Threshold: 0.6999 (70.0% of max)
  ✅ High-Score Frames: 38/123 (30.9%)
  📍 First 10 indices: [275, 300, 325, 500, 800, 825, 850, 875, 900, 925]
──────────────────────────────────────────────────────────────────────


Processing videos:  10%|▍   | 265/2700 [19:22<6:13:13,  9.20s/it, video=JxkJ-FwFeVI, orig=123, new=35, final=155, dup=3]
Processing videos:  10%| | 265/2700 [19:38<6:13:13,  9.20s/it, video=JxkJ-FwFeVI, orig=123, new=1034, final=1107, dup=50
Processing videos:  10%| | 266/2700 [19:38<7:36:29, 11.25s/it, video=JxkJ-FwFeVI, orig=123, new=1034, final=1107, dup=50
                                                                                                                        
──────────────────────────────────────────────────────────────────────
📹 Video: JxkJ-FwFeVI
──────────────────────────────────────────────────────────────────────
  📊 Scores: Max=0.3890 | Min=0.0017 | Range=[0.0017, 0.3890]
  🎯 Threshold: 0.2723 (70.0% of max)
  ✅ High-Score Frames: 4/123 (3.3%)
  📍 First 10 indices: [875, 1800, 1875, 2775]
──────────────────────────────────────────────────────────────────────


Processing videos:  10%| | 266/2700 [19:38<7:36:29, 11.25s/it, video=JxkJ-FwFeVI, orig=123, new=1034, final=1107, dup=50
Processing videos:  10%|▏ | 266/2700 [19:41<7:36:29, 11.25s/it, video=JxkJ-FwFeVI, orig=123, new=131, final=243, dup=11]
Processing videos:  10%|▏ | 267/2700 [19:41<5:47:51,  8.58s/it, video=JxkJ-FwFeVI, orig=123, new=131, final=243, dup=11]
                                                                                                                        
──────────────────────────────────────────────────────────────────────
📹 Video: c9arR8T0Qts
──────────────────────────────────────────────────────────────────────
  📊 Scores: Max=0.7598 | Min=0.0016 | Range=[0.0016, 0.7598]
  🎯 Threshold: 0.5319 (70.0% of max)
  ✅ High-Score Frames: 3/128 (2.3%)
  📍 First 10 indices: [2726, 2755, 2784]
──────────────────────────────────────────────────────────────────────


Processing videos:  10%|▏ | 267/2700 [19:41<5:47:51,  8.58s/it, video=JxkJ-FwFeVI, orig=123, new=131, final=243, dup=11]
Processing videos:  10%|▎  | 267/2700 [19:42<5:47:51,  8.58s/it, video=c9arR8T0Qts, orig=128, new=120, final=242, dup=6]
Processing videos:  10%|▎  | 268/2700 [19:42<4:26:18,  6.57s/it, video=c9arR8T0Qts, orig=128, new=120, final=242, dup=6]
                                                                                                                        
──────────────────────────────────────────────────────────────────────
📹 Video: c9arR8T0Qts
──────────────────────────────────────────────────────────────────────
  📊 Scores: Max=0.4788 | Min=0.0019 | Range=[0.0019, 0.4788]
  🎯 Threshold: 0.3351 (70.0% of max)
  ✅ High-Score Frames: 6/128 (4.7%)
  📍 First 10 indices: [2755, 2842, 2871, 2900, 2929, 3016]
──────────────────────────────────────────────────────────────────────


Processing videos:  10%|▎  | 268/2700 [19:42<4:26:18,  6.57s/it, video=c9arR8T0Qts, orig=128, new=120, final=242, dup=6]
Processing videos:  10%|▏ | 268/2700 [19:46<4:26:18,  6.57s/it, video=c9arR8T0Qts, orig=128, new=209, final=326, dup=11]
Processing videos:  10%|▏ | 269/2700 [19:46<3:45:42,  5.57s/it, video=c9arR8T0Qts, orig=128, new=209, final=326, dup=11]
                                                                                                                        
──────────────────────────────────────────────────────────────────────
📹 Video: c9arR8T0Qts
──────────────────────────────────────────────────────────────────────
  📊 Scores: Max=0.9990 | Min=0.0001 | Range=[0.0001, 0.9990]
  🎯 Threshold: 0.6993 (70.0% of max)
  ✅ High-Score Frames: 9/128 (7.0%)
  📍 First 10 indices: [2233, 2552, 2726, 2755, 2784, 2929, 2987, 3016, 3045]
──────────────────────────────────────────────────────────────────────


Processing videos:  10%|▏ | 269/2700 [19:46<3:45:42,  5.57s/it, video=c9arR8T0Qts, orig=128, new=209, final=326, dup=11]
Processing videos:  10%|▏ | 269/2700 [19:51<3:45:42,  5.57s/it, video=c9arR8T0Qts, orig=128, new=352, final=460, dup=20]
Processing videos:  10%|▏ | 270/2700 [19:51<3:44:43,  5.55s/it, video=c9arR8T0Qts, orig=128, new=352, final=460, dup=20]
                                                                                                                        
──────────────────────────────────────────────────────────────────────
📹 Video: _aVHf_jmWk8
──────────────────────────────────────────────────────────────────────
  📊 Scores: Max=0.3087 | Min=0.0029 | Range=[0.0029, 0.3087]
  🎯 Threshold: 0.2161 (70.0% of max)
  ✅ High-Score Frames: 5/45 (11.1%)
  📍 First 10 indices: [87, 116, 638, 1073, 1102]
──────────────────────────────────────────────────────────────────────


Processing videos:  10%|▏ | 270/2700 [19:51<3:44:43,  5.55s/it, video=c9arR8T0Qts, orig=128, new=352, final=460, dup=20]
Processing videos:  10%|▎  | 270/2700 [19:55<3:44:43,  5.55s/it, video=_aVHf_jmWk8, orig=45, new=203, final=235, dup=13]
Processing videos:  10%|▎  | 271/2700 [19:55<3:21:38,  4.98s/it, video=_aVHf_jmWk8, orig=45, new=203, final=235, dup=13]
                                                                                                                        
──────────────────────────────────────────────────────────────────────
📹 Video: _aVHf_jmWk8
──────────────────────────────────────────────────────────────────────
  📊 Scores: Max=0.9537 | Min=0.0013 | Range=[0.0013, 0.9537]
  🎯 Threshold: 0.6676 (70.0% of max)
  ✅ High-Score Frames: 2/45 (4.4%)
  📍 First 10 indices: [261, 725]
──────────────────────────────────────────────────────────────────────


Processing videos:  10%|▎  | 271/2700 [19:55<3:21:38,  4.98s/it, video=_aVHf_jmWk8, orig=45, new=203, final=235, dup=13]
Processing videos:  10%|▌    | 271/2700 [19:57<3:21:38,  4.98s/it, video=_aVHf_jmWk8, orig=45, new=82, final=121, dup=6]
Processing videos:  10%|▌    | 272/2700 [19:57<2:41:07,  3.98s/it, video=_aVHf_jmWk8, orig=45, new=82, final=121, dup=6]
                                                                                                                        
──────────────────────────────────────────────────────────────────────
📹 Video: _aVHf_jmWk8
──────────────────────────────────────────────────────────────────────
  📊 Scores: Max=0.2658 | Min=0.0021 | Range=[0.0021, 0.2658]
  🎯 Threshold: 0.1861 (70.0% of max)
  ✅ High-Score Frames: 3/45 (6.7%)
  📍 First 10 indices: [319, 870, 1276]
──────────────────────────────────────────────────────────────────────


Processing videos:  10%|▌    | 272/2700 [19:57<2:41:07,  3.98s/it, video=_aVHf_jmWk8, orig=45, new=82, final=121, dup=6]
Processing videos:  10%|▍   | 272/2700 [19:58<2:41:07,  3.98s/it, video=_aVHf_jmWk8, orig=45, new=121, final=158, dup=8]
Processing videos:  10%|▍   | 273/2700 [19:58<2:16:25,  3.37s/it, video=_aVHf_jmWk8, orig=45, new=121, final=158, dup=8]
                                                                                                                        
──────────────────────────────────────────────────────────────────────
📹 Video: 3rTsETO3s9U
──────────────────────────────────────────────────────────────────────
  📊 Scores: Max=0.6365 | Min=0.1083 | Range=[0.1083, 0.6365]
  🎯 Threshold: 0.4456 (70.0% of max)
  ✅ High-Score Frames: 10/45 (22.2%)
  📍 First 10 indices: [58, 87, 116, 145, 493, 580, 609, 667, 696, 725]
──────────────────────────────────────────────────────────────────────


Processing videos:  10%|▍   | 273/2700 [19:58<2:16:25,  3.37s/it, video=_aVHf_jmWk8, orig=45, new=121, final=158, dup=8]
Processing videos:  10%|▎  | 273/2700 [20:04<2:16:25,  3.37s/it, video=3rTsETO3s9U, orig=45, new=348, final=375, dup=18]
Processing videos:  10%|▎  | 274/2700 [20:04<2:44:30,  4.07s/it, video=3rTsETO3s9U, orig=45, new=348, final=375, dup=18]
                                                                                                                        
──────────────────────────────────────────────────────────────────────
📹 Video: 3rTsETO3s9U
──────────────────────────────────────────────────────────────────────
  📊 Scores: Max=0.6922 | Min=0.0542 | Range=[0.0542, 0.6922]
  🎯 Threshold: 0.4845 (70.0% of max)
  ✅ High-Score Frames: 4/45 (8.9%)
  📍 First 10 indices: [58, 87, 116, 145]
──────────────────────────────────────────────────────────────────────


Processing videos:  10%|▎  | 274/2700 [20:04<2:44:30,  4.07s/it, video=3rTsETO3s9U, orig=45, new=348, final=375, dup=18]
Processing videos:  10%|▍   | 274/2700 [20:06<2:44:30,  4.07s/it, video=3rTsETO3s9U, orig=45, new=139, final=177, dup=7]
                                                                                                                        
======================================================================

Processing videos:  10%|▍   | 274/2700 [20:06<2:44:30,  4.07s/it, video=3rTsETO3s9U, orig=45, new=139, final=177, dup=7]
                                                                                                                        
💾 CHECKPOINT SAVED [275/2700]

Processing videos:  10%|▍   | 274/2700 [20:06<2:44:30,  4.07s/it, video=3rTsETO3s9U, orig=45, new=139, final=177, dup=7]
                                                                                                                        
======================================================================

Processing videos:  10%|▍   | 274/2700 [20:06<2:44:30,  4.07s/it, video=3rTsETO3s9U, orig=45, new=139, final=177, dup=7]
                                                                                                                        
  GPU Memory: 0.00GB allocated, 0.00GB reserved

Processing videos:  10%|▍   | 274/2700 [20:06<2:44:30,  4.07s/it, video=3rTsETO3s9U, orig=45, new=139, final=177, dup=7]
                                                                                                                        
  Videos processed: 275

Processing videos:  10%|▍   | 274/2700 [20:06<2:44:30,  4.07s/it, video=3rTsETO3s9U, orig=45, new=139, final=177, dup=7]
                                                                                                                        
  With dense sampling: 275

Processing videos:  10%|▍   | 274/2700 [20:06<2:44:30,  4.07s/it, video=3rTsETO3s9U, orig=45, new=139, final=177, dup=7]
                                                                                                                        
  Total frames: 174,881

Processing videos:  10%|▍   | 274/2700 [20:06<2:44:30,  4.07s/it, video=3rTsETO3s9U, orig=45, new=139, final=177, dup=7]
                                                                                                                        
  Elapsed time: 20.12 min

Processing videos:  10%|▍   | 274/2700 [20:06<2:44:30,  4.07s/it, video=3rTsETO3s9U, orig=45, new=139, final=177, dup=7]
                                                                                                                        
  Speed: 0.12 videos/sec

Processing videos:  10%|▍   | 274/2700 [20:06<2:44:30,  4.07s/it, video=3rTsETO3s9U, orig=45, new=139, final=177, dup=7]
                                                                                                                        
  ✅ Safe to restart if needed

Processing videos:  10%|▍   | 274/2700 [20:06<2:44:30,  4.07s/it, video=3rTsETO3s9U, orig=45, new=139, final=177, dup=7]
                                                                                                                        
======================================================================


Processing videos:  10%|▍   | 274/2700 [20:06<2:44:30,  4.07s/it, video=3rTsETO3s9U, orig=45, new=139, final=177, dup=7]
Processing videos:  10%|▍   | 275/2700 [20:06<2:22:22,  3.52s/it, video=3rTsETO3s9U, orig=45, new=139, final=177, dup=7]
                                                                                                                        
──────────────────────────────────────────────────────────────────────
📹 Video: 3rTsETO3s9U
──────────────────────────────────────────────────────────────────────
  📊 Scores: Max=0.9394 | Min=0.1873 | Range=[0.1873, 0.9394]
  🎯 Threshold: 0.6576 (70.0% of max)
  ✅ High-Score Frames: 12/45 (26.7%)
  📍 First 10 indices: [116, 145, 319, 348, 377, 406, 435, 580, 609, 696]
──────────────────────────────────────────────────────────────────────


Processing videos:  10%|▍   | 275/2700 [20:06<2:22:22,  3.52s/it, video=3rTsETO3s9U, orig=45, new=139, final=177, dup=7]
Processing videos:  10%|▎  | 275/2700 [20:14<2:22:22,  3.52s/it, video=3rTsETO3s9U, orig=45, new=452, final=471, dup=26]
Processing videos:  10%|▎  | 276/2700 [20:14<3:08:58,  4.68s/it, video=3rTsETO3s9U, orig=45, new=452, final=471, dup=26]
                                                                                                                        
──────────────────────────────────────────────────────────────────────
📹 Video: drbi6HK1gSc
──────────────────────────────────────────────────────────────────────
  📊 Scores: Max=0.3911 | Min=0.0033 | Range=[0.0033, 0.3911]
  🎯 Threshold: 0.2738 (70.0% of max)
  ✅ High-Score Frames: 2/82 (2.4%)
  📍 First 10 indices: [696, 1248]
──────────────────────────────────────────────────────────────────────


Processing videos:  10%|▎  | 276/2700 [20:14<3:08:58,  4.68s/it, video=3rTsETO3s9U, orig=45, new=452, final=471, dup=26]
Processing videos:  10%|▍   | 276/2700 [20:15<3:08:58,  4.68s/it, video=drbi6HK1gSc, orig=82, new=66, final=138, dup=10]
Processing videos:  10%|▍   | 277/2700 [20:15<2:23:33,  3.55s/it, video=drbi6HK1gSc, orig=82, new=66, final=138, dup=10]
                                                                                                                        
──────────────────────────────────────────────────────────────────────
📹 Video: drbi6HK1gSc
──────────────────────────────────────────────────────────────────────
  📊 Scores: Max=0.3672 | Min=0.0059 | Range=[0.0059, 0.3672]
  🎯 Threshold: 0.2570 (70.0% of max)
  ✅ High-Score Frames: 2/82 (2.4%)
  📍 First 10 indices: [696, 1248]
──────────────────────────────────────────────────────────────────────


Processing videos:  10%|▍   | 277/2700 [20:15<2:23:33,  3.55s/it, video=drbi6HK1gSc, orig=82, new=66, final=138, dup=10]
Processing videos:  10%|▍   | 277/2700 [20:15<2:23:33,  3.55s/it, video=drbi6HK1gSc, orig=82, new=66, final=138, dup=10]
Processing videos:  10%|▍   | 278/2700 [20:15<1:48:13,  2.68s/it, video=drbi6HK1gSc, orig=82, new=66, final=138, dup=10]
                                                                                                                        
──────────────────────────────────────────────────────────────────────
📹 Video: drbi6HK1gSc
──────────────────────────────────────────────────────────────────────
  📊 Scores: Max=0.5581 | Min=0.0069 | Range=[0.0069, 0.5581]
  🎯 Threshold: 0.3906 (70.0% of max)
  ✅ High-Score Frames: 6/82 (7.3%)
  📍 First 10 indices: [1248, 1608, 1632, 1656, 1680, 1704]
──────────────────────────────────────────────────────────────────────


Processing videos:  10%|▍   | 278/2700 [20:15<1:48:13,  2.68s/it, video=drbi6HK1gSc, orig=82, new=66, final=138, dup=10]
Processing videos:  10%|▍   | 278/2700 [20:16<1:48:13,  2.68s/it, video=drbi6HK1gSc, orig=82, new=98, final=166, dup=14]
Processing videos:  10%|▍   | 279/2700 [20:16<1:29:33,  2.22s/it, video=drbi6HK1gSc, orig=82, new=98, final=166, dup=14]
                                                                                                                        
──────────────────────────────────────────────────────────────────────
📹 Video: M69Sn3OERZo
──────────────────────────────────────────────────────────────────────
  📊 Scores: Max=0.9916 | Min=0.0803 | Range=[0.0803, 0.9916]
  🎯 Threshold: 0.6941 (70.0% of max)
  ✅ High-Score Frames: 10/47 (21.3%)
  📍 First 10 indices: [0, 30, 150, 180, 240, 360, 420, 930, 1140, 1170]
──────────────────────────────────────────────────────────────────────


Processing videos:  10%|▍   | 279/2700 [20:17<1:29:33,  2.22s/it, video=drbi6HK1gSc, orig=82, new=98, final=166, dup=14]
Processing videos:  10%|▎  | 279/2700 [20:21<1:29:33,  2.22s/it, video=M69Sn3OERZo, orig=47, new=253, final=272, dup=28]
Processing videos:  10%|▎  | 280/2700 [20:21<1:51:28,  2.76s/it, video=M69Sn3OERZo, orig=47, new=253, final=272, dup=28]
                                                                                                                        
──────────────────────────────────────────────────────────────────────
📹 Video: M69Sn3OERZo
──────────────────────────────────────────────────────────────────────
  📊 Scores: Max=0.9935 | Min=0.0287 | Range=[0.0287, 0.9935]
  🎯 Threshold: 0.6954 (70.0% of max)
  ✅ High-Score Frames: 7/47 (14.9%)
  📍 First 10 indices: [0, 30, 150, 180, 240, 1140, 1170]
──────────────────────────────────────────────────────────────────────


Processing videos:  10%|▎  | 280/2700 [20:21<1:51:28,  2.76s/it, video=M69Sn3OERZo, orig=47, new=253, final=272, dup=28]
Processing videos:  10%|▎  | 280/2700 [20:23<1:51:28,  2.76s/it, video=M69Sn3OERZo, orig=47, new=152, final=182, dup=17]
Processing videos:  10%|▎  | 281/2700 [20:23<1:47:24,  2.66s/it, video=M69Sn3OERZo, orig=47, new=152, final=182, dup=17]
                                                                                                                        
──────────────────────────────────────────────────────────────────────
📹 Video: M69Sn3OERZo
──────────────────────────────────────────────────────────────────────
  📊 Scores: Max=0.8858 | Min=0.0080 | Range=[0.0080, 0.8858]
  🎯 Threshold: 0.6201 (70.0% of max)
  ✅ High-Score Frames: 2/47 (4.3%)
  📍 First 10 indices: [180, 240]
──────────────────────────────────────────────────────────────────────


Processing videos:  10%|▎  | 281/2700 [20:23<1:47:24,  2.66s/it, video=M69Sn3OERZo, orig=47, new=152, final=182, dup=17]
Processing videos:  10%|▌    | 281/2700 [20:24<1:47:24,  2.66s/it, video=M69Sn3OERZo, orig=47, new=61, final=101, dup=7]
Processing videos:  10%|▌    | 282/2700 [20:24<1:31:19,  2.27s/it, video=M69Sn3OERZo, orig=47, new=61, final=101, dup=7]
                                                                                                                        
──────────────────────────────────────────────────────────────────────
📹 Video: djr6T2C8Gfs
──────────────────────────────────────────────────────────────────────
  📊 Scores: Max=1.0000 | Min=0.1192 | Range=[0.1192, 1.0000]
  🎯 Threshold: 0.7000 (70.0% of max)
  ✅ High-Score Frames: 65/75 (86.7%)
  📍 First 10 indices: [0, 23, 46, 69, 92, 115, 138, 161, 184, 207]
──────────────────────────────────────────────────────────────────────


Processing videos:  10%|▌    | 282/2700 [20:24<1:31:19,  2.27s/it, video=M69Sn3OERZo, orig=47, new=61, final=101, dup=7]
Processing videos:  10%| | 282/2700 [20:40<1:31:19,  2.27s/it, video=djr6T2C8Gfs, orig=75, new=1652, final=1654, dup=73]
Processing videos:  10%| | 283/2700 [20:40<4:08:57,  6.18s/it, video=djr6T2C8Gfs, orig=75, new=1652, final=1654, dup=73]
                                                                                                                        
──────────────────────────────────────────────────────────────────────
📹 Video: djr6T2C8Gfs
──────────────────────────────────────────────────────────────────────
  📊 Scores: Max=0.9999 | Min=0.0912 | Range=[0.0912, 0.9999]
  🎯 Threshold: 0.6999 (70.0% of max)
  ✅ High-Score Frames: 68/75 (90.7%)
  📍 First 10 indices: [0, 23, 46, 69, 92, 115, 138, 161, 184, 207]
──────────────────────────────────────────────────────────────────────


Processing videos:  10%| | 283/2700 [20:40<4:08:57,  6.18s/it, video=djr6T2C8Gfs, orig=75, new=1652, final=1654, dup=73]
Processing videos:  10%| | 283/2700 [20:55<4:08:57,  6.18s/it, video=djr6T2C8Gfs, orig=75, new=1673, final=1674, dup=74]
Processing videos:  11%| | 284/2700 [20:55<6:02:04,  8.99s/it, video=djr6T2C8Gfs, orig=75, new=1673, final=1674, dup=74]
                                                                                                                        
──────────────────────────────────────────────────────────────────────
📹 Video: djr6T2C8Gfs
──────────────────────────────────────────────────────────────────────
  📊 Scores: Max=1.0000 | Min=0.0927 | Range=[0.0927, 1.0000]
  🎯 Threshold: 0.7000 (70.0% of max)
  ✅ High-Score Frames: 65/75 (86.7%)
  📍 First 10 indices: [0, 23, 46, 69, 92, 115, 138, 161, 184, 207]
──────────────────────────────────────────────────────────────────────


Processing videos:  11%| | 284/2700 [20:55<6:02:04,  8.99s/it, video=djr6T2C8Gfs, orig=75, new=1673, final=1674, dup=74]
Processing videos:  11%| | 284/2700 [21:10<6:02:04,  8.99s/it, video=djr6T2C8Gfs, orig=75, new=1652, final=1654, dup=73]
Processing videos:  11%| | 285/2700 [21:10<7:13:24, 10.77s/it, video=djr6T2C8Gfs, orig=75, new=1652, final=1654, dup=73]
                                                                                                                        
──────────────────────────────────────────────────────────────────────
📹 Video: Q0B5dLHDQ2w
──────────────────────────────────────────────────────────────────────
  📊 Scores: Max=0.7441 | Min=0.0209 | Range=[0.0209, 0.7441]
  🎯 Threshold: 0.5209 (70.0% of max)
  ✅ High-Score Frames: 8/20 (40.0%)
  📍 First 10 indices: [48, 120, 144, 192, 216, 240, 384, 432]
──────────────────────────────────────────────────────────────────────


Processing videos:  11%| | 285/2700 [21:10<7:13:24, 10.77s/it, video=djr6T2C8Gfs, orig=75, new=1652, final=1654, dup=73]
Processing videos:  11%|▎  | 285/2700 [21:11<7:13:24, 10.77s/it, video=Q0B5dLHDQ2w, orig=20, new=146, final=147, dup=19]
Processing videos:  11%|▎  | 286/2700 [21:11<5:20:10,  7.96s/it, video=Q0B5dLHDQ2w, orig=20, new=146, final=147, dup=19]
                                                                                                                        
──────────────────────────────────────────────────────────────────────
📹 Video: Q0B5dLHDQ2w
──────────────────────────────────────────────────────────────────────
  📊 Scores: Max=0.6368 | Min=0.0630 | Range=[0.0630, 0.6368]
  🎯 Threshold: 0.4458 (70.0% of max)
  ✅ High-Score Frames: 5/20 (25.0%)
  📍 First 10 indices: [24, 192, 216, 240, 336]
──────────────────────────────────────────────────────────────────────


Processing videos:  11%|▎  | 286/2700 [21:11<5:20:10,  7.96s/it, video=Q0B5dLHDQ2w, orig=20, new=146, final=147, dup=19]
Processing videos:  11%|▎  | 286/2700 [21:12<5:20:10,  7.96s/it, video=Q0B5dLHDQ2w, orig=20, new=106, final=111, dup=15]
Processing videos:  11%|▎  | 287/2700 [21:12<3:56:19,  5.88s/it, video=Q0B5dLHDQ2w, orig=20, new=106, final=111, dup=15]
                                                                                                                        
──────────────────────────────────────────────────────────────────────
📹 Video: Q0B5dLHDQ2w
──────────────────────────────────────────────────────────────────────
  📊 Scores: Max=0.7539 | Min=0.0317 | Range=[0.0317, 0.7539]
  🎯 Threshold: 0.5277 (70.0% of max)
  ✅ High-Score Frames: 2/20 (10.0%)
  📍 First 10 indices: [120, 432]
──────────────────────────────────────────────────────────────────────


Processing videos:  11%|▎  | 287/2700 [21:13<3:56:19,  5.88s/it, video=Q0B5dLHDQ2w, orig=20, new=106, final=111, dup=15]
Processing videos:  11%|▋     | 287/2700 [21:13<3:56:19,  5.88s/it, video=Q0B5dLHDQ2w, orig=20, new=66, final=77, dup=9]
Processing videos:  11%|▋     | 288/2700 [21:13<2:53:02,  4.30s/it, video=Q0B5dLHDQ2w, orig=20, new=66, final=77, dup=9]
                                                                                                                        
──────────────────────────────────────────────────────────────────────
📹 Video: uoJDGnaVuTg
──────────────────────────────────────────────────────────────────────
  📊 Scores: Max=0.9695 | Min=0.4494 | Range=[0.4494, 0.9695]
  🎯 Threshold: 0.6787 (70.0% of max)
  ✅ High-Score Frames: 9/15 (60.0%)
  📍 First 10 indices: [0, 15, 30, 45, 60, 120, 135, 150, 180]
──────────────────────────────────────────────────────────────────────


Processing videos:  11%|▋     | 288/2700 [21:13<2:53:02,  4.30s/it, video=Q0B5dLHDQ2w, orig=20, new=66, final=77, dup=9]
Processing videos:  11%|▎  | 288/2700 [21:16<2:53:02,  4.30s/it, video=uoJDGnaVuTg, orig=15, new=211, final=211, dup=15]
Processing videos:  11%|▎  | 289/2700 [21:16<2:38:45,  3.95s/it, video=uoJDGnaVuTg, orig=15, new=211, final=211, dup=15]
                                                                                                                        
──────────────────────────────────────────────────────────────────────
📹 Video: uoJDGnaVuTg
──────────────────────────────────────────────────────────────────────
  📊 Scores: Max=0.8908 | Min=0.0330 | Range=[0.0330, 0.8908]
  🎯 Threshold: 0.6235 (70.0% of max)
  ✅ High-Score Frames: 5/15 (33.3%)
  📍 First 10 indices: [0, 15, 30, 45, 60]
──────────────────────────────────────────────────────────────────────


Processing videos:  11%|▎  | 289/2700 [21:16<2:38:45,  3.95s/it, video=uoJDGnaVuTg, orig=15, new=211, final=211, dup=15]
Processing videos:  11%|▋     | 289/2700 [21:18<2:38:45,  3.95s/it, video=uoJDGnaVuTg, orig=15, new=91, final=99, dup=7]
Processing videos:  11%|▋     | 290/2700 [21:18<2:12:31,  3.30s/it, video=uoJDGnaVuTg, orig=15, new=91, final=99, dup=7]
                                                                                                                        
──────────────────────────────────────────────────────────────────────
📹 Video: uoJDGnaVuTg
──────────────────────────────────────────────────────────────────────
  📊 Scores: Max=0.2603 | Min=0.1900 | Range=[0.1900, 0.2603]
  🎯 Threshold: 0.1822 (70.0% of max)
  ✅ High-Score Frames: 15/15 (100.0%)
  📍 First 10 indices: [0, 15, 30, 45, 60, 75, 90, 105, 120, 135]
──────────────────────────────────────────────────────────────────────


Processing videos:  11%|▋     | 290/2700 [21:18<2:12:31,  3.30s/it, video=uoJDGnaVuTg, orig=15, new=91, final=99, dup=7]
Processing videos:  11%|▎  | 290/2700 [21:21<2:12:31,  3.30s/it, video=uoJDGnaVuTg, orig=15, new=233, final=233, dup=15]
Processing videos:  11%|▎  | 291/2700 [21:21<2:13:53,  3.33s/it, video=uoJDGnaVuTg, orig=15, new=233, final=233, dup=15]
                                                                                                                        
──────────────────────────────────────────────────────────────────────
📹 Video: PU-XOFIJMlg
──────────────────────────────────────────────────────────────────────
  📊 Scores: Max=0.7719 | Min=0.0408 | Range=[0.0408, 0.7719]
  🎯 Threshold: 0.5403 (70.0% of max)
  ✅ High-Score Frames: 9/119 (7.6%)
  📍 First 10 indices: [150, 175, 425, 450, 475, 500, 525, 550, 1275]
──────────────────────────────────────────────────────────────────────


Processing videos:  11%|▎  | 291/2700 [21:22<2:13:53,  3.33s/it, video=uoJDGnaVuTg, orig=15, new=233, final=233, dup=15]
Processing videos:  11%|▏ | 291/2700 [21:26<2:13:53,  3.33s/it, video=PU-XOFIJMlg, orig=119, new=281, final=383, dup=17]
Processing videos:  11%|▏ | 292/2700 [21:26<2:30:47,  3.76s/it, video=PU-XOFIJMlg, orig=119, new=281, final=383, dup=17]
                                                                                                                        
──────────────────────────────────────────────────────────────────────
📹 Video: PU-XOFIJMlg
──────────────────────────────────────────────────────────────────────
  📊 Scores: Max=0.9134 | Min=0.0076 | Range=[0.0076, 0.9134]
  🎯 Threshold: 0.6394 (70.0% of max)
  ✅ High-Score Frames: 19/119 (16.0%)
  📍 First 10 indices: [25, 100, 425, 450, 500, 550, 950, 1375, 1400, 1425]
──────────────────────────────────────────────────────────────────────


Processing videos:  11%|▏ | 292/2700 [21:26<2:30:47,  3.76s/it, video=PU-XOFIJMlg, orig=119, new=281, final=383, dup=17]
Processing videos:  11%|▏ | 292/2700 [21:36<2:30:47,  3.76s/it, video=PU-XOFIJMlg, orig=119, new=612, final=687, dup=44]
Processing videos:  11%|▏ | 293/2700 [21:36<3:44:12,  5.59s/it, video=PU-XOFIJMlg, orig=119, new=612, final=687, dup=44]
                                                                                                                        
──────────────────────────────────────────────────────────────────────
📹 Video: PU-XOFIJMlg
──────────────────────────────────────────────────────────────────────
  📊 Scores: Max=0.9293 | Min=0.0157 | Range=[0.0157, 0.9293]
  🎯 Threshold: 0.6505 (70.0% of max)
  ✅ High-Score Frames: 11/119 (9.2%)
  📍 First 10 indices: [425, 450, 500, 550, 950, 1375, 1825, 1950, 1975, 2000]
──────────────────────────────────────────────────────────────────────


Processing videos:  11%|▏ | 293/2700 [21:36<3:44:12,  5.59s/it, video=PU-XOFIJMlg, orig=119, new=612, final=687, dup=44]
Processing videos:  11%|▏ | 293/2700 [21:42<3:44:12,  5.59s/it, video=PU-XOFIJMlg, orig=119, new=371, final=463, dup=27]
Processing videos:  11%|▏ | 294/2700 [21:42<3:52:51,  5.81s/it, video=PU-XOFIJMlg, orig=119, new=371, final=463, dup=27]
                                                                                                                        
──────────────────────────────────────────────────────────────────────
📹 Video: Ij-FYOrklFE
──────────────────────────────────────────────────────────────────────
  📊 Scores: Max=0.9829 | Min=0.0013 | Range=[0.0013, 0.9829]
  🎯 Threshold: 0.6880 (70.0% of max)
  ✅ High-Score Frames: 34/86 (39.5%)
  📍 First 10 indices: [115, 138, 161, 184, 207, 230, 253, 276, 368, 391]
──────────────────────────────────────────────────────────────────────


Processing videos:  11%|▏ | 294/2700 [21:42<3:52:51,  5.81s/it, video=PU-XOFIJMlg, orig=119, new=371, final=463, dup=27]
Processing videos:  11%| | 294/2700 [21:59<3:52:51,  5.81s/it, video=Ij-FYOrklFE, orig=86, new=1099, final=1137, dup=48]
Processing videos:  11%| | 295/2700 [21:59<6:07:20,  9.16s/it, video=Ij-FYOrklFE, orig=86, new=1099, final=1137, dup=48]
                                                                                                                        
──────────────────────────────────────────────────────────────────────
📹 Video: Ij-FYOrklFE
──────────────────────────────────────────────────────────────────────
  📊 Scores: Max=0.1967 | Min=0.0005 | Range=[0.0005, 0.1967]
  🎯 Threshold: 0.1377 (70.0% of max)
  ✅ High-Score Frames: 2/86 (2.3%)
  📍 First 10 indices: [1863, 1886]
──────────────────────────────────────────────────────────────────────


Processing videos:  11%| | 295/2700 [21:59<6:07:20,  9.16s/it, video=Ij-FYOrklFE, orig=86, new=1099, final=1137, dup=48]
Processing videos:  11%|▌    | 295/2700 [22:01<6:07:20,  9.16s/it, video=Ij-FYOrklFE, orig=86, new=96, final=178, dup=4]
Processing videos:  11%|▌    | 296/2700 [22:01<4:35:04,  6.87s/it, video=Ij-FYOrklFE, orig=86, new=96, final=178, dup=4]
                                                                                                                        
──────────────────────────────────────────────────────────────────────
📹 Video: Ij-FYOrklFE
──────────────────────────────────────────────────────────────────────
  📊 Scores: Max=0.9958 | Min=0.0022 | Range=[0.0022, 0.9958]
  🎯 Threshold: 0.6971 (70.0% of max)
  ✅ High-Score Frames: 40/86 (46.5%)
  📍 First 10 indices: [0, 161, 230, 253, 276, 299, 368, 391, 414, 437]
──────────────────────────────────────────────────────────────────────


Processing videos:  11%|▌    | 296/2700 [22:01<4:35:04,  6.87s/it, video=Ij-FYOrklFE, orig=86, new=96, final=178, dup=4]
Processing videos:  11%| | 296/2700 [22:20<4:35:04,  6.87s/it, video=Ij-FYOrklFE, orig=86, new=1264, final=1294, dup=56]
Processing videos:  11%| | 297/2700 [22:20<6:56:57, 10.41s/it, video=Ij-FYOrklFE, orig=86, new=1264, final=1294, dup=56]
                                                                                                                        
──────────────────────────────────────────────────────────────────────
📹 Video: 56yT3H_DjVE
──────────────────────────────────────────────────────────────────────
  📊 Scores: Max=0.8556 | Min=0.0040 | Range=[0.0040, 0.8556]
  🎯 Threshold: 0.5989 (70.0% of max)
  ✅ High-Score Frames: 4/44 (9.1%)
  📍 First 10 indices: [600, 650, 725, 900]
──────────────────────────────────────────────────────────────────────


Processing videos:  11%| | 297/2700 [22:20<6:56:57, 10.41s/it, video=Ij-FYOrklFE, orig=86, new=1264, final=1294, dup=56]
Processing videos:  11%|▎  | 297/2700 [22:22<6:56:57, 10.41s/it, video=56yT3H_DjVE, orig=44, new=130, final=164, dup=10]
Processing videos:  11%|▎  | 298/2700 [22:22<5:24:00,  8.09s/it, video=56yT3H_DjVE, orig=44, new=130, final=164, dup=10]
                                                                                                                        
──────────────────────────────────────────────────────────────────────
📹 Video: 56yT3H_DjVE
──────────────────────────────────────────────────────────────────────
  📊 Scores: Max=0.9979 | Min=0.0063 | Range=[0.0063, 0.9979]
  🎯 Threshold: 0.6985 (70.0% of max)
  ✅ High-Score Frames: 21/44 (47.7%)
  📍 First 10 indices: [25, 50, 125, 200, 225, 250, 275, 300, 325, 475]
──────────────────────────────────────────────────────────────────────


Processing videos:  11%|▎  | 298/2700 [22:22<5:24:00,  8.09s/it, video=56yT3H_DjVE, orig=44, new=130, final=164, dup=10]
Processing videos:  11%|▎  | 298/2700 [22:31<5:24:00,  8.09s/it, video=56yT3H_DjVE, orig=44, new=577, final=588, dup=33]
Processing videos:  11%|▎  | 299/2700 [22:31<5:33:30,  8.33s/it, video=56yT3H_DjVE, orig=44, new=577, final=588, dup=33]
                                                                                                                        
──────────────────────────────────────────────────────────────────────
📹 Video: 56yT3H_DjVE
──────────────────────────────────────────────────────────────────────
  📊 Scores: Max=0.9991 | Min=0.0001 | Range=[0.0001, 0.9991]
  🎯 Threshold: 0.6994 (70.0% of max)
  ✅ High-Score Frames: 3/44 (6.8%)
  📍 First 10 indices: [600, 725, 850]
──────────────────────────────────────────────────────────────────────


Processing videos:  11%|▎  | 299/2700 [22:31<5:33:30,  8.33s/it, video=56yT3H_DjVE, orig=44, new=577, final=588, dup=33]
Processing videos:  11%|▍   | 299/2700 [22:33<5:33:30,  8.33s/it, video=56yT3H_DjVE, orig=44, new=105, final=140, dup=9]
                                                                                                                        
======================================================================

Processing videos:  11%|▍   | 299/2700 [22:33<5:33:30,  8.33s/it, video=56yT3H_DjVE, orig=44, new=105, final=140, dup=9]
                                                                                                                        
💾 CHECKPOINT SAVED [300/2700]

Processing videos:  11%|▍   | 299/2700 [22:33<5:33:30,  8.33s/it, video=56yT3H_DjVE, orig=44, new=105, final=140, dup=9]
                                                                                                                        
======================================================================

Processing videos:  11%|▍   | 299/2700 [22:33<5:33:30,  8.33s/it, video=56yT3H_DjVE, orig=44, new=105, final=140, dup=9]
                                                                                                                        
  GPU Memory: 0.00GB allocated, 0.00GB reserved

Processing videos:  11%|▍   | 299/2700 [22:33<5:33:30,  8.33s/it, video=56yT3H_DjVE, orig=44, new=105, final=140, dup=9]
                                                                                                                        
  Videos processed: 300

Processing videos:  11%|▍   | 299/2700 [22:33<5:33:30,  8.33s/it, video=56yT3H_DjVE, orig=44, new=105, final=140, dup=9]
                                                                                                                        
  With dense sampling: 300

Processing videos:  11%|▍   | 299/2700 [22:33<5:33:30,  8.33s/it, video=56yT3H_DjVE, orig=44, new=105, final=140, dup=9]
                                                                                                                        
  Total frames: 187,243

Processing videos:  11%|▍   | 299/2700 [22:33<5:33:30,  8.33s/it, video=56yT3H_DjVE, orig=44, new=105, final=140, dup=9]
                                                                                                                        
  Elapsed time: 22.56 min

Processing videos:  11%|▍   | 299/2700 [22:33<5:33:30,  8.33s/it, video=56yT3H_DjVE, orig=44, new=105, final=140, dup=9]
                                                                                                                        
  Speed: 0.13 videos/sec

Processing videos:  11%|▍   | 299/2700 [22:33<5:33:30,  8.33s/it, video=56yT3H_DjVE, orig=44, new=105, final=140, dup=9]
                                                                                                                        
  ✅ Safe to restart if needed

Processing videos:  11%|▍   | 299/2700 [22:33<5:33:30,  8.33s/it, video=56yT3H_DjVE, orig=44, new=105, final=140, dup=9]
                                                                                                                        
======================================================================


Processing videos:  11%|▍   | 299/2700 [22:33<5:33:30,  8.33s/it, video=56yT3H_DjVE, orig=44, new=105, final=140, dup=9]
Processing videos:  11%|▍   | 300/2700 [22:33<4:17:53,  6.45s/it, video=56yT3H_DjVE, orig=44, new=105, final=140, dup=9]
                                                                                                                        
──────────────────────────────────────────────────────────────────────
📹 Video: tiMaUSvlzIU
──────────────────────────────────────────────────────────────────────
  📊 Scores: Max=0.8458 | Min=0.0217 | Range=[0.0217, 0.8458]
  🎯 Threshold: 0.5921 (70.0% of max)
  ✅ High-Score Frames: 16/47 (34.0%)
  📍 First 10 indices: [145, 174, 290, 319, 609, 638, 696, 725, 870, 1044]
──────────────────────────────────────────────────────────────────────


Processing videos:  11%|▍   | 300/2700 [22:33<4:17:53,  6.45s/it, video=56yT3H_DjVE, orig=44, new=105, final=140, dup=9]
Processing videos:  11%|▎  | 300/2700 [22:43<4:17:53,  6.45s/it, video=tiMaUSvlzIU, orig=47, new=591, final=606, dup=32]
Processing videos:  11%|▎  | 301/2700 [22:43<4:53:21,  7.34s/it, video=tiMaUSvlzIU, orig=47, new=591, final=606, dup=32]
                                                                                                                        
──────────────────────────────────────────────────────────────────────
📹 Video: tiMaUSvlzIU
──────────────────────────────────────────────────────────────────────
  📊 Scores: Max=0.4692 | Min=0.0230 | Range=[0.0230, 0.4692]
  🎯 Threshold: 0.3284 (70.0% of max)
  ✅ High-Score Frames: 15/47 (31.9%)
  📍 First 10 indices: [145, 290, 580, 638, 696, 754, 783, 812, 841, 870]
──────────────────────────────────────────────────────────────────────


Processing videos:  11%|▎  | 301/2700 [22:43<4:53:21,  7.34s/it, video=tiMaUSvlzIU, orig=47, new=591, final=606, dup=32]
Processing videos:  11%|▎  | 301/2700 [22:51<4:53:21,  7.34s/it, video=tiMaUSvlzIU, orig=47, new=559, final=576, dup=30]
Processing videos:  11%|▎  | 302/2700 [22:52<5:11:59,  7.81s/it, video=tiMaUSvlzIU, orig=47, new=559, final=576, dup=30]
                                                                                                                        
──────────────────────────────────────────────────────────────────────
📹 Video: tiMaUSvlzIU
──────────────────────────────────────────────────────────────────────
  📊 Scores: Max=0.2996 | Min=0.0092 | Range=[0.0092, 0.2996]
  🎯 Threshold: 0.2097 (70.0% of max)
  ✅ High-Score Frames: 3/47 (6.4%)
  📍 First 10 indices: [145, 319, 696]
──────────────────────────────────────────────────────────────────────


Processing videos:  11%|▎  | 302/2700 [22:52<5:11:59,  7.81s/it, video=tiMaUSvlzIU, orig=47, new=559, final=576, dup=30]
Processing videos:  11%|▍   | 302/2700 [22:54<5:11:59,  7.81s/it, video=tiMaUSvlzIU, orig=47, new=123, final=161, dup=9]
Processing videos:  11%|▍   | 303/2700 [22:54<4:02:33,  6.07s/it, video=tiMaUSvlzIU, orig=47, new=123, final=161, dup=9]
                                                                                                                        
──────────────────────────────────────────────────────────────────────
📹 Video: 0IdYJGBmguM
──────────────────────────────────────────────────────────────────────
  📊 Scores: Max=0.1919 | Min=0.0092 | Range=[0.0092, 0.1919]
  🎯 Threshold: 0.1343 (70.0% of max)
  ✅ High-Score Frames: 1/92 (1.1%)
  📍 First 10 indices: [0]
──────────────────────────────────────────────────────────────────────


Processing videos:  11%|▍   | 303/2700 [22:54<4:02:33,  6.07s/it, video=tiMaUSvlzIU, orig=47, new=123, final=161, dup=9]
Processing videos:  11%|▌    | 303/2700 [22:54<4:02:33,  6.07s/it, video=0IdYJGBmguM, orig=92, new=24, final=114, dup=2]
Processing videos:  11%|▌    | 304/2700 [22:54<2:56:42,  4.43s/it, video=0IdYJGBmguM, orig=92, new=24, final=114, dup=2]
                                                                                                                        
──────────────────────────────────────────────────────────────────────
📹 Video: 0IdYJGBmguM
──────────────────────────────────────────────────────────────────────
  📊 Scores: Max=0.8481 | Min=0.0325 | Range=[0.0325, 0.8481]
  🎯 Threshold: 0.5937 (70.0% of max)
  ✅ High-Score Frames: 5/92 (5.4%)
  📍 First 10 indices: [713, 1242, 1541, 1748, 1817]
──────────────────────────────────────────────────────────────────────


Processing videos:  11%|▌    | 304/2700 [22:54<2:56:42,  4.43s/it, video=0IdYJGBmguM, orig=92, new=24, final=114, dup=2]
Processing videos:  11%|▎  | 304/2700 [22:58<2:56:42,  4.43s/it, video=0IdYJGBmguM, orig=92, new=245, final=322, dup=15]
Processing videos:  11%|▎  | 305/2700 [22:58<2:48:54,  4.23s/it, video=0IdYJGBmguM, orig=92, new=245, final=322, dup=15]
                                                                                                                        
──────────────────────────────────────────────────────────────────────
📹 Video: 0IdYJGBmguM
──────────────────────────────────────────────────────────────────────
  📊 Scores: Max=0.5498 | Min=0.0015 | Range=[0.0015, 0.5498]
  🎯 Threshold: 0.3849 (70.0% of max)
  ✅ High-Score Frames: 4/92 (4.3%)
  📍 First 10 indices: [1242, 1518, 1817, 1886]
──────────────────────────────────────────────────────────────────────


Processing videos:  11%|▎  | 305/2700 [22:58<2:48:54,  4.23s/it, video=0IdYJGBmguM, orig=92, new=245, final=322, dup=15]
Processing videos:  11%|▎  | 305/2700 [23:01<2:48:54,  4.23s/it, video=0IdYJGBmguM, orig=92, new=196, final=276, dup=12]
Processing videos:  11%|▎  | 306/2700 [23:01<2:34:45,  3.88s/it, video=0IdYJGBmguM, orig=92, new=196, final=276, dup=12]
                                                                                                                        
──────────────────────────────────────────────────────────────────────
📹 Video: G267g0DpCVg
──────────────────────────────────────────────────────────────────────
  📊 Scores: Max=0.8336 | Min=0.0102 | Range=[0.0102, 0.8336]
  🎯 Threshold: 0.5835 (70.0% of max)
  ✅ High-Score Frames: 3/62 (4.8%)
  📍 First 10 indices: [69, 184, 253]
──────────────────────────────────────────────────────────────────────


Processing videos:  11%|▎  | 306/2700 [23:01<2:34:45,  3.88s/it, video=0IdYJGBmguM, orig=92, new=196, final=276, dup=12]
Processing videos:  11%|▍   | 306/2700 [23:04<2:34:45,  3.88s/it, video=G267g0DpCVg, orig=62, new=147, final=200, dup=9]
Processing videos:  11%|▍   | 307/2700 [23:04<2:20:27,  3.52s/it, video=G267g0DpCVg, orig=62, new=147, final=200, dup=9]
                                                                                                                        
──────────────────────────────────────────────────────────────────────
📹 Video: G267g0DpCVg
──────────────────────────────────────────────────────────────────────
  📊 Scores: Max=0.9140 | Min=0.0153 | Range=[0.0153, 0.9140]
  🎯 Threshold: 0.6398 (70.0% of max)
  ✅ High-Score Frames: 18/62 (29.0%)
  📍 First 10 indices: [483, 575, 598, 621, 667, 713, 759, 874, 920, 943]
──────────────────────────────────────────────────────────────────────


Processing videos:  11%|▍   | 307/2700 [23:04<2:20:27,  3.52s/it, video=G267g0DpCVg, orig=62, new=147, final=200, dup=9]
Processing videos:  11%|▎  | 307/2700 [23:13<2:20:27,  3.52s/it, video=G267g0DpCVg, orig=62, new=662, final=691, dup=33]
Processing videos:  11%|▎  | 308/2700 [23:13<3:32:01,  5.32s/it, video=G267g0DpCVg, orig=62, new=662, final=691, dup=33]
                                                                                                                        
──────────────────────────────────────────────────────────────────────
📹 Video: G267g0DpCVg
──────────────────────────────────────────────────────────────────────
  📊 Scores: Max=0.3131 | Min=0.0017 | Range=[0.0017, 0.3131]
  🎯 Threshold: 0.2192 (70.0% of max)
  ✅ High-Score Frames: 2/62 (3.2%)
  📍 First 10 indices: [0, 1403]
──────────────────────────────────────────────────────────────────────


Processing videos:  11%|▎  | 308/2700 [23:13<3:32:01,  5.32s/it, video=G267g0DpCVg, orig=62, new=662, final=691, dup=33]
Processing videos:  11%|▌    | 308/2700 [23:14<3:32:01,  5.32s/it, video=G267g0DpCVg, orig=62, new=67, final=125, dup=4]
Processing videos:  11%|▌    | 309/2700 [23:14<2:43:20,  4.10s/it, video=G267g0DpCVg, orig=62, new=67, final=125, dup=4]
                                                                                                                        
──────────────────────────────────────────────────────────────────────
📹 Video: _cZXyj6rYVg
──────────────────────────────────────────────────────────────────────
  📊 Scores: Max=0.4328 | Min=0.0576 | Range=[0.0576, 0.4328]
  🎯 Threshold: 0.3029 (70.0% of max)
  ✅ High-Score Frames: 2/41 (4.9%)
  📍 First 10 indices: [0, 29]
──────────────────────────────────────────────────────────────────────


Processing videos:  11%|▌    | 309/2700 [23:14<2:43:20,  4.10s/it, video=G267g0DpCVg, orig=62, new=67, final=125, dup=4]
Processing videos:  11%|▋     | 309/2700 [23:15<2:43:20,  4.10s/it, video=_cZXyj6rYVg, orig=41, new=31, final=69, dup=3]
Processing videos:  11%|▋     | 310/2700 [23:15<2:02:01,  3.06s/it, video=_cZXyj6rYVg, orig=41, new=31, final=69, dup=3]
                                                                                                                        
──────────────────────────────────────────────────────────────────────
📹 Video: _cZXyj6rYVg
──────────────────────────────────────────────────────────────────────
  📊 Scores: Max=0.4709 | Min=0.0054 | Range=[0.0054, 0.4709]
  🎯 Threshold: 0.3297 (70.0% of max)
  ✅ High-Score Frames: 1/41 (2.4%)
  📍 First 10 indices: [725]
──────────────────────────────────────────────────────────────────────


Processing videos:  11%|▋     | 310/2700 [23:15<2:02:01,  3.06s/it, video=_cZXyj6rYVg, orig=41, new=31, final=69, dup=3]
Processing videos:  11%|▋     | 310/2700 [23:16<2:02:01,  3.06s/it, video=_cZXyj6rYVg, orig=41, new=41, final=79, dup=3]
Processing videos:  12%|▋     | 311/2700 [23:16<1:33:27,  2.35s/it, video=_cZXyj6rYVg, orig=41, new=41, final=79, dup=3]
                                                                                                                        
──────────────────────────────────────────────────────────────────────
📹 Video: _cZXyj6rYVg
──────────────────────────────────────────────────────────────────────
  📊 Scores: Max=0.9759 | Min=0.0875 | Range=[0.0875, 0.9759]
  🎯 Threshold: 0.6831 (70.0% of max)
  ✅ High-Score Frames: 19/41 (46.3%)
  📍 First 10 indices: [0, 29, 58, 87, 174, 203, 232, 609, 638, 754]
──────────────────────────────────────────────────────────────────────


Processing videos:  12%|▋     | 311/2700 [23:16<1:33:27,  2.35s/it, video=_cZXyj6rYVg, orig=41, new=41, final=79, dup=3]
Processing videos:  12%|▎  | 311/2700 [23:25<1:33:27,  2.35s/it, video=_cZXyj6rYVg, orig=41, new=619, final=629, dup=31]
Processing videos:  12%|▎  | 312/2700 [23:25<3:02:04,  4.57s/it, video=_cZXyj6rYVg, orig=41, new=619, final=629, dup=31]
                                                                                                                        
──────────────────────────────────────────────────────────────────────
📹 Video: rQhLWHtHyiM
──────────────────────────────────────────────────────────────────────
  📊 Scores: Max=0.9516 | Min=0.0478 | Range=[0.0478, 0.9516]
  🎯 Threshold: 0.6661 (70.0% of max)
  ✅ High-Score Frames: 1/48 (2.1%)
  📍 First 10 indices: [200]
──────────────────────────────────────────────────────────────────────


Processing videos:  12%|▎  | 312/2700 [23:26<3:02:04,  4.57s/it, video=_cZXyj6rYVg, orig=41, new=619, final=629, dup=31]
Processing videos:  12%|▋     | 312/2700 [23:26<3:02:04,  4.57s/it, video=rQhLWHtHyiM, orig=48, new=35, final=80, dup=3]
Processing videos:  12%|▋     | 313/2700 [23:26<2:14:28,  3.38s/it, video=rQhLWHtHyiM, orig=48, new=35, final=80, dup=3]
                                                                                                                        
──────────────────────────────────────────────────────────────────────
📹 Video: rQhLWHtHyiM
──────────────────────────────────────────────────────────────────────
  📊 Scores: Max=0.9014 | Min=0.0056 | Range=[0.0056, 0.9014]
  🎯 Threshold: 0.6310 (70.0% of max)
  ✅ High-Score Frames: 3/48 (6.2%)
  📍 First 10 indices: [475, 625, 650]
──────────────────────────────────────────────────────────────────────


Processing videos:  12%|▋     | 313/2700 [23:26<2:14:28,  3.38s/it, video=rQhLWHtHyiM, orig=48, new=35, final=80, dup=3]
Processing videos:  12%|▍   | 313/2700 [23:28<2:14:28,  3.38s/it, video=rQhLWHtHyiM, orig=48, new=104, final=144, dup=8]
Processing videos:  12%|▍   | 314/2700 [23:28<1:53:58,  2.87s/it, video=rQhLWHtHyiM, orig=48, new=104, final=144, dup=8]
                                                                                                                        
──────────────────────────────────────────────────────────────────────
📹 Video: rQhLWHtHyiM
──────────────────────────────────────────────────────────────────────
  📊 Scores: Max=0.5031 | Min=0.0106 | Range=[0.0106, 0.5031]
  🎯 Threshold: 0.3522 (70.0% of max)
  ✅ High-Score Frames: 14/48 (29.2%)
  📍 First 10 indices: [0, 25, 50, 75, 100, 150, 200, 275, 300, 525]
──────────────────────────────────────────────────────────────────────


Processing videos:  12%|▍   | 314/2700 [23:28<1:53:58,  2.87s/it, video=rQhLWHtHyiM, orig=48, new=104, final=144, dup=8]
Processing videos:  12%|▎  | 314/2700 [23:34<1:53:58,  2.87s/it, video=rQhLWHtHyiM, orig=48, new=387, final=408, dup=27]
Processing videos:  12%|▎  | 315/2700 [23:34<2:30:46,  3.79s/it, video=rQhLWHtHyiM, orig=48, new=387, final=408, dup=27]
                                                                                                                        
──────────────────────────────────────────────────────────────────────
📹 Video: bYXhA8VG8Lw
──────────────────────────────────────────────────────────────────────
  📊 Scores: Max=0.1532 | Min=0.0007 | Range=[0.0007, 0.1532]
  🎯 Threshold: 0.1072 (70.0% of max)
  ✅ High-Score Frames: 2/95 (2.1%)
  📍 First 10 indices: [100, 275]
──────────────────────────────────────────────────────────────────────


Processing videos:  12%|▎  | 315/2700 [23:34<2:30:46,  3.79s/it, video=rQhLWHtHyiM, orig=48, new=387, final=408, dup=27]
Processing videos:  12%|▌    | 315/2700 [23:35<2:30:46,  3.79s/it, video=bYXhA8VG8Lw, orig=95, new=70, final=159, dup=6]
Processing videos:  12%|▌    | 316/2700 [23:35<1:59:33,  3.01s/it, video=bYXhA8VG8Lw, orig=95, new=70, final=159, dup=6]
                                                                                                                        
──────────────────────────────────────────────────────────────────────
📹 Video: bYXhA8VG8Lw
──────────────────────────────────────────────────────────────────────
  📊 Scores: Max=0.7909 | Min=0.0030 | Range=[0.0030, 0.7909]
  🎯 Threshold: 0.5536 (70.0% of max)
  ✅ High-Score Frames: 17/95 (17.9%)
  📍 First 10 indices: [75, 600, 625, 800, 850, 1050, 1150, 1175, 1525, 1575]
──────────────────────────────────────────────────────────────────────


Processing videos:  12%|▌    | 316/2700 [23:35<1:59:33,  3.01s/it, video=bYXhA8VG8Lw, orig=95, new=70, final=159, dup=6]
Processing videos:  12%|▎  | 316/2700 [23:44<1:59:33,  3.01s/it, video=bYXhA8VG8Lw, orig=95, new=549, final=607, dup=37]
Processing videos:  12%|▎  | 317/2700 [23:44<3:09:35,  4.77s/it, video=bYXhA8VG8Lw, orig=95, new=549, final=607, dup=37]
                                                                                                                        
──────────────────────────────────────────────────────────────────────
📹 Video: bYXhA8VG8Lw
──────────────────────────────────────────────────────────────────────
  📊 Scores: Max=0.1947 | Min=0.0200 | Range=[0.0200, 0.1947]
  🎯 Threshold: 0.1363 (70.0% of max)
  ✅ High-Score Frames: 3/95 (3.2%)
  📍 First 10 indices: [1425, 1475, 1575]
──────────────────────────────────────────────────────────────────────


Processing videos:  12%|▎  | 317/2700 [23:44<3:09:35,  4.77s/it, video=bYXhA8VG8Lw, orig=95, new=549, final=607, dup=37]
Processing videos:  12%|▍   | 317/2700 [23:45<3:09:35,  4.77s/it, video=bYXhA8VG8Lw, orig=95, new=104, final=191, dup=8]
Processing videos:  12%|▍   | 318/2700 [23:45<2:32:33,  3.84s/it, video=bYXhA8VG8Lw, orig=95, new=104, final=191, dup=8]
                                                                                                                        
──────────────────────────────────────────────────────────────────────
📹 Video: 2Qno7H4BwAU
──────────────────────────────────────────────────────────────────────
  📊 Scores: Max=0.9198 | Min=0.0014 | Range=[0.0014, 0.9198]
  🎯 Threshold: 0.6439 (70.0% of max)
  ✅ High-Score Frames: 8/82 (9.8%)
  📍 First 10 indices: [184, 782, 828, 851, 1219, 1334, 1357, 1380]
──────────────────────────────────────────────────────────────────────


Processing videos:  12%|▍   | 318/2700 [23:45<2:32:33,  3.84s/it, video=bYXhA8VG8Lw, orig=95, new=104, final=191, dup=8]
Processing videos:  12%|▎  | 318/2700 [23:51<2:32:33,  3.84s/it, video=2Qno7H4BwAU, orig=82, new=337, final=402, dup=17]
Processing videos:  12%|▎  | 319/2700 [23:51<2:48:24,  4.24s/it, video=2Qno7H4BwAU, orig=82, new=337, final=402, dup=17]
                                                                                                                        
──────────────────────────────────────────────────────────────────────
📹 Video: 2Qno7H4BwAU
──────────────────────────────────────────────────────────────────────
  📊 Scores: Max=0.9848 | Min=0.0238 | Range=[0.0238, 0.9848]
  🎯 Threshold: 0.6893 (70.0% of max)
  ✅ High-Score Frames: 15/82 (18.3%)
  📍 First 10 indices: [0, 23, 46, 69, 299, 322, 345, 414, 529, 552]
──────────────────────────────────────────────────────────────────────


Processing videos:  12%|▎  | 319/2700 [23:51<2:48:24,  4.24s/it, video=2Qno7H4BwAU, orig=82, new=337, final=402, dup=17]
Processing videos:  12%|▎  | 319/2700 [23:59<2:48:24,  4.24s/it, video=2Qno7H4BwAU, orig=82, new=541, final=594, dup=29]
Processing videos:  12%|▎  | 320/2700 [23:59<3:35:30,  5.43s/it, video=2Qno7H4BwAU, orig=82, new=541, final=594, dup=29]
                                                                                                                        
──────────────────────────────────────────────────────────────────────
📹 Video: 2Qno7H4BwAU
──────────────────────────────────────────────────────────────────────
  📊 Scores: Max=0.9944 | Min=0.0006 | Range=[0.0006, 0.9944]
  🎯 Threshold: 0.6961 (70.0% of max)
  ✅ High-Score Frames: 15/82 (18.3%)
  📍 First 10 indices: [0, 23, 46, 69, 299, 322, 345, 414, 529, 552]
──────────────────────────────────────────────────────────────────────


Processing videos:  12%|▎  | 320/2700 [23:59<3:35:30,  5.43s/it, video=2Qno7H4BwAU, orig=82, new=541, final=594, dup=29]
Processing videos:  12%|▎  | 320/2700 [24:07<3:35:30,  5.43s/it, video=2Qno7H4BwAU, orig=82, new=541, final=594, dup=29]
Processing videos:  12%|▎  | 321/2700 [24:07<4:07:39,  6.25s/it, video=2Qno7H4BwAU, orig=82, new=541, final=594, dup=29]
                                                                                                                        
──────────────────────────────────────────────────────────────────────
📹 Video: a0AGwUACt7E
──────────────────────────────────────────────────────────────────────
  📊 Scores: Max=0.9550 | Min=0.0000 | Range=[0.0000, 0.9550]
  🎯 Threshold: 0.6685 (70.0% of max)
  ✅ High-Score Frames: 6/77 (7.8%)
  📍 First 10 indices: [483, 506, 529, 552, 621, 644]
──────────────────────────────────────────────────────────────────────


Processing videos:  12%|▎  | 321/2700 [24:07<4:07:39,  6.25s/it, video=2Qno7H4BwAU, orig=82, new=541, final=594, dup=29]
Processing videos:  12%|▎  | 321/2700 [24:11<4:07:39,  6.25s/it, video=a0AGwUACt7E, orig=77, new=234, final=301, dup=10]
Processing videos:  12%|▎  | 322/2700 [24:11<3:41:51,  5.60s/it, video=a0AGwUACt7E, orig=77, new=234, final=301, dup=10]
                                                                                                                        
──────────────────────────────────────────────────────────────────────
📹 Video: a0AGwUACt7E
──────────────────────────────────────────────────────────────────────
  📊 Scores: Max=0.9796 | Min=0.0035 | Range=[0.0035, 0.9796]
  🎯 Threshold: 0.6858 (70.0% of max)
  ✅ High-Score Frames: 16/77 (20.8%)
  📍 First 10 indices: [0, 23, 46, 138, 161, 207, 230, 253, 276, 345]
──────────────────────────────────────────────────────────────────────


Processing videos:  12%|▎  | 322/2700 [24:11<3:41:51,  5.60s/it, video=a0AGwUACt7E, orig=77, new=234, final=301, dup=10]
Processing videos:  12%|▎  | 322/2700 [24:19<3:41:51,  5.60s/it, video=a0AGwUACt7E, orig=77, new=539, final=589, dup=27]
Processing videos:  12%|▎  | 323/2700 [24:19<4:14:44,  6.43s/it, video=a0AGwUACt7E, orig=77, new=539, final=589, dup=27]
                                                                                                                        
──────────────────────────────────────────────────────────────────────
📹 Video: a0AGwUACt7E
──────────────────────────────────────────────────────────────────────
  📊 Scores: Max=0.9858 | Min=0.0157 | Range=[0.0157, 0.9858]
  🎯 Threshold: 0.6901 (70.0% of max)
  ✅ High-Score Frames: 33/77 (42.9%)
  📍 First 10 indices: [276, 368, 713, 736, 759, 782, 805, 828, 851, 874]
──────────────────────────────────────────────────────────────────────


Processing videos:  12%|▎  | 323/2700 [24:19<4:14:44,  6.43s/it, video=a0AGwUACt7E, orig=77, new=539, final=589, dup=27]
Processing videos:  12%|▏ | 323/2700 [24:34<4:14:44,  6.43s/it, video=a0AGwUACt7E, orig=77, new=976, final=1009, dup=44]
Processing videos:  12%|▏ | 324/2700 [24:34<5:51:34,  8.88s/it, video=a0AGwUACt7E, orig=77, new=976, final=1009, dup=44]
                                                                                                                        
──────────────────────────────────────────────────────────────────────
📹 Video: qu9ImFMLYxw
──────────────────────────────────────────────────────────────────────
  📊 Scores: Max=0.6025 | Min=0.0070 | Range=[0.0070, 0.6025]
  🎯 Threshold: 0.4218 (70.0% of max)
  ✅ High-Score Frames: 3/50 (6.0%)
  📍 First 10 indices: [46, 69, 506]
──────────────────────────────────────────────────────────────────────


Processing videos:  12%|▏ | 324/2700 [24:34<5:51:34,  8.88s/it, video=a0AGwUACt7E, orig=77, new=976, final=1009, dup=44]
Processing videos:  12%|▍   | 324/2700 [24:36<5:51:34,  8.88s/it, video=qu9ImFMLYxw, orig=50, new=109, final=152, dup=7]
                                                                                                                        
======================================================================

Processing videos:  12%|▍   | 324/2700 [24:36<5:51:34,  8.88s/it, video=qu9ImFMLYxw, orig=50, new=109, final=152, dup=7]
                                                                                                                        
💾 CHECKPOINT SAVED [325/2700]

Processing videos:  12%|▍   | 324/2700 [24:36<5:51:34,  8.88s/it, video=qu9ImFMLYxw, orig=50, new=109, final=152, dup=7]
                                                                                                                        
======================================================================

Processing videos:  12%|▍   | 324/2700 [24:36<5:51:34,  8.88s/it, video=qu9ImFMLYxw, orig=50, new=109, final=152, dup=7]
                                                                                                                        
  GPU Memory: 0.00GB allocated, 0.00GB reserved

Processing videos:  12%|▍   | 324/2700 [24:36<5:51:34,  8.88s/it, video=qu9ImFMLYxw, orig=50, new=109, final=152, dup=7]
                                                                                                                        
  Videos processed: 325

Processing videos:  12%|▍   | 324/2700 [24:36<5:51:34,  8.88s/it, video=qu9ImFMLYxw, orig=50, new=109, final=152, dup=7]
                                                                                                                        
  With dense sampling: 325

Processing videos:  12%|▍   | 324/2700 [24:36<5:51:34,  8.88s/it, video=qu9ImFMLYxw, orig=50, new=109, final=152, dup=7]
                                                                                                                        
  Total frames: 196,321

Processing videos:  12%|▍   | 324/2700 [24:36<5:51:34,  8.88s/it, video=qu9ImFMLYxw, orig=50, new=109, final=152, dup=7]
                                                                                                                        
  Elapsed time: 24.61 min

Processing videos:  12%|▍   | 324/2700 [24:36<5:51:34,  8.88s/it, video=qu9ImFMLYxw, orig=50, new=109, final=152, dup=7]
                                                                                                                        
  Speed: 0.14 videos/sec

Processing videos:  12%|▍   | 324/2700 [24:36<5:51:34,  8.88s/it, video=qu9ImFMLYxw, orig=50, new=109, final=152, dup=7]
                                                                                                                        
  ✅ Safe to restart if needed

Processing videos:  12%|▍   | 324/2700 [24:36<5:51:34,  8.88s/it, video=qu9ImFMLYxw, orig=50, new=109, final=152, dup=7]
                                                                                                                        
======================================================================


Processing videos:  12%|▍   | 324/2700 [24:36<5:51:34,  8.88s/it, video=qu9ImFMLYxw, orig=50, new=109, final=152, dup=7]
Processing videos:  12%|▍   | 325/2700 [24:36<4:32:56,  6.90s/it, video=qu9ImFMLYxw, orig=50, new=109, final=152, dup=7]
                                                                                                                        
──────────────────────────────────────────────────────────────────────
📹 Video: qu9ImFMLYxw
──────────────────────────────────────────────────────────────────────
  📊 Scores: Max=0.2252 | Min=0.0008 | Range=[0.0008, 0.2252]
  🎯 Threshold: 0.1577 (70.0% of max)
  ✅ High-Score Frames: 3/50 (6.0%)
  📍 First 10 indices: [0, 23, 966]
──────────────────────────────────────────────────────────────────────


Processing videos:  12%|▍   | 325/2700 [24:36<4:32:56,  6.90s/it, video=qu9ImFMLYxw, orig=50, new=109, final=152, dup=7]
Processing videos:  12%|▌    | 325/2700 [24:38<4:32:56,  6.90s/it, video=qu9ImFMLYxw, orig=50, new=86, final=130, dup=6]
Processing videos:  12%|▌    | 326/2700 [24:38<3:27:13,  5.24s/it, video=qu9ImFMLYxw, orig=50, new=86, final=130, dup=6]
                                                                                                                        
──────────────────────────────────────────────────────────────────────
📹 Video: qu9ImFMLYxw
──────────────────────────────────────────────────────────────────────
  📊 Scores: Max=0.5397 | Min=0.0242 | Range=[0.0242, 0.5397]
  🎯 Threshold: 0.3778 (70.0% of max)
  ✅ High-Score Frames: 2/50 (4.0%)
  📍 First 10 indices: [736, 759]
──────────────────────────────────────────────────────────────────────


Processing videos:  12%|▌    | 326/2700 [24:38<3:27:13,  5.24s/it, video=qu9ImFMLYxw, orig=50, new=86, final=130, dup=6]
Processing videos:  12%|▌    | 326/2700 [24:39<3:27:13,  5.24s/it, video=qu9ImFMLYxw, orig=50, new=96, final=142, dup=4]
Processing videos:  12%|▌    | 327/2700 [24:39<2:42:20,  4.10s/it, video=qu9ImFMLYxw, orig=50, new=96, final=142, dup=4]
                                                                                                                        
──────────────────────────────────────────────────────────────────────
📹 Video: Qgr4dcsY-60
──────────────────────────────────────────────────────────────────────
  📊 Scores: Max=0.0676 | Min=0.0003 | Range=[0.0003, 0.0676]
  🎯 Threshold: 0.0473 (70.0% of max)
  ✅ High-Score Frames: 3/75 (4.0%)
  📍 First 10 indices: [92, 621, 667]
──────────────────────────────────────────────────────────────────────


Processing videos:  12%|▌    | 327/2700 [24:39<2:42:20,  4.10s/it, video=qu9ImFMLYxw, orig=50, new=96, final=142, dup=4]
Processing videos:  12%|▍   | 327/2700 [24:41<2:42:20,  4.10s/it, video=Qgr4dcsY-60, orig=75, new=122, final=189, dup=8]
Processing videos:  12%|▍   | 328/2700 [24:41<2:17:13,  3.47s/it, video=Qgr4dcsY-60, orig=75, new=122, final=189, dup=8]
                                                                                                                        
──────────────────────────────────────────────────────────────────────
📹 Video: Qgr4dcsY-60
──────────────────────────────────────────────────────────────────────
  📊 Scores: Max=0.9914 | Min=0.0001 | Range=[0.0001, 0.9914]
  🎯 Threshold: 0.6940 (70.0% of max)
  ✅ High-Score Frames: 25/75 (33.3%)
  📍 First 10 indices: [69, 92, 115, 138, 161, 184, 207, 230, 460, 483]
──────────────────────────────────────────────────────────────────────


Processing videos:  12%|▍   | 328/2700 [24:41<2:17:13,  3.47s/it, video=Qgr4dcsY-60, orig=75, new=122, final=189, dup=8]
Processing videos:  12%|▎  | 328/2700 [24:53<2:17:13,  3.47s/it, video=Qgr4dcsY-60, orig=75, new=795, final=835, dup=35]
Processing videos:  12%|▎  | 329/2700 [24:53<3:58:27,  6.03s/it, video=Qgr4dcsY-60, orig=75, new=795, final=835, dup=35]
                                                                                                                        
──────────────────────────────────────────────────────────────────────
📹 Video: Qgr4dcsY-60
──────────────────────────────────────────────────────────────────────
  📊 Scores: Max=0.2486 | Min=0.0005 | Range=[0.0005, 0.2486]
  🎯 Threshold: 0.1740 (70.0% of max)
  ✅ High-Score Frames: 5/75 (6.7%)
  📍 First 10 indices: [207, 506, 851, 874, 1035]
──────────────────────────────────────────────────────────────────────


Processing videos:  12%|▎  | 329/2700 [24:53<3:58:27,  6.03s/it, video=Qgr4dcsY-60, orig=75, new=795, final=835, dup=35]
Processing videos:  12%|▎  | 329/2700 [24:58<3:58:27,  6.03s/it, video=Qgr4dcsY-60, orig=75, new=243, final=305, dup=13]
Processing videos:  12%|▎  | 330/2700 [24:58<3:39:07,  5.55s/it, video=Qgr4dcsY-60, orig=75, new=243, final=305, dup=13]
                                                                                                                        
──────────────────────────────────────────────────────────────────────
📹 Video: HmnKbBmYii8
──────────────────────────────────────────────────────────────────────
  📊 Scores: Max=0.9966 | Min=0.0003 | Range=[0.0003, 0.9966]
  🎯 Threshold: 0.6977 (70.0% of max)
  ✅ High-Score Frames: 17/65 (26.2%)
  📍 First 10 indices: [0, 25, 50, 75, 100, 125, 150, 275, 300, 325]
──────────────────────────────────────────────────────────────────────


Processing videos:  12%|▎  | 330/2700 [24:58<3:39:07,  5.55s/it, video=Qgr4dcsY-60, orig=75, new=243, final=305, dup=13]
Processing videos:  12%|▎  | 330/2700 [25:05<3:39:07,  5.55s/it, video=HmnKbBmYii8, orig=65, new=431, final=473, dup=23]
Processing videos:  12%|▎  | 331/2700 [25:05<3:56:06,  5.98s/it, video=HmnKbBmYii8, orig=65, new=431, final=473, dup=23]
                                                                                                                        
──────────────────────────────────────────────────────────────────────
📹 Video: HmnKbBmYii8
──────────────────────────────────────────────────────────────────────
  📊 Scores: Max=0.9937 | Min=0.0001 | Range=[0.0001, 0.9937]
  🎯 Threshold: 0.6956 (70.0% of max)
  ✅ High-Score Frames: 48/65 (73.8%)
  📍 First 10 indices: [0, 25, 50, 75, 100, 125, 150, 250, 275, 300]
──────────────────────────────────────────────────────────────────────


Processing videos:  12%|▎  | 331/2700 [25:05<3:56:06,  5.98s/it, video=HmnKbBmYii8, orig=65, new=431, final=473, dup=23]
Processing videos:  12%| | 331/2700 [25:23<3:56:06,  5.98s/it, video=HmnKbBmYii8, orig=65, new=1231, final=1241, dup=55]
Processing videos:  12%| | 332/2700 [25:23<6:19:34,  9.62s/it, video=HmnKbBmYii8, orig=65, new=1231, final=1241, dup=55]
                                                                                                                        
──────────────────────────────────────────────────────────────────────
📹 Video: HmnKbBmYii8
──────────────────────────────────────────────────────────────────────
  📊 Scores: Max=0.9988 | Min=0.0009 | Range=[0.0009, 0.9988]
  🎯 Threshold: 0.6991 (70.0% of max)
  ✅ High-Score Frames: 10/65 (15.4%)
  📍 First 10 indices: [175, 225, 675, 725, 1300, 1325, 1350, 1375, 1400, 1425]
──────────────────────────────────────────────────────────────────────


Processing videos:  12%| | 332/2700 [25:23<6:19:34,  9.62s/it, video=HmnKbBmYii8, orig=65, new=1231, final=1241, dup=55]
Processing videos:  12%|▎  | 332/2700 [25:28<6:19:34,  9.62s/it, video=HmnKbBmYii8, orig=65, new=315, final=361, dup=19]
Processing videos:  12%|▎  | 333/2700 [25:28<5:26:45,  8.28s/it, video=HmnKbBmYii8, orig=65, new=315, final=361, dup=19]
                                                                                                                        
──────────────────────────────────────────────────────────────────────
📹 Video: MPfuSfiZ96A
──────────────────────────────────────────────────────────────────────
  📊 Scores: Max=0.9973 | Min=0.0001 | Range=[0.0001, 0.9973]
  🎯 Threshold: 0.6981 (70.0% of max)
  ✅ High-Score Frames: 2/77 (2.6%)
  📍 First 10 indices: [200, 225]
──────────────────────────────────────────────────────────────────────


Processing videos:  12%|▎  | 333/2700 [25:28<5:26:45,  8.28s/it, video=HmnKbBmYii8, orig=65, new=315, final=361, dup=19]
Processing videos:  12%|▌    | 333/2700 [25:29<5:26:45,  8.28s/it, video=MPfuSfiZ96A, orig=77, new=69, final=141, dup=5]
Processing videos:  12%|▌    | 334/2700 [25:29<4:02:10,  6.14s/it, video=MPfuSfiZ96A, orig=77, new=69, final=141, dup=5]
                                                                                                                        
──────────────────────────────────────────────────────────────────────
📹 Video: MPfuSfiZ96A
──────────────────────────────────────────────────────────────────────
  📊 Scores: Max=0.9998 | Min=0.0002 | Range=[0.0002, 0.9998]
  🎯 Threshold: 0.6999 (70.0% of max)
  ✅ High-Score Frames: 15/77 (19.5%)
  📍 First 10 indices: [925, 950, 1200, 1225, 1425, 1450, 1475, 1550, 1575, 1600]
──────────────────────────────────────────────────────────────────────


Processing videos:  12%|▌    | 334/2700 [25:29<4:02:10,  6.14s/it, video=MPfuSfiZ96A, orig=77, new=69, final=141, dup=5]
Processing videos:  12%|▎  | 334/2700 [25:36<4:02:10,  6.14s/it, video=MPfuSfiZ96A, orig=77, new=477, final=525, dup=29]
Processing videos:  12%|▎  | 335/2700 [25:36<4:15:45,  6.49s/it, video=MPfuSfiZ96A, orig=77, new=477, final=525, dup=29]
                                                                                                                        
──────────────────────────────────────────────────────────────────────
📹 Video: MPfuSfiZ96A
──────────────────────────────────────────────────────────────────────
  📊 Scores: Max=0.9999 | Min=0.0001 | Range=[0.0001, 0.9999]
  🎯 Threshold: 0.6999 (70.0% of max)
  ✅ High-Score Frames: 24/77 (31.2%)
  📍 First 10 indices: [475, 500, 800, 825, 850, 875, 900, 925, 950, 975]
──────────────────────────────────────────────────────────────────────


Processing videos:  12%|▎  | 335/2700 [25:36<4:15:45,  6.49s/it, video=MPfuSfiZ96A, orig=77, new=477, final=525, dup=29]
Processing videos:  12%|▎  | 335/2700 [25:47<4:15:45,  6.49s/it, video=MPfuSfiZ96A, orig=77, new=657, final=701, dup=33]
Processing videos:  12%|▎  | 336/2700 [25:47<5:02:33,  7.68s/it, video=MPfuSfiZ96A, orig=77, new=657, final=701, dup=33]
                                                                                                                        
──────────────────────────────────────────────────────────────────────
📹 Video: HqAfzcJurMM
──────────────────────────────────────────────────────────────────────
  📊 Scores: Max=0.9729 | Min=0.0003 | Range=[0.0003, 0.9729]
  🎯 Threshold: 0.6811 (70.0% of max)
  ✅ High-Score Frames: 12/111 (10.8%)
  📍 First 10 indices: [483, 506, 529, 552, 575, 736, 759, 782, 805, 828]
──────────────────────────────────────────────────────────────────────


Processing videos:  12%|▎  | 336/2700 [25:47<5:02:33,  7.68s/it, video=MPfuSfiZ96A, orig=77, new=657, final=701, dup=33]
Processing videos:  12%|▏ | 336/2700 [25:53<5:02:33,  7.68s/it, video=HqAfzcJurMM, orig=111, new=403, final=495, dup=19]
Processing videos:  12%|▏ | 337/2700 [25:53<4:43:58,  7.21s/it, video=HqAfzcJurMM, orig=111, new=403, final=495, dup=19]
                                                                                                                        
──────────────────────────────────────────────────────────────────────
📹 Video: HqAfzcJurMM
──────────────────────────────────────────────────────────────────────
  📊 Scores: Max=0.7002 | Min=0.0002 | Range=[0.0002, 0.7002]
  🎯 Threshold: 0.4902 (70.0% of max)
  ✅ High-Score Frames: 4/111 (3.6%)
  📍 First 10 indices: [552, 575, 1334, 1357]
──────────────────────────────────────────────────────────────────────


Processing videos:  12%|▏ | 337/2700 [25:53<4:43:58,  7.21s/it, video=HqAfzcJurMM, orig=111, new=403, final=495, dup=19]
Processing videos:  12%|▎  | 337/2700 [25:56<4:43:58,  7.21s/it, video=HqAfzcJurMM, orig=111, new=192, final=295, dup=8]
Processing videos:  13%|▍  | 338/2700 [25:56<3:59:35,  6.09s/it, video=HqAfzcJurMM, orig=111, new=192, final=295, dup=8]
                                                                                                                        
──────────────────────────────────────────────────────────────────────
📹 Video: HqAfzcJurMM
──────────────────────────────────────────────────────────────────────
  📊 Scores: Max=0.7231 | Min=0.0001 | Range=[0.0001, 0.7231]
  🎯 Threshold: 0.5062 (70.0% of max)
  ✅ High-Score Frames: 2/111 (1.8%)
  📍 First 10 indices: [46, 667]
──────────────────────────────────────────────────────────────────────


Processing videos:  13%|▍  | 338/2700 [25:56<3:59:35,  6.09s/it, video=HqAfzcJurMM, orig=111, new=192, final=295, dup=8]
Processing videos:  13%|▌   | 338/2700 [25:58<3:59:35,  6.09s/it, video=HqAfzcJurMM, orig=111, new=96, final=201, dup=6]
Processing videos:  13%|▌   | 339/2700 [25:58<3:05:55,  4.72s/it, video=HqAfzcJurMM, orig=111, new=96, final=201, dup=6]
                                                                                                                        
──────────────────────────────────────────────────────────────────────
📹 Video: pcO-alfiyEo
──────────────────────────────────────────────────────────────────────
  📊 Scores: Max=0.8114 | Min=0.0022 | Range=[0.0022, 0.8114]
  🎯 Threshold: 0.5680 (70.0% of max)
  ✅ High-Score Frames: 7/104 (6.7%)
  📍 First 10 indices: [2425, 2450, 2475, 2500, 2525, 2550, 2575]
──────────────────────────────────────────────────────────────────────


Processing videos:  13%|▌   | 339/2700 [25:58<3:05:55,  4.72s/it, video=HqAfzcJurMM, orig=111, new=96, final=201, dup=6]
Processing videos:  13%|▍  | 339/2700 [26:01<3:05:55,  4.72s/it, video=pcO-alfiyEo, orig=104, new=200, final=295, dup=9]
Processing videos:  13%|▍  | 340/2700 [26:01<2:51:08,  4.35s/it, video=pcO-alfiyEo, orig=104, new=200, final=295, dup=9]
                                                                                                                        
──────────────────────────────────────────────────────────────────────
📹 Video: pcO-alfiyEo
──────────────────────────────────────────────────────────────────────
  📊 Scores: Max=0.5013 | Min=0.0011 | Range=[0.0011, 0.5013]
  🎯 Threshold: 0.3509 (70.0% of max)
  ✅ High-Score Frames: 2/104 (1.9%)
  📍 First 10 indices: [1475, 1500]
──────────────────────────────────────────────────────────────────────


Processing videos:  13%|▍  | 340/2700 [26:01<2:51:08,  4.35s/it, video=pcO-alfiyEo, orig=104, new=200, final=295, dup=9]
Processing videos:  13%|▌   | 340/2700 [26:02<2:51:08,  4.35s/it, video=pcO-alfiyEo, orig=104, new=69, final=168, dup=5]
Processing videos:  13%|▌   | 341/2700 [26:02<2:13:08,  3.39s/it, video=pcO-alfiyEo, orig=104, new=69, final=168, dup=5]
                                                                                                                        
──────────────────────────────────────────────────────────────────────
📹 Video: pcO-alfiyEo
──────────────────────────────────────────────────────────────────────
  📊 Scores: Max=0.9370 | Min=0.0001 | Range=[0.0001, 0.9370]
  🎯 Threshold: 0.6559 (70.0% of max)
  ✅ High-Score Frames: 2/104 (1.9%)
  📍 First 10 indices: [175, 1300]
──────────────────────────────────────────────────────────────────────


Processing videos:  13%|▌   | 341/2700 [26:02<2:13:08,  3.39s/it, video=pcO-alfiyEo, orig=104, new=69, final=168, dup=5]
Processing videos:  13%|▌   | 341/2700 [26:04<2:13:08,  3.39s/it, video=pcO-alfiyEo, orig=104, new=70, final=168, dup=6]
Processing videos:  13%|▌   | 342/2700 [26:04<1:47:41,  2.74s/it, video=pcO-alfiyEo, orig=104, new=70, final=168, dup=6]
                                                                                                                        
──────────────────────────────────────────────────────────────────────
📹 Video: W86cTIoMv2U
──────────────────────────────────────────────────────────────────────
  📊 Scores: Max=0.8973 | Min=0.0009 | Range=[0.0009, 0.8973]
  🎯 Threshold: 0.6281 (70.0% of max)
  ✅ High-Score Frames: 9/117 (7.7%)
  📍 First 10 indices: [275, 300, 325, 500, 925, 2650, 2675, 2700, 2725]
──────────────────────────────────────────────────────────────────────


Processing videos:  13%|▌   | 342/2700 [26:04<1:47:41,  2.74s/it, video=pcO-alfiyEo, orig=104, new=70, final=168, dup=6]
Processing videos:  13%|▎ | 342/2700 [26:09<1:47:41,  2.74s/it, video=W86cTIoMv2U, orig=117, new=299, final=397, dup=19]
Processing videos:  13%|▎ | 343/2700 [26:09<2:14:05,  3.41s/it, video=W86cTIoMv2U, orig=117, new=299, final=397, dup=19]
                                                                                                                        
──────────────────────────────────────────────────────────────────────
📹 Video: W86cTIoMv2U
──────────────────────────────────────────────────────────────────────
  📊 Scores: Max=0.8913 | Min=0.0004 | Range=[0.0004, 0.8913]
  🎯 Threshold: 0.6239 (70.0% of max)
  ✅ High-Score Frames: 8/117 (6.8%)
  📍 First 10 indices: [275, 300, 325, 500, 2650, 2675, 2700, 2725]
──────────────────────────────────────────────────────────────────────


Processing videos:  13%|▎ | 343/2700 [26:09<2:14:05,  3.41s/it, video=W86cTIoMv2U, orig=117, new=299, final=397, dup=19]
Processing videos:  13%|▎ | 343/2700 [26:13<2:14:05,  3.41s/it, video=W86cTIoMv2U, orig=117, new=264, final=365, dup=16]
Processing videos:  13%|▎ | 344/2700 [26:13<2:22:06,  3.62s/it, video=W86cTIoMv2U, orig=117, new=264, final=365, dup=16]
                                                                                                                        
──────────────────────────────────────────────────────────────────────
📹 Video: W86cTIoMv2U
──────────────────────────────────────────────────────────────────────
  📊 Scores: Max=0.8721 | Min=0.0029 | Range=[0.0029, 0.8721]
  🎯 Threshold: 0.6105 (70.0% of max)
  ✅ High-Score Frames: 16/117 (13.7%)
  📍 First 10 indices: [300, 325, 1300, 1350, 1375, 1400, 1450, 1700, 1725, 1750]
──────────────────────────────────────────────────────────────────────


Processing videos:  13%|▎ | 344/2700 [26:13<2:22:06,  3.62s/it, video=W86cTIoMv2U, orig=117, new=264, final=365, dup=16]
Processing videos:  13%|▎ | 344/2700 [26:21<2:22:06,  3.62s/it, video=W86cTIoMv2U, orig=117, new=474, final=565, dup=26]
Processing videos:  13%|▎ | 345/2700 [26:21<3:11:33,  4.88s/it, video=W86cTIoMv2U, orig=117, new=474, final=565, dup=26]
                                                                                                                        
──────────────────────────────────────────────────────────────────────
📹 Video: qK4G2KpmqFU
──────────────────────────────────────────────────────────────────────
  📊 Scores: Max=0.9990 | Min=0.0004 | Range=[0.0004, 0.9990]
  🎯 Threshold: 0.6993 (70.0% of max)
  ✅ High-Score Frames: 23/99 (23.2%)
  📍 First 10 indices: [644, 667, 690, 713, 736, 759, 782, 805, 828, 851]
──────────────────────────────────────────────────────────────────────


Processing videos:  13%|▎ | 345/2700 [26:21<3:11:33,  4.88s/it, video=W86cTIoMv2U, orig=117, new=474, final=565, dup=26]
Processing videos:  13%|▍  | 345/2700 [26:32<3:11:33,  4.88s/it, video=qK4G2KpmqFU, orig=99, new=701, final=769, dup=31]
Processing videos:  13%|▍  | 346/2700 [26:32<4:22:50,  6.70s/it, video=qK4G2KpmqFU, orig=99, new=701, final=769, dup=31]
                                                                                                                        
──────────────────────────────────────────────────────────────────────
📹 Video: qK4G2KpmqFU
──────────────────────────────────────────────────────────────────────
  📊 Scores: Max=0.9975 | Min=0.0072 | Range=[0.0072, 0.9975]
  🎯 Threshold: 0.6982 (70.0% of max)
  ✅ High-Score Frames: 74/99 (74.7%)
  📍 First 10 indices: [0, 23, 46, 69, 92, 115, 138, 161, 184, 207]
──────────────────────────────────────────────────────────────────────


Processing videos:  13%|▍  | 346/2700 [26:32<4:22:50,  6.70s/it, video=qK4G2KpmqFU, orig=99, new=701, final=769, dup=31]
Processing videos:  13%|▏| 346/2700 [26:57<4:22:50,  6.70s/it, video=qK4G2KpmqFU, orig=99, new=1819, final=1837, dup=81]
Processing videos:  13%|▏| 347/2700 [26:57<8:08:21, 12.45s/it, video=qK4G2KpmqFU, orig=99, new=1819, final=1837, dup=81]
                                                                                                                        
──────────────────────────────────────────────────────────────────────
📹 Video: qK4G2KpmqFU
──────────────────────────────────────────────────────────────────────
  📊 Scores: Max=0.9782 | Min=0.0009 | Range=[0.0009, 0.9782]
  🎯 Threshold: 0.6848 (70.0% of max)
  ✅ High-Score Frames: 6/99 (6.1%)
  📍 First 10 indices: [644, 667, 736, 759, 805, 1863]
──────────────────────────────────────────────────────────────────────


Processing videos:  13%|▏| 347/2700 [26:57<8:08:21, 12.45s/it, video=qK4G2KpmqFU, orig=99, new=1819, final=1837, dup=81]
Processing videos:  13%|▍  | 347/2700 [27:01<8:08:21, 12.45s/it, video=qK4G2KpmqFU, orig=99, new=261, final=347, dup=13]
Processing videos:  13%|▍  | 348/2700 [27:01<6:28:36,  9.91s/it, video=qK4G2KpmqFU, orig=99, new=261, final=347, dup=13]
                                                                                                                        
──────────────────────────────────────────────────────────────────────
📹 Video: Z7PlUGbsXlQ
──────────────────────────────────────────────────────────────────────
  📊 Scores: Max=0.8577 | Min=0.0182 | Range=[0.0182, 0.8577]
  🎯 Threshold: 0.6004 (70.0% of max)
  ✅ High-Score Frames: 14/118 (11.9%)
  📍 First 10 indices: [550, 800, 850, 875, 950, 1225, 1275, 1300, 1375, 2100]
──────────────────────────────────────────────────────────────────────


Processing videos:  13%|▍  | 348/2700 [27:01<6:28:36,  9.91s/it, video=qK4G2KpmqFU, orig=99, new=261, final=347, dup=13]
Processing videos:  13%|▎ | 348/2700 [27:08<6:28:36,  9.91s/it, video=Z7PlUGbsXlQ, orig=118, new=448, final=534, dup=32]
Processing videos:  13%|▎ | 349/2700 [27:08<5:53:54,  9.03s/it, video=Z7PlUGbsXlQ, orig=118, new=448, final=534, dup=32]
                                                                                                                        
──────────────────────────────────────────────────────────────────────
📹 Video: Z7PlUGbsXlQ
──────────────────────────────────────────────────────────────────────
  📊 Scores: Max=0.9994 | Min=0.0003 | Range=[0.0003, 0.9994]
  🎯 Threshold: 0.6996 (70.0% of max)
  ✅ High-Score Frames: 91/118 (77.1%)
  📍 First 10 indices: [0, 25, 50, 75, 100, 275, 300, 325, 350, 375]
──────────────────────────────────────────────────────────────────────


Processing videos:  13%|▎ | 349/2700 [27:08<5:53:54,  9.03s/it, video=Z7PlUGbsXlQ, orig=118, new=448, final=534, dup=32]
Processing videos:  13%|▏| 349/2700 [27:45<5:53:54,  9.03s/it, video=Z7PlUGbsXlQ, orig=118, new=2405, final=2414, dup=10
                                                                                                                        
======================================================================

Processing videos:  13%|▏| 349/2700 [27:45<5:53:54,  9.03s/it, video=Z7PlUGbsXlQ, orig=118, new=2405, final=2414, dup=10
                                                                                                                        
💾 CHECKPOINT SAVED [350/2700]

Processing videos:  13%|▏| 349/2700 [27:45<5:53:54,  9.03s/it, video=Z7PlUGbsXlQ, orig=118, new=2405, final=2414, dup=10
                                                                                                                        
======================================================================

Processing videos:  13%|▏| 349/2700 [27:45<5:53:54,  9.03s/it, video=Z7PlUGbsXlQ, orig=118, new=2405, final=2414, dup=10
                                                                                                                        
  GPU Memory: 0.00GB allocated, 0.00GB reserved

Processing videos:  13%|▏| 349/2700 [27:45<5:53:54,  9.03s/it, video=Z7PlUGbsXlQ, orig=118, new=2405, final=2414, dup=10
                                                                                                                        
  Videos processed: 350

Processing videos:  13%|▏| 349/2700 [27:45<5:53:54,  9.03s/it, video=Z7PlUGbsXlQ, orig=118, new=2405, final=2414, dup=10
                                                                                                                        
  With dense sampling: 350

Processing videos:  13%|▏| 349/2700 [27:45<5:53:54,  9.03s/it, video=Z7PlUGbsXlQ, orig=118, new=2405, final=2414, dup=10
                                                                                                                        
  Total frames: 210,214

Processing videos:  13%|▏| 349/2700 [27:45<5:53:54,  9.03s/it, video=Z7PlUGbsXlQ, orig=118, new=2405, final=2414, dup=10
                                                                                                                        
  Elapsed time: 27.77 min

Processing videos:  13%|▏| 349/2700 [27:45<5:53:54,  9.03s/it, video=Z7PlUGbsXlQ, orig=118, new=2405, final=2414, dup=10
                                                                                                                        
  Speed: 0.14 videos/sec

Processing videos:  13%|▏| 349/2700 [27:45<5:53:54,  9.03s/it, video=Z7PlUGbsXlQ, orig=118, new=2405, final=2414, dup=10
                                                                                                                        
  ✅ Safe to restart if needed

Processing videos:  13%|▏| 349/2700 [27:45<5:53:54,  9.03s/it, video=Z7PlUGbsXlQ, orig=118, new=2405, final=2414, dup=10
                                                                                                                        
======================================================================


Processing videos:  13%|▏| 349/2700 [27:45<5:53:54,  9.03s/it, video=Z7PlUGbsXlQ, orig=118, new=2405, final=2414, dup=10
Processing videos:  13%|▏| 350/2700 [27:45<11:22:42, 17.43s/it, video=Z7PlUGbsXlQ, orig=118, new=2405, final=2414, dup=1
                                                                                                                        
──────────────────────────────────────────────────────────────────────
📹 Video: Z7PlUGbsXlQ
──────────────────────────────────────────────────────────────────────
  📊 Scores: Max=0.9811 | Min=0.0023 | Range=[0.0023, 0.9811]
  🎯 Threshold: 0.6867 (70.0% of max)
  ✅ High-Score Frames: 43/118 (36.4%)
  📍 First 10 indices: [350, 400, 550, 575, 800, 925, 950, 975, 1050, 1075]
──────────────────────────────────────────────────────────────────────


Processing videos:  13%|▏| 350/2700 [27:45<11:22:42, 17.43s/it, video=Z7PlUGbsXlQ, orig=118, new=2405, final=2414, dup=1
Processing videos:  13%|▏| 350/2700 [28:04<11:22:42, 17.43s/it, video=Z7PlUGbsXlQ, orig=118, new=1306, final=1350, dup=7
Processing videos:  13%|▏| 351/2700 [28:04<11:39:00, 17.85s/it, video=Z7PlUGbsXlQ, orig=118, new=1306, final=1350, dup=7
                                                                                                                        
──────────────────────────────────────────────────────────────────────
📹 Video: tGdL-34L-GE
──────────────────────────────────────────────────────────────────────
  📊 Scores: Max=0.9999 | Min=0.0024 | Range=[0.0024, 0.9999]
  🎯 Threshold: 0.6999 (70.0% of max)
  ✅ High-Score Frames: 57/69 (82.6%)
  📍 First 10 indices: [0, 25, 50, 75, 100, 125, 150, 175, 200, 225]
──────────────────────────────────────────────────────────────────────


Processing videos:  13%|▏| 351/2700 [28:04<11:39:00, 17.85s/it, video=Z7PlUGbsXlQ, orig=118, new=1306, final=1350, dup=7
Processing videos:  13%|▏| 351/2700 [28:24<11:39:00, 17.85s/it, video=tGdL-34L-GE, orig=69, new=1402, final=1413, dup=58
Processing videos:  13%|▏| 352/2700 [28:24<12:02:21, 18.46s/it, video=tGdL-34L-GE, orig=69, new=1402, final=1413, dup=58
                                                                                                                        
──────────────────────────────────────────────────────────────────────
📹 Video: tGdL-34L-GE
──────────────────────────────────────────────────────────────────────
  📊 Scores: Max=0.9999 | Min=0.0007 | Range=[0.0007, 0.9999]
  🎯 Threshold: 0.6999 (70.0% of max)
  ✅ High-Score Frames: 58/69 (84.1%)
  📍 First 10 indices: [0, 25, 50, 75, 100, 125, 150, 175, 200, 225]
──────────────────────────────────────────────────────────────────────


Processing videos:  13%|▏| 352/2700 [28:24<12:02:21, 18.46s/it, video=tGdL-34L-GE, orig=69, new=1402, final=1413, dup=58
Processing videos:  13%|▏| 352/2700 [28:44<12:02:21, 18.46s/it, video=tGdL-34L-GE, orig=69, new=1428, final=1437, dup=60
Processing videos:  13%|▏| 353/2700 [28:44<12:23:28, 19.01s/it, video=tGdL-34L-GE, orig=69, new=1428, final=1437, dup=60
                                                                                                                        
──────────────────────────────────────────────────────────────────────
📹 Video: tGdL-34L-GE
──────────────────────────────────────────────────────────────────────
  📊 Scores: Max=0.9999 | Min=0.0050 | Range=[0.0050, 0.9999]
  🎯 Threshold: 0.6999 (70.0% of max)
  ✅ High-Score Frames: 60/69 (87.0%)
  📍 First 10 indices: [0, 25, 50, 75, 100, 125, 150, 175, 200, 225]
──────────────────────────────────────────────────────────────────────


Processing videos:  13%|▏| 353/2700 [28:44<12:23:28, 19.01s/it, video=tGdL-34L-GE, orig=69, new=1428, final=1437, dup=60
Processing videos:  13%|▏| 353/2700 [29:06<12:23:28, 19.01s/it, video=tGdL-34L-GE, orig=69, new=1497, final=1501, dup=65
Processing videos:  13%|▏| 354/2700 [29:06<12:49:35, 19.68s/it, video=tGdL-34L-GE, orig=69, new=1497, final=1501, dup=65
                                                                                                                        
──────────────────────────────────────────────────────────────────────
📹 Video: -ApL8d6tX5U
──────────────────────────────────────────────────────────────────────
  📊 Scores: Max=0.7350 | Min=0.1044 | Range=[0.1044, 0.7350]
  🎯 Threshold: 0.5145 (70.0% of max)
  ✅ High-Score Frames: 52/97 (53.6%)
  📍 First 10 indices: [46, 115, 138, 161, 230, 253, 322, 345, 391, 414]
──────────────────────────────────────────────────────────────────────


Processing videos:  13%|▏| 354/2700 [29:06<12:49:35, 19.68s/it, video=tGdL-34L-GE, orig=69, new=1497, final=1501, dup=65
Processing videos:  13%|▏| 354/2700 [29:22<12:49:35, 19.68s/it, video=-ApL8d6tX5U, orig=97, new=1733, final=1751, dup=79
Processing videos:  13%|▏| 355/2700 [29:22<12:07:23, 18.61s/it, video=-ApL8d6tX5U, orig=97, new=1733, final=1751, dup=79
                                                                                                                        
──────────────────────────────────────────────────────────────────────
📹 Video: -ApL8d6tX5U
──────────────────────────────────────────────────────────────────────
  📊 Scores: Max=0.9997 | Min=0.0004 | Range=[0.0004, 0.9997]
  🎯 Threshold: 0.6998 (70.0% of max)
  ✅ High-Score Frames: 23/97 (23.7%)
  📍 First 10 indices: [184, 207, 276, 299, 322, 345, 989, 1058, 1104, 1196]
──────────────────────────────────────────────────────────────────────


Processing videos:  13%|▏| 355/2700 [29:22<12:07:23, 18.61s/it, video=-ApL8d6tX5U, orig=97, new=1733, final=1751, dup=79
Processing videos:  13%|▎ | 355/2700 [29:29<12:07:23, 18.61s/it, video=-ApL8d6tX5U, orig=97, new=791, final=850, dup=38]
Processing videos:  13%|▍  | 356/2700 [29:29<9:53:54, 15.20s/it, video=-ApL8d6tX5U, orig=97, new=791, final=850, dup=38]
                                                                                                                        
──────────────────────────────────────────────────────────────────────
📹 Video: -ApL8d6tX5U
──────────────────────────────────────────────────────────────────────
  📊 Scores: Max=0.9982 | Min=0.0052 | Range=[0.0052, 0.9982]
  🎯 Threshold: 0.6987 (70.0% of max)
  ✅ High-Score Frames: 47/97 (48.5%)
  📍 First 10 indices: [0, 23, 230, 253, 322, 345, 414, 437, 460, 483]
──────────────────────────────────────────────────────────────────────


Processing videos:  13%|▍  | 356/2700 [29:29<9:53:54, 15.20s/it, video=-ApL8d6tX5U, orig=97, new=791, final=850, dup=38]
Processing videos:  13%|▏| 356/2700 [29:44<9:53:54, 15.20s/it, video=-ApL8d6tX5U, orig=97, new=1599, final=1620, dup=76]
Processing videos:  13%|▏| 357/2700 [29:44<9:50:30, 15.12s/it, video=-ApL8d6tX5U, orig=97, new=1599, final=1620, dup=76]
                                                                                                                        
──────────────────────────────────────────────────────────────────────
📹 Video: s50vvwTystA
──────────────────────────────────────────────────────────────────────
  📊 Scores: Max=0.6025 | Min=0.2467 | Range=[0.2467, 0.6025]
  🎯 Threshold: 0.4217 (70.0% of max)
  ✅ High-Score Frames: 25/51 (49.0%)
  📍 First 10 indices: [60, 120, 150, 240, 270, 300, 330, 390, 420, 450]
──────────────────────────────────────────────────────────────────────


Processing videos:  13%|▏| 357/2700 [29:44<9:50:30, 15.12s/it, video=-ApL8d6tX5U, orig=97, new=1599, final=1620, dup=76]
Processing videos:  13%|▍  | 357/2700 [29:52<9:50:30, 15.12s/it, video=s50vvwTystA, orig=51, new=486, final=487, dup=50]
Processing videos:  13%|▍  | 358/2700 [29:52<8:25:04, 12.94s/it, video=s50vvwTystA, orig=51, new=486, final=487, dup=50]
                                                                                                                        
──────────────────────────────────────────────────────────────────────
📹 Video: s50vvwTystA
──────────────────────────────────────────────────────────────────────
  📊 Scores: Max=0.1139 | Min=0.0231 | Range=[0.0231, 0.1139]
  🎯 Threshold: 0.0797 (70.0% of max)
  ✅ High-Score Frames: 7/51 (13.7%)
  📍 First 10 indices: [120, 420, 630, 810, 1380, 1410, 1500]
──────────────────────────────────────────────────────────────────────


Processing videos:  13%|▍  | 358/2700 [29:52<8:25:04, 12.94s/it, video=s50vvwTystA, orig=51, new=486, final=487, dup=50]
Processing videos:  13%|▍  | 358/2700 [29:56<8:25:04, 12.94s/it, video=s50vvwTystA, orig=51, new=238, final=262, dup=27]
Processing videos:  13%|▍  | 359/2700 [29:56<6:37:58, 10.20s/it, video=s50vvwTystA, orig=51, new=238, final=262, dup=27]
                                                                                                                        
──────────────────────────────────────────────────────────────────────
📹 Video: s50vvwTystA
──────────────────────────────────────────────────────────────────────
  📊 Scores: Max=0.0025 | Min=0.0007 | Range=[0.0007, 0.0025]
  🎯 Threshold: 0.0017 (70.0% of max)
  ✅ High-Score Frames: 10/51 (19.6%)
  📍 First 10 indices: [120, 150, 300, 390, 420, 480, 510, 540, 630, 1470]
──────────────────────────────────────────────────────────────────────


Processing videos:  13%|▍  | 359/2700 [29:56<6:37:58, 10.20s/it, video=s50vvwTystA, orig=51, new=238, final=262, dup=27]
Processing videos:  13%|▍  | 359/2700 [29:59<6:37:58, 10.20s/it, video=s50vvwTystA, orig=51, new=243, final=268, dup=26]
Processing videos:  13%|▍  | 360/2700 [29:59<5:22:05,  8.26s/it, video=s50vvwTystA, orig=51, new=243, final=268, dup=26]
                                                                                                                        
──────────────────────────────────────────────────────────────────────
📹 Video: 43wqf_KhiUo
──────────────────────────────────────────────────────────────────────
  📊 Scores: Max=0.9989 | Min=0.0829 | Range=[0.0829, 0.9989]
  🎯 Threshold: 0.6992 (70.0% of max)
  ✅ High-Score Frames: 109/116 (94.0%)
  📍 First 10 indices: [150, 175, 200, 225, 250, 275, 300, 325, 350, 375]
──────────────────────────────────────────────────────────────────────


Processing videos:  13%|▍  | 360/2700 [29:59<5:22:05,  8.26s/it, video=s50vvwTystA, orig=51, new=243, final=268, dup=26]
Processing videos:  13%|▏| 360/2700 [30:40<5:22:05,  8.26s/it, video=43wqf_KhiUo, orig=116, new=2756, final=2760, dup=11
Processing videos:  13%|▏| 361/2700 [30:40<11:44:15, 18.07s/it, video=43wqf_KhiUo, orig=116, new=2756, final=2760, dup=1
                                                                                                                        
──────────────────────────────────────────────────────────────────────
📹 Video: 43wqf_KhiUo
──────────────────────────────────────────────────────────────────────
  📊 Scores: Max=0.9145 | Min=0.0050 | Range=[0.0050, 0.9145]
  🎯 Threshold: 0.6402 (70.0% of max)
  ✅ High-Score Frames: 24/116 (20.7%)
  📍 First 10 indices: [0, 25, 50, 75, 100, 125, 1950, 1975, 2000, 2025]
──────────────────────────────────────────────────────────────────────


Processing videos:  13%|▏| 361/2700 [30:40<11:44:15, 18.07s/it, video=43wqf_KhiUo, orig=116, new=2756, final=2760, dup=1
Processing videos:  13%|▏| 361/2700 [30:49<11:44:15, 18.07s/it, video=43wqf_KhiUo, orig=116, new=604, final=692, dup=28]
Processing videos:  13%|▎ | 362/2700 [30:49<9:58:02, 15.35s/it, video=43wqf_KhiUo, orig=116, new=604, final=692, dup=28]
                                                                                                                        
──────────────────────────────────────────────────────────────────────
📹 Video: 43wqf_KhiUo
──────────────────────────────────────────────────────────────────────
  📊 Scores: Max=0.8317 | Min=0.0116 | Range=[0.0116, 0.8317]
  🎯 Threshold: 0.5822 (70.0% of max)
  ✅ High-Score Frames: 20/116 (17.2%)
  📍 First 10 indices: [1025, 1050, 1100, 1225, 1250, 1275, 1300, 1325, 1350, 1375]
──────────────────────────────────────────────────────────────────────


Processing videos:  13%|▎ | 362/2700 [30:49<9:58:02, 15.35s/it, video=43wqf_KhiUo, orig=116, new=604, final=692, dup=28]
Processing videos:  13%|▎ | 362/2700 [30:58<9:58:02, 15.35s/it, video=43wqf_KhiUo, orig=116, new=557, final=644, dup=29]
Processing videos:  13%|▎ | 363/2700 [30:58<8:40:43, 13.37s/it, video=43wqf_KhiUo, orig=116, new=557, final=644, dup=29]
                                                                                                                        
──────────────────────────────────────────────────────────────────────
📹 Video: Z-rHofd6g2Q
──────────────────────────────────────────────────────────────────────
  📊 Scores: Max=0.9957 | Min=0.0013 | Range=[0.0013, 0.9957]
  🎯 Threshold: 0.6970 (70.0% of max)
  ✅ High-Score Frames: 20/66 (30.3%)
  📍 First 10 indices: [875, 900, 925, 950, 975, 1000, 1025, 1050, 1075, 1100]
──────────────────────────────────────────────────────────────────────


Processing videos:  13%|▎ | 363/2700 [30:58<8:40:43, 13.37s/it, video=43wqf_KhiUo, orig=116, new=557, final=644, dup=29]
Processing videos:  13%|▍  | 363/2700 [31:06<8:40:43, 13.37s/it, video=Z-rHofd6g2Q, orig=66, new=527, final=570, dup=23]
Processing videos:  13%|▍  | 364/2700 [31:06<7:40:10, 11.82s/it, video=Z-rHofd6g2Q, orig=66, new=527, final=570, dup=23]
                                                                                                                        
──────────────────────────────────────────────────────────────────────
📹 Video: Z-rHofd6g2Q
──────────────────────────────────────────────────────────────────────
  📊 Scores: Max=0.9966 | Min=0.0025 | Range=[0.0025, 0.9966]
  🎯 Threshold: 0.6976 (70.0% of max)
  ✅ High-Score Frames: 20/66 (30.3%)
  📍 First 10 indices: [875, 900, 925, 950, 975, 1000, 1025, 1050, 1075, 1100]
──────────────────────────────────────────────────────────────────────


Processing videos:  13%|▍  | 364/2700 [31:06<7:40:10, 11.82s/it, video=Z-rHofd6g2Q, orig=66, new=527, final=570, dup=23]
Processing videos:  13%|▍  | 364/2700 [31:14<7:40:10, 11.82s/it, video=Z-rHofd6g2Q, orig=66, new=527, final=570, dup=23]
Processing videos:  14%|▍  | 365/2700 [31:14<6:53:54, 10.64s/it, video=Z-rHofd6g2Q, orig=66, new=527, final=570, dup=23]
                                                                                                                        
──────────────────────────────────────────────────────────────────────
📹 Video: Z-rHofd6g2Q
──────────────────────────────────────────────────────────────────────
  📊 Scores: Max=0.6845 | Min=0.0004 | Range=[0.0004, 0.6845]
  🎯 Threshold: 0.4791 (70.0% of max)
  ✅ High-Score Frames: 2/66 (3.0%)
  📍 First 10 indices: [500, 800]
──────────────────────────────────────────────────────────────────────


Processing videos:  14%|▍  | 365/2700 [31:14<6:53:54, 10.64s/it, video=Z-rHofd6g2Q, orig=66, new=527, final=570, dup=23]
Processing videos:  14%|▋    | 365/2700 [31:15<6:53:54, 10.64s/it, video=Z-rHofd6g2Q, orig=66, new=70, final=130, dup=6]
Processing videos:  14%|▋    | 366/2700 [31:15<5:03:36,  7.80s/it, video=Z-rHofd6g2Q, orig=66, new=70, final=130, dup=6]
                                                                                                                        
──────────────────────────────────────────────────────────────────────
📹 Video: lmlw4NNZBbw
──────────────────────────────────────────────────────────────────────
  📊 Scores: Max=0.9999 | Min=0.0053 | Range=[0.0053, 0.9999]
  🎯 Threshold: 0.6999 (70.0% of max)
  ✅ High-Score Frames: 109/117 (93.2%)
  📍 First 10 indices: [150, 175, 200, 225, 250, 275, 300, 325, 350, 375]
──────────────────────────────────────────────────────────────────────


Processing videos:  14%|▋    | 366/2700 [31:15<5:03:36,  7.80s/it, video=Z-rHofd6g2Q, orig=66, new=70, final=130, dup=6]
Processing videos:  14%|▏| 366/2700 [31:57<5:03:36,  7.80s/it, video=lmlw4NNZBbw, orig=117, new=2767, final=2771, dup=11
Processing videos:  14%|▏| 367/2700 [31:57<11:33:46, 17.84s/it, video=lmlw4NNZBbw, orig=117, new=2767, final=2771, dup=1
                                                                                                                        
──────────────────────────────────────────────────────────────────────
📹 Video: lmlw4NNZBbw
──────────────────────────────────────────────────────────────────────
  📊 Scores: Max=0.9998 | Min=0.0059 | Range=[0.0059, 0.9998]
  🎯 Threshold: 0.6999 (70.0% of max)
  ✅ High-Score Frames: 111/117 (94.9%)
  📍 First 10 indices: [150, 175, 200, 225, 250, 275, 300, 325, 350, 375]
──────────────────────────────────────────────────────────────────────


Processing videos:  14%|▏| 367/2700 [31:57<11:33:46, 17.84s/it, video=lmlw4NNZBbw, orig=117, new=2767, final=2771, dup=1
Processing videos:  14%|▏| 367/2700 [32:39<11:33:46, 17.84s/it, video=lmlw4NNZBbw, orig=117, new=2799, final=2803, dup=1
Processing videos:  14%|▏| 368/2700 [32:39<16:19:36, 25.20s/it, video=lmlw4NNZBbw, orig=117, new=2799, final=2803, dup=1
                                                                                                                        
──────────────────────────────────────────────────────────────────────
📹 Video: lmlw4NNZBbw
──────────────────────────────────────────────────────────────────────
  📊 Scores: Max=0.9605 | Min=0.0025 | Range=[0.0025, 0.9605]
  🎯 Threshold: 0.6723 (70.0% of max)
  ✅ High-Score Frames: 48/117 (41.0%)
  📍 First 10 indices: [525, 550, 575, 600, 625, 650, 675, 700, 725, 750]
──────────────────────────────────────────────────────────────────────


Processing videos:  14%|▏| 368/2700 [32:39<16:19:36, 25.20s/it, video=lmlw4NNZBbw, orig=117, new=2799, final=2803, dup=1
Processing videos:  14%|▏| 368/2700 [32:57<16:19:36, 25.20s/it, video=lmlw4NNZBbw, orig=117, new=1251, final=1315, dup=5
Processing videos:  14%|▏| 369/2700 [32:57<14:57:37, 23.10s/it, video=lmlw4NNZBbw, orig=117, new=1251, final=1315, dup=5
                                                                                                                        
──────────────────────────────────────────────────────────────────────
📹 Video: c0siCya457M
──────────────────────────────────────────────────────────────────────
  📊 Scores: Max=0.9949 | Min=0.0642 | Range=[0.0642, 0.9949]
  🎯 Threshold: 0.6964 (70.0% of max)
  ✅ High-Score Frames: 99/108 (91.7%)
  📍 First 10 indices: [125, 150, 175, 200, 225, 250, 275, 300, 325, 350]
──────────────────────────────────────────────────────────────────────


Processing videos:  14%|▏| 369/2700 [32:57<14:57:37, 23.10s/it, video=lmlw4NNZBbw, orig=117, new=1251, final=1315, dup=5
Processing videos:  14%|▏| 369/2700 [33:36<14:57:37, 23.10s/it, video=c0siCya457M, orig=108, new=2526, final=2529, dup=1
Processing videos:  14%|▏| 370/2700 [33:36<17:57:55, 27.76s/it, video=c0siCya457M, orig=108, new=2526, final=2529, dup=1
                                                                                                                        
──────────────────────────────────────────────────────────────────────
📹 Video: c0siCya457M
──────────────────────────────────────────────────────────────────────
  📊 Scores: Max=0.9976 | Min=0.0228 | Range=[0.0228, 0.9976]
  🎯 Threshold: 0.6984 (70.0% of max)
  ✅ High-Score Frames: 53/108 (49.1%)
  📍 First 10 indices: [125, 150, 175, 200, 225, 250, 275, 300, 325, 350]
──────────────────────────────────────────────────────────────────────


Processing videos:  14%|▏| 370/2700 [33:36<17:57:55, 27.76s/it, video=c0siCya457M, orig=108, new=2526, final=2529, dup=1
Processing videos:  14%|▏| 370/2700 [33:57<17:57:55, 27.76s/it, video=c0siCya457M, orig=108, new=1439, final=1481, dup=6
Processing videos:  14%|▏| 371/2700 [33:57<16:35:59, 25.66s/it, video=c0siCya457M, orig=108, new=1439, final=1481, dup=6
                                                                                                                        
──────────────────────────────────────────────────────────────────────
📹 Video: c0siCya457M
──────────────────────────────────────────────────────────────────────
  📊 Scores: Max=0.9772 | Min=0.0020 | Range=[0.0020, 0.9772]
  🎯 Threshold: 0.6840 (70.0% of max)
  ✅ High-Score Frames: 8/108 (7.4%)
  📍 First 10 indices: [0, 25, 50, 75, 100, 125, 150, 175]
──────────────────────────────────────────────────────────────────────


Processing videos:  14%|▏| 371/2700 [33:57<16:35:59, 25.66s/it, video=c0siCya457M, orig=108, new=1439, final=1481, dup=6
Processing videos:  14%|▎ | 371/2700 [33:59<16:35:59, 25.66s/it, video=c0siCya457M, orig=108, new=177, final=276, dup=9]
Processing videos:  14%|▎ | 372/2700 [33:59<12:08:09, 18.77s/it, video=c0siCya457M, orig=108, new=177, final=276, dup=9]
                                                                                                                        
──────────────────────────────────────────────────────────────────────
📹 Video: nKtWkDNGNOw
──────────────────────────────────────────────────────────────────────
  📊 Scores: Max=0.9935 | Min=0.0032 | Range=[0.0032, 0.9935]
  🎯 Threshold: 0.6955 (70.0% of max)
  ✅ High-Score Frames: 26/109 (23.9%)
  📍 First 10 indices: [675, 700, 725, 750, 775, 800, 825, 850, 875, 900]
──────────────────────────────────────────────────────────────────────


Processing videos:  14%|▎ | 372/2700 [33:59<12:08:09, 18.77s/it, video=c0siCya457M, orig=108, new=177, final=276, dup=9]
Processing videos:  14%|▏| 372/2700 [34:11<12:08:09, 18.77s/it, video=nKtWkDNGNOw, orig=109, new=743, final=814, dup=38]
Processing videos:  14%|▏| 373/2700 [34:11<10:45:02, 16.63s/it, video=nKtWkDNGNOw, orig=109, new=743, final=814, dup=38]
                                                                                                                        
──────────────────────────────────────────────────────────────────────
📹 Video: nKtWkDNGNOw
──────────────────────────────────────────────────────────────────────
  📊 Scores: Max=0.9799 | Min=0.0106 | Range=[0.0106, 0.9799]
  🎯 Threshold: 0.6860 (70.0% of max)
  ✅ High-Score Frames: 24/109 (22.0%)
  📍 First 10 indices: [700, 750, 775, 800, 825, 850, 875, 1050, 1075, 1200]
──────────────────────────────────────────────────────────────────────


Processing videos:  14%|▏| 373/2700 [34:11<10:45:02, 16.63s/it, video=nKtWkDNGNOw, orig=109, new=743, final=814, dup=38]
Processing videos:  14%|▏| 373/2700 [34:22<10:45:02, 16.63s/it, video=nKtWkDNGNOw, orig=109, new=712, final=782, dup=39]
Processing videos:  14%|▎ | 374/2700 [34:22<9:35:32, 14.85s/it, video=nKtWkDNGNOw, orig=109, new=712, final=782, dup=39]
                                                                                                                        
──────────────────────────────────────────────────────────────────────
📹 Video: nKtWkDNGNOw
──────────────────────────────────────────────────────────────────────
  📊 Scores: Max=0.8836 | Min=0.0083 | Range=[0.0083, 0.8836]
  🎯 Threshold: 0.6185 (70.0% of max)
  ✅ High-Score Frames: 14/109 (12.8%)
  📍 First 10 indices: [325, 350, 375, 400, 425, 450, 1125, 1150, 1175, 1200]
──────────────────────────────────────────────────────────────────────


Processing videos:  14%|▎ | 374/2700 [34:22<9:35:32, 14.85s/it, video=nKtWkDNGNOw, orig=109, new=712, final=782, dup=39]
Processing videos:  14%|▎ | 374/2700 [34:29<9:35:32, 14.85s/it, video=nKtWkDNGNOw, orig=109, new=425, final=509, dup=25]
                                                                                                                        
======================================================================

Processing videos:  14%|▎ | 374/2700 [34:29<9:35:32, 14.85s/it, video=nKtWkDNGNOw, orig=109, new=425, final=509, dup=25]
                                                                                                                        
💾 CHECKPOINT SAVED [375/2700]

Processing videos:  14%|▎ | 374/2700 [34:29<9:35:32, 14.85s/it, video=nKtWkDNGNOw, orig=109, new=425, final=509, dup=25]
                                                                                                                        
======================================================================

Processing videos:  14%|▎ | 374/2700 [34:29<9:35:32, 14.85s/it, video=nKtWkDNGNOw, orig=109, new=425, final=509, dup=25]
                                                                                                                        
  GPU Memory: 0.00GB allocated, 0.00GB reserved

Processing videos:  14%|▎ | 374/2700 [34:29<9:35:32, 14.85s/it, video=nKtWkDNGNOw, orig=109, new=425, final=509, dup=25]
                                                                                                                        
  Videos processed: 375

Processing videos:  14%|▎ | 374/2700 [34:29<9:35:32, 14.85s/it, video=nKtWkDNGNOw, orig=109, new=425, final=509, dup=25]
                                                                                                                        
  With dense sampling: 375

Processing videos:  14%|▎ | 374/2700 [34:29<9:35:32, 14.85s/it, video=nKtWkDNGNOw, orig=109, new=425, final=509, dup=25]
                                                                                                                        
  Total frames: 239,799

Processing videos:  14%|▎ | 374/2700 [34:29<9:35:32, 14.85s/it, video=nKtWkDNGNOw, orig=109, new=425, final=509, dup=25]
                                                                                                                        
  Elapsed time: 34.49 min

Processing videos:  14%|▎ | 374/2700 [34:29<9:35:32, 14.85s/it, video=nKtWkDNGNOw, orig=109, new=425, final=509, dup=25]
                                                                                                                        
  Speed: 0.12 videos/sec

Processing videos:  14%|▎ | 374/2700 [34:29<9:35:32, 14.85s/it, video=nKtWkDNGNOw, orig=109, new=425, final=509, dup=25]
                                                                                                                        
  ✅ Safe to restart if needed

Processing videos:  14%|▎ | 374/2700 [34:29<9:35:32, 14.85s/it, video=nKtWkDNGNOw, orig=109, new=425, final=509, dup=25]
                                                                                                                        
======================================================================


Processing videos:  14%|▎ | 374/2700 [34:29<9:35:32, 14.85s/it, video=nKtWkDNGNOw, orig=109, new=425, final=509, dup=25]
Processing videos:  14%|▎ | 375/2700 [34:29<8:05:33, 12.53s/it, video=nKtWkDNGNOw, orig=109, new=425, final=509, dup=25]
                                                                                                                        
──────────────────────────────────────────────────────────────────────
📹 Video: y6ReUXtm_VE
──────────────────────────────────────────────────────────────────────
  📊 Scores: Max=0.6680 | Min=0.0508 | Range=[0.0508, 0.6680]
  🎯 Threshold: 0.4676 (70.0% of max)
  ✅ High-Score Frames: 18/29 (62.1%)
  📍 First 10 indices: [25, 75, 150, 225, 250, 275, 300, 350, 375, 475]
──────────────────────────────────────────────────────────────────────


Processing videos:  14%|▎ | 375/2700 [34:29<8:05:33, 12.53s/it, video=nKtWkDNGNOw, orig=109, new=425, final=509, dup=25]
Processing videos:  14%|▍  | 375/2700 [34:36<8:05:33, 12.53s/it, video=y6ReUXtm_VE, orig=29, new=507, final=509, dup=27]
Processing videos:  14%|▍  | 376/2700 [34:36<7:07:31, 11.04s/it, video=y6ReUXtm_VE, orig=29, new=507, final=509, dup=27]
                                                                                                                        
──────────────────────────────────────────────────────────────────────
📹 Video: y6ReUXtm_VE
──────────────────────────────────────────────────────────────────────
  📊 Scores: Max=0.9923 | Min=0.0104 | Range=[0.0104, 0.9923]
  🎯 Threshold: 0.6946 (70.0% of max)
  ✅ High-Score Frames: 24/29 (82.8%)
  📍 First 10 indices: [25, 50, 75, 100, 150, 175, 200, 225, 250, 275]
──────────────────────────────────────────────────────────────────────


Processing videos:  14%|▍  | 376/2700 [34:36<7:07:31, 11.04s/it, video=y6ReUXtm_VE, orig=29, new=507, final=509, dup=27]
Processing videos:  14%|▍  | 376/2700 [34:46<7:07:31, 11.04s/it, video=y6ReUXtm_VE, orig=29, new=611, final=613, dup=27]
Processing videos:  14%|▍  | 377/2700 [34:46<6:48:27, 10.55s/it, video=y6ReUXtm_VE, orig=29, new=611, final=613, dup=27]
                                                                                                                        
──────────────────────────────────────────────────────────────────────
📹 Video: y6ReUXtm_VE
──────────────────────────────────────────────────────────────────────
  📊 Scores: Max=0.9981 | Min=0.0326 | Range=[0.0326, 0.9981]
  🎯 Threshold: 0.6986 (70.0% of max)
  ✅ High-Score Frames: 7/29 (24.1%)
  📍 First 10 indices: [275, 475, 500, 525, 550, 575, 600]
──────────────────────────────────────────────────────────────────────


Processing videos:  14%|▍  | 377/2700 [34:46<6:48:27, 10.55s/it, video=y6ReUXtm_VE, orig=29, new=611, final=613, dup=27]
Processing videos:  14%|▍  | 377/2700 [34:49<6:48:27, 10.55s/it, video=y6ReUXtm_VE, orig=29, new=212, final=229, dup=12]
Processing videos:  14%|▍  | 378/2700 [34:49<5:27:23,  8.46s/it, video=y6ReUXtm_VE, orig=29, new=212, final=229, dup=12]
                                                                                                                        
──────────────────────────────────────────────────────────────────────
📹 Video: YlAefotZNAc
──────────────────────────────────────────────────────────────────────
  📊 Scores: Max=0.0558 | Min=0.0004 | Range=[0.0004, 0.0558]
  🎯 Threshold: 0.0390 (70.0% of max)
  ✅ High-Score Frames: 1/103 (1.0%)
  📍 First 10 indices: [775]
──────────────────────────────────────────────────────────────────────


Processing videos:  14%|▍  | 378/2700 [34:49<5:27:23,  8.46s/it, video=y6ReUXtm_VE, orig=29, new=212, final=229, dup=12]
Processing videos:  14%|▌   | 378/2700 [34:50<5:27:23,  8.46s/it, video=YlAefotZNAc, orig=103, new=35, final=135, dup=3]
Processing videos:  14%|▌   | 379/2700 [34:50<3:56:05,  6.10s/it, video=YlAefotZNAc, orig=103, new=35, final=135, dup=3]
                                                                                                                        
──────────────────────────────────────────────────────────────────────
📹 Video: YlAefotZNAc
──────────────────────────────────────────────────────────────────────
  📊 Scores: Max=0.9996 | Min=0.0102 | Range=[0.0102, 0.9996]
  🎯 Threshold: 0.6997 (70.0% of max)
  ✅ High-Score Frames: 94/103 (91.3%)
  📍 First 10 indices: [100, 125, 150, 175, 200, 225, 250, 275, 300, 325]
──────────────────────────────────────────────────────────────────────


Processing videos:  14%|▌   | 379/2700 [34:50<3:56:05,  6.10s/it, video=YlAefotZNAc, orig=103, new=35, final=135, dup=3]
Processing videos:  14%|▏| 379/2700 [35:26<3:56:05,  6.10s/it, video=YlAefotZNAc, orig=103, new=2404, final=2407, dup=10
Processing videos:  14%|▏| 380/2700 [35:26<9:44:11, 15.11s/it, video=YlAefotZNAc, orig=103, new=2404, final=2407, dup=10
                                                                                                                        
──────────────────────────────────────────────────────────────────────
📹 Video: YlAefotZNAc
──────────────────────────────────────────────────────────────────────
  📊 Scores: Max=0.9989 | Min=0.0227 | Range=[0.0227, 0.9989]
  🎯 Threshold: 0.6992 (70.0% of max)
  ✅ High-Score Frames: 90/103 (87.4%)
  📍 First 10 indices: [100, 125, 150, 175, 225, 250, 275, 300, 325, 350]
──────────────────────────────────────────────────────────────────────


Processing videos:  14%|▏| 380/2700 [35:26<9:44:11, 15.11s/it, video=YlAefotZNAc, orig=103, new=2404, final=2407, dup=10
Processing videos:  14%|▏| 380/2700 [35:59<9:44:11, 15.11s/it, video=YlAefotZNAc, orig=103, new=2322, final=2327, dup=98
Processing videos:  14%|▏| 381/2700 [35:59<13:10:58, 20.46s/it, video=YlAefotZNAc, orig=103, new=2322, final=2327, dup=9
                                                                                                                        
──────────────────────────────────────────────────────────────────────
📹 Video: EJ_yarUrgVQ
──────────────────────────────────────────────────────────────────────
  📊 Scores: Max=0.9973 | Min=0.0369 | Range=[0.0369, 0.9973]
  🎯 Threshold: 0.6981 (70.0% of max)
  ✅ High-Score Frames: 82/100 (82.0%)
  📍 First 10 indices: [0, 25, 50, 75, 100, 125, 150, 175, 200, 225]
──────────────────────────────────────────────────────────────────────


Processing videos:  14%|▏| 381/2700 [35:59<13:10:58, 20.46s/it, video=YlAefotZNAc, orig=103, new=2322, final=2327, dup=9
Processing videos:  14%|▏| 381/2700 [36:29<13:10:58, 20.46s/it, video=EJ_yarUrgVQ, orig=100, new=2109, final=2116, dup=9
Processing videos:  14%|▏| 382/2700 [36:29<15:01:57, 23.35s/it, video=EJ_yarUrgVQ, orig=100, new=2109, final=2116, dup=9
                                                                                                                        
──────────────────────────────────────────────────────────────────────
📹 Video: EJ_yarUrgVQ
──────────────────────────────────────────────────────────────────────
  📊 Scores: Max=0.9956 | Min=0.0483 | Range=[0.0483, 0.9956]
  🎯 Threshold: 0.6969 (70.0% of max)
  ✅ High-Score Frames: 50/100 (50.0%)
  📍 First 10 indices: [425, 450, 475, 500, 700, 725, 750, 775, 800, 825]
──────────────────────────────────────────────────────────────────────


Processing videos:  14%|▏| 382/2700 [36:29<15:01:57, 23.35s/it, video=EJ_yarUrgVQ, orig=100, new=2109, final=2116, dup=9
Processing videos:  14%|▏| 382/2700 [36:49<15:01:57, 23.35s/it, video=EJ_yarUrgVQ, orig=100, new=1387, final=1420, dup=6
Processing videos:  14%|▏| 383/2700 [36:49<14:19:02, 22.25s/it, video=EJ_yarUrgVQ, orig=100, new=1387, final=1420, dup=6
                                                                                                                        
──────────────────────────────────────────────────────────────────────
📹 Video: EJ_yarUrgVQ
──────────────────────────────────────────────────────────────────────
  📊 Scores: Max=0.7527 | Min=0.0003 | Range=[0.0003, 0.7527]
  🎯 Threshold: 0.5269 (70.0% of max)
  ✅ High-Score Frames: 17/100 (17.0%)
  📍 First 10 indices: [0, 25, 50, 75, 100, 125, 150, 175, 200, 225]
──────────────────────────────────────────────────────────────────────


Processing videos:  14%|▏| 383/2700 [36:49<14:19:02, 22.25s/it, video=EJ_yarUrgVQ, orig=100, new=1387, final=1420, dup=6
Processing videos:  14%|▏| 383/2700 [36:55<14:19:02, 22.25s/it, video=EJ_yarUrgVQ, orig=100, new=402, final=484, dup=18]
Processing videos:  14%|▏| 384/2700 [36:55<11:10:50, 17.38s/it, video=EJ_yarUrgVQ, orig=100, new=402, final=484, dup=18]
                                                                                                                        
──────────────────────────────────────────────────────────────────────
📹 Video: tNQo2GTbP6s
──────────────────────────────────────────────────────────────────────
  📊 Scores: Max=0.9855 | Min=0.0347 | Range=[0.0347, 0.9855]
  🎯 Threshold: 0.6899 (70.0% of max)
  ✅ High-Score Frames: 52/92 (56.5%)
  📍 First 10 indices: [775, 800, 1000, 1025, 1050, 1075, 1100, 1125, 1150, 1175]
──────────────────────────────────────────────────────────────────────


Processing videos:  14%|▏| 384/2700 [36:55<11:10:50, 17.38s/it, video=EJ_yarUrgVQ, orig=100, new=402, final=484, dup=18]
Processing videos:  14%|▏| 384/2700 [37:14<11:10:50, 17.38s/it, video=tNQo2GTbP6s, orig=92, new=1362, final=1395, dup=59
Processing videos:  14%|▏| 385/2700 [37:14<11:30:39, 17.90s/it, video=tNQo2GTbP6s, orig=92, new=1362, final=1395, dup=59
                                                                                                                        
──────────────────────────────────────────────────────────────────────
📹 Video: tNQo2GTbP6s
──────────────────────────────────────────────────────────────────────
  📊 Scores: Max=0.9992 | Min=0.0002 | Range=[0.0002, 0.9992]
  🎯 Threshold: 0.6995 (70.0% of max)
  ✅ High-Score Frames: 5/92 (5.4%)
  📍 First 10 indices: [825, 850, 875, 900, 925]
──────────────────────────────────────────────────────────────────────


Processing videos:  14%|▏| 385/2700 [37:14<11:30:39, 17.90s/it, video=tNQo2GTbP6s, orig=92, new=1362, final=1395, dup=59
Processing videos:  14%|▍  | 385/2700 [37:16<11:30:39, 17.90s/it, video=tNQo2GTbP6s, orig=92, new=152, final=236, dup=8]
Processing videos:  14%|▌   | 386/2700 [37:16<8:30:25, 13.23s/it, video=tNQo2GTbP6s, orig=92, new=152, final=236, dup=8]
                                                                                                                        
──────────────────────────────────────────────────────────────────────
📹 Video: tNQo2GTbP6s
──────────────────────────────────────────────────────────────────────
  📊 Scores: Max=0.9970 | Min=0.0088 | Range=[0.0088, 0.9970]
  🎯 Threshold: 0.6979 (70.0% of max)
  ✅ High-Score Frames: 26/92 (28.3%)
  📍 First 10 indices: [800, 1000, 1025, 1050, 1075, 1100, 1125, 1175, 1200, 1225]
──────────────────────────────────────────────────────────────────────


Processing videos:  14%|▌   | 386/2700 [37:16<8:30:25, 13.23s/it, video=tNQo2GTbP6s, orig=92, new=152, final=236, dup=8]
Processing videos:  14%|▍  | 386/2700 [37:28<8:30:25, 13.23s/it, video=tNQo2GTbP6s, orig=92, new=740, final=795, dup=37]
Processing videos:  14%|▍  | 387/2700 [37:28<8:12:05, 12.77s/it, video=tNQo2GTbP6s, orig=92, new=740, final=795, dup=37]
                                                                                                                        
──────────────────────────────────────────────────────────────────────
📹 Video: ykJ7pyr87Qc
──────────────────────────────────────────────────────────────────────
  📊 Scores: Max=0.9962 | Min=0.9636 | Range=[0.9636, 0.9962]
  🎯 Threshold: 0.6974 (70.0% of max)
  ✅ High-Score Frames: 49/49 (100.0%)
  📍 First 10 indices: [0, 25, 50, 75, 100, 125, 150, 175, 200, 225]
──────────────────────────────────────────────────────────────────────


Processing videos:  14%|▍  | 387/2700 [37:28<8:12:05, 12.77s/it, video=tNQo2GTbP6s, orig=92, new=740, final=795, dup=37]
Processing videos:  14%|▏| 387/2700 [37:45<8:12:05, 12.77s/it, video=ykJ7pyr87Qc, orig=49, new=1196, final=1196, dup=49]
Processing videos:  14%|▏| 388/2700 [37:45<9:03:21, 14.10s/it, video=ykJ7pyr87Qc, orig=49, new=1196, final=1196, dup=49]
                                                                                                                        
──────────────────────────────────────────────────────────────────────
📹 Video: ykJ7pyr87Qc
──────────────────────────────────────────────────────────────────────
  📊 Scores: Max=0.9988 | Min=0.9784 | Range=[0.9784, 0.9988]
  🎯 Threshold: 0.6992 (70.0% of max)
  ✅ High-Score Frames: 49/49 (100.0%)
  📍 First 10 indices: [0, 25, 50, 75, 100, 125, 150, 175, 200, 225]
──────────────────────────────────────────────────────────────────────


Processing videos:  14%|▏| 388/2700 [37:45<9:03:21, 14.10s/it, video=ykJ7pyr87Qc, orig=49, new=1196, final=1196, dup=49]
Processing videos:  14%|▏| 388/2700 [38:02<9:03:21, 14.10s/it, video=ykJ7pyr87Qc, orig=49, new=1196, final=1196, dup=49]
Processing videos:  14%|▏| 389/2700 [38:02<9:32:24, 14.86s/it, video=ykJ7pyr87Qc, orig=49, new=1196, final=1196, dup=49]
                                                                                                                        
──────────────────────────────────────────────────────────────────────
📹 Video: ykJ7pyr87Qc
──────────────────────────────────────────────────────────────────────
  📊 Scores: Max=0.9985 | Min=0.0553 | Range=[0.0553, 0.9985]
  🎯 Threshold: 0.6989 (70.0% of max)
  ✅ High-Score Frames: 29/49 (59.2%)
  📍 First 10 indices: [0, 25, 50, 75, 100, 125, 150, 175, 200, 225]
──────────────────────────────────────────────────────────────────────


Processing videos:  14%|▏| 389/2700 [38:02<9:32:24, 14.86s/it, video=ykJ7pyr87Qc, orig=49, new=1196, final=1196, dup=49]
Processing videos:  14%|▍  | 389/2700 [38:13<9:32:24, 14.86s/it, video=ykJ7pyr87Qc, orig=49, new=739, final=753, dup=35]
Processing videos:  14%|▍  | 390/2700 [38:13<8:46:29, 13.68s/it, video=ykJ7pyr87Qc, orig=49, new=739, final=753, dup=35]
                                                                                                                        
──────────────────────────────────────────────────────────────────────
📹 Video: HdBsD5VspVM
──────────────────────────────────────────────────────────────────────
  📊 Scores: Max=0.9852 | Min=0.5518 | Range=[0.5518, 0.9852]
  🎯 Threshold: 0.6896 (70.0% of max)
  ✅ High-Score Frames: 64/80 (80.0%)
  📍 First 10 indices: [0, 29, 58, 87, 116, 145, 174, 203, 232, 261]
──────────────────────────────────────────────────────────────────────


Processing videos:  14%|▍  | 390/2700 [38:13<8:46:29, 13.68s/it, video=ykJ7pyr87Qc, orig=49, new=739, final=753, dup=35]
Processing videos:  14%|▏| 390/2700 [38:39<8:46:29, 13.68s/it, video=HdBsD5VspVM, orig=80, new=1835, final=1846, dup=69]
Processing videos:  14%|▏| 391/2700 [38:39<11:10:50, 17.43s/it, video=HdBsD5VspVM, orig=80, new=1835, final=1846, dup=69
                                                                                                                        
──────────────────────────────────────────────────────────────────────
📹 Video: HdBsD5VspVM
──────────────────────────────────────────────────────────────────────
  📊 Scores: Max=0.1666 | Min=0.0294 | Range=[0.0294, 0.1666]
  🎯 Threshold: 0.1166 (70.0% of max)
  ✅ High-Score Frames: 25/80 (31.2%)
  📍 First 10 indices: [261, 290, 319, 348, 377, 406, 435, 464, 493, 522]
──────────────────────────────────────────────────────────────────────


Processing videos:  14%|▏| 391/2700 [38:39<11:10:50, 17.43s/it, video=HdBsD5VspVM, orig=80, new=1835, final=1846, dup=69
Processing videos:  14%|▎ | 391/2700 [38:51<11:10:50, 17.43s/it, video=HdBsD5VspVM, orig=80, new=824, final=870, dup=34]
Processing videos:  15%|▎ | 392/2700 [38:51<10:14:23, 15.97s/it, video=HdBsD5VspVM, orig=80, new=824, final=870, dup=34]
                                                                                                                        
──────────────────────────────────────────────────────────────────────
📹 Video: HdBsD5VspVM
──────────────────────────────────────────────────────────────────────
  📊 Scores: Max=0.8645 | Min=0.1256 | Range=[0.1256, 0.8645]
  🎯 Threshold: 0.6051 (70.0% of max)
  ✅ High-Score Frames: 44/80 (55.0%)
  📍 First 10 indices: [0, 29, 58, 87, 116, 145, 174, 203, 232, 261]
──────────────────────────────────────────────────────────────────────


Processing videos:  15%|▎ | 392/2700 [38:51<10:14:23, 15.97s/it, video=HdBsD5VspVM, orig=80, new=824, final=870, dup=34]
Processing videos:  15%|▏| 392/2700 [39:10<10:14:23, 15.97s/it, video=HdBsD5VspVM, orig=80, new=1320, final=1346, dup=54
Processing videos:  15%|▏| 393/2700 [39:10<10:48:55, 16.88s/it, video=HdBsD5VspVM, orig=80, new=1320, final=1346, dup=54
                                                                                                                        
──────────────────────────────────────────────────────────────────────
📹 Video: 4V6G0qYVoBg
──────────────────────────────────────────────────────────────────────
  📊 Scores: Max=0.9249 | Min=0.1185 | Range=[0.1185, 0.9249]
  🎯 Threshold: 0.6474 (70.0% of max)
  ✅ High-Score Frames: 95/120 (79.2%)
  📍 First 10 indices: [270, 300, 330, 360, 390, 420, 450, 480, 510, 540]
──────────────────────────────────────────────────────────────────────


Processing videos:  15%|▏| 393/2700 [39:10<10:48:55, 16.88s/it, video=HdBsD5VspVM, orig=80, new=1320, final=1346, dup=54
Processing videos:  15%|▏| 393/2700 [39:20<10:48:55, 16.88s/it, video=4V6G0qYVoBg, orig=120, new=1071, final=1083, dup=1
Processing videos:  15%|▏| 394/2700 [39:20<9:28:44, 14.80s/it, video=4V6G0qYVoBg, orig=120, new=1071, final=1083, dup=10
                                                                                                                        
──────────────────────────────────────────────────────────────────────
📹 Video: 4V6G0qYVoBg
──────────────────────────────────────────────────────────────────────
  📊 Scores: Max=0.4809 | Min=0.0211 | Range=[0.0211, 0.4809]
  🎯 Threshold: 0.3366 (70.0% of max)
  ✅ High-Score Frames: 9/120 (7.5%)
  📍 First 10 indices: [3030, 3060, 3090, 3120, 3180, 3270, 3300, 3330, 3360]
──────────────────────────────────────────────────────────────────────


Processing videos:  15%|▏| 394/2700 [39:20<9:28:44, 14.80s/it, video=4V6G0qYVoBg, orig=120, new=1071, final=1083, dup=10
Processing videos:  15%|▎ | 394/2700 [39:22<9:28:44, 14.80s/it, video=4V6G0qYVoBg, orig=120, new=151, final=255, dup=16]
Processing videos:  15%|▎ | 395/2700 [39:22<6:59:56, 10.93s/it, video=4V6G0qYVoBg, orig=120, new=151, final=255, dup=16]
                                                                                                                        
──────────────────────────────────────────────────────────────────────
📹 Video: 4V6G0qYVoBg
──────────────────────────────────────────────────────────────────────
  📊 Scores: Max=0.1504 | Min=0.0007 | Range=[0.0007, 0.1504]
  🎯 Threshold: 0.1053 (70.0% of max)
  ✅ High-Score Frames: 1/120 (0.8%)
  📍 First 10 indices: [240]
──────────────────────────────────────────────────────────────────────


Processing videos:  15%|▎ | 395/2700 [39:22<6:59:56, 10.93s/it, video=4V6G0qYVoBg, orig=120, new=151, final=255, dup=16]
Processing videos:  15%|▌   | 395/2700 [39:23<6:59:56, 10.93s/it, video=4V6G0qYVoBg, orig=120, new=41, final=156, dup=5]
Processing videos:  15%|▌   | 396/2700 [39:23<4:58:39,  7.78s/it, video=4V6G0qYVoBg, orig=120, new=41, final=156, dup=5]
                                                                                                                        
──────────────────────────────────────────────────────────────────────
📹 Video: uF3zNOthLAg
──────────────────────────────────────────────────────────────────────
  📊 Scores: Max=0.7336 | Min=0.5221 | Range=[0.5221, 0.7336]
  🎯 Threshold: 0.5135 (70.0% of max)
  ✅ High-Score Frames: 13/13 (100.0%)
  📍 First 10 indices: [0, 30, 60, 90, 120, 150, 180, 210, 240, 270]
──────────────────────────────────────────────────────────────────────


Processing videos:  15%|▌   | 396/2700 [39:23<4:58:39,  7.78s/it, video=4V6G0qYVoBg, orig=120, new=41, final=156, dup=5]
Processing videos:  15%|▍  | 396/2700 [39:25<4:58:39,  7.78s/it, video=uF3zNOthLAg, orig=13, new=138, final=138, dup=13]
Processing videos:  15%|▍  | 397/2700 [39:25<3:54:29,  6.11s/it, video=uF3zNOthLAg, orig=13, new=138, final=138, dup=13]
                                                                                                                        
──────────────────────────────────────────────────────────────────────
📹 Video: uF3zNOthLAg
──────────────────────────────────────────────────────────────────────
  📊 Scores: Max=0.8115 | Min=0.6250 | Range=[0.6250, 0.8115]
  🎯 Threshold: 0.5681 (70.0% of max)
  ✅ High-Score Frames: 13/13 (100.0%)
  📍 First 10 indices: [0, 30, 60, 90, 120, 150, 180, 210, 240, 270]
──────────────────────────────────────────────────────────────────────


Processing videos:  15%|▍  | 397/2700 [39:25<3:54:29,  6.11s/it, video=uF3zNOthLAg, orig=13, new=138, final=138, dup=13]
Processing videos:  15%|▍  | 397/2700 [39:27<3:54:29,  6.11s/it, video=uF3zNOthLAg, orig=13, new=138, final=138, dup=13]
Processing videos:  15%|▍  | 398/2700 [39:27<3:09:33,  4.94s/it, video=uF3zNOthLAg, orig=13, new=138, final=138, dup=13]
                                                                                                                        
──────────────────────────────────────────────────────────────────────
📹 Video: uF3zNOthLAg
──────────────────────────────────────────────────────────────────────
  📊 Scores: Max=0.8264 | Min=0.6863 | Range=[0.6863, 0.8264]
  🎯 Threshold: 0.5785 (70.0% of max)
  ✅ High-Score Frames: 13/13 (100.0%)
  📍 First 10 indices: [0, 30, 60, 90, 120, 150, 180, 210, 240, 270]
──────────────────────────────────────────────────────────────────────


Processing videos:  15%|▍  | 398/2700 [39:27<3:09:33,  4.94s/it, video=uF3zNOthLAg, orig=13, new=138, final=138, dup=13]
Processing videos:  15%|▍  | 398/2700 [39:29<3:09:33,  4.94s/it, video=uF3zNOthLAg, orig=13, new=138, final=138, dup=13]
Processing videos:  15%|▍  | 399/2700 [39:29<2:38:08,  4.12s/it, video=uF3zNOthLAg, orig=13, new=138, final=138, dup=13]
                                                                                                                        
──────────────────────────────────────────────────────────────────────
📹 Video: 6Z_XNM_iT4g
──────────────────────────────────────────────────────────────────────
  📊 Scores: Max=0.8558 | Min=0.2718 | Range=[0.2718, 0.8558]
  🎯 Threshold: 0.5991 (70.0% of max)
  ✅ High-Score Frames: 2/11 (18.2%)
  📍 First 10 indices: [120, 150]
──────────────────────────────────────────────────────────────────────


Processing videos:  15%|▍  | 399/2700 [39:29<2:38:08,  4.12s/it, video=uF3zNOthLAg, orig=13, new=138, final=138, dup=13]
Processing videos:  15%|▉     | 399/2700 [39:30<2:38:08,  4.12s/it, video=6Z_XNM_iT4g, orig=11, new=51, final=56, dup=6]
                                                                                                                        
======================================================================

Processing videos:  15%|▉     | 399/2700 [39:30<2:38:08,  4.12s/it, video=6Z_XNM_iT4g, orig=11, new=51, final=56, dup=6]
                                                                                                                        
💾 CHECKPOINT SAVED [400/2700]

Processing videos:  15%|▉     | 399/2700 [39:30<2:38:08,  4.12s/it, video=6Z_XNM_iT4g, orig=11, new=51, final=56, dup=6]
                                                                                                                        
======================================================================

Processing videos:  15%|▉     | 399/2700 [39:30<2:38:08,  4.12s/it, video=6Z_XNM_iT4g, orig=11, new=51, final=56, dup=6]
                                                                                                                        
  GPU Memory: 0.00GB allocated, 0.00GB reserved

Processing videos:  15%|▉     | 399/2700 [39:30<2:38:08,  4.12s/it, video=6Z_XNM_iT4g, orig=11, new=51, final=56, dup=6]
                                                                                                                        
  Videos processed: 400

Processing videos:  15%|▉     | 399/2700 [39:30<2:38:08,  4.12s/it, video=6Z_XNM_iT4g, orig=11, new=51, final=56, dup=6]
                                                                                                                        
  With dense sampling: 400

Processing videos:  15%|▉     | 399/2700 [39:30<2:38:08,  4.12s/it, video=6Z_XNM_iT4g, orig=11, new=51, final=56, dup=6]
                                                                                                                        
  Total frames: 261,636

Processing videos:  15%|▉     | 399/2700 [39:30<2:38:08,  4.12s/it, video=6Z_XNM_iT4g, orig=11, new=51, final=56, dup=6]
                                                                                                                        
  Elapsed time: 39.51 min

Processing videos:  15%|▉     | 399/2700 [39:30<2:38:08,  4.12s/it, video=6Z_XNM_iT4g, orig=11, new=51, final=56, dup=6]
                                                                                                                        
  Speed: 0.12 videos/sec

Processing videos:  15%|▉     | 399/2700 [39:30<2:38:08,  4.12s/it, video=6Z_XNM_iT4g, orig=11, new=51, final=56, dup=6]
                                                                                                                        
  ✅ Safe to restart if needed

Processing videos:  15%|▉     | 399/2700 [39:30<2:38:08,  4.12s/it, video=6Z_XNM_iT4g, orig=11, new=51, final=56, dup=6]
                                                                                                                        
======================================================================


Processing videos:  15%|▉     | 399/2700 [39:30<2:38:08,  4.12s/it, video=6Z_XNM_iT4g, orig=11, new=51, final=56, dup=6]
Processing videos:  15%|▉     | 400/2700 [39:30<2:03:05,  3.21s/it, video=6Z_XNM_iT4g, orig=11, new=51, final=56, dup=6]
                                                                                                                        
──────────────────────────────────────────────────────────────────────
📹 Video: 6Z_XNM_iT4g
──────────────────────────────────────────────────────────────────────
  📊 Scores: Max=0.9029 | Min=0.8217 | Range=[0.8217, 0.9029]
  🎯 Threshold: 0.6320 (70.0% of max)
  ✅ High-Score Frames: 11/11 (100.0%)
  📍 First 10 indices: [0, 30, 60, 90, 120, 150, 180, 210, 240, 270]
──────────────────────────────────────────────────────────────────────


Processing videos:  15%|▉     | 400/2700 [39:30<2:03:05,  3.21s/it, video=6Z_XNM_iT4g, orig=11, new=51, final=56, dup=6]
Processing videos:  15%|▍  | 400/2700 [39:32<2:03:05,  3.21s/it, video=6Z_XNM_iT4g, orig=11, new=111, final=111, dup=11]
Processing videos:  15%|▍  | 401/2700 [39:32<1:50:08,  2.87s/it, video=6Z_XNM_iT4g, orig=11, new=111, final=111, dup=11]
                                                                                                                        
──────────────────────────────────────────────────────────────────────
📹 Video: 6Z_XNM_iT4g
──────────────────────────────────────────────────────────────────────
  📊 Scores: Max=0.8142 | Min=0.5078 | Range=[0.5078, 0.8142]
  🎯 Threshold: 0.5699 (70.0% of max)
  ✅ High-Score Frames: 9/11 (81.8%)
  📍 First 10 indices: [0, 30, 60, 90, 120, 150, 240, 270, 300]
──────────────────────────────────────────────────────────────────────


Processing videos:  15%|▍  | 401/2700 [39:32<1:50:08,  2.87s/it, video=6Z_XNM_iT4g, orig=11, new=111, final=111, dup=11]
Processing videos:  15%|▍  | 401/2700 [39:34<1:50:08,  2.87s/it, video=6Z_XNM_iT4g, orig=11, new=111, final=111, dup=11]
Processing videos:  15%|▍  | 402/2700 [39:34<1:37:46,  2.55s/it, video=6Z_XNM_iT4g, orig=11, new=111, final=111, dup=11]
                                                                                                                        
──────────────────────────────────────────────────────────────────────
📹 Video: fJ-hp5Jlbv0
──────────────────────────────────────────────────────────────────────
  📊 Scores: Max=0.7814 | Min=0.0393 | Range=[0.0393, 0.7814]
  🎯 Threshold: 0.5470 (70.0% of max)
  ✅ High-Score Frames: 4/29 (13.8%)
  📍 First 10 indices: [75, 425, 450, 500]
──────────────────────────────────────────────────────────────────────


Processing videos:  15%|▍  | 402/2700 [39:34<1:37:46,  2.55s/it, video=6Z_XNM_iT4g, orig=11, new=111, final=111, dup=11]
Processing videos:  15%|▍  | 402/2700 [39:36<1:37:46,  2.55s/it, video=fJ-hp5Jlbv0, orig=29, new=130, final=149, dup=10]
Processing videos:  15%|▍  | 403/2700 [39:36<1:32:42,  2.42s/it, video=fJ-hp5Jlbv0, orig=29, new=130, final=149, dup=10]
                                                                                                                        
──────────────────────────────────────────────────────────────────────
📹 Video: fJ-hp5Jlbv0
──────────────────────────────────────────────────────────────────────
  📊 Scores: Max=0.9705 | Min=0.7953 | Range=[0.7953, 0.9705]
  🎯 Threshold: 0.6793 (70.0% of max)
  ✅ High-Score Frames: 29/29 (100.0%)
  📍 First 10 indices: [0, 25, 50, 75, 100, 125, 150, 175, 200, 225]
──────────────────────────────────────────────────────────────────────


Processing videos:  15%|▍  | 403/2700 [39:36<1:32:42,  2.42s/it, video=fJ-hp5Jlbv0, orig=29, new=130, final=149, dup=10]
Processing videos:  15%|▍  | 403/2700 [39:47<1:32:42,  2.42s/it, video=fJ-hp5Jlbv0, orig=29, new=698, final=698, dup=29]
Processing videos:  15%|▍  | 404/2700 [39:47<3:03:04,  4.78s/it, video=fJ-hp5Jlbv0, orig=29, new=698, final=698, dup=29]
                                                                                                                        
──────────────────────────────────────────────────────────────────────
📹 Video: fJ-hp5Jlbv0
──────────────────────────────────────────────────────────────────────
  📊 Scores: Max=0.1016 | Min=0.0191 | Range=[0.0191, 0.1016]
  🎯 Threshold: 0.0711 (70.0% of max)
  ✅ High-Score Frames: 4/29 (13.8%)
  📍 First 10 indices: [150, 225, 250, 350]
──────────────────────────────────────────────────────────────────────


Processing videos:  15%|▍  | 404/2700 [39:47<3:03:04,  4.78s/it, video=fJ-hp5Jlbv0, orig=29, new=698, final=698, dup=29]
Processing videos:  15%|▍  | 404/2700 [39:49<3:03:04,  4.78s/it, video=fJ-hp5Jlbv0, orig=29, new=130, final=149, dup=10]
Processing videos:  15%|▍  | 405/2700 [39:49<2:31:59,  3.97s/it, video=fJ-hp5Jlbv0, orig=29, new=130, final=149, dup=10]
                                                                                                                        
──────────────────────────────────────────────────────────────────────
📹 Video: LlajSKnbcGk
──────────────────────────────────────────────────────────────────────
  📊 Scores: Max=0.3402 | Min=0.0468 | Range=[0.0468, 0.3402]
  🎯 Threshold: 0.2382 (70.0% of max)
  ✅ High-Score Frames: 8/40 (20.0%)
  📍 First 10 indices: [150, 180, 270, 630, 660, 750, 960, 1050]
──────────────────────────────────────────────────────────────────────


Processing videos:  15%|▍  | 405/2700 [39:49<2:31:59,  3.97s/it, video=fJ-hp5Jlbv0, orig=29, new=130, final=149, dup=10]
Processing videos:  15%|▍  | 405/2700 [39:53<2:31:59,  3.97s/it, video=LlajSKnbcGk, orig=40, new=233, final=247, dup=26]
Processing videos:  15%|▍  | 406/2700 [39:53<2:29:45,  3.92s/it, video=LlajSKnbcGk, orig=40, new=233, final=247, dup=26]
                                                                                                                        
──────────────────────────────────────────────────────────────────────
📹 Video: LlajSKnbcGk
──────────────────────────────────────────────────────────────────────
  📊 Scores: Max=0.5760 | Min=0.0090 | Range=[0.0090, 0.5760]
  🎯 Threshold: 0.4032 (70.0% of max)
  ✅ High-Score Frames: 2/40 (5.0%)
  📍 First 10 indices: [30, 90]
──────────────────────────────────────────────────────────────────────


Processing videos:  15%|▍  | 406/2700 [39:53<2:29:45,  3.92s/it, video=LlajSKnbcGk, orig=40, new=233, final=247, dup=26]
Processing videos:  15%|▉     | 406/2700 [39:53<2:29:45,  3.92s/it, video=LlajSKnbcGk, orig=40, new=51, final=85, dup=6]
Processing videos:  15%|▉     | 407/2700 [39:53<1:54:34,  3.00s/it, video=LlajSKnbcGk, orig=40, new=51, final=85, dup=6]
                                                                                                                        
──────────────────────────────────────────────────────────────────────
📹 Video: LlajSKnbcGk
──────────────────────────────────────────────────────────────────────
  📊 Scores: Max=0.4722 | Min=0.1338 | Range=[0.1338, 0.4722]
  🎯 Threshold: 0.3306 (70.0% of max)
  ✅ High-Score Frames: 7/40 (17.5%)
  📍 First 10 indices: [30, 90, 450, 750, 780, 810, 1170]
──────────────────────────────────────────────────────────────────────


Processing videos:  15%|▉     | 407/2700 [39:53<1:54:34,  3.00s/it, video=LlajSKnbcGk, orig=40, new=51, final=85, dup=6]
Processing videos:  15%|▍  | 407/2700 [39:57<1:54:34,  3.00s/it, video=LlajSKnbcGk, orig=40, new=191, final=210, dup=21]
Processing videos:  15%|▍  | 408/2700 [39:57<1:56:58,  3.06s/it, video=LlajSKnbcGk, orig=40, new=191, final=210, dup=21]
                                                                                                                        
──────────────────────────────────────────────────────────────────────
📹 Video: dIPNQRVqJmY
──────────────────────────────────────────────────────────────────────
  📊 Scores: Max=0.9302 | Min=0.2574 | Range=[0.2574, 0.9302]
  🎯 Threshold: 0.6511 (70.0% of max)
  ✅ High-Score Frames: 38/54 (70.4%)
  📍 First 10 indices: [30, 60, 120, 150, 180, 210, 270, 300, 390, 510]
──────────────────────────────────────────────────────────────────────


Processing videos:  15%|▍  | 408/2700 [39:57<1:56:58,  3.06s/it, video=LlajSKnbcGk, orig=40, new=191, final=210, dup=21]
Processing videos:  15%|▍  | 408/2700 [40:05<1:56:58,  3.06s/it, video=dIPNQRVqJmY, orig=54, new=503, final=506, dup=51]
Processing videos:  15%|▍  | 409/2700 [40:05<2:59:31,  4.70s/it, video=dIPNQRVqJmY, orig=54, new=503, final=506, dup=51]
                                                                                                                        
──────────────────────────────────────────────────────────────────────
📹 Video: dIPNQRVqJmY
──────────────────────────────────────────────────────────────────────
  📊 Scores: Max=0.9117 | Min=0.1929 | Range=[0.1929, 0.9117]
  🎯 Threshold: 0.6382 (70.0% of max)
  ✅ High-Score Frames: 34/54 (63.0%)
  📍 First 10 indices: [30, 60, 120, 150, 180, 210, 240, 270, 330, 390]
──────────────────────────────────────────────────────────────────────


Processing videos:  15%|▍  | 409/2700 [40:05<2:59:31,  4.70s/it, video=dIPNQRVqJmY, orig=54, new=503, final=506, dup=51]
Processing videos:  15%|▍  | 409/2700 [40:13<2:59:31,  4.70s/it, video=dIPNQRVqJmY, orig=54, new=493, final=496, dup=51]
Processing videos:  15%|▍  | 410/2700 [40:13<3:34:31,  5.62s/it, video=dIPNQRVqJmY, orig=54, new=493, final=496, dup=51]
                                                                                                                        
──────────────────────────────────────────────────────────────────────
📹 Video: dIPNQRVqJmY
──────────────────────────────────────────────────────────────────────
  📊 Scores: Max=0.7941 | Min=0.3074 | Range=[0.3074, 0.7941]
  🎯 Threshold: 0.5559 (70.0% of max)
  ✅ High-Score Frames: 41/54 (75.9%)
  📍 First 10 indices: [30, 60, 120, 150, 180, 210, 240, 270, 300, 330]
──────────────────────────────────────────────────────────────────────


Processing videos:  15%|▍  | 410/2700 [40:13<3:34:31,  5.62s/it, video=dIPNQRVqJmY, orig=54, new=493, final=496, dup=51]
Processing videos:  15%|▍  | 410/2700 [40:21<3:34:31,  5.62s/it, video=dIPNQRVqJmY, orig=54, new=503, final=506, dup=51]
Processing videos:  15%|▍  | 411/2700 [40:21<4:00:41,  6.31s/it, video=dIPNQRVqJmY, orig=54, new=503, final=506, dup=51]
                                                                                                                        
──────────────────────────────────────────────────────────────────────
📹 Video: of62s85uMMs
──────────────────────────────────────────────────────────────────────
  📊 Scores: Max=0.5488 | Min=0.2938 | Range=[0.2938, 0.5488]
  🎯 Threshold: 0.3842 (70.0% of max)
  ✅ High-Score Frames: 14/30 (46.7%)
  📍 First 10 indices: [0, 30, 180, 240, 270, 330, 420, 570, 600, 630]
──────────────────────────────────────────────────────────────────────


Processing videos:  15%|▍  | 411/2700 [40:21<4:00:41,  6.31s/it, video=dIPNQRVqJmY, orig=54, new=503, final=506, dup=51]
Processing videos:  15%|▍  | 411/2700 [40:23<4:00:41,  6.31s/it, video=of62s85uMMs, orig=30, new=253, final=255, dup=28]
Processing videos:  15%|▍  | 412/2700 [40:23<3:15:25,  5.12s/it, video=of62s85uMMs, orig=30, new=253, final=255, dup=28]
                                                                                                                        
──────────────────────────────────────────────────────────────────────
📹 Video: of62s85uMMs
──────────────────────────────────────────────────────────────────────
  📊 Scores: Max=0.0848 | Min=0.0123 | Range=[0.0123, 0.0848]
  🎯 Threshold: 0.0594 (70.0% of max)
  ✅ High-Score Frames: 1/30 (3.3%)
  📍 First 10 indices: [480]
──────────────────────────────────────────────────────────────────────


Processing videos:  15%|▍  | 412/2700 [40:23<3:15:25,  5.12s/it, video=of62s85uMMs, orig=30, new=253, final=255, dup=28]
Processing videos:  15%|▉     | 412/2700 [40:24<3:15:25,  5.12s/it, video=of62s85uMMs, orig=30, new=41, final=66, dup=5]
Processing videos:  15%|▉     | 413/2700 [40:24<2:21:29,  3.71s/it, video=of62s85uMMs, orig=30, new=41, final=66, dup=5]
                                                                                                                        
──────────────────────────────────────────────────────────────────────
📹 Video: of62s85uMMs
──────────────────────────────────────────────────────────────────────
  📊 Scores: Max=0.3842 | Min=0.1237 | Range=[0.1237, 0.3842]
  🎯 Threshold: 0.2690 (70.0% of max)
  ✅ High-Score Frames: 9/30 (30.0%)
  📍 First 10 indices: [30, 240, 300, 330, 360, 420, 480, 600, 720]
──────────────────────────────────────────────────────────────────────


Processing videos:  15%|▉     | 413/2700 [40:24<2:21:29,  3.71s/it, video=of62s85uMMs, orig=30, new=41, final=66, dup=5]
Processing videos:  15%|▍  | 413/2700 [40:26<2:21:29,  3.71s/it, video=of62s85uMMs, orig=30, new=232, final=237, dup=25]
Processing videos:  15%|▍  | 414/2700 [40:26<2:10:52,  3.43s/it, video=of62s85uMMs, orig=30, new=232, final=237, dup=25]
                                                                                                                        
──────────────────────────────────────────────────────────────────────
📹 Video: 80p80ynsZ78
──────────────────────────────────────────────────────────────────────
  📊 Scores: Max=0.9291 | Min=0.0086 | Range=[0.0086, 0.9291]
  🎯 Threshold: 0.6504 (70.0% of max)
  ✅ High-Score Frames: 22/95 (23.2%)
  📍 First 10 indices: [30, 510, 540, 960, 1080, 1140, 1170, 1200, 1230, 1260]
──────────────────────────────────────────────────────────────────────


Processing videos:  15%|▍  | 414/2700 [40:26<2:10:52,  3.43s/it, video=of62s85uMMs, orig=30, new=232, final=237, dup=25]
Processing videos:  15%|▍  | 414/2700 [40:32<2:10:52,  3.43s/it, video=80p80ynsZ78, orig=95, new=343, final=401, dup=37]
Processing videos:  15%|▍  | 415/2700 [40:32<2:38:26,  4.16s/it, video=80p80ynsZ78, orig=95, new=343, final=401, dup=37]
                                                                                                                        
──────────────────────────────────────────────────────────────────────
📹 Video: 80p80ynsZ78
──────────────────────────────────────────────────────────────────────
  📊 Scores: Max=0.7554 | Min=0.0179 | Range=[0.0179, 0.7554]
  🎯 Threshold: 0.5288 (70.0% of max)
  ✅ High-Score Frames: 26/95 (27.4%)
  📍 First 10 indices: [30, 960, 1050, 1110, 1140, 1170, 1260, 1290, 1320, 1350]
──────────────────────────────────────────────────────────────────────


Processing videos:  15%|▍  | 415/2700 [40:32<2:38:26,  4.16s/it, video=80p80ynsZ78, orig=95, new=343, final=401, dup=37]
Processing videos:  15%|▍  | 415/2700 [40:39<2:38:26,  4.16s/it, video=80p80ynsZ78, orig=95, new=403, final=455, dup=43]
Processing videos:  15%|▍  | 416/2700 [40:39<3:03:44,  4.83s/it, video=80p80ynsZ78, orig=95, new=403, final=455, dup=43]
                                                                                                                        
──────────────────────────────────────────────────────────────────────
📹 Video: 80p80ynsZ78
──────────────────────────────────────────────────────────────────────
  📊 Scores: Max=0.7338 | Min=0.0002 | Range=[0.0002, 0.7338]
  🎯 Threshold: 0.5137 (70.0% of max)
  ✅ High-Score Frames: 3/95 (3.2%)
  📍 First 10 indices: [2580, 2760, 2790]
──────────────────────────────────────────────────────────────────────


Processing videos:  15%|▍  | 416/2700 [40:39<3:03:44,  4.83s/it, video=80p80ynsZ78, orig=95, new=403, final=455, dup=43]
Processing videos:  15%|▌   | 416/2700 [40:40<3:03:44,  4.83s/it, video=80p80ynsZ78, orig=95, new=92, final=177, dup=10]
Processing videos:  15%|▌   | 417/2700 [40:40<2:26:02,  3.84s/it, video=80p80ynsZ78, orig=95, new=92, final=177, dup=10]
                                                                                                                        
──────────────────────────────────────────────────────────────────────
📹 Video: Kv1JXuOkAfk
──────────────────────────────────────────────────────────────────────
  📊 Scores: Max=0.9394 | Min=0.0407 | Range=[0.0407, 0.9394]
  🎯 Threshold: 0.6576 (70.0% of max)
  ✅ High-Score Frames: 40/42 (95.2%)
  📍 First 10 indices: [0, 30, 90, 120, 150, 180, 210, 240, 270, 300]
──────────────────────────────────────────────────────────────────────


Processing videos:  15%|▌   | 417/2700 [40:40<2:26:02,  3.84s/it, video=80p80ynsZ78, orig=95, new=92, final=177, dup=10]
Processing videos:  15%|▍  | 417/2700 [40:47<2:26:02,  3.84s/it, video=Kv1JXuOkAfk, orig=42, new=422, final=422, dup=42]
Processing videos:  15%|▍  | 418/2700 [40:47<2:58:01,  4.68s/it, video=Kv1JXuOkAfk, orig=42, new=422, final=422, dup=42]
                                                                                                                        
──────────────────────────────────────────────────────────────────────
📹 Video: Kv1JXuOkAfk
──────────────────────────────────────────────────────────────────────
  📊 Scores: Max=0.1998 | Min=0.0031 | Range=[0.0031, 0.1998]
  🎯 Threshold: 0.1399 (70.0% of max)
  ✅ High-Score Frames: 1/42 (2.4%)
  📍 First 10 indices: [930]
──────────────────────────────────────────────────────────────────────


Processing videos:  15%|▍  | 418/2700 [40:47<2:58:01,  4.68s/it, video=Kv1JXuOkAfk, orig=42, new=422, final=422, dup=42]
Processing videos:  15%|▉     | 418/2700 [40:47<2:58:01,  4.68s/it, video=Kv1JXuOkAfk, orig=42, new=41, final=78, dup=5]
Processing videos:  16%|▉     | 419/2700 [40:47<2:12:15,  3.48s/it, video=Kv1JXuOkAfk, orig=42, new=41, final=78, dup=5]
                                                                                                                        
──────────────────────────────────────────────────────────────────────
📹 Video: Kv1JXuOkAfk
──────────────────────────────────────────────────────────────────────
  📊 Scores: Max=0.8594 | Min=0.0274 | Range=[0.0274, 0.8594]
  🎯 Threshold: 0.6016 (70.0% of max)
  ✅ High-Score Frames: 5/42 (11.9%)
  📍 First 10 indices: [930, 960, 990, 1020, 1050]
──────────────────────────────────────────────────────────────────────


Processing videos:  16%|▉     | 419/2700 [40:47<2:12:15,  3.48s/it, video=Kv1JXuOkAfk, orig=42, new=41, final=78, dup=5]
Processing videos:  16%|▊    | 419/2700 [40:49<2:12:15,  3.48s/it, video=Kv1JXuOkAfk, orig=42, new=81, final=114, dup=9]
Processing videos:  16%|▊    | 420/2700 [40:49<1:47:36,  2.83s/it, video=Kv1JXuOkAfk, orig=42, new=81, final=114, dup=9]
                                                                                                                        
──────────────────────────────────────────────────────────────────────
📹 Video: lsfEHOtYGyk
──────────────────────────────────────────────────────────────────────
  📊 Scores: Max=0.9464 | Min=0.2140 | Range=[0.2140, 0.9464]
  🎯 Threshold: 0.6624 (70.0% of max)
  ✅ High-Score Frames: 16/17 (94.1%)
  📍 First 10 indices: [30, 60, 90, 120, 150, 180, 210, 240, 270, 300]
──────────────────────────────────────────────────────────────────────


Processing videos:  16%|▊    | 420/2700 [40:49<1:47:36,  2.83s/it, video=Kv1JXuOkAfk, orig=42, new=81, final=114, dup=9]
Processing videos:  16%|▍  | 420/2700 [40:52<1:47:36,  2.83s/it, video=lsfEHOtYGyk, orig=17, new=179, final=179, dup=17]
Processing videos:  16%|▍  | 421/2700 [40:52<1:47:22,  2.83s/it, video=lsfEHOtYGyk, orig=17, new=179, final=179, dup=17]
                                                                                                                        
──────────────────────────────────────────────────────────────────────
📹 Video: lsfEHOtYGyk
──────────────────────────────────────────────────────────────────────
  📊 Scores: Max=0.9710 | Min=0.2384 | Range=[0.2384, 0.9710]
  🎯 Threshold: 0.6797 (70.0% of max)
  ✅ High-Score Frames: 16/17 (94.1%)
  📍 First 10 indices: [30, 60, 90, 120, 150, 180, 210, 240, 270, 300]
──────────────────────────────────────────────────────────────────────


Processing videos:  16%|▍  | 421/2700 [40:52<1:47:22,  2.83s/it, video=lsfEHOtYGyk, orig=17, new=179, final=179, dup=17]
Processing videos:  16%|▍  | 421/2700 [40:54<1:47:22,  2.83s/it, video=lsfEHOtYGyk, orig=17, new=179, final=179, dup=17]
Processing videos:  16%|▍  | 422/2700 [40:54<1:47:18,  2.83s/it, video=lsfEHOtYGyk, orig=17, new=179, final=179, dup=17]
                                                                                                                        
──────────────────────────────────────────────────────────────────────
📹 Video: lsfEHOtYGyk
──────────────────────────────────────────────────────────────────────
  📊 Scores: Max=0.7747 | Min=0.2103 | Range=[0.2103, 0.7747]
  🎯 Threshold: 0.5423 (70.0% of max)
  ✅ High-Score Frames: 16/17 (94.1%)
  📍 First 10 indices: [30, 60, 90, 120, 150, 180, 210, 240, 270, 300]
──────────────────────────────────────────────────────────────────────


Processing videos:  16%|▍  | 422/2700 [40:54<1:47:18,  2.83s/it, video=lsfEHOtYGyk, orig=17, new=179, final=179, dup=17]
Processing videos:  16%|▍  | 422/2700 [40:57<1:47:18,  2.83s/it, video=lsfEHOtYGyk, orig=17, new=179, final=179, dup=17]
Processing videos:  16%|▍  | 423/2700 [40:57<1:47:07,  2.82s/it, video=lsfEHOtYGyk, orig=17, new=179, final=179, dup=17]
                                                                                                                        
──────────────────────────────────────────────────────────────────────
📹 Video: rj6rJzs029A
──────────────────────────────────────────────────────────────────────
  📊 Scores: Max=0.9925 | Min=0.9156 | Range=[0.9156, 0.9925]
  🎯 Threshold: 0.6948 (70.0% of max)
  ✅ High-Score Frames: 29/29 (100.0%)
  📍 First 10 indices: [0, 30, 60, 90, 120, 150, 180, 210, 240, 270]
──────────────────────────────────────────────────────────────────────


Processing videos:  16%|▍  | 423/2700 [40:57<1:47:07,  2.82s/it, video=lsfEHOtYGyk, orig=17, new=179, final=179, dup=17]
Processing videos:  16%|▍  | 423/2700 [41:02<1:47:07,  2.82s/it, video=rj6rJzs029A, orig=29, new=291, final=291, dup=29]
Processing videos:  16%|▍  | 424/2700 [41:02<2:07:47,  3.37s/it, video=rj6rJzs029A, orig=29, new=291, final=291, dup=29]
                                                                                                                        
──────────────────────────────────────────────────────────────────────
📹 Video: rj6rJzs029A
──────────────────────────────────────────────────────────────────────
  📊 Scores: Max=0.9785 | Min=0.3315 | Range=[0.3315, 0.9785]
  🎯 Threshold: 0.6849 (70.0% of max)
  ✅ High-Score Frames: 9/29 (31.0%)
  📍 First 10 indices: [150, 390, 510, 600, 630, 660, 690, 720, 750]
──────────────────────────────────────────────────────────────────────


Processing videos:  16%|▍  | 424/2700 [41:02<2:07:47,  3.37s/it, video=rj6rJzs029A, orig=29, new=291, final=291, dup=29]
Processing videos:  16%|▍  | 424/2700 [41:06<2:07:47,  3.37s/it, video=rj6rJzs029A, orig=29, new=202, final=209, dup=22]
                                                                                                                        
======================================================================

Processing videos:  16%|▍  | 424/2700 [41:06<2:07:47,  3.37s/it, video=rj6rJzs029A, orig=29, new=202, final=209, dup=22]
                                                                                                                        
💾 CHECKPOINT SAVED [425/2700]

Processing videos:  16%|▍  | 424/2700 [41:06<2:07:47,  3.37s/it, video=rj6rJzs029A, orig=29, new=202, final=209, dup=22]
                                                                                                                        
======================================================================

Processing videos:  16%|▍  | 424/2700 [41:06<2:07:47,  3.37s/it, video=rj6rJzs029A, orig=29, new=202, final=209, dup=22]
                                                                                                                        
  GPU Memory: 0.00GB allocated, 0.00GB reserved

Processing videos:  16%|▍  | 424/2700 [41:06<2:07:47,  3.37s/it, video=rj6rJzs029A, orig=29, new=202, final=209, dup=22]
                                                                                                                        
  Videos processed: 425

Processing videos:  16%|▍  | 424/2700 [41:06<2:07:47,  3.37s/it, video=rj6rJzs029A, orig=29, new=202, final=209, dup=22]
                                                                                                                        
  With dense sampling: 425

Processing videos:  16%|▍  | 424/2700 [41:06<2:07:47,  3.37s/it, video=rj6rJzs029A, orig=29, new=202, final=209, dup=22]
                                                                                                                        
  Total frames: 268,146

Processing videos:  16%|▍  | 424/2700 [41:06<2:07:47,  3.37s/it, video=rj6rJzs029A, orig=29, new=202, final=209, dup=22]
                                                                                                                        
  Elapsed time: 41.11 min

Processing videos:  16%|▍  | 424/2700 [41:06<2:07:47,  3.37s/it, video=rj6rJzs029A, orig=29, new=202, final=209, dup=22]
                                                                                                                        
  Speed: 0.12 videos/sec

Processing videos:  16%|▍  | 424/2700 [41:06<2:07:47,  3.37s/it, video=rj6rJzs029A, orig=29, new=202, final=209, dup=22]
                                                                                                                        
  ✅ Safe to restart if needed

Processing videos:  16%|▍  | 424/2700 [41:06<2:07:47,  3.37s/it, video=rj6rJzs029A, orig=29, new=202, final=209, dup=22]
                                                                                                                        
======================================================================


Processing videos:  16%|▍  | 424/2700 [41:06<2:07:47,  3.37s/it, video=rj6rJzs029A, orig=29, new=202, final=209, dup=22]
Processing videos:  16%|▍  | 425/2700 [41:06<2:14:20,  3.54s/it, video=rj6rJzs029A, orig=29, new=202, final=209, dup=22]
                                                                                                                        
──────────────────────────────────────────────────────────────────────
📹 Video: rj6rJzs029A
──────────────────────────────────────────────────────────────────────
  📊 Scores: Max=0.8247 | Min=0.4035 | Range=[0.4035, 0.8247]
  🎯 Threshold: 0.5773 (70.0% of max)
  ✅ High-Score Frames: 26/29 (89.7%)
  📍 First 10 indices: [0, 30, 60, 90, 120, 150, 180, 210, 240, 270]
──────────────────────────────────────────────────────────────────────


Processing videos:  16%|▍  | 425/2700 [41:06<2:14:20,  3.54s/it, video=rj6rJzs029A, orig=29, new=202, final=209, dup=22]
Processing videos:  16%|▍  | 425/2700 [41:10<2:14:20,  3.54s/it, video=rj6rJzs029A, orig=29, new=281, final=281, dup=29]
Processing videos:  16%|▍  | 426/2700 [41:10<2:23:50,  3.80s/it, video=rj6rJzs029A, orig=29, new=281, final=281, dup=29]
                                                                                                                        
──────────────────────────────────────────────────────────────────────
📹 Video: PJHkIJZGwKA
──────────────────────────────────────────────────────────────────────
  📊 Scores: Max=0.7133 | Min=0.2383 | Range=[0.2383, 0.7133]
  🎯 Threshold: 0.4993 (70.0% of max)
  ✅ High-Score Frames: 10/32 (31.2%)
  📍 First 10 indices: [406, 435, 493, 551, 580, 609, 696, 725, 754, 783]
──────────────────────────────────────────────────────────────────────


Processing videos:  16%|▍  | 426/2700 [41:10<2:23:50,  3.80s/it, video=rj6rJzs029A, orig=29, new=281, final=281, dup=29]
Processing videos:  16%|▍  | 426/2700 [41:16<2:23:50,  3.80s/it, video=PJHkIJZGwKA, orig=32, new=357, final=372, dup=17]
Processing videos:  16%|▍  | 427/2700 [41:16<2:41:32,  4.26s/it, video=PJHkIJZGwKA, orig=32, new=357, final=372, dup=17]
                                                                                                                        
──────────────────────────────────────────────────────────────────────
📹 Video: PJHkIJZGwKA
──────────────────────────────────────────────────────────────────────
  📊 Scores: Max=0.6708 | Min=0.0632 | Range=[0.0632, 0.6708]
  🎯 Threshold: 0.4696 (70.0% of max)
  ✅ High-Score Frames: 6/32 (18.8%)
  📍 First 10 indices: [638, 696, 812, 841, 870, 899]
──────────────────────────────────────────────────────────────────────


Processing videos:  16%|▍  | 427/2700 [41:16<2:41:32,  4.26s/it, video=PJHkIJZGwKA, orig=32, new=357, final=372, dup=17]
Processing videos:  16%|▍  | 427/2700 [41:19<2:41:32,  4.26s/it, video=PJHkIJZGwKA, orig=32, new=222, final=244, dup=10]
Processing videos:  16%|▍  | 428/2700 [41:19<2:31:03,  3.99s/it, video=PJHkIJZGwKA, orig=32, new=222, final=244, dup=10]
                                                                                                                        
──────────────────────────────────────────────────────────────────────
📹 Video: PJHkIJZGwKA
──────────────────────────────────────────────────────────────────────
  📊 Scores: Max=0.9312 | Min=0.5134 | Range=[0.5134, 0.9312]
  🎯 Threshold: 0.6519 (70.0% of max)
  ✅ High-Score Frames: 29/32 (90.6%)
  📍 First 10 indices: [0, 29, 58, 87, 116, 145, 174, 203, 232, 261]
──────────────────────────────────────────────────────────────────────


Processing videos:  16%|▍  | 428/2700 [41:19<2:31:03,  3.99s/it, video=PJHkIJZGwKA, orig=32, new=222, final=244, dup=10]
Processing videos:  16%|▍  | 428/2700 [41:31<2:31:03,  3.99s/it, video=PJHkIJZGwKA, orig=32, new=832, final=832, dup=32]
Processing videos:  16%|▍  | 429/2700 [41:31<4:05:15,  6.48s/it, video=PJHkIJZGwKA, orig=32, new=832, final=832, dup=32]
                                                                                                                        
──────────────────────────────────────────────────────────────────────
📹 Video: QUmkzhUQoEA
──────────────────────────────────────────────────────────────────────
  📊 Scores: Max=0.6950 | Min=0.2431 | Range=[0.2431, 0.6950]
  🎯 Threshold: 0.4865 (70.0% of max)
  ✅ High-Score Frames: 21/44 (47.7%)
  📍 First 10 indices: [29, 87, 116, 203, 377, 435, 464, 493, 522, 551]
──────────────────────────────────────────────────────────────────────


Processing videos:  16%|▍  | 429/2700 [41:31<4:05:15,  6.48s/it, video=PJHkIJZGwKA, orig=32, new=832, final=832, dup=32]
Processing videos:  16%|▍  | 429/2700 [41:42<4:05:15,  6.48s/it, video=QUmkzhUQoEA, orig=44, new=713, final=722, dup=35]
Processing videos:  16%|▍  | 430/2700 [41:42<4:58:55,  7.90s/it, video=QUmkzhUQoEA, orig=44, new=713, final=722, dup=35]
                                                                                                                        
──────────────────────────────────────────────────────────────────────
📹 Video: QUmkzhUQoEA
──────────────────────────────────────────────────────────────────────
  📊 Scores: Max=0.0808 | Min=0.0141 | Range=[0.0141, 0.0808]
  🎯 Threshold: 0.0566 (70.0% of max)
  ✅ High-Score Frames: 8/44 (18.2%)
  📍 First 10 indices: [493, 812, 841, 870, 899, 986, 1015, 1044]
──────────────────────────────────────────────────────────────────────


Processing videos:  16%|▍  | 430/2700 [41:42<4:58:55,  7.90s/it, video=QUmkzhUQoEA, orig=44, new=713, final=722, dup=35]
Processing videos:  16%|▍  | 430/2700 [41:47<4:58:55,  7.90s/it, video=QUmkzhUQoEA, orig=44, new=299, final=328, dup=15]
Processing videos:  16%|▍  | 431/2700 [41:47<4:21:30,  6.92s/it, video=QUmkzhUQoEA, orig=44, new=299, final=328, dup=15]
                                                                                                                        
──────────────────────────────────────────────────────────────────────
📹 Video: QUmkzhUQoEA
──────────────────────────────────────────────────────────────────────
  📊 Scores: Max=0.6858 | Min=0.1204 | Range=[0.1204, 0.6858]
  🎯 Threshold: 0.4801 (70.0% of max)
  ✅ High-Score Frames: 27/44 (61.4%)
  📍 First 10 indices: [87, 116, 145, 174, 261, 290, 319, 348, 377, 406]
──────────────────────────────────────────────────────────────────────


Processing videos:  16%|▍  | 431/2700 [41:47<4:21:30,  6.92s/it, video=QUmkzhUQoEA, orig=44, new=299, final=328, dup=15]
Processing videos:  16%|▍  | 431/2700 [42:00<4:21:30,  6.92s/it, video=QUmkzhUQoEA, orig=44, new=883, final=890, dup=37]
Processing videos:  16%|▍  | 432/2700 [42:00<5:32:11,  8.79s/it, video=QUmkzhUQoEA, orig=44, new=883, final=890, dup=37]
                                                                                                                        
──────────────────────────────────────────────────────────────────────
📹 Video: gvtvz-keDmE
──────────────────────────────────────────────────────────────────────
  📊 Scores: Max=0.9998 | Min=0.0003 | Range=[0.0003, 0.9998]
  🎯 Threshold: 0.6998 (70.0% of max)
  ✅ High-Score Frames: 17/56 (30.4%)
  📍 First 10 indices: [0, 23, 46, 69, 92, 115, 138, 368, 391, 414]
──────────────────────────────────────────────────────────────────────


Processing videos:  16%|▍  | 432/2700 [42:00<5:32:11,  8.79s/it, video=QUmkzhUQoEA, orig=44, new=883, final=890, dup=37]
Processing videos:  16%|▍  | 432/2700 [42:08<5:32:11,  8.79s/it, video=gvtvz-keDmE, orig=56, new=510, final=542, dup=24]
Processing videos:  16%|▍  | 433/2700 [42:08<5:18:55,  8.44s/it, video=gvtvz-keDmE, orig=56, new=510, final=542, dup=24]
                                                                                                                        
──────────────────────────────────────────────────────────────────────
📹 Video: gvtvz-keDmE
──────────────────────────────────────────────────────────────────────
  📊 Scores: Max=0.9924 | Min=0.0156 | Range=[0.0156, 0.9924]
  🎯 Threshold: 0.6947 (70.0% of max)
  ✅ High-Score Frames: 13/56 (23.2%)
  📍 First 10 indices: [161, 184, 253, 322, 345, 529, 713, 782, 828, 851]
──────────────────────────────────────────────────────────────────────


Processing videos:  16%|▍  | 433/2700 [42:08<5:18:55,  8.44s/it, video=gvtvz-keDmE, orig=56, new=510, final=542, dup=24]
Processing videos:  16%|▍  | 433/2700 [42:16<5:18:55,  8.44s/it, video=gvtvz-keDmE, orig=56, new=574, final=602, dup=28]
Processing videos:  16%|▍  | 434/2700 [42:16<5:21:27,  8.51s/it, video=gvtvz-keDmE, orig=56, new=574, final=602, dup=28]
                                                                                                                        
──────────────────────────────────────────────────────────────────────
📹 Video: gvtvz-keDmE
──────────────────────────────────────────────────────────────────────
  📊 Scores: Max=0.9384 | Min=0.0187 | Range=[0.0187, 0.9384]
  🎯 Threshold: 0.6569 (70.0% of max)
  ✅ High-Score Frames: 28/56 (50.0%)
  📍 First 10 indices: [0, 23, 46, 69, 92, 115, 138, 161, 184, 207]
──────────────────────────────────────────────────────────────────────


Processing videos:  16%|▍  | 434/2700 [42:17<5:21:27,  8.51s/it, video=gvtvz-keDmE, orig=56, new=574, final=602, dup=28]
Processing videos:  16%|▍  | 434/2700 [42:28<5:21:27,  8.51s/it, video=gvtvz-keDmE, orig=56, new=738, final=758, dup=36]
Processing videos:  16%|▍  | 435/2700 [42:28<5:56:04,  9.43s/it, video=gvtvz-keDmE, orig=56, new=738, final=758, dup=36]
                                                                                                                        
──────────────────────────────────────────────────────────────────────
📹 Video: V9fsOaa97F4
──────────────────────────────────────────────────────────────────────
  📊 Scores: Max=0.9832 | Min=0.0041 | Range=[0.0041, 0.9832]
  🎯 Threshold: 0.6882 (70.0% of max)
  ✅ High-Score Frames: 10/62 (16.1%)
  📍 First 10 indices: [782, 920, 1035, 1058, 1104, 1173, 1265, 1357, 1380, 1403]
──────────────────────────────────────────────────────────────────────


Processing videos:  16%|▍  | 435/2700 [42:28<5:56:04,  9.43s/it, video=gvtvz-keDmE, orig=56, new=738, final=758, dup=36]
Processing videos:  16%|▍  | 435/2700 [42:34<5:56:04,  9.43s/it, video=V9fsOaa97F4, orig=62, new=425, final=465, dup=22]
Processing videos:  16%|▍  | 436/2700 [42:34<5:21:19,  8.52s/it, video=V9fsOaa97F4, orig=62, new=425, final=465, dup=22]
                                                                                                                        
──────────────────────────────────────────────────────────────────────
📹 Video: V9fsOaa97F4
──────────────────────────────────────────────────────────────────────
  📊 Scores: Max=0.9995 | Min=0.0016 | Range=[0.0016, 0.9995]
  🎯 Threshold: 0.6997 (70.0% of max)
  ✅ High-Score Frames: 22/62 (35.5%)
  📍 First 10 indices: [184, 345, 391, 414, 483, 529, 575, 598, 621, 644]
──────────────────────────────────────────────────────────────────────


Processing videos:  16%|▍  | 436/2700 [42:34<5:21:19,  8.52s/it, video=V9fsOaa97F4, orig=62, new=425, final=465, dup=22]
Processing videos:  16%|▍  | 436/2700 [42:48<5:21:19,  8.52s/it, video=V9fsOaa97F4, orig=62, new=848, final=869, dup=41]
Processing videos:  16%|▍  | 437/2700 [42:48<6:13:21,  9.90s/it, video=V9fsOaa97F4, orig=62, new=848, final=869, dup=41]
                                                                                                                        
──────────────────────────────────────────────────────────────────────
📹 Video: V9fsOaa97F4
──────────────────────────────────────────────────────────────────────
  📊 Scores: Max=0.4427 | Min=0.0915 | Range=[0.0915, 0.4427]
  🎯 Threshold: 0.3099 (70.0% of max)
  ✅ High-Score Frames: 9/62 (14.5%)
  📍 First 10 indices: [483, 529, 667, 828, 1150, 1219, 1288, 1380, 1403]
──────────────────────────────────────────────────────────────────────


Processing videos:  16%|▍  | 437/2700 [42:48<6:13:21,  9.90s/it, video=V9fsOaa97F4, orig=62, new=848, final=869, dup=41]
Processing videos:  16%|▍  | 437/2700 [42:54<6:13:21,  9.90s/it, video=V9fsOaa97F4, orig=62, new=406, final=445, dup=23]
Processing videos:  16%|▍  | 438/2700 [42:54<5:31:36,  8.80s/it, video=V9fsOaa97F4, orig=62, new=406, final=445, dup=23]
                                                                                                                        
──────────────────────────────────────────────────────────────────────
📹 Video: 7R1eNHvfspk
──────────────────────────────────────────────────────────────────────
  📊 Scores: Max=0.9313 | Min=0.0115 | Range=[0.0115, 0.9313]
  🎯 Threshold: 0.6519 (70.0% of max)
  ✅ High-Score Frames: 13/76 (17.1%)
  📍 First 10 indices: [276, 414, 460, 736, 966, 1104, 1127, 1150, 1219, 1357]
──────────────────────────────────────────────────────────────────────


Processing videos:  16%|▍  | 438/2700 [42:54<5:31:36,  8.80s/it, video=V9fsOaa97F4, orig=62, new=406, final=445, dup=23]
Processing videos:  16%|▍  | 438/2700 [43:02<5:31:36,  8.80s/it, video=7R1eNHvfspk, orig=76, new=555, final=600, dup=31]
Processing videos:  16%|▍  | 439/2700 [43:02<5:27:54,  8.70s/it, video=7R1eNHvfspk, orig=76, new=555, final=600, dup=31]
                                                                                                                        
──────────────────────────────────────────────────────────────────────
📹 Video: 7R1eNHvfspk
──────────────────────────────────────────────────────────────────────
  📊 Scores: Max=0.5361 | Min=0.0204 | Range=[0.0204, 0.5361]
  🎯 Threshold: 0.3753 (70.0% of max)
  ✅ High-Score Frames: 19/76 (25.0%)
  📍 First 10 indices: [276, 299, 391, 414, 437, 575, 644, 667, 690, 874]
──────────────────────────────────────────────────────────────────────


Processing videos:  16%|▍  | 439/2700 [43:02<5:27:54,  8.70s/it, video=7R1eNHvfspk, orig=76, new=555, final=600, dup=31]
Processing videos:  16%|▍  | 439/2700 [43:15<5:27:54,  8.70s/it, video=7R1eNHvfspk, orig=76, new=837, final=874, dup=39]
Processing videos:  16%|▍  | 440/2700 [43:15<6:11:05,  9.85s/it, video=7R1eNHvfspk, orig=76, new=837, final=874, dup=39]
                                                                                                                        
──────────────────────────────────────────────────────────────────────
📹 Video: 7R1eNHvfspk
──────────────────────────────────────────────────────────────────────
  📊 Scores: Max=0.9520 | Min=0.0070 | Range=[0.0070, 0.9520]
  🎯 Threshold: 0.6664 (70.0% of max)
  ✅ High-Score Frames: 25/76 (32.9%)
  📍 First 10 indices: [276, 299, 322, 437, 575, 644, 667, 713, 874, 897]
──────────────────────────────────────────────────────────────────────


Processing videos:  16%|▍  | 440/2700 [43:15<6:11:05,  9.85s/it, video=7R1eNHvfspk, orig=76, new=837, final=874, dup=39]
Processing videos:  16%|▍  | 440/2700 [43:29<6:11:05,  9.85s/it, video=7R1eNHvfspk, orig=76, new=925, final=956, dup=45]
Processing videos:  16%|▍  | 441/2700 [43:29<6:55:13, 11.03s/it, video=7R1eNHvfspk, orig=76, new=925, final=956, dup=45]
                                                                                                                        
──────────────────────────────────────────────────────────────────────
📹 Video: KZu5iE7yrPI
──────────────────────────────────────────────────────────────────────
  📊 Scores: Max=0.9010 | Min=0.0046 | Range=[0.0046, 0.9010]
  🎯 Threshold: 0.6307 (70.0% of max)
  ✅ High-Score Frames: 13/103 (12.6%)
  📍 First 10 indices: [406, 841, 870, 899, 928, 1595, 1653, 1682, 2668, 2697]
──────────────────────────────────────────────────────────────────────


Processing videos:  16%|▍  | 441/2700 [43:29<6:55:13, 11.03s/it, video=7R1eNHvfspk, orig=76, new=925, final=956, dup=45]
Processing videos:  16%|▎ | 441/2700 [43:36<6:55:13, 11.03s/it, video=KZu5iE7yrPI, orig=103, new=479, final=557, dup=25]
Processing videos:  16%|▎ | 442/2700 [43:36<6:12:48,  9.91s/it, video=KZu5iE7yrPI, orig=103, new=479, final=557, dup=25]
                                                                                                                        
──────────────────────────────────────────────────────────────────────
📹 Video: KZu5iE7yrPI
──────────────────────────────────────────────────────────────────────
  📊 Scores: Max=0.9947 | Min=0.0522 | Range=[0.0522, 0.9947]
  🎯 Threshold: 0.6963 (70.0% of max)
  ✅ High-Score Frames: 50/103 (48.5%)
  📍 First 10 indices: [58, 87, 145, 174, 203, 232, 290, 319, 348, 377]
──────────────────────────────────────────────────────────────────────


Processing videos:  16%|▎ | 442/2700 [43:36<6:12:48,  9.91s/it, video=KZu5iE7yrPI, orig=103, new=479, final=557, dup=25]
Processing videos:  16%|▏| 442/2700 [44:00<6:12:48,  9.91s/it, video=KZu5iE7yrPI, orig=103, new=1699, final=1723, dup=79
Processing videos:  16%|▏| 443/2700 [44:00<8:55:12, 14.23s/it, video=KZu5iE7yrPI, orig=103, new=1699, final=1723, dup=79
                                                                                                                        
──────────────────────────────────────────────────────────────────────
📹 Video: KZu5iE7yrPI
──────────────────────────────────────────────────────────────────────
  📊 Scores: Max=0.9942 | Min=0.0362 | Range=[0.0362, 0.9942]
  🎯 Threshold: 0.6959 (70.0% of max)
  ✅ High-Score Frames: 73/103 (70.9%)
  📍 First 10 indices: [145, 174, 203, 232, 261, 290, 319, 377, 406, 435]
──────────────────────────────────────────────────────────────────────


Processing videos:  16%|▏| 443/2700 [44:00<8:55:12, 14.23s/it, video=KZu5iE7yrPI, orig=103, new=1699, final=1723, dup=79
Processing videos:  16%|▏| 443/2700 [44:32<8:55:12, 14.23s/it, video=KZu5iE7yrPI, orig=103, new=2251, final=2267, dup=87
Processing videos:  16%|▏| 444/2700 [44:32<12:15:20, 19.56s/it, video=KZu5iE7yrPI, orig=103, new=2251, final=2267, dup=8
                                                                                                                        
──────────────────────────────────────────────────────────────────────
📹 Video: 5fPtlxR3s3c
──────────────────────────────────────────────────────────────────────
  📊 Scores: Max=0.8436 | Min=0.1324 | Range=[0.1324, 0.8436]
  🎯 Threshold: 0.5905 (70.0% of max)
  ✅ High-Score Frames: 30/104 (28.8%)
  📍 First 10 indices: [120, 150, 180, 210, 240, 270, 300, 330, 360, 390]
──────────────────────────────────────────────────────────────────────


Processing videos:  16%|▏| 444/2700 [44:32<12:15:20, 19.56s/it, video=KZu5iE7yrPI, orig=103, new=2251, final=2267, dup=8
Processing videos:  16%|▏| 444/2700 [44:40<12:15:20, 19.56s/it, video=5fPtlxR3s3c, orig=104, new=485, final=536, dup=53]
Processing videos:  16%|▏| 445/2700 [44:40<10:04:09, 16.08s/it, video=5fPtlxR3s3c, orig=104, new=485, final=536, dup=53]
                                                                                                                        
──────────────────────────────────────────────────────────────────────
📹 Video: 5fPtlxR3s3c
──────────────────────────────────────────────────────────────────────
  📊 Scores: Max=0.9761 | Min=0.1724 | Range=[0.1724, 0.9761]
  🎯 Threshold: 0.6832 (70.0% of max)
  ✅ High-Score Frames: 62/104 (59.6%)
  📍 First 10 indices: [0, 30, 60, 90, 120, 150, 180, 210, 240, 270]
──────────────────────────────────────────────────────────────────────


Processing videos:  16%|▏| 445/2700 [44:40<10:04:09, 16.08s/it, video=5fPtlxR3s3c, orig=104, new=485, final=536, dup=53]
Processing videos:  16%|▏| 445/2700 [44:53<10:04:09, 16.08s/it, video=5fPtlxR3s3c, orig=104, new=825, final=842, dup=87]
Processing videos:  17%|▎ | 446/2700 [44:53<9:29:52, 15.17s/it, video=5fPtlxR3s3c, orig=104, new=825, final=842, dup=87]
                                                                                                                        
──────────────────────────────────────────────────────────────────────
📹 Video: 5fPtlxR3s3c
──────────────────────────────────────────────────────────────────────
  📊 Scores: Max=0.2379 | Min=0.0219 | Range=[0.0219, 0.2379]
  🎯 Threshold: 0.1665 (70.0% of max)
  ✅ High-Score Frames: 18/104 (17.3%)
  📍 First 10 indices: [300, 330, 360, 390, 450, 480, 510, 540, 570, 810]
──────────────────────────────────────────────────────────────────────


Processing videos:  17%|▎ | 446/2700 [44:53<9:29:52, 15.17s/it, video=5fPtlxR3s3c, orig=104, new=825, final=842, dup=87]
Processing videos:  17%|▎ | 446/2700 [44:59<9:29:52, 15.17s/it, video=5fPtlxR3s3c, orig=104, new=345, final=410, dup=39]
Processing videos:  17%|▎ | 447/2700 [44:59<7:46:15, 12.42s/it, video=5fPtlxR3s3c, orig=104, new=345, final=410, dup=39]
                                                                                                                        
──────────────────────────────────────────────────────────────────────
📹 Video: Tn70NxIMk2Q
──────────────────────────────────────────────────────────────────────
  📊 Scores: Max=0.5017 | Min=0.0666 | Range=[0.0666, 0.5017]
  🎯 Threshold: 0.3512 (70.0% of max)
  ✅ High-Score Frames: 28/125 (22.4%)
  📍 First 10 indices: [92, 897, 1081, 1219, 1242, 1265, 1288, 1311, 1334, 1702]
──────────────────────────────────────────────────────────────────────


Processing videos:  17%|▎ | 447/2700 [44:59<7:46:15, 12.42s/it, video=5fPtlxR3s3c, orig=104, new=345, final=410, dup=39]
Processing videos:  17%|▏| 447/2700 [45:09<7:46:15, 12.42s/it, video=Tn70NxIMk2Q, orig=125, new=1064, final=1139, dup=50
Processing videos:  17%|▏| 448/2700 [45:09<7:17:08, 11.65s/it, video=Tn70NxIMk2Q, orig=125, new=1064, final=1139, dup=50
                                                                                                                        
──────────────────────────────────────────────────────────────────────
📹 Video: Tn70NxIMk2Q
──────────────────────────────────────────────────────────────────────
  📊 Scores: Max=0.9900 | Min=0.0004 | Range=[0.0004, 0.9900]
  🎯 Threshold: 0.6930 (70.0% of max)
  ✅ High-Score Frames: 24/125 (19.2%)
  📍 First 10 indices: [529, 552, 897, 966, 1058, 1081, 1242, 1265, 1288, 1311]
──────────────────────────────────────────────────────────────────────


Processing videos:  17%|▏| 448/2700 [45:09<7:17:08, 11.65s/it, video=Tn70NxIMk2Q, orig=125, new=1064, final=1139, dup=50
Processing videos:  17%|▏| 448/2700 [45:19<7:17:08, 11.65s/it, video=Tn70NxIMk2Q, orig=125, new=974, final=1053, dup=46]
Processing videos:  17%|▏| 449/2700 [45:19<6:52:31, 11.00s/it, video=Tn70NxIMk2Q, orig=125, new=974, final=1053, dup=46]
                                                                                                                        
──────────────────────────────────────────────────────────────────────
📹 Video: Tn70NxIMk2Q
──────────────────────────────────────────────────────────────────────
  📊 Scores: Max=0.9112 | Min=0.0147 | Range=[0.0147, 0.9112]
  🎯 Threshold: 0.6378 (70.0% of max)
  ✅ High-Score Frames: 4/125 (3.2%)
  📍 First 10 indices: [46, 851, 1265, 1518]
──────────────────────────────────────────────────────────────────────


Processing videos:  17%|▏| 449/2700 [45:19<6:52:31, 11.00s/it, video=Tn70NxIMk2Q, orig=125, new=974, final=1053, dup=46]
Processing videos:  17%|▎ | 449/2700 [45:20<6:52:31, 11.00s/it, video=Tn70NxIMk2Q, orig=125, new=194, final=307, dup=12]
                                                                                                                        
======================================================================

Processing videos:  17%|▎ | 449/2700 [45:21<6:52:31, 11.00s/it, video=Tn70NxIMk2Q, orig=125, new=194, final=307, dup=12]
                                                                                                                        
💾 CHECKPOINT SAVED [450/2700]

Processing videos:  17%|▎ | 449/2700 [45:21<6:52:31, 11.00s/it, video=Tn70NxIMk2Q, orig=125, new=194, final=307, dup=12]
                                                                                                                        
======================================================================

Processing videos:  17%|▎ | 449/2700 [45:21<6:52:31, 11.00s/it, video=Tn70NxIMk2Q, orig=125, new=194, final=307, dup=12]
                                                                                                                        
  GPU Memory: 0.00GB allocated, 0.00GB reserved

Processing videos:  17%|▎ | 449/2700 [45:21<6:52:31, 11.00s/it, video=Tn70NxIMk2Q, orig=125, new=194, final=307, dup=12]
                                                                                                                        
  Videos processed: 450

Processing videos:  17%|▎ | 449/2700 [45:21<6:52:31, 11.00s/it, video=Tn70NxIMk2Q, orig=125, new=194, final=307, dup=12]
                                                                                                                        
  With dense sampling: 450

Processing videos:  17%|▎ | 449/2700 [45:21<6:52:31, 11.00s/it, video=Tn70NxIMk2Q, orig=125, new=194, final=307, dup=12]
                                                                                                                        
  Total frames: 286,760

Processing videos:  17%|▎ | 449/2700 [45:21<6:52:31, 11.00s/it, video=Tn70NxIMk2Q, orig=125, new=194, final=307, dup=12]
                                                                                                                        
  Elapsed time: 45.35 min

Processing videos:  17%|▎ | 449/2700 [45:21<6:52:31, 11.00s/it, video=Tn70NxIMk2Q, orig=125, new=194, final=307, dup=12]
                                                                                                                        
  Speed: 0.12 videos/sec

Processing videos:  17%|▎ | 449/2700 [45:21<6:52:31, 11.00s/it, video=Tn70NxIMk2Q, orig=125, new=194, final=307, dup=12]
                                                                                                                        
  ✅ Safe to restart if needed

Processing videos:  17%|▎ | 449/2700 [45:21<6:52:31, 11.00s/it, video=Tn70NxIMk2Q, orig=125, new=194, final=307, dup=12]
                                                                                                                        
======================================================================


Processing videos:  17%|▎ | 449/2700 [45:21<6:52:31, 11.00s/it, video=Tn70NxIMk2Q, orig=125, new=194, final=307, dup=12]
Processing videos:  17%|▎ | 450/2700 [45:21<5:11:48,  8.31s/it, video=Tn70NxIMk2Q, orig=125, new=194, final=307, dup=12]
                                                                                                                        
──────────────────────────────────────────────────────────────────────
📹 Video: JP67IM1LX-M
──────────────────────────────────────────────────────────────────────
  📊 Scores: Max=0.9996 | Min=0.0004 | Range=[0.0004, 0.9996]
  🎯 Threshold: 0.6997 (70.0% of max)
  ✅ High-Score Frames: 7/49 (14.3%)
  📍 First 10 indices: [100, 250, 275, 300, 600, 625, 650]
──────────────────────────────────────────────────────────────────────


Processing videos:  17%|▎ | 450/2700 [45:21<5:11:48,  8.31s/it, video=Tn70NxIMk2Q, orig=125, new=194, final=307, dup=12]
Processing videos:  17%|▌  | 450/2700 [45:24<5:11:48,  8.31s/it, video=JP67IM1LX-M, orig=49, new=239, final=273, dup=15]
Processing videos:  17%|▌  | 451/2700 [45:24<4:19:19,  6.92s/it, video=JP67IM1LX-M, orig=49, new=239, final=273, dup=15]
                                                                                                                        
──────────────────────────────────────────────────────────────────────
📹 Video: JP67IM1LX-M
──────────────────────────────────────────────────────────────────────
  📊 Scores: Max=0.9901 | Min=0.0001 | Range=[0.0001, 0.9901]
  🎯 Threshold: 0.6931 (70.0% of max)
  ✅ High-Score Frames: 4/49 (8.2%)
  📍 First 10 indices: [0, 75, 100, 125]
──────────────────────────────────────────────────────────────────────


Processing videos:  17%|▌  | 451/2700 [45:24<4:19:19,  6.92s/it, video=JP67IM1LX-M, orig=49, new=239, final=273, dup=15]
Processing videos:  17%|▋   | 451/2700 [45:26<4:19:19,  6.92s/it, video=JP67IM1LX-M, orig=49, new=119, final=161, dup=7]
Processing videos:  17%|▋   | 452/2700 [45:26<3:22:00,  5.39s/it, video=JP67IM1LX-M, orig=49, new=119, final=161, dup=7]
                                                                                                                        
──────────────────────────────────────────────────────────────────────
📹 Video: JP67IM1LX-M
──────────────────────────────────────────────────────────────────────
  📊 Scores: Max=0.9998 | Min=0.0520 | Range=[0.0520, 0.9998]
  🎯 Threshold: 0.6999 (70.0% of max)
  ✅ High-Score Frames: 42/49 (85.7%)
  📍 First 10 indices: [0, 25, 50, 75, 100, 125, 150, 175, 200, 225]
──────────────────────────────────────────────────────────────────────


Processing videos:  17%|▋   | 452/2700 [45:26<3:22:00,  5.39s/it, video=JP67IM1LX-M, orig=49, new=119, final=161, dup=7]
Processing videos:  17%|▏| 452/2700 [45:42<3:22:00,  5.39s/it, video=JP67IM1LX-M, orig=49, new=1066, final=1066, dup=49]
Processing videos:  17%|▏| 453/2700 [45:42<5:23:27,  8.64s/it, video=JP67IM1LX-M, orig=49, new=1066, final=1066, dup=49]
                                                                                                                        
──────────────────────────────────────────────────────────────────────
📹 Video: PYqmI0Hiaho
──────────────────────────────────────────────────────────────────────
  📊 Scores: Max=0.9897 | Min=0.1862 | Range=[0.1862, 0.9897]
  🎯 Threshold: 0.6928 (70.0% of max)
  ✅ High-Score Frames: 69/87 (79.3%)
  📍 First 10 indices: [0, 25, 50, 75, 100, 125, 150, 175, 200, 225]
──────────────────────────────────────────────────────────────────────


Processing videos:  17%|▏| 453/2700 [45:42<5:23:27,  8.64s/it, video=JP67IM1LX-M, orig=49, new=1066, final=1066, dup=49]
Processing videos:  17%|▏| 453/2700 [46:07<5:23:27,  8.64s/it, video=PYqmI0Hiaho, orig=87, new=1767, final=1775, dup=79]
Processing videos:  17%|▏| 454/2700 [46:07<8:28:33, 13.59s/it, video=PYqmI0Hiaho, orig=87, new=1767, final=1775, dup=79]
                                                                                                                        
──────────────────────────────────────────────────────────────────────
📹 Video: PYqmI0Hiaho
──────────────────────────────────────────────────────────────────────
  📊 Scores: Max=0.5687 | Min=0.0439 | Range=[0.0439, 0.5687]
  🎯 Threshold: 0.3981 (70.0% of max)
  ✅ High-Score Frames: 15/87 (17.2%)
  📍 First 10 indices: [100, 500, 575, 600, 675, 925, 950, 975, 1050, 1075]
──────────────────────────────────────────────────────────────────────


Processing videos:  17%|▏| 454/2700 [46:07<8:28:33, 13.59s/it, video=PYqmI0Hiaho, orig=87, new=1767, final=1775, dup=79]
Processing videos:  17%|▌  | 454/2700 [46:16<8:28:33, 13.59s/it, video=PYqmI0Hiaho, orig=87, new=491, final=543, dup=35]
Processing videos:  17%|▌  | 455/2700 [46:16<7:27:23, 11.96s/it, video=PYqmI0Hiaho, orig=87, new=491, final=543, dup=35]
                                                                                                                        
──────────────────────────────────────────────────────────────────────
📹 Video: PYqmI0Hiaho
──────────────────────────────────────────────────────────────────────
  📊 Scores: Max=0.9733 | Min=0.0259 | Range=[0.0259, 0.9733]
  🎯 Threshold: 0.6813 (70.0% of max)
  ✅ High-Score Frames: 60/87 (69.0%)
  📍 First 10 indices: [0, 25, 50, 75, 125, 150, 175, 225, 250, 275]
──────────────────────────────────────────────────────────────────────


Processing videos:  17%|▌  | 455/2700 [46:16<7:27:23, 11.96s/it, video=PYqmI0Hiaho, orig=87, new=491, final=543, dup=35]
Processing videos:  17%|▏| 455/2700 [46:38<7:27:23, 11.96s/it, video=PYqmI0Hiaho, orig=87, new=1568, final=1583, dup=72]
Processing videos:  17%|▏| 456/2700 [46:38<9:21:40, 15.02s/it, video=PYqmI0Hiaho, orig=87, new=1568, final=1583, dup=72]
                                                                                                                        
──────────────────────────────────────────────────────────────────────
📹 Video: _KU4X06VNiE
──────────────────────────────────────────────────────────────────────
  📊 Scores: Max=0.8920 | Min=0.1245 | Range=[0.1245, 0.8920]
  🎯 Threshold: 0.6244 (70.0% of max)
  ✅ High-Score Frames: 16/120 (13.3%)
  📍 First 10 indices: [0, 25, 50, 75, 100, 125, 150, 175, 200, 225]
──────────────────────────────────────────────────────────────────────


Processing videos:  17%|▏| 456/2700 [46:38<9:21:40, 15.02s/it, video=PYqmI0Hiaho, orig=87, new=1568, final=1583, dup=72]
Processing videos:  17%|▎ | 456/2700 [46:42<9:21:40, 15.02s/it, video=_KU4X06VNiE, orig=120, new=406, final=504, dup=22]
Processing videos:  17%|▎ | 457/2700 [46:42<7:15:44, 11.66s/it, video=_KU4X06VNiE, orig=120, new=406, final=504, dup=22]
                                                                                                                        
──────────────────────────────────────────────────────────────────────
📹 Video: _KU4X06VNiE
──────────────────────────────────────────────────────────────────────
  📊 Scores: Max=0.9987 | Min=0.0325 | Range=[0.0325, 0.9987]
  🎯 Threshold: 0.6991 (70.0% of max)
  ✅ High-Score Frames: 85/120 (70.8%)
  📍 First 10 indices: [0, 25, 50, 75, 100, 125, 150, 175, 200, 225]
──────────────────────────────────────────────────────────────────────


Processing videos:  17%|▎ | 457/2700 [46:42<7:15:44, 11.66s/it, video=_KU4X06VNiE, orig=120, new=406, final=504, dup=22]
Processing videos:  17%|▏| 457/2700 [47:02<7:15:44, 11.66s/it, video=_KU4X06VNiE, orig=120, new=2223, final=2240, dup=10
Processing videos:  17%|▏| 458/2700 [47:02<8:50:16, 14.19s/it, video=_KU4X06VNiE, orig=120, new=2223, final=2240, dup=10
                                                                                                                        
──────────────────────────────────────────────────────────────────────
📹 Video: _KU4X06VNiE
──────────────────────────────────────────────────────────────────────
  📊 Scores: Max=0.8416 | Min=0.0327 | Range=[0.0327, 0.8416]
  🎯 Threshold: 0.5891 (70.0% of max)
  ✅ High-Score Frames: 15/120 (12.5%)
  📍 First 10 indices: [25, 50, 75, 100, 125, 175, 200, 225, 250, 475]
──────────────────────────────────────────────────────────────────────


Processing videos:  17%|▏| 458/2700 [47:02<8:50:16, 14.19s/it, video=_KU4X06VNiE, orig=120, new=2223, final=2240, dup=10
Processing videos:  17%|▎ | 458/2700 [47:06<8:50:16, 14.19s/it, video=_KU4X06VNiE, orig=120, new=433, final=528, dup=25]
Processing videos:  17%|▎ | 459/2700 [47:06<6:57:00, 11.16s/it, video=_KU4X06VNiE, orig=120, new=433, final=528, dup=25]
                                                                                                                        
──────────────────────────────────────────────────────────────────────
📹 Video: 1tidNDIpKSY
──────────────────────────────────────────────────────────────────────
  📊 Scores: Max=0.6107 | Min=0.0014 | Range=[0.0014, 0.6107]
  🎯 Threshold: 0.4275 (70.0% of max)
  ✅ High-Score Frames: 10/62 (16.1%)
  📍 First 10 indices: [87, 116, 145, 348, 377, 406, 435, 551, 667, 696]
──────────────────────────────────────────────────────────────────────


Processing videos:  17%|▎ | 459/2700 [47:06<6:57:00, 11.16s/it, video=_KU4X06VNiE, orig=120, new=433, final=528, dup=25]
Processing videos:  17%|▌  | 459/2700 [47:12<6:57:00, 11.16s/it, video=1tidNDIpKSY, orig=62, new=391, final=432, dup=21]
Processing videos:  17%|▌  | 460/2700 [47:12<6:03:52,  9.75s/it, video=1tidNDIpKSY, orig=62, new=391, final=432, dup=21]
                                                                                                                        
──────────────────────────────────────────────────────────────────────
📹 Video: 1tidNDIpKSY
──────────────────────────────────────────────────────────────────────
  📊 Scores: Max=0.2707 | Min=0.0007 | Range=[0.0007, 0.2707]
  🎯 Threshold: 0.1895 (70.0% of max)
  ✅ High-Score Frames: 1/62 (1.6%)
  📍 First 10 indices: [1653]
──────────────────────────────────────────────────────────────────────


Processing videos:  17%|▌  | 460/2700 [47:12<6:03:52,  9.75s/it, video=1tidNDIpKSY, orig=62, new=391, final=432, dup=21]
Processing videos:  17%|▊    | 460/2700 [47:13<6:03:52,  9.75s/it, video=1tidNDIpKSY, orig=62, new=41, final=100, dup=3]
Processing videos:  17%|▊    | 461/2700 [47:13<4:22:57,  7.05s/it, video=1tidNDIpKSY, orig=62, new=41, final=100, dup=3]
                                                                                                                        
──────────────────────────────────────────────────────────────────────
📹 Video: 1tidNDIpKSY
──────────────────────────────────────────────────────────────────────
  📊 Scores: Max=0.9987 | Min=0.0058 | Range=[0.0058, 0.9987]
  🎯 Threshold: 0.6991 (70.0% of max)
  ✅ High-Score Frames: 35/62 (56.5%)
  📍 First 10 indices: [87, 116, 145, 174, 203, 232, 261, 290, 319, 348]
──────────────────────────────────────────────────────────────────────


Processing videos:  17%|▊    | 461/2700 [47:13<4:22:57,  7.05s/it, video=1tidNDIpKSY, orig=62, new=41, final=100, dup=3]
Processing videos:  17%|▏| 461/2700 [47:29<4:22:57,  7.05s/it, video=1tidNDIpKSY, orig=62, new=1083, final=1104, dup=41]
Processing videos:  17%|▏| 462/2700 [47:29<6:04:54,  9.78s/it, video=1tidNDIpKSY, orig=62, new=1083, final=1104, dup=41]
                                                                                                                        
──────────────────────────────────────────────────────────────────────
📹 Video: ya2IXAREZho
──────────────────────────────────────────────────────────────────────
  📊 Scores: Max=0.9992 | Min=0.0009 | Range=[0.0009, 0.9992]
  🎯 Threshold: 0.6995 (70.0% of max)
  ✅ High-Score Frames: 85/118 (72.0%)
  📍 First 10 indices: [125, 150, 175, 200, 250, 275, 300, 325, 350, 375]
──────────────────────────────────────────────────────────────────────


Processing videos:  17%|▏| 462/2700 [47:29<6:04:54,  9.78s/it, video=1tidNDIpKSY, orig=62, new=1083, final=1104, dup=41]
Processing videos:  17%|▏| 462/2700 [48:02<6:04:54,  9.78s/it, video=ya2IXAREZho, orig=118, new=2283, final=2294, dup=10
Processing videos:  17%|▏| 463/2700 [48:02<10:21:04, 16.66s/it, video=ya2IXAREZho, orig=118, new=2283, final=2294, dup=1
                                                                                                                        
──────────────────────────────────────────────────────────────────────
📹 Video: ya2IXAREZho
──────────────────────────────────────────────────────────────────────
  📊 Scores: Max=0.9713 | Min=0.0039 | Range=[0.0039, 0.9713]
  🎯 Threshold: 0.6799 (70.0% of max)
  ✅ High-Score Frames: 66/118 (55.9%)
  📍 First 10 indices: [75, 125, 150, 200, 250, 275, 300, 325, 350, 375]
──────────────────────────────────────────────────────────────────────


Processing videos:  17%|▏| 463/2700 [48:02<10:21:04, 16.66s/it, video=ya2IXAREZho, orig=118, new=2283, final=2294, dup=1
Processing videos:  17%|▏| 463/2700 [48:29<10:21:04, 16.66s/it, video=ya2IXAREZho, orig=118, new=1889, final=1910, dup=9
Processing videos:  17%|▏| 464/2700 [48:29<12:19:39, 19.85s/it, video=ya2IXAREZho, orig=118, new=1889, final=1910, dup=9
                                                                                                                        
──────────────────────────────────────────────────────────────────────
📹 Video: ya2IXAREZho
──────────────────────────────────────────────────────────────────────
  📊 Scores: Max=0.9983 | Min=0.0001 | Range=[0.0001, 0.9983]
  🎯 Threshold: 0.6988 (70.0% of max)
  ✅ High-Score Frames: 45/118 (38.1%)
  📍 First 10 indices: [125, 200, 250, 275, 350, 425, 450, 475, 500, 525]
──────────────────────────────────────────────────────────────────────


Processing videos:  17%|▏| 464/2700 [48:29<12:19:39, 19.85s/it, video=ya2IXAREZho, orig=118, new=1889, final=1910, dup=9
Processing videos:  17%|▏| 464/2700 [48:48<12:19:39, 19.85s/it, video=ya2IXAREZho, orig=118, new=1344, final=1382, dup=8
Processing videos:  17%|▏| 465/2700 [48:48<12:13:20, 19.69s/it, video=ya2IXAREZho, orig=118, new=1344, final=1382, dup=8
                                                                                                                        
──────────────────────────────────────────────────────────────────────
📹 Video: BkiTScinYOQ
──────────────────────────────────────────────────────────────────────
  📊 Scores: Max=0.9857 | Min=0.0083 | Range=[0.0083, 0.9857]
  🎯 Threshold: 0.6900 (70.0% of max)
  ✅ High-Score Frames: 58/81 (71.6%)
  📍 First 10 indices: [150, 175, 200, 225, 250, 325, 350, 400, 425, 475]
──────────────────────────────────────────────────────────────────────


Processing videos:  17%|▏| 465/2700 [48:48<12:13:20, 19.69s/it, video=ya2IXAREZho, orig=118, new=1344, final=1382, dup=8
Processing videos:  17%|▏| 465/2700 [49:11<12:13:20, 19.69s/it, video=BkiTScinYOQ, orig=81, new=1581, final=1585, dup=77
Processing videos:  17%|▏| 466/2700 [49:11<12:41:55, 20.46s/it, video=BkiTScinYOQ, orig=81, new=1581, final=1585, dup=77
                                                                                                                        
──────────────────────────────────────────────────────────────────────
📹 Video: BkiTScinYOQ
──────────────────────────────────────────────────────────────────────
  📊 Scores: Max=0.9995 | Min=0.8314 | Range=[0.8314, 0.9995]
  🎯 Threshold: 0.6997 (70.0% of max)
  ✅ High-Score Frames: 81/81 (100.0%)
  📍 First 10 indices: [0, 25, 50, 75, 100, 125, 150, 175, 200, 225]
──────────────────────────────────────────────────────────────────────


Processing videos:  17%|▏| 466/2700 [49:11<12:41:55, 20.46s/it, video=BkiTScinYOQ, orig=81, new=1581, final=1585, dup=77
Processing videos:  17%|▏| 466/2700 [49:39<12:41:55, 20.46s/it, video=BkiTScinYOQ, orig=81, new=2000, final=2000, dup=81
Processing videos:  17%|▏| 467/2700 [49:39<14:07:25, 22.77s/it, video=BkiTScinYOQ, orig=81, new=2000, final=2000, dup=81
                                                                                                                        
──────────────────────────────────────────────────────────────────────
📹 Video: BkiTScinYOQ
──────────────────────────────────────────────────────────────────────
  📊 Scores: Max=0.9994 | Min=0.1821 | Range=[0.1821, 0.9994]
  🎯 Threshold: 0.6995 (70.0% of max)
  ✅ High-Score Frames: 73/81 (90.1%)
  📍 First 10 indices: [0, 25, 50, 75, 100, 125, 150, 175, 200, 225]
──────────────────────────────────────────────────────────────────────


Processing videos:  17%|▏| 467/2700 [49:39<14:07:25, 22.77s/it, video=BkiTScinYOQ, orig=81, new=2000, final=2000, dup=81
Processing videos:  17%|▏| 467/2700 [50:05<14:07:25, 22.77s/it, video=BkiTScinYOQ, orig=81, new=1872, final=1872, dup=81
Processing videos:  17%|▏| 468/2700 [50:05<14:47:41, 23.86s/it, video=BkiTScinYOQ, orig=81, new=1872, final=1872, dup=81
                                                                                                                        
──────────────────────────────────────────────────────────────────────
📹 Video: 9dQXiqS56Y4
──────────────────────────────────────────────────────────────────────
  📊 Scores: Max=0.9711 | Min=0.0257 | Range=[0.0257, 0.9711]
  🎯 Threshold: 0.6798 (70.0% of max)
  ✅ High-Score Frames: 40/92 (43.5%)
  📍 First 10 indices: [0, 25, 50, 75, 100, 125, 150, 175, 275, 300]
──────────────────────────────────────────────────────────────────────


Processing videos:  17%|▏| 468/2700 [50:05<14:47:41, 23.86s/it, video=BkiTScinYOQ, orig=81, new=1872, final=1872, dup=81
Processing videos:  17%|▏| 468/2700 [50:16<14:47:41, 23.86s/it, video=9dQXiqS56Y4, orig=92, new=1162, final=1188, dup=66
Processing videos:  17%|▏| 469/2700 [50:16<12:19:19, 19.88s/it, video=9dQXiqS56Y4, orig=92, new=1162, final=1188, dup=66
                                                                                                                        
──────────────────────────────────────────────────────────────────────
📹 Video: 9dQXiqS56Y4
──────────────────────────────────────────────────────────────────────
  📊 Scores: Max=0.9346 | Min=0.0713 | Range=[0.0713, 0.9346]
  🎯 Threshold: 0.6542 (70.0% of max)
  ✅ High-Score Frames: 22/92 (23.9%)
  📍 First 10 indices: [50, 100, 125, 425, 450, 475, 500, 525, 550, 575]
──────────────────────────────────────────────────────────────────────


Processing videos:  17%|▏| 469/2700 [50:16<12:19:19, 19.88s/it, video=9dQXiqS56Y4, orig=92, new=1162, final=1188, dup=66
Processing videos:  17%|▎ | 469/2700 [50:22<12:19:19, 19.88s/it, video=9dQXiqS56Y4, orig=92, new=653, final=708, dup=37]
Processing videos:  17%|▌  | 470/2700 [50:22<9:51:04, 15.90s/it, video=9dQXiqS56Y4, orig=92, new=653, final=708, dup=37]
                                                                                                                        
──────────────────────────────────────────────────────────────────────
📹 Video: 9dQXiqS56Y4
──────────────────────────────────────────────────────────────────────
  📊 Scores: Max=0.9332 | Min=0.0468 | Range=[0.0468, 0.9332]
  🎯 Threshold: 0.6532 (70.0% of max)
  ✅ High-Score Frames: 48/92 (52.2%)
  📍 First 10 indices: [225, 275, 300, 325, 500, 525, 550, 575, 600, 625]
──────────────────────────────────────────────────────────────────────


Processing videos:  17%|▌  | 470/2700 [50:22<9:51:04, 15.90s/it, video=9dQXiqS56Y4, orig=92, new=653, final=708, dup=37]
Processing videos:  17%|▏| 470/2700 [50:34<9:51:04, 15.90s/it, video=9dQXiqS56Y4, orig=92, new=1311, final=1340, dup=63]
Processing videos:  17%|▏| 471/2700 [50:34<9:05:48, 14.69s/it, video=9dQXiqS56Y4, orig=92, new=1311, final=1340, dup=63]
                                                                                                                        
──────────────────────────────────────────────────────────────────────
📹 Video: uJFbOrNrL3w
──────────────────────────────────────────────────────────────────────
  📊 Scores: Max=0.9408 | Min=0.0619 | Range=[0.0619, 0.9408]
  🎯 Threshold: 0.6586 (70.0% of max)
  ✅ High-Score Frames: 32/79 (40.5%)
  📍 First 10 indices: [25, 50, 75, 100, 125, 150, 175, 250, 275, 300]
──────────────────────────────────────────────────────────────────────


Processing videos:  17%|▏| 471/2700 [50:34<9:05:48, 14.69s/it, video=9dQXiqS56Y4, orig=92, new=1311, final=1340, dup=63]
Processing videos:  17%|▌  | 471/2700 [50:49<9:05:48, 14.69s/it, video=uJFbOrNrL3w, orig=79, new=911, final=943, dup=47]
Processing videos:  17%|▌  | 472/2700 [50:49<9:00:28, 14.56s/it, video=uJFbOrNrL3w, orig=79, new=911, final=943, dup=47]
                                                                                                                        
──────────────────────────────────────────────────────────────────────
📹 Video: uJFbOrNrL3w
──────────────────────────────────────────────────────────────────────
  📊 Scores: Max=0.9797 | Min=0.0102 | Range=[0.0102, 0.9797]
  🎯 Threshold: 0.6858 (70.0% of max)
  ✅ High-Score Frames: 44/79 (55.7%)
  📍 First 10 indices: [0, 25, 50, 75, 100, 125, 150, 225, 250, 275]
──────────────────────────────────────────────────────────────────────


Processing videos:  17%|▌  | 472/2700 [50:49<9:00:28, 14.56s/it, video=uJFbOrNrL3w, orig=79, new=911, final=943, dup=47]
Processing videos:  17%|▏| 472/2700 [51:05<9:00:28, 14.56s/it, video=uJFbOrNrL3w, orig=79, new=1171, final=1191, dup=59]
Processing videos:  18%|▏| 473/2700 [51:05<9:24:13, 15.20s/it, video=uJFbOrNrL3w, orig=79, new=1171, final=1191, dup=59]
                                                                                                                        
──────────────────────────────────────────────────────────────────────
📹 Video: uJFbOrNrL3w
──────────────────────────────────────────────────────────────────────
  📊 Scores: Max=0.9992 | Min=0.0837 | Range=[0.0837, 0.9992]
  🎯 Threshold: 0.6995 (70.0% of max)
  ✅ High-Score Frames: 66/79 (83.5%)
  📍 First 10 indices: [0, 25, 50, 75, 100, 125, 150, 175, 200, 225]
──────────────────────────────────────────────────────────────────────


Processing videos:  18%|▏| 473/2700 [51:05<9:24:13, 15.20s/it, video=uJFbOrNrL3w, orig=79, new=1171, final=1191, dup=59]
Processing videos:  18%|▏| 473/2700 [51:29<9:24:13, 15.20s/it, video=uJFbOrNrL3w, orig=79, new=1655, final=1663, dup=71]
Processing videos:  18%|▏| 474/2700 [51:29<10:57:56, 17.73s/it, video=uJFbOrNrL3w, orig=79, new=1655, final=1663, dup=71
                                                                                                                        
──────────────────────────────────────────────────────────────────────
📹 Video: ByUONqA1IJY
──────────────────────────────────────────────────────────────────────
  📊 Scores: Max=0.1523 | Min=0.0004 | Range=[0.0004, 0.1523]
  🎯 Threshold: 0.1066 (70.0% of max)
  ✅ High-Score Frames: 1/81 (1.2%)
  📍 First 10 indices: [1800]
──────────────────────────────────────────────────────────────────────


Processing videos:  18%|▏| 474/2700 [51:29<10:57:56, 17.73s/it, video=uJFbOrNrL3w, orig=79, new=1655, final=1663, dup=71
Processing videos:  18%|▋   | 474/2700 [51:30<10:57:56, 17.73s/it, video=ByUONqA1IJY, orig=81, new=35, final=113, dup=3]
                                                                                                                        
======================================================================

Processing videos:  18%|▋   | 474/2700 [51:30<10:57:56, 17.73s/it, video=ByUONqA1IJY, orig=81, new=35, final=113, dup=3]
                                                                                                                        
💾 CHECKPOINT SAVED [475/2700]

Processing videos:  18%|▋   | 474/2700 [51:30<10:57:56, 17.73s/it, video=ByUONqA1IJY, orig=81, new=35, final=113, dup=3]
                                                                                                                        
======================================================================

Processing videos:  18%|▋   | 474/2700 [51:30<10:57:56, 17.73s/it, video=ByUONqA1IJY, orig=81, new=35, final=113, dup=3]
                                                                                                                        
  GPU Memory: 0.00GB allocated, 0.00GB reserved

Processing videos:  18%|▋   | 474/2700 [51:30<10:57:56, 17.73s/it, video=ByUONqA1IJY, orig=81, new=35, final=113, dup=3]
                                                                                                                        
  Videos processed: 475

Processing videos:  18%|▋   | 474/2700 [51:30<10:57:56, 17.73s/it, video=ByUONqA1IJY, orig=81, new=35, final=113, dup=3]
                                                                                                                        
  With dense sampling: 475

Processing videos:  18%|▋   | 474/2700 [51:30<10:57:56, 17.73s/it, video=ByUONqA1IJY, orig=81, new=35, final=113, dup=3]
                                                                                                                        
  Total frames: 315,258

Processing videos:  18%|▋   | 474/2700 [51:30<10:57:56, 17.73s/it, video=ByUONqA1IJY, orig=81, new=35, final=113, dup=3]
                                                                                                                        
  Elapsed time: 51.50 min

Processing videos:  18%|▋   | 474/2700 [51:30<10:57:56, 17.73s/it, video=ByUONqA1IJY, orig=81, new=35, final=113, dup=3]
                                                                                                                        
  Speed: 0.11 videos/sec

Processing videos:  18%|▋   | 474/2700 [51:30<10:57:56, 17.73s/it, video=ByUONqA1IJY, orig=81, new=35, final=113, dup=3]
                                                                                                                        
  ✅ Safe to restart if needed

Processing videos:  18%|▋   | 474/2700 [51:30<10:57:56, 17.73s/it, video=ByUONqA1IJY, orig=81, new=35, final=113, dup=3]
                                                                                                                        
======================================================================


Processing videos:  18%|▋   | 474/2700 [51:30<10:57:56, 17.73s/it, video=ByUONqA1IJY, orig=81, new=35, final=113, dup=3]
Processing videos:  18%|▉    | 475/2700 [51:30<7:50:09, 12.68s/it, video=ByUONqA1IJY, orig=81, new=35, final=113, dup=3]
                                                                                                                        
──────────────────────────────────────────────────────────────────────
📹 Video: ByUONqA1IJY
──────────────────────────────────────────────────────────────────────
  📊 Scores: Max=0.8725 | Min=0.0145 | Range=[0.0145, 0.8725]
  🎯 Threshold: 0.6107 (70.0% of max)
  ✅ High-Score Frames: 6/81 (7.4%)
  📍 First 10 indices: [350, 400, 425, 475, 1100, 1125]
──────────────────────────────────────────────────────────────────────


Processing videos:  18%|▉    | 475/2700 [51:30<7:50:09, 12.68s/it, video=ByUONqA1IJY, orig=81, new=35, final=113, dup=3]
Processing videos:  18%|▌  | 475/2700 [51:33<7:50:09, 12.68s/it, video=ByUONqA1IJY, orig=81, new=189, final=257, dup=13]
Processing videos:  18%|▌  | 476/2700 [51:33<6:02:16,  9.77s/it, video=ByUONqA1IJY, orig=81, new=189, final=257, dup=13]
                                                                                                                        
──────────────────────────────────────────────────────────────────────
📹 Video: ByUONqA1IJY
──────────────────────────────────────────────────────────────────────
  📊 Scores: Max=0.9865 | Min=0.0598 | Range=[0.0598, 0.9865]
  🎯 Threshold: 0.6906 (70.0% of max)
  ✅ High-Score Frames: 13/81 (16.0%)
  📍 First 10 indices: [250, 275, 300, 325, 350, 375, 400, 425, 450, 475]
──────────────────────────────────────────────────────────────────────


Processing videos:  18%|▌  | 476/2700 [51:33<6:02:16,  9.77s/it, video=ByUONqA1IJY, orig=81, new=189, final=257, dup=13]
Processing videos:  18%|▌  | 476/2700 [51:39<6:02:16,  9.77s/it, video=ByUONqA1IJY, orig=81, new=373, final=433, dup=21]
Processing videos:  18%|▌  | 477/2700 [51:39<5:17:03,  8.56s/it, video=ByUONqA1IJY, orig=81, new=373, final=433, dup=21]
                                                                                                                        
──────────────────────────────────────────────────────────────────────
📹 Video: njc90ODIbLc
──────────────────────────────────────────────────────────────────────
  📊 Scores: Max=0.7396 | Min=0.0732 | Range=[0.0732, 0.7396]
  🎯 Threshold: 0.5177 (70.0% of max)
  ✅ High-Score Frames: 32/64 (50.0%)
  📍 First 10 indices: [100, 125, 175, 200, 225, 250, 275, 300, 350, 375]
──────────────────────────────────────────────────────────────────────


Processing videos:  18%|▌  | 477/2700 [51:39<5:17:03,  8.56s/it, video=ByUONqA1IJY, orig=81, new=373, final=433, dup=21]
Processing videos:  18%|▌  | 477/2700 [51:52<5:17:03,  8.56s/it, video=njc90ODIbLc, orig=64, new=893, final=912, dup=45]
Processing videos:  18%|▌  | 478/2700 [51:52<6:16:06, 10.16s/it, video=njc90ODIbLc, orig=64, new=893, final=912, dup=45]
                                                                                                                        
──────────────────────────────────────────────────────────────────────
📹 Video: njc90ODIbLc
──────────────────────────────────────────────────────────────────────
  📊 Scores: Max=0.9668 | Min=0.0044 | Range=[0.0044, 0.9668]
  🎯 Threshold: 0.6768 (70.0% of max)
  ✅ High-Score Frames: 1/64 (1.6%)
  📍 First 10 indices: [325]
──────────────────────────────────────────────────────────────────────


Processing videos:  18%|▌  | 478/2700 [51:52<6:16:06, 10.16s/it, video=njc90ODIbLc, orig=64, new=893, final=912, dup=45]
Processing videos:  18%|█     | 478/2700 [51:53<6:16:06, 10.16s/it, video=njc90ODIbLc, orig=64, new=35, final=96, dup=3]
Processing videos:  18%|█     | 479/2700 [51:53<4:30:37,  7.31s/it, video=njc90ODIbLc, orig=64, new=35, final=96, dup=3]
                                                                                                                        
──────────────────────────────────────────────────────────────────────
📹 Video: njc90ODIbLc
──────────────────────────────────────────────────────────────────────
  📊 Scores: Max=0.8195 | Min=0.0220 | Range=[0.0220, 0.8195]
  🎯 Threshold: 0.5736 (70.0% of max)
  ✅ High-Score Frames: 12/64 (18.8%)
  📍 First 10 indices: [325, 350, 375, 475, 525, 550, 575, 700, 725, 775]
──────────────────────────────────────────────────────────────────────


Processing videos:  18%|█     | 479/2700 [51:53<4:30:37,  7.31s/it, video=njc90ODIbLc, orig=64, new=35, final=96, dup=3]
Processing videos:  18%|▌  | 479/2700 [51:59<4:30:37,  7.31s/it, video=njc90ODIbLc, orig=64, new=375, final=416, dup=23]
Processing videos:  18%|▌  | 480/2700 [51:59<4:14:42,  6.88s/it, video=njc90ODIbLc, orig=64, new=375, final=416, dup=23]
                                                                                                                        
──────────────────────────────────────────────────────────────────────
📹 Video: -qTAeVGl_e8
──────────────────────────────────────────────────────────────────────
  📊 Scores: Max=0.9819 | Min=0.0012 | Range=[0.0012, 0.9819]
  🎯 Threshold: 0.6873 (70.0% of max)
  ✅ High-Score Frames: 9/85 (10.6%)
  📍 First 10 indices: [29, 58, 87, 551, 1102, 1566, 1827, 2001, 2030]
──────────────────────────────────────────────────────────────────────


Processing videos:  18%|▌  | 480/2700 [51:59<4:14:42,  6.88s/it, video=njc90ODIbLc, orig=64, new=375, final=416, dup=23]
Processing videos:  18%|▌  | 480/2700 [52:04<4:14:42,  6.88s/it, video=-qTAeVGl_e8, orig=85, new=326, final=389, dup=22]
Processing videos:  18%|▌  | 481/2700 [52:04<3:55:05,  6.36s/it, video=-qTAeVGl_e8, orig=85, new=326, final=389, dup=22]
                                                                                                                        
──────────────────────────────────────────────────────────────────────
📹 Video: -qTAeVGl_e8
──────────────────────────────────────────────────────────────────────
  📊 Scores: Max=0.9799 | Min=0.0038 | Range=[0.0038, 0.9799]
  🎯 Threshold: 0.6859 (70.0% of max)
  ✅ High-Score Frames: 12/85 (14.1%)
  📍 First 10 indices: [29, 58, 87, 406, 551, 1102, 1566, 1827, 1972, 2001]
──────────────────────────────────────────────────────────────────────


Processing videos:  18%|▌  | 481/2700 [52:04<3:55:05,  6.36s/it, video=-qTAeVGl_e8, orig=85, new=326, final=389, dup=22]
Processing videos:  18%|▌  | 481/2700 [52:11<3:55:05,  6.36s/it, video=-qTAeVGl_e8, orig=85, new=435, final=493, dup=27]
Processing videos:  18%|▌  | 482/2700 [52:11<3:59:48,  6.49s/it, video=-qTAeVGl_e8, orig=85, new=435, final=493, dup=27]
                                                                                                                        
──────────────────────────────────────────────────────────────────────
📹 Video: -qTAeVGl_e8
──────────────────────────────────────────────────────────────────────
  📊 Scores: Max=0.5929 | Min=0.0349 | Range=[0.0349, 0.5929]
  🎯 Threshold: 0.4151 (70.0% of max)
  ✅ High-Score Frames: 19/85 (22.4%)
  📍 First 10 indices: [406, 551, 580, 609, 638, 667, 696, 754, 783, 812]
──────────────────────────────────────────────────────────────────────


Processing videos:  18%|▌  | 482/2700 [52:11<3:59:48,  6.49s/it, video=-qTAeVGl_e8, orig=85, new=435, final=493, dup=27]
Processing videos:  18%|▌  | 482/2700 [52:22<3:59:48,  6.49s/it, video=-qTAeVGl_e8, orig=85, new=688, final=737, dup=36]
Processing videos:  18%|▌  | 483/2700 [52:22<4:49:22,  7.83s/it, video=-qTAeVGl_e8, orig=85, new=688, final=737, dup=36]
                                                                                                                        
──────────────────────────────────────────────────────────────────────
📹 Video: 8y2Hj7GDcwI
──────────────────────────────────────────────────────────────────────
  📊 Scores: Max=0.9973 | Min=0.0008 | Range=[0.0008, 0.9973]
  🎯 Threshold: 0.6981 (70.0% of max)
  ✅ High-Score Frames: 32/51 (62.7%)
  📍 First 10 indices: [0, 25, 50, 75, 100, 125, 150, 225, 250, 275]
──────────────────────────────────────────────────────────────────────


Processing videos:  18%|▌  | 483/2700 [52:22<4:49:22,  7.83s/it, video=-qTAeVGl_e8, orig=85, new=688, final=737, dup=36]
Processing videos:  18%|▌  | 483/2700 [52:29<4:49:22,  7.83s/it, video=8y2Hj7GDcwI, orig=51, new=841, final=851, dup=41]
Processing videos:  18%|▌  | 484/2700 [52:29<4:47:15,  7.78s/it, video=8y2Hj7GDcwI, orig=51, new=841, final=851, dup=41]
                                                                                                                        
──────────────────────────────────────────────────────────────────────
📹 Video: 8y2Hj7GDcwI
──────────────────────────────────────────────────────────────────────
  📊 Scores: Max=0.9975 | Min=0.0106 | Range=[0.0106, 0.9975]
  🎯 Threshold: 0.6982 (70.0% of max)
  ✅ High-Score Frames: 27/51 (52.9%)
  📍 First 10 indices: [0, 25, 50, 75, 100, 125, 150, 175, 200, 225]
──────────────────────────────────────────────────────────────────────


Processing videos:  18%|▌  | 484/2700 [52:29<4:47:15,  7.78s/it, video=8y2Hj7GDcwI, orig=51, new=841, final=851, dup=41]
Processing videos:  18%|▌  | 484/2700 [52:37<4:47:15,  7.78s/it, video=8y2Hj7GDcwI, orig=51, new=717, final=731, dup=37]
Processing videos:  18%|▌  | 485/2700 [52:37<4:41:02,  7.61s/it, video=8y2Hj7GDcwI, orig=51, new=717, final=731, dup=37]
                                                                                                                        
──────────────────────────────────────────────────────────────────────
📹 Video: 8y2Hj7GDcwI
──────────────────────────────────────────────────────────────────────
  📊 Scores: Max=0.5773 | Min=0.0135 | Range=[0.0135, 0.5773]
  🎯 Threshold: 0.4041 (70.0% of max)
  ✅ High-Score Frames: 1/51 (2.0%)
  📍 First 10 indices: [325]
──────────────────────────────────────────────────────────────────────


Processing videos:  18%|▌  | 485/2700 [52:37<4:41:02,  7.61s/it, video=8y2Hj7GDcwI, orig=51, new=717, final=731, dup=37]
Processing videos:  18%|█     | 485/2700 [52:37<4:41:02,  7.61s/it, video=8y2Hj7GDcwI, orig=51, new=35, final=83, dup=3]
Processing videos:  18%|█     | 486/2700 [52:37<3:20:42,  5.44s/it, video=8y2Hj7GDcwI, orig=51, new=35, final=83, dup=3]
                                                                                                                        
──────────────────────────────────────────────────────────────────────
📹 Video: zNxi2s36tS0
──────────────────────────────────────────────────────────────────────
  📊 Scores: Max=0.9990 | Min=0.9826 | Range=[0.9826, 0.9990]
  🎯 Threshold: 0.6993 (70.0% of max)
  ✅ High-Score Frames: 43/43 (100.0%)
  📍 First 10 indices: [0, 30, 60, 90, 120, 150, 180, 210, 240, 270]
──────────────────────────────────────────────────────────────────────


Processing videos:  18%|█     | 486/2700 [52:37<3:20:42,  5.44s/it, video=8y2Hj7GDcwI, orig=51, new=35, final=83, dup=3]
Processing videos:  18%|▌  | 486/2700 [52:42<3:20:42,  5.44s/it, video=zNxi2s36tS0, orig=43, new=437, final=437, dup=43]
Processing videos:  18%|▌  | 487/2700 [52:42<3:12:28,  5.22s/it, video=zNxi2s36tS0, orig=43, new=437, final=437, dup=43]
                                                                                                                        
──────────────────────────────────────────────────────────────────────
📹 Video: zNxi2s36tS0
──────────────────────────────────────────────────────────────────────
  📊 Scores: Max=0.9418 | Min=0.8257 | Range=[0.8257, 0.9418]
  🎯 Threshold: 0.6592 (70.0% of max)
  ✅ High-Score Frames: 43/43 (100.0%)
  📍 First 10 indices: [0, 30, 60, 90, 120, 150, 180, 210, 240, 270]
──────────────────────────────────────────────────────────────────────


Processing videos:  18%|▌  | 487/2700 [52:42<3:12:28,  5.22s/it, video=zNxi2s36tS0, orig=43, new=437, final=437, dup=43]
Processing videos:  18%|▌  | 487/2700 [52:46<3:12:28,  5.22s/it, video=zNxi2s36tS0, orig=43, new=437, final=437, dup=43]
Processing videos:  18%|▌  | 488/2700 [52:46<3:00:41,  4.90s/it, video=zNxi2s36tS0, orig=43, new=437, final=437, dup=43]
                                                                                                                        
──────────────────────────────────────────────────────────────────────
📹 Video: zNxi2s36tS0
──────────────────────────────────────────────────────────────────────
  📊 Scores: Max=0.9877 | Min=0.7757 | Range=[0.7757, 0.9877]
  🎯 Threshold: 0.6914 (70.0% of max)
  ✅ High-Score Frames: 43/43 (100.0%)
  📍 First 10 indices: [0, 30, 60, 90, 120, 150, 180, 210, 240, 270]
──────────────────────────────────────────────────────────────────────


Processing videos:  18%|▌  | 488/2700 [52:46<3:00:41,  4.90s/it, video=zNxi2s36tS0, orig=43, new=437, final=437, dup=43]
Processing videos:  18%|▌  | 488/2700 [52:50<3:00:41,  4.90s/it, video=zNxi2s36tS0, orig=43, new=437, final=437, dup=43]
Processing videos:  18%|▌  | 489/2700 [52:50<2:52:40,  4.69s/it, video=zNxi2s36tS0, orig=43, new=437, final=437, dup=43]
                                                                                                                        
──────────────────────────────────────────────────────────────────────
📹 Video: YNV0pLQ3r5U
──────────────────────────────────────────────────────────────────────
  📊 Scores: Max=0.9958 | Min=0.0354 | Range=[0.0354, 0.9958]
  🎯 Threshold: 0.6971 (70.0% of max)
  ✅ High-Score Frames: 46/56 (82.1%)
  📍 First 10 indices: [0, 25, 50, 75, 100, 125, 150, 175, 200, 225]
──────────────────────────────────────────────────────────────────────


Processing videos:  18%|▌  | 489/2700 [52:50<2:52:40,  4.69s/it, video=zNxi2s36tS0, orig=43, new=437, final=437, dup=43]
Processing videos:  18%|▏| 489/2700 [53:07<2:52:40,  4.69s/it, video=YNV0pLQ3r5U, orig=56, new=1151, final=1157, dup=50]
Processing videos:  18%|▏| 490/2700 [53:07<5:09:20,  8.40s/it, video=YNV0pLQ3r5U, orig=56, new=1151, final=1157, dup=50]
                                                                                                                        
──────────────────────────────────────────────────────────────────────
📹 Video: YNV0pLQ3r5U
──────────────────────────────────────────────────────────────────────
  📊 Scores: Max=0.9896 | Min=0.0054 | Range=[0.0054, 0.9896]
  🎯 Threshold: 0.6927 (70.0% of max)
  ✅ High-Score Frames: 44/56 (78.6%)
  📍 First 10 indices: [0, 25, 50, 75, 100, 125, 150, 175, 200, 225]
──────────────────────────────────────────────────────────────────────


Processing videos:  18%|▏| 490/2700 [53:07<5:09:20,  8.40s/it, video=YNV0pLQ3r5U, orig=56, new=1151, final=1157, dup=50]
Processing videos:  18%|▏| 490/2700 [53:23<5:09:20,  8.40s/it, video=YNV0pLQ3r5U, orig=56, new=1086, final=1096, dup=46]
Processing videos:  18%|▏| 491/2700 [53:23<6:36:12, 10.76s/it, video=YNV0pLQ3r5U, orig=56, new=1086, final=1096, dup=46]
                                                                                                                        
──────────────────────────────────────────────────────────────────────
📹 Video: YNV0pLQ3r5U
──────────────────────────────────────────────────────────────────────
  📊 Scores: Max=0.9388 | Min=0.1269 | Range=[0.1269, 0.9388]
  🎯 Threshold: 0.6572 (70.0% of max)
  ✅ High-Score Frames: 44/56 (78.6%)
  📍 First 10 indices: [0, 25, 50, 75, 100, 125, 150, 175, 200, 225]
──────────────────────────────────────────────────────────────────────


Processing videos:  18%|▏| 491/2700 [53:23<6:36:12, 10.76s/it, video=YNV0pLQ3r5U, orig=56, new=1086, final=1096, dup=46]
Processing videos:  18%|▏| 491/2700 [53:39<6:36:12, 10.76s/it, video=YNV0pLQ3r5U, orig=56, new=1086, final=1096, dup=46]
Processing videos:  18%|▏| 492/2700 [53:39<7:33:41, 12.33s/it, video=YNV0pLQ3r5U, orig=56, new=1086, final=1096, dup=46]
                                                                                                                        
──────────────────────────────────────────────────────────────────────
📹 Video: 2yGaTOzaGIA
──────────────────────────────────────────────────────────────────────
  📊 Scores: Max=0.9952 | Min=0.0082 | Range=[0.0082, 0.9952]
  🎯 Threshold: 0.6966 (70.0% of max)
  ✅ High-Score Frames: 22/36 (61.1%)
  📍 First 10 indices: [0, 25, 50, 75, 100, 125, 150, 175, 200, 225]
──────────────────────────────────────────────────────────────────────


Processing videos:  18%|▏| 492/2700 [53:39<7:33:41, 12.33s/it, video=YNV0pLQ3r5U, orig=56, new=1086, final=1096, dup=46]
Processing videos:  18%|▌  | 492/2700 [53:48<7:33:41, 12.33s/it, video=2yGaTOzaGIA, orig=36, new=546, final=556, dup=26]
Processing videos:  18%|▌  | 493/2700 [53:48<6:47:25, 11.08s/it, video=2yGaTOzaGIA, orig=36, new=546, final=556, dup=26]
                                                                                                                        
──────────────────────────────────────────────────────────────────────
📹 Video: 2yGaTOzaGIA
──────────────────────────────────────────────────────────────────────
  📊 Scores: Max=0.9910 | Min=0.0176 | Range=[0.0176, 0.9910]
  🎯 Threshold: 0.6937 (70.0% of max)
  ✅ High-Score Frames: 23/36 (63.9%)
  📍 First 10 indices: [0, 25, 50, 75, 100, 125, 150, 175, 200, 225]
──────────────────────────────────────────────────────────────────────


Processing videos:  18%|▌  | 493/2700 [53:48<6:47:25, 11.08s/it, video=2yGaTOzaGIA, orig=36, new=546, final=556, dup=26]
Processing videos:  18%|▌  | 493/2700 [53:56<6:47:25, 11.08s/it, video=2yGaTOzaGIA, orig=36, new=570, final=580, dup=26]
Processing videos:  18%|▌  | 494/2700 [53:56<6:21:43, 10.38s/it, video=2yGaTOzaGIA, orig=36, new=570, final=580, dup=26]
                                                                                                                        
──────────────────────────────────────────────────────────────────────
📹 Video: 2yGaTOzaGIA
──────────────────────────────────────────────────────────────────────
  📊 Scores: Max=0.9649 | Min=0.1119 | Range=[0.1119, 0.9649]
  🎯 Threshold: 0.6755 (70.0% of max)
  ✅ High-Score Frames: 25/36 (69.4%)
  📍 First 10 indices: [0, 25, 50, 75, 100, 125, 150, 175, 200, 225]
──────────────────────────────────────────────────────────────────────


Processing videos:  18%|▌  | 494/2700 [53:56<6:21:43, 10.38s/it, video=2yGaTOzaGIA, orig=36, new=570, final=580, dup=26]
Processing videos:  18%|▌  | 494/2700 [54:05<6:21:43, 10.38s/it, video=2yGaTOzaGIA, orig=36, new=602, final=612, dup=26]
Processing videos:  18%|▌  | 495/2700 [54:05<6:05:00,  9.93s/it, video=2yGaTOzaGIA, orig=36, new=602, final=612, dup=26]
                                                                                                                        
──────────────────────────────────────────────────────────────────────
📹 Video: ejFVFtJdP3s
──────────────────────────────────────────────────────────────────────
  📊 Scores: Max=0.9995 | Min=0.0179 | Range=[0.0179, 0.9995]
  🎯 Threshold: 0.6996 (70.0% of max)
  ✅ High-Score Frames: 103/108 (95.4%)
  📍 First 10 indices: [0, 29, 58, 87, 116, 145, 174, 203, 232, 261]
──────────────────────────────────────────────────────────────────────


Processing videos:  18%|▌  | 495/2700 [54:05<6:05:00,  9.93s/it, video=2yGaTOzaGIA, orig=36, new=602, final=612, dup=26]
Processing videos:  18%|▏| 495/2700 [54:51<6:05:00,  9.93s/it, video=ejFVFtJdP3s, orig=108, new=2989, final=2990, dup=10
Processing videos:  18%|▏| 496/2700 [54:51<12:40:48, 20.71s/it, video=ejFVFtJdP3s, orig=108, new=2989, final=2990, dup=1
                                                                                                                        
──────────────────────────────────────────────────────────────────────
📹 Video: ejFVFtJdP3s
──────────────────────────────────────────────────────────────────────
  📊 Scores: Max=0.9989 | Min=0.0091 | Range=[0.0091, 0.9989]
  🎯 Threshold: 0.6992 (70.0% of max)
  ✅ High-Score Frames: 104/108 (96.3%)
  📍 First 10 indices: [0, 29, 58, 87, 116, 145, 174, 203, 232, 261]
──────────────────────────────────────────────────────────────────────


Processing videos:  18%|▏| 496/2700 [54:51<12:40:48, 20.71s/it, video=ejFVFtJdP3s, orig=108, new=2989, final=2990, dup=1
Processing videos:  18%|▏| 496/2700 [55:36<12:40:48, 20.71s/it, video=ejFVFtJdP3s, orig=108, new=3007, final=3008, dup=1
Processing videos:  18%|▏| 497/2700 [55:36<17:04:28, 27.90s/it, video=ejFVFtJdP3s, orig=108, new=3007, final=3008, dup=1
                                                                                                                        
──────────────────────────────────────────────────────────────────────
📹 Video: ejFVFtJdP3s
──────────────────────────────────────────────────────────────────────
  📊 Scores: Max=0.9979 | Min=0.0012 | Range=[0.0012, 0.9979]
  🎯 Threshold: 0.6985 (70.0% of max)
  ✅ High-Score Frames: 104/108 (96.3%)
  📍 First 10 indices: [0, 29, 58, 87, 116, 145, 174, 203, 232, 261]
──────────────────────────────────────────────────────────────────────


Processing videos:  18%|▏| 497/2700 [55:36<17:04:28, 27.90s/it, video=ejFVFtJdP3s, orig=108, new=3007, final=3008, dup=1
Processing videos:  18%|▏| 497/2700 [56:21<17:04:28, 27.90s/it, video=ejFVFtJdP3s, orig=108, new=3007, final=3008, dup=1
Processing videos:  18%|▏| 498/2700 [56:21<20:16:20, 33.14s/it, video=ejFVFtJdP3s, orig=108, new=3007, final=3008, dup=1
                                                                                                                        
──────────────────────────────────────────────────────────────────────
📹 Video: 913JhnW28U4
──────────────────────────────────────────────────────────────────────
  📊 Scores: Max=0.9991 | Min=0.0846 | Range=[0.0846, 0.9991]
  🎯 Threshold: 0.6994 (70.0% of max)
  ✅ High-Score Frames: 50/57 (87.7%)
  📍 First 10 indices: [0, 25, 50, 75, 100, 125, 150, 175, 225, 250]
──────────────────────────────────────────────────────────────────────


Processing videos:  18%|▏| 498/2700 [56:21<20:16:20, 33.14s/it, video=ejFVFtJdP3s, orig=108, new=3007, final=3008, dup=1
Processing videos:  18%|▏| 498/2700 [56:39<20:16:20, 33.14s/it, video=913JhnW28U4, orig=57, new=1278, final=1278, dup=57
Processing videos:  18%|▏| 499/2700 [56:39<17:27:21, 28.55s/it, video=913JhnW28U4, orig=57, new=1278, final=1278, dup=57
                                                                                                                        
──────────────────────────────────────────────────────────────────────
📹 Video: 913JhnW28U4
──────────────────────────────────────────────────────────────────────
  📊 Scores: Max=0.9962 | Min=0.0184 | Range=[0.0184, 0.9962]
  🎯 Threshold: 0.6974 (70.0% of max)
  ✅ High-Score Frames: 35/57 (61.4%)
  📍 First 10 indices: [0, 50, 75, 150, 275, 300, 325, 350, 375, 400]
──────────────────────────────────────────────────────────────────────


Processing videos:  18%|▏| 499/2700 [56:39<17:27:21, 28.55s/it, video=913JhnW28U4, orig=57, new=1278, final=1278, dup=57
Processing videos:  18%|▎ | 499/2700 [56:52<17:27:21, 28.55s/it, video=913JhnW28U4, orig=57, new=897, final=913, dup=41]
                                                                                                                        
======================================================================

Processing videos:  18%|▎ | 499/2700 [56:53<17:27:21, 28.55s/it, video=913JhnW28U4, orig=57, new=897, final=913, dup=41]
                                                                                                                        
💾 CHECKPOINT SAVED [500/2700]

Processing videos:  18%|▎ | 499/2700 [56:53<17:27:21, 28.55s/it, video=913JhnW28U4, orig=57, new=897, final=913, dup=41]
                                                                                                                        
======================================================================

Processing videos:  18%|▎ | 499/2700 [56:53<17:27:21, 28.55s/it, video=913JhnW28U4, orig=57, new=897, final=913, dup=41]
                                                                                                                        
  GPU Memory: 0.00GB allocated, 0.00GB reserved

Processing videos:  18%|▎ | 499/2700 [56:53<17:27:21, 28.55s/it, video=913JhnW28U4, orig=57, new=897, final=913, dup=41]
                                                                                                                        
  Videos processed: 500

Processing videos:  18%|▎ | 499/2700 [56:53<17:27:21, 28.55s/it, video=913JhnW28U4, orig=57, new=897, final=913, dup=41]
                                                                                                                        
  With dense sampling: 500

Processing videos:  18%|▎ | 499/2700 [56:53<17:27:21, 28.55s/it, video=913JhnW28U4, orig=57, new=897, final=913, dup=41]
                                                                                                                        
  Total frames: 338,261

Processing videos:  18%|▎ | 499/2700 [56:53<17:27:21, 28.55s/it, video=913JhnW28U4, orig=57, new=897, final=913, dup=41]
                                                                                                                        
  Elapsed time: 56.88 min

Processing videos:  18%|▎ | 499/2700 [56:53<17:27:21, 28.55s/it, video=913JhnW28U4, orig=57, new=897, final=913, dup=41]
                                                                                                                        
  Speed: 0.11 videos/sec

Processing videos:  18%|▎ | 499/2700 [56:53<17:27:21, 28.55s/it, video=913JhnW28U4, orig=57, new=897, final=913, dup=41]
                                                                                                                        
  ✅ Safe to restart if needed

Processing videos:  18%|▎ | 499/2700 [56:53<17:27:21, 28.55s/it, video=913JhnW28U4, orig=57, new=897, final=913, dup=41]
                                                                                                                        
======================================================================


Processing videos:  18%|▎ | 499/2700 [56:53<17:27:21, 28.55s/it, video=913JhnW28U4, orig=57, new=897, final=913, dup=41]
Processing videos:  19%|▎ | 500/2700 [56:53<14:42:11, 24.06s/it, video=913JhnW28U4, orig=57, new=897, final=913, dup=41]
                                                                                                                        
──────────────────────────────────────────────────────────────────────
📹 Video: 913JhnW28U4
──────────────────────────────────────────────────────────────────────
  📊 Scores: Max=0.9818 | Min=0.1196 | Range=[0.1196, 0.9818]
  🎯 Threshold: 0.6873 (70.0% of max)
  ✅ High-Score Frames: 41/57 (71.9%)
  📍 First 10 indices: [0, 25, 50, 75, 100, 125, 150, 350, 375, 400]
──────────────────────────────────────────────────────────────────────


Processing videos:  19%|▎ | 500/2700 [56:53<14:42:11, 24.06s/it, video=913JhnW28U4, orig=57, new=897, final=913, dup=41]
Processing videos:  19%|▏| 500/2700 [57:08<14:42:11, 24.06s/it, video=913JhnW28U4, orig=57, new=1053, final=1062, dup=48
Processing videos:  19%|▏| 501/2700 [57:08<13:09:24, 21.54s/it, video=913JhnW28U4, orig=57, new=1053, final=1062, dup=48
                                                                                                                        
──────────────────────────────────────────────────────────────────────
📹 Video: DK6bKtXUE1c
──────────────────────────────────────────────────────────────────────
  📊 Scores: Max=0.9967 | Min=0.0061 | Range=[0.0061, 0.9967]
  🎯 Threshold: 0.6977 (70.0% of max)
  ✅ High-Score Frames: 38/55 (69.1%)
  📍 First 10 indices: [0, 25, 50, 75, 100, 125, 150, 175, 200, 225]
──────────────────────────────────────────────────────────────────────


Processing videos:  19%|▏| 501/2700 [57:08<13:09:24, 21.54s/it, video=913JhnW28U4, orig=57, new=1053, final=1062, dup=48
Processing videos:  19%|▎ | 501/2700 [57:22<13:09:24, 21.54s/it, video=DK6bKtXUE1c, orig=55, new=964, final=975, dup=44]
Processing videos:  19%|▎ | 502/2700 [57:22<11:48:04, 19.33s/it, video=DK6bKtXUE1c, orig=55, new=964, final=975, dup=44]
                                                                                                                        
──────────────────────────────────────────────────────────────────────
📹 Video: DK6bKtXUE1c
──────────────────────────────────────────────────────────────────────
  📊 Scores: Max=0.9946 | Min=0.0040 | Range=[0.0040, 0.9946]
  🎯 Threshold: 0.6962 (70.0% of max)
  ✅ High-Score Frames: 26/55 (47.3%)
  📍 First 10 indices: [25, 50, 75, 150, 175, 200, 225, 250, 275, 300]
──────────────────────────────────────────────────────────────────────


Processing videos:  19%|▎ | 502/2700 [57:22<11:48:04, 19.33s/it, video=DK6bKtXUE1c, orig=55, new=964, final=975, dup=44]
Processing videos:  19%|▎ | 502/2700 [57:34<11:48:04, 19.33s/it, video=DK6bKtXUE1c, orig=55, new=762, final=775, dup=42]
Processing videos:  19%|▎ | 503/2700 [57:34<10:27:09, 17.13s/it, video=DK6bKtXUE1c, orig=55, new=762, final=775, dup=42]
                                                                                                                        
──────────────────────────────────────────────────────────────────────
📹 Video: DK6bKtXUE1c
──────────────────────────────────────────────────────────────────────
  📊 Scores: Max=0.9140 | Min=0.1015 | Range=[0.1015, 0.9140]
  🎯 Threshold: 0.6398 (70.0% of max)
  ✅ High-Score Frames: 36/55 (65.5%)
  📍 First 10 indices: [25, 50, 75, 100, 125, 150, 175, 200, 225, 275]
──────────────────────────────────────────────────────────────────────


Processing videos:  19%|▎ | 503/2700 [57:34<10:27:09, 17.13s/it, video=DK6bKtXUE1c, orig=55, new=762, final=775, dup=42]
Processing videos:  19%|▎ | 503/2700 [57:48<10:27:09, 17.13s/it, video=DK6bKtXUE1c, orig=55, new=949, final=959, dup=45]
Processing videos:  19%|▌  | 504/2700 [57:48<9:52:57, 16.20s/it, video=DK6bKtXUE1c, orig=55, new=949, final=959, dup=45]
                                                                                                                        
──────────────────────────────────────────────────────────────────────
📹 Video: CHlJdMVLV2s
──────────────────────────────────────────────────────────────────────
  📊 Scores: Max=0.9736 | Min=0.0174 | Range=[0.0174, 0.9736]
  🎯 Threshold: 0.6815 (70.0% of max)
  ✅ High-Score Frames: 9/61 (14.8%)
  📍 First 10 indices: [25, 50, 75, 100, 125, 150, 325, 700, 1400]
──────────────────────────────────────────────────────────────────────


Processing videos:  19%|▌  | 504/2700 [57:48<9:52:57, 16.20s/it, video=DK6bKtXUE1c, orig=55, new=949, final=959, dup=45]
Processing videos:  19%|▌  | 504/2700 [57:51<9:52:57, 16.20s/it, video=CHlJdMVLV2s, orig=61, new=257, final=301, dup=17]
Processing videos:  19%|▌  | 505/2700 [57:51<7:21:29, 12.07s/it, video=CHlJdMVLV2s, orig=61, new=257, final=301, dup=17]
                                                                                                                        
──────────────────────────────────────────────────────────────────────
📹 Video: CHlJdMVLV2s
──────────────────────────────────────────────────────────────────────
  📊 Scores: Max=0.9801 | Min=0.0102 | Range=[0.0102, 0.9801]
  🎯 Threshold: 0.6860 (70.0% of max)
  ✅ High-Score Frames: 45/61 (73.8%)
  📍 First 10 indices: [50, 75, 100, 275, 300, 325, 375, 400, 425, 450]
──────────────────────────────────────────────────────────────────────


Processing videos:  19%|▌  | 505/2700 [57:51<7:21:29, 12.07s/it, video=CHlJdMVLV2s, orig=61, new=257, final=301, dup=17]
Processing videos:  19%|▏| 505/2700 [58:02<7:21:29, 12.07s/it, video=CHlJdMVLV2s, orig=61, new=1197, final=1205, dup=53]
Processing videos:  19%|▏| 506/2700 [58:02<7:07:52, 11.70s/it, video=CHlJdMVLV2s, orig=61, new=1197, final=1205, dup=53]
                                                                                                                        
──────────────────────────────────────────────────────────────────────
📹 Video: CHlJdMVLV2s
──────────────────────────────────────────────────────────────────────
  📊 Scores: Max=0.9984 | Min=0.0024 | Range=[0.0024, 0.9984]
  🎯 Threshold: 0.6989 (70.0% of max)
  ✅ High-Score Frames: 35/61 (57.4%)
  📍 First 10 indices: [325, 375, 400, 425, 450, 475, 500, 550, 575, 600]
──────────────────────────────────────────────────────────────────────


Processing videos:  19%|▏| 506/2700 [58:02<7:07:52, 11.70s/it, video=CHlJdMVLV2s, orig=61, new=1197, final=1205, dup=53]
Processing videos:  19%|▌  | 506/2700 [58:11<7:07:52, 11.70s/it, video=CHlJdMVLV2s, orig=61, new=938, final=957, dup=42]
Processing videos:  19%|▌  | 507/2700 [58:11<6:38:18, 10.90s/it, video=CHlJdMVLV2s, orig=61, new=938, final=957, dup=42]
                                                                                                                        
──────────────────────────────────────────────────────────────────────
📹 Video: E895PNqSgEI
──────────────────────────────────────────────────────────────────────
  📊 Scores: Max=0.8902 | Min=0.1548 | Range=[0.1548, 0.8902]
  🎯 Threshold: 0.6232 (70.0% of max)
  ✅ High-Score Frames: 24/35 (68.6%)
  📍 First 10 indices: [30, 60, 90, 120, 150, 180, 210, 240, 270, 300]
──────────────────────────────────────────────────────────────────────


Processing videos:  19%|▌  | 507/2700 [58:11<6:38:18, 10.90s/it, video=CHlJdMVLV2s, orig=61, new=938, final=957, dup=42]
Processing videos:  19%|▌  | 507/2700 [58:16<6:38:18, 10.90s/it, video=E895PNqSgEI, orig=35, new=321, final=323, dup=33]
Processing videos:  19%|▌  | 508/2700 [58:16<5:34:08,  9.15s/it, video=E895PNqSgEI, orig=35, new=321, final=323, dup=33]
                                                                                                                        
──────────────────────────────────────────────────────────────────────
📹 Video: E895PNqSgEI
──────────────────────────────────────────────────────────────────────
  📊 Scores: Max=0.9983 | Min=0.0628 | Range=[0.0628, 0.9983]
  🎯 Threshold: 0.6988 (70.0% of max)
  ✅ High-Score Frames: 31/35 (88.6%)
  📍 First 10 indices: [0, 30, 60, 90, 120, 150, 180, 210, 240, 270]
──────────────────────────────────────────────────────────────────────


Processing videos:  19%|▌  | 508/2700 [58:16<5:34:08,  9.15s/it, video=E895PNqSgEI, orig=35, new=321, final=323, dup=33]
Processing videos:  19%|▌  | 508/2700 [58:21<5:34:08,  9.15s/it, video=E895PNqSgEI, orig=35, new=321, final=323, dup=33]
Processing videos:  19%|▌  | 509/2700 [58:21<4:48:57,  7.91s/it, video=E895PNqSgEI, orig=35, new=321, final=323, dup=33]
                                                                                                                        
──────────────────────────────────────────────────────────────────────
📹 Video: E895PNqSgEI
──────────────────────────────────────────────────────────────────────
  📊 Scores: Max=0.9963 | Min=0.0994 | Range=[0.0994, 0.9963]
  🎯 Threshold: 0.6974 (70.0% of max)
  ✅ High-Score Frames: 31/35 (88.6%)
  📍 First 10 indices: [0, 30, 60, 90, 120, 150, 180, 210, 240, 270]
──────────────────────────────────────────────────────────────────────


Processing videos:  19%|▌  | 509/2700 [58:21<4:48:57,  7.91s/it, video=E895PNqSgEI, orig=35, new=321, final=323, dup=33]
Processing videos:  19%|▌  | 509/2700 [58:26<4:48:57,  7.91s/it, video=E895PNqSgEI, orig=35, new=321, final=323, dup=33]
Processing videos:  19%|▌  | 510/2700 [58:26<4:17:36,  7.06s/it, video=E895PNqSgEI, orig=35, new=321, final=323, dup=33]
                                                                                                                        
──────────────────────────────────────────────────────────────────────
📹 Video: FsLaTZmP6Uw
──────────────────────────────────────────────────────────────────────
  📊 Scores: Max=0.1198 | Min=0.0133 | Range=[0.0133, 0.1198]
  🎯 Threshold: 0.0838 (70.0% of max)
  ✅ High-Score Frames: 3/52 (5.8%)
  📍 First 10 indices: [875, 900, 925]
──────────────────────────────────────────────────────────────────────


Processing videos:  19%|▌  | 510/2700 [58:26<4:17:36,  7.06s/it, video=E895PNqSgEI, orig=35, new=321, final=323, dup=33]
Processing videos:  19%|▊   | 510/2700 [58:27<4:17:36,  7.06s/it, video=FsLaTZmP6Uw, orig=52, new=102, final=148, dup=6]
Processing videos:  19%|▊   | 511/2700 [58:27<3:17:39,  5.42s/it, video=FsLaTZmP6Uw, orig=52, new=102, final=148, dup=6]
                                                                                                                        
──────────────────────────────────────────────────────────────────────
📹 Video: FsLaTZmP6Uw
──────────────────────────────────────────────────────────────────────
  📊 Scores: Max=0.5026 | Min=0.0377 | Range=[0.0377, 0.5026]
  🎯 Threshold: 0.3518 (70.0% of max)
  ✅ High-Score Frames: 1/52 (1.9%)
  📍 First 10 indices: [925]
──────────────────────────────────────────────────────────────────────


Processing videos:  19%|▊   | 511/2700 [58:27<3:17:39,  5.42s/it, video=FsLaTZmP6Uw, orig=52, new=102, final=148, dup=6]
Processing videos:  19%|█▏    | 511/2700 [58:28<3:17:39,  5.42s/it, video=FsLaTZmP6Uw, orig=52, new=35, final=84, dup=3]
Processing videos:  19%|█▏    | 512/2700 [58:28<2:24:44,  3.97s/it, video=FsLaTZmP6Uw, orig=52, new=35, final=84, dup=3]
                                                                                                                        
──────────────────────────────────────────────────────────────────────
📹 Video: FsLaTZmP6Uw
──────────────────────────────────────────────────────────────────────
  📊 Scores: Max=0.1757 | Min=0.0142 | Range=[0.0142, 0.1757]
  🎯 Threshold: 0.1230 (70.0% of max)
  ✅ High-Score Frames: 4/52 (7.7%)
  📍 First 10 indices: [875, 900, 925, 1050]
──────────────────────────────────────────────────────────────────────


Processing videos:  19%|█▏    | 512/2700 [58:28<2:24:44,  3.97s/it, video=FsLaTZmP6Uw, orig=52, new=35, final=84, dup=3]
Processing videos:  19%|▊   | 512/2700 [58:30<2:24:44,  3.97s/it, video=FsLaTZmP6Uw, orig=52, new=137, final=180, dup=9]
Processing videos:  19%|▊   | 513/2700 [58:30<2:04:40,  3.42s/it, video=FsLaTZmP6Uw, orig=52, new=137, final=180, dup=9]
                                                                                                                        
──────────────────────────────────────────────────────────────────────
📹 Video: 8W4gbKKNI1E
──────────────────────────────────────────────────────────────────────
  📊 Scores: Max=0.9939 | Min=0.0021 | Range=[0.0021, 0.9939]
  🎯 Threshold: 0.6957 (70.0% of max)
  ✅ High-Score Frames: 17/87 (19.5%)
  📍 First 10 indices: [210, 330, 360, 390, 420, 570, 600, 630, 840, 870]
──────────────────────────────────────────────────────────────────────


Processing videos:  19%|▊   | 513/2700 [58:30<2:04:40,  3.42s/it, video=FsLaTZmP6Uw, orig=52, new=137, final=180, dup=9]
Processing videos:  19%|▌  | 513/2700 [58:35<2:04:40,  3.42s/it, video=8W4gbKKNI1E, orig=87, new=293, final=348, dup=32]
Processing videos:  19%|▌  | 514/2700 [58:35<2:20:57,  3.87s/it, video=8W4gbKKNI1E, orig=87, new=293, final=348, dup=32]
                                                                                                                        
──────────────────────────────────────────────────────────────────────
📹 Video: 8W4gbKKNI1E
──────────────────────────────────────────────────────────────────────
  📊 Scores: Max=0.9360 | Min=0.0022 | Range=[0.0022, 0.9360]
  🎯 Threshold: 0.6552 (70.0% of max)
  ✅ High-Score Frames: 7/87 (8.0%)
  📍 First 10 indices: [1200, 1290, 1470, 1500, 1710, 1950, 1980]
──────────────────────────────────────────────────────────────────────


Processing videos:  19%|▌  | 514/2700 [58:35<2:20:57,  3.87s/it, video=8W4gbKKNI1E, orig=87, new=293, final=348, dup=32]
Processing videos:  19%|▌  | 514/2700 [58:39<2:20:57,  3.87s/it, video=8W4gbKKNI1E, orig=87, new=214, final=276, dup=25]
Processing videos:  19%|▌  | 515/2700 [58:39<2:17:22,  3.77s/it, video=8W4gbKKNI1E, orig=87, new=214, final=276, dup=25]
                                                                                                                        
──────────────────────────────────────────────────────────────────────
📹 Video: 8W4gbKKNI1E
──────────────────────────────────────────────────────────────────────
  📊 Scores: Max=0.6963 | Min=0.0265 | Range=[0.0265, 0.6963]
  🎯 Threshold: 0.4874 (70.0% of max)
  ✅ High-Score Frames: 7/87 (8.0%)
  📍 First 10 indices: [240, 450, 720, 1230, 1500, 2160, 2220]
──────────────────────────────────────────────────────────────────────


Processing videos:  19%|▌  | 515/2700 [58:39<2:17:22,  3.77s/it, video=8W4gbKKNI1E, orig=87, new=214, final=276, dup=25]
Processing videos:  19%|▌  | 515/2700 [58:43<2:17:22,  3.77s/it, video=8W4gbKKNI1E, orig=87, new=266, final=321, dup=32]
Processing videos:  19%|▌  | 516/2700 [58:43<2:24:15,  3.96s/it, video=8W4gbKKNI1E, orig=87, new=266, final=321, dup=32]
                                                                                                                        
──────────────────────────────────────────────────────────────────────
📹 Video: tbKTfX5Az6w
──────────────────────────────────────────────────────────────────────
  📊 Scores: Max=0.3754 | Min=0.0394 | Range=[0.0394, 0.3754]
  🎯 Threshold: 0.2628 (70.0% of max)
  ✅ High-Score Frames: 11/62 (17.7%)
  📍 First 10 indices: [25, 50, 75, 100, 125, 150, 1050, 1150, 1175, 1425]
──────────────────────────────────────────────────────────────────────


Processing videos:  19%|▌  | 516/2700 [58:43<2:24:15,  3.96s/it, video=8W4gbKKNI1E, orig=87, new=266, final=321, dup=32]
Processing videos:  19%|▌  | 516/2700 [58:48<2:24:15,  3.96s/it, video=tbKTfX5Az6w, orig=62, new=317, final=358, dup=21]
Processing videos:  19%|▌  | 517/2700 [58:48<2:34:25,  4.24s/it, video=tbKTfX5Az6w, orig=62, new=317, final=358, dup=21]
                                                                                                                        
──────────────────────────────────────────────────────────────────────
📹 Video: tbKTfX5Az6w
──────────────────────────────────────────────────────────────────────
  📊 Scores: Max=0.2871 | Min=0.0498 | Range=[0.0498, 0.2871]
  🎯 Threshold: 0.2010 (70.0% of max)
  ✅ High-Score Frames: 6/62 (9.7%)
  📍 First 10 indices: [25, 50, 75, 100, 125, 150]
──────────────────────────────────────────────────────────────────────


Processing videos:  19%|▌  | 517/2700 [58:48<2:34:25,  4.24s/it, video=tbKTfX5Az6w, orig=62, new=317, final=358, dup=21]
Processing videos:  19%|▊   | 517/2700 [58:50<2:34:25,  4.24s/it, video=tbKTfX5Az6w, orig=62, new=152, final=206, dup=8]
Processing videos:  19%|▊   | 518/2700 [58:50<2:13:16,  3.66s/it, video=tbKTfX5Az6w, orig=62, new=152, final=206, dup=8]
                                                                                                                        
──────────────────────────────────────────────────────────────────────
📹 Video: tbKTfX5Az6w
──────────────────────────────────────────────────────────────────────
  📊 Scores: Max=0.0373 | Min=0.0035 | Range=[0.0035, 0.0373]
  🎯 Threshold: 0.0261 (70.0% of max)
  ✅ High-Score Frames: 2/62 (3.2%)
  📍 First 10 indices: [1425, 1525]
──────────────────────────────────────────────────────────────────────


Processing videos:  19%|▊   | 518/2700 [58:50<2:13:16,  3.66s/it, video=tbKTfX5Az6w, orig=62, new=152, final=206, dup=8]
Processing videos:  19%|▉    | 518/2700 [58:51<2:13:16,  3.66s/it, video=tbKTfX5Az6w, orig=62, new=63, final=120, dup=5]
Processing videos:  19%|▉    | 519/2700 [58:51<1:44:33,  2.88s/it, video=tbKTfX5Az6w, orig=62, new=63, final=120, dup=5]
                                                                                                                        
──────────────────────────────────────────────────────────────────────
📹 Video: 84EpEwIVFdU
──────────────────────────────────────────────────────────────────────
  📊 Scores: Max=0.5916 | Min=0.0002 | Range=[0.0002, 0.5916]
  🎯 Threshold: 0.4141 (70.0% of max)
  ✅ High-Score Frames: 11/114 (9.6%)
  📍 First 10 indices: [175, 200, 1475, 1575, 1600, 1675, 2025, 2050, 2350, 2400]
──────────────────────────────────────────────────────────────────────


Processing videos:  19%|▉    | 519/2700 [58:51<1:44:33,  2.88s/it, video=tbKTfX5Az6w, orig=62, new=63, final=120, dup=5]
Processing videos:  19%|▍ | 519/2700 [58:57<1:44:33,  2.88s/it, video=84EpEwIVFdU, orig=114, new=362, final=450, dup=26]
Processing videos:  19%|▍ | 520/2700 [58:57<2:14:23,  3.70s/it, video=84EpEwIVFdU, orig=114, new=362, final=450, dup=26]
                                                                                                                        
──────────────────────────────────────────────────────────────────────
📹 Video: 84EpEwIVFdU
──────────────────────────────────────────────────────────────────────
  📊 Scores: Max=0.1001 | Min=0.0002 | Range=[0.0002, 0.1001]
  🎯 Threshold: 0.0701 (70.0% of max)
  ✅ High-Score Frames: 2/114 (1.8%)
  📍 First 10 indices: [800, 2825]
──────────────────────────────────────────────────────────────────────


Processing videos:  19%|▍ | 520/2700 [58:57<2:14:23,  3.70s/it, video=84EpEwIVFdU, orig=114, new=362, final=450, dup=26]
Processing videos:  19%|▊   | 520/2700 [58:58<2:14:23,  3.70s/it, video=84EpEwIVFdU, orig=114, new=66, final=175, dup=5]
Processing videos:  19%|▊   | 521/2700 [58:58<1:45:56,  2.92s/it, video=84EpEwIVFdU, orig=114, new=66, final=175, dup=5]
                                                                                                                        
──────────────────────────────────────────────────────────────────────
📹 Video: 84EpEwIVFdU
──────────────────────────────────────────────────────────────────────
  📊 Scores: Max=0.5882 | Min=0.0987 | Range=[0.0987, 0.5882]
  🎯 Threshold: 0.4117 (70.0% of max)
  ✅ High-Score Frames: 9/114 (7.9%)
  📍 First 10 indices: [2500, 2625, 2650, 2675, 2700, 2725, 2750, 2775, 2800]
──────────────────────────────────────────────────────────────────────


Processing videos:  19%|▊   | 521/2700 [58:58<1:45:56,  2.92s/it, video=84EpEwIVFdU, orig=114, new=66, final=175, dup=5]
Processing videos:  19%|▍ | 521/2700 [59:02<1:45:56,  2.92s/it, video=84EpEwIVFdU, orig=114, new=262, final=362, dup=14]
Processing videos:  19%|▍ | 522/2700 [59:02<2:00:26,  3.32s/it, video=84EpEwIVFdU, orig=114, new=262, final=362, dup=14]
                                                                                                                        
──────────────────────────────────────────────────────────────────────
📹 Video: TblFD8H4j94
──────────────────────────────────────────────────────────────────────
  📊 Scores: Max=0.4003 | Min=0.0756 | Range=[0.0756, 0.4003]
  🎯 Threshold: 0.2802 (70.0% of max)
  ✅ High-Score Frames: 11/52 (21.2%)
  📍 First 10 indices: [975, 1000, 1025, 1100, 1125, 1150, 1175, 1200, 1225, 1250]
──────────────────────────────────────────────────────────────────────


Processing videos:  19%|▍ | 522/2700 [59:02<2:00:26,  3.32s/it, video=84EpEwIVFdU, orig=114, new=262, final=362, dup=14]
Processing videos:  19%|▌  | 522/2700 [59:07<2:00:26,  3.32s/it, video=TblFD8H4j94, orig=52, new=312, final=349, dup=15]
Processing videos:  19%|▌  | 523/2700 [59:07<2:15:49,  3.74s/it, video=TblFD8H4j94, orig=52, new=312, final=349, dup=15]
                                                                                                                        
──────────────────────────────────────────────────────────────────────
📹 Video: TblFD8H4j94
──────────────────────────────────────────────────────────────────────
  📊 Scores: Max=0.2055 | Min=0.0056 | Range=[0.0056, 0.2055]
  🎯 Threshold: 0.1439 (70.0% of max)
  ✅ High-Score Frames: 1/52 (1.9%)
  📍 First 10 indices: [775]
──────────────────────────────────────────────────────────────────────


Processing videos:  19%|▌  | 523/2700 [59:07<2:15:49,  3.74s/it, video=TblFD8H4j94, orig=52, new=312, final=349, dup=15]
Processing videos:  19%|█▏    | 523/2700 [59:08<2:15:49,  3.74s/it, video=TblFD8H4j94, orig=52, new=35, final=84, dup=3]
Processing videos:  19%|█▏    | 524/2700 [59:08<1:41:53,  2.81s/it, video=TblFD8H4j94, orig=52, new=35, final=84, dup=3]
                                                                                                                        
──────────────────────────────────────────────────────────────────────
📹 Video: TblFD8H4j94
──────────────────────────────────────────────────────────────────────
  📊 Scores: Max=0.2901 | Min=0.0185 | Range=[0.0185, 0.2901]
  🎯 Threshold: 0.2031 (70.0% of max)
  ✅ High-Score Frames: 26/52 (50.0%)
  📍 First 10 indices: [0, 25, 50, 75, 100, 300, 325, 350, 375, 400]
──────────────────────────────────────────────────────────────────────


Processing videos:  19%|█▏    | 524/2700 [59:08<1:41:53,  2.81s/it, video=TblFD8H4j94, orig=52, new=35, final=84, dup=3]
Processing videos:  19%|▌  | 524/2700 [59:18<1:41:53,  2.81s/it, video=TblFD8H4j94, orig=52, new=692, final=708, dup=36]
                                                                                                                        
======================================================================

Processing videos:  19%|▌  | 524/2700 [59:19<1:41:53,  2.81s/it, video=TblFD8H4j94, orig=52, new=692, final=708, dup=36]
                                                                                                                        
💾 CHECKPOINT SAVED [525/2700]

Processing videos:  19%|▌  | 524/2700 [59:19<1:41:53,  2.81s/it, video=TblFD8H4j94, orig=52, new=692, final=708, dup=36]
                                                                                                                        
======================================================================

Processing videos:  19%|▌  | 524/2700 [59:19<1:41:53,  2.81s/it, video=TblFD8H4j94, orig=52, new=692, final=708, dup=36]
                                                                                                                        
  GPU Memory: 0.00GB allocated, 0.00GB reserved

Processing videos:  19%|▌  | 524/2700 [59:19<1:41:53,  2.81s/it, video=TblFD8H4j94, orig=52, new=692, final=708, dup=36]
                                                                                                                        
  Videos processed: 525

Processing videos:  19%|▌  | 524/2700 [59:19<1:41:53,  2.81s/it, video=TblFD8H4j94, orig=52, new=692, final=708, dup=36]
                                                                                                                        
  With dense sampling: 525

Processing videos:  19%|▌  | 524/2700 [59:19<1:41:53,  2.81s/it, video=TblFD8H4j94, orig=52, new=692, final=708, dup=36]
                                                                                                                        
  Total frames: 349,633

Processing videos:  19%|▌  | 524/2700 [59:19<1:41:53,  2.81s/it, video=TblFD8H4j94, orig=52, new=692, final=708, dup=36]
                                                                                                                        
  Elapsed time: 59.32 min

Processing videos:  19%|▌  | 524/2700 [59:19<1:41:53,  2.81s/it, video=TblFD8H4j94, orig=52, new=692, final=708, dup=36]
                                                                                                                        
  Speed: 0.11 videos/sec

Processing videos:  19%|▌  | 524/2700 [59:19<1:41:53,  2.81s/it, video=TblFD8H4j94, orig=52, new=692, final=708, dup=36]
                                                                                                                        
  ✅ Safe to restart if needed

Processing videos:  19%|▌  | 524/2700 [59:19<1:41:53,  2.81s/it, video=TblFD8H4j94, orig=52, new=692, final=708, dup=36]
                                                                                                                        
======================================================================


Processing videos:  19%|▌  | 524/2700 [59:19<1:41:53,  2.81s/it, video=TblFD8H4j94, orig=52, new=692, final=708, dup=36]
Processing videos:  19%|▌  | 525/2700 [59:19<3:11:43,  5.29s/it, video=TblFD8H4j94, orig=52, new=692, final=708, dup=36]
                                                                                                                        
──────────────────────────────────────────────────────────────────────
📹 Video: wGfRSojH0PE
──────────────────────────────────────────────────────────────────────
  📊 Scores: Max=0.7922 | Min=0.1599 | Range=[0.1599, 0.7922]
  🎯 Threshold: 0.5545 (70.0% of max)
  ✅ High-Score Frames: 48/99 (48.5%)
  📍 First 10 indices: [0, 50, 75, 100, 250, 275, 300, 425, 650, 675]
──────────────────────────────────────────────────────────────────────


Processing videos:  19%|▌  | 525/2700 [59:19<3:11:43,  5.29s/it, video=TblFD8H4j94, orig=52, new=692, final=708, dup=36]
Processing videos:  19%|▏| 525/2700 [59:39<3:11:43,  5.29s/it, video=wGfRSojH0PE, orig=99, new=1406, final=1427, dup=78]
Processing videos:  19%|▏| 526/2700 [59:39<5:58:28,  9.89s/it, video=wGfRSojH0PE, orig=99, new=1406, final=1427, dup=78]
                                                                                                                        
──────────────────────────────────────────────────────────────────────
📹 Video: wGfRSojH0PE
──────────────────────────────────────────────────────────────────────
  📊 Scores: Max=0.9898 | Min=0.0005 | Range=[0.0005, 0.9898]
  🎯 Threshold: 0.6928 (70.0% of max)
  ✅ High-Score Frames: 10/99 (10.1%)
  📍 First 10 indices: [650, 675, 700, 725, 750, 975, 1025, 1050, 1075, 1100]
──────────────────────────────────────────────────────────────────────


Processing videos:  19%|▏| 526/2700 [59:39<5:58:28,  9.89s/it, video=wGfRSojH0PE, orig=99, new=1406, final=1427, dup=78]
Processing videos:  19%|▌  | 526/2700 [59:44<5:58:28,  9.89s/it, video=wGfRSojH0PE, orig=99, new=304, final=387, dup=16]
Processing videos:  20%|▌  | 527/2700 [59:44<5:06:05,  8.45s/it, video=wGfRSojH0PE, orig=99, new=304, final=387, dup=16]
                                                                                                                        
──────────────────────────────────────────────────────────────────────
📹 Video: wGfRSojH0PE
──────────────────────────────────────────────────────────────────────
  📊 Scores: Max=0.9146 | Min=0.1095 | Range=[0.1095, 0.9146]
  🎯 Threshold: 0.6402 (70.0% of max)
  ✅ High-Score Frames: 63/99 (63.6%)
  📍 First 10 indices: [150, 200, 225, 250, 275, 300, 325, 350, 375, 400]
──────────────────────────────────────────────────────────────────────


Processing videos:  20%|▌  | 527/2700 [59:44<5:06:05,  8.45s/it, video=wGfRSojH0PE, orig=99, new=304, final=387, dup=16]
Processing videos:  20%|▏| 527/2700 [1:00:09<5:06:05,  8.45s/it, video=wGfRSojH0PE, orig=99, new=1750, final=1763, dup=8
Processing videos:  20%|▏| 528/2700 [1:00:09<8:04:59, 13.40s/it, video=wGfRSojH0PE, orig=99, new=1750, final=1763, dup=8
                                                                                                                        
──────────────────────────────────────────────────────────────────────
📹 Video: 6DO8yOVYXr0
──────────────────────────────────────────────────────────────────────
  📊 Scores: Max=0.3619 | Min=0.0446 | Range=[0.0446, 0.3619]
  🎯 Threshold: 0.2534 (70.0% of max)
  ✅ High-Score Frames: 22/109 (20.2%)
  📍 First 10 indices: [29, 58, 87, 116, 232, 319, 348, 464, 493, 609]
──────────────────────────────────────────────────────────────────────


Processing videos:  20%|▏| 528/2700 [1:00:09<8:04:59, 13.40s/it, video=wGfRSojH0PE, orig=99, new=1750, final=1763, dup=8
Processing videos:  20%|▏| 528/2700 [1:00:17<8:04:59, 13.40s/it, video=6DO8yOVYXr0, orig=109, new=809, final=868, dup=50
Processing videos:  20%|▏| 529/2700 [1:00:17<7:00:21, 11.62s/it, video=6DO8yOVYXr0, orig=109, new=809, final=868, dup=50
                                                                                                                        
──────────────────────────────────────────────────────────────────────
📹 Video: 6DO8yOVYXr0
──────────────────────────────────────────────────────────────────────
  📊 Scores: Max=0.9561 | Min=0.0469 | Range=[0.0469, 0.9561]
  🎯 Threshold: 0.6693 (70.0% of max)
  ✅ High-Score Frames: 68/109 (62.4%)
  📍 First 10 indices: [58, 87, 116, 174, 203, 261, 290, 319, 348, 377]
──────────────────────────────────────────────────────────────────────


Processing videos:  20%|▏| 529/2700 [1:00:17<7:00:21, 11.62s/it, video=6DO8yOVYXr0, orig=109, new=809, final=868, dup=50
Processing videos:  20%|▏| 529/2700 [1:00:37<7:00:21, 11.62s/it, video=6DO8yOVYXr0, orig=109, new=2221, final=2233, dup=
Processing videos:  20%|▏| 530/2700 [1:00:37<8:30:57, 14.13s/it, video=6DO8yOVYXr0, orig=109, new=2221, final=2233, dup=
                                                                                                                        
──────────────────────────────────────────────────────────────────────
📹 Video: 6DO8yOVYXr0
──────────────────────────────────────────────────────────────────────
  📊 Scores: Max=0.4094 | Min=0.0381 | Range=[0.0381, 0.4094]
  🎯 Threshold: 0.2866 (70.0% of max)
  ✅ High-Score Frames: 28/109 (25.7%)
  📍 First 10 indices: [87, 116, 203, 261, 290, 348, 377, 406, 464, 493]
──────────────────────────────────────────────────────────────────────


Processing videos:  20%|▏| 530/2700 [1:00:37<8:30:57, 14.13s/it, video=6DO8yOVYXr0, orig=109, new=2221, final=2233, dup=
Processing videos:  20%|▏| 530/2700 [1:00:47<8:30:57, 14.13s/it, video=6DO8yOVYXr0, orig=109, new=1035, final=1083, dup=
Processing videos:  20%|▏| 531/2700 [1:00:47<7:43:25, 12.82s/it, video=6DO8yOVYXr0, orig=109, new=1035, final=1083, dup=
                                                                                                                        
──────────────────────────────────────────────────────────────────────
📹 Video: IPevXMMEVQ0
──────────────────────────────────────────────────────────────────────
  📊 Scores: Max=0.9797 | Min=0.0066 | Range=[0.0066, 0.9797]
  🎯 Threshold: 0.6858 (70.0% of max)
  ✅ High-Score Frames: 3/86 (3.5%)
  📍 First 10 indices: [667, 696, 725]
──────────────────────────────────────────────────────────────────────


Processing videos:  20%|▏| 531/2700 [1:00:47<7:43:25, 12.82s/it, video=6DO8yOVYXr0, orig=109, new=1035, final=1083, dup=
Processing videos:  20%|▍ | 531/2700 [1:00:49<7:43:25, 12.82s/it, video=IPevXMMEVQ0, orig=86, new=120, final=200, dup=6]
Processing videos:  20%|▍ | 532/2700 [1:00:49<5:44:47,  9.54s/it, video=IPevXMMEVQ0, orig=86, new=120, final=200, dup=6]
                                                                                                                        
──────────────────────────────────────────────────────────────────────
📹 Video: IPevXMMEVQ0
──────────────────────────────────────────────────────────────────────
  📊 Scores: Max=0.9901 | Min=0.0011 | Range=[0.0011, 0.9901]
  🎯 Threshold: 0.6931 (70.0% of max)
  ✅ High-Score Frames: 39/86 (45.3%)
  📍 First 10 indices: [0, 29, 58, 493, 1044, 1073, 1102, 1189, 1218, 1247]
──────────────────────────────────────────────────────────────────────


Processing videos:  20%|▍ | 532/2700 [1:00:49<5:44:47,  9.54s/it, video=IPevXMMEVQ0, orig=86, new=120, final=200, dup=6]
Processing videos:  20%|▏| 532/2700 [1:01:05<5:44:47,  9.54s/it, video=IPevXMMEVQ0, orig=86, new=1186, final=1222, dup=5
Processing videos:  20%|▏| 533/2700 [1:01:05<7:02:57, 11.71s/it, video=IPevXMMEVQ0, orig=86, new=1186, final=1222, dup=5
                                                                                                                        
──────────────────────────────────────────────────────────────────────
📹 Video: IPevXMMEVQ0
──────────────────────────────────────────────────────────────────────
  📊 Scores: Max=0.7431 | Min=0.0135 | Range=[0.0135, 0.7431]
  🎯 Threshold: 0.5202 (70.0% of max)
  ✅ High-Score Frames: 12/86 (14.0%)
  📍 First 10 indices: [174, 580, 609, 638, 754, 1015, 1189, 1566, 1595, 2378]
──────────────────────────────────────────────────────────────────────


Processing videos:  20%|▏| 533/2700 [1:01:05<7:02:57, 11.71s/it, video=IPevXMMEVQ0, orig=86, new=1186, final=1222, dup=5
Processing videos:  20%|▏| 533/2700 [1:01:13<7:02:57, 11.71s/it, video=IPevXMMEVQ0, orig=86, new=485, final=543, dup=28]
Processing videos:  20%|▏| 534/2700 [1:01:13<6:16:05, 10.42s/it, video=IPevXMMEVQ0, orig=86, new=485, final=543, dup=28]
                                                                                                                        
──────────────────────────────────────────────────────────────────────
📹 Video: fkJv7LRa6Pc
──────────────────────────────────────────────────────────────────────
  📊 Scores: Max=0.9953 | Min=0.0464 | Range=[0.0464, 0.9953]
  🎯 Threshold: 0.6967 (70.0% of max)
  ✅ High-Score Frames: 31/54 (57.4%)
  📍 First 10 indices: [29, 58, 87, 116, 145, 174, 203, 232, 261, 290]
──────────────────────────────────────────────────────────────────────


Processing videos:  20%|▏| 534/2700 [1:01:13<6:16:05, 10.42s/it, video=IPevXMMEVQ0, orig=86, new=485, final=543, dup=28]
Processing videos:  20%|▏| 534/2700 [1:01:22<6:16:05, 10.42s/it, video=fkJv7LRa6Pc, orig=54, new=993, final=1004, dup=43
Processing videos:  20%|▏| 535/2700 [1:01:22<6:06:31, 10.16s/it, video=fkJv7LRa6Pc, orig=54, new=993, final=1004, dup=43
                                                                                                                        
──────────────────────────────────────────────────────────────────────
📹 Video: fkJv7LRa6Pc
──────────────────────────────────────────────────────────────────────
  📊 Scores: Max=0.2807 | Min=0.0023 | Range=[0.0023, 0.2807]
  🎯 Threshold: 0.1965 (70.0% of max)
  ✅ High-Score Frames: 1/54 (1.9%)
  📍 First 10 indices: [0]
──────────────────────────────────────────────────────────────────────


Processing videos:  20%|▏| 535/2700 [1:01:22<6:06:31, 10.16s/it, video=fkJv7LRa6Pc, orig=54, new=993, final=1004, dup=43
Processing videos:  20%|▊   | 535/2700 [1:01:23<6:06:31, 10.16s/it, video=fkJv7LRa6Pc, orig=54, new=20, final=73, dup=1]
Processing videos:  20%|▊   | 536/2700 [1:01:23<4:21:34,  7.25s/it, video=fkJv7LRa6Pc, orig=54, new=20, final=73, dup=1]
                                                                                                                        
──────────────────────────────────────────────────────────────────────
📹 Video: fkJv7LRa6Pc
──────────────────────────────────────────────────────────────────────
  📊 Scores: Max=0.7028 | Min=0.0061 | Range=[0.0061, 0.7028]
  🎯 Threshold: 0.4919 (70.0% of max)
  ✅ High-Score Frames: 3/54 (5.6%)
  📍 First 10 indices: [1044, 1073, 1102]
──────────────────────────────────────────────────────────────────────


Processing videos:  20%|▊   | 536/2700 [1:01:23<4:21:34,  7.25s/it, video=fkJv7LRa6Pc, orig=54, new=20, final=73, dup=1]
Processing videos:  20%|▍ | 536/2700 [1:01:24<4:21:34,  7.25s/it, video=fkJv7LRa6Pc, orig=54, new=120, final=168, dup=6]
Processing videos:  20%|▍ | 537/2700 [1:01:24<3:15:16,  5.42s/it, video=fkJv7LRa6Pc, orig=54, new=120, final=168, dup=6]
                                                                                                                        
──────────────────────────────────────────────────────────────────────
📹 Video: 54YD3Gv-3MI
──────────────────────────────────────────────────────────────────────
  📊 Scores: Max=0.3095 | Min=0.0051 | Range=[0.0051, 0.3095]
  🎯 Threshold: 0.2166 (70.0% of max)
  ✅ High-Score Frames: 14/67 (20.9%)
  📍 First 10 indices: [319, 435, 551, 667, 696, 754, 783, 812, 870, 1015]
──────────────────────────────────────────────────────────────────────


Processing videos:  20%|▍ | 537/2700 [1:01:24<3:15:16,  5.42s/it, video=fkJv7LRa6Pc, orig=54, new=120, final=168, dup=6]
Processing videos:  20%|▏| 537/2700 [1:01:32<3:15:16,  5.42s/it, video=54YD3Gv-3MI, orig=67, new=521, final=559, dup=29]
Processing videos:  20%|▏| 538/2700 [1:01:32<3:45:40,  6.26s/it, video=54YD3Gv-3MI, orig=67, new=521, final=559, dup=29]
                                                                                                                        
──────────────────────────────────────────────────────────────────────
📹 Video: 54YD3Gv-3MI
──────────────────────────────────────────────────────────────────────
  📊 Scores: Max=0.1603 | Min=0.0019 | Range=[0.0019, 0.1603]
  🎯 Threshold: 0.1122 (70.0% of max)
  ✅ High-Score Frames: 3/67 (4.5%)
  📍 First 10 indices: [754, 1276, 1334]
──────────────────────────────────────────────────────────────────────


Processing videos:  20%|▏| 538/2700 [1:01:32<3:45:40,  6.26s/it, video=54YD3Gv-3MI, orig=67, new=521, final=559, dup=29]
Processing videos:  20%|▍ | 538/2700 [1:01:34<3:45:40,  6.26s/it, video=54YD3Gv-3MI, orig=67, new=122, final=181, dup=8]
Processing videos:  20%|▍ | 539/2700 [1:01:34<2:59:35,  4.99s/it, video=54YD3Gv-3MI, orig=67, new=122, final=181, dup=8]
                                                                                                                        
──────────────────────────────────────────────────────────────────────
📹 Video: 54YD3Gv-3MI
──────────────────────────────────────────────────────────────────────
  📊 Scores: Max=0.6905 | Min=0.0954 | Range=[0.0954, 0.6905]
  🎯 Threshold: 0.4834 (70.0% of max)
  ✅ High-Score Frames: 6/67 (9.0%)
  📍 First 10 indices: [783, 1276, 1305, 1334, 1363, 1392]
──────────────────────────────────────────────────────────────────────


Processing videos:  20%|▍ | 539/2700 [1:01:34<2:59:35,  4.99s/it, video=54YD3Gv-3MI, orig=67, new=122, final=181, dup=8]
Processing videos:  20%|▏| 539/2700 [1:01:38<2:59:35,  4.99s/it, video=54YD3Gv-3MI, orig=67, new=219, final=275, dup=11]
Processing videos:  20%|▏| 540/2700 [1:01:38<2:42:51,  4.52s/it, video=54YD3Gv-3MI, orig=67, new=219, final=275, dup=11]
                                                                                                                        
──────────────────────────────────────────────────────────────────────
📹 Video: 8np5YKYx3sU
──────────────────────────────────────────────────────────────────────
  📊 Scores: Max=0.8002 | Min=0.0004 | Range=[0.0004, 0.8002]
  🎯 Threshold: 0.5602 (70.0% of max)
  ✅ High-Score Frames: 11/99 (11.1%)
  📍 First 10 indices: [115, 138, 322, 529, 1081, 1426, 1633, 1725, 1886, 1932]
──────────────────────────────────────────────────────────────────────


Processing videos:  20%|▏| 540/2700 [1:01:38<2:42:51,  4.52s/it, video=54YD3Gv-3MI, orig=67, new=219, final=275, dup=11]
Processing videos:  20%|▏| 540/2700 [1:01:42<2:42:51,  4.52s/it, video=8np5YKYx3sU, orig=99, new=510, final=579, dup=30]
Processing videos:  20%|▏| 541/2700 [1:01:42<2:46:36,  4.63s/it, video=8np5YKYx3sU, orig=99, new=510, final=579, dup=30]
                                                                                                                        
──────────────────────────────────────────────────────────────────────
📹 Video: 8np5YKYx3sU
──────────────────────────────────────────────────────────────────────
  📊 Scores: Max=0.5005 | Min=0.0038 | Range=[0.0038, 0.5005]
  🎯 Threshold: 0.3503 (70.0% of max)
  ✅ High-Score Frames: 14/99 (14.1%)
  📍 First 10 indices: [483, 506, 644, 667, 690, 759, 782, 1058, 1357, 1380]
──────────────────────────────────────────────────────────────────────


Processing videos:  20%|▏| 541/2700 [1:01:42<2:46:36,  4.63s/it, video=8np5YKYx3sU, orig=99, new=510, final=579, dup=30]
Processing videos:  20%|▏| 541/2700 [1:01:48<2:46:36,  4.63s/it, video=8np5YKYx3sU, orig=99, new=621, final=691, dup=29]
Processing videos:  20%|▏| 542/2700 [1:01:48<2:59:10,  4.98s/it, video=8np5YKYx3sU, orig=99, new=621, final=691, dup=29]
                                                                                                                        
──────────────────────────────────────────────────────────────────────
📹 Video: 8np5YKYx3sU
──────────────────────────────────────────────────────────────────────
  📊 Scores: Max=0.9916 | Min=0.0442 | Range=[0.0442, 0.9916]
  🎯 Threshold: 0.6941 (70.0% of max)
  ✅ High-Score Frames: 71/99 (71.7%)
  📍 First 10 indices: [92, 115, 138, 161, 184, 207, 276, 322, 345, 368]
──────────────────────────────────────────────────────────────────────


Processing videos:  20%|▏| 542/2700 [1:01:48<2:59:10,  4.98s/it, video=8np5YKYx3sU, orig=99, new=621, final=691, dup=29]
Processing videos:  20%|▏| 542/2700 [1:02:07<2:59:10,  4.98s/it, video=8np5YKYx3sU, orig=99, new=2127, final=2133, dup=9
Processing videos:  20%|▏| 543/2700 [1:02:07<5:32:08,  9.24s/it, video=8np5YKYx3sU, orig=99, new=2127, final=2133, dup=9
                                                                                                                        
──────────────────────────────────────────────────────────────────────
📹 Video: 2QTiAmvygC4
──────────────────────────────────────────────────────────────────────
  📊 Scores: Max=0.9908 | Min=0.0015 | Range=[0.0015, 0.9908]
  🎯 Threshold: 0.6936 (70.0% of max)
  ✅ High-Score Frames: 9/89 (10.1%)
  📍 First 10 indices: [348, 377, 406, 435, 464, 493, 522, 551, 1334]
──────────────────────────────────────────────────────────────────────


Processing videos:  20%|▏| 543/2700 [1:02:07<5:32:08,  9.24s/it, video=8np5YKYx3sU, orig=99, new=2127, final=2133, dup=9
Processing videos:  20%|▏| 543/2700 [1:02:12<5:32:08,  9.24s/it, video=2QTiAmvygC4, orig=89, new=306, final=381, dup=14]
Processing videos:  20%|▏| 544/2700 [1:02:12<4:45:44,  7.95s/it, video=2QTiAmvygC4, orig=89, new=306, final=381, dup=14]
                                                                                                                        
──────────────────────────────────────────────────────────────────────
📹 Video: 2QTiAmvygC4
──────────────────────────────────────────────────────────────────────
  📊 Scores: Max=0.5820 | Min=0.0125 | Range=[0.0125, 0.5820]
  🎯 Threshold: 0.4074 (70.0% of max)
  ✅ High-Score Frames: 5/89 (5.6%)
  📍 First 10 indices: [551, 1682, 1740, 1798, 1827]
──────────────────────────────────────────────────────────────────────


Processing videos:  20%|▏| 544/2700 [1:02:12<4:45:44,  7.95s/it, video=2QTiAmvygC4, orig=89, new=306, final=381, dup=14]
Processing videos:  20%|▏| 544/2700 [1:02:15<4:45:44,  7.95s/it, video=2QTiAmvygC4, orig=89, new=192, final=269, dup=12]
Processing videos:  20%|▏| 545/2700 [1:02:15<3:51:55,  6.46s/it, video=2QTiAmvygC4, orig=89, new=192, final=269, dup=12]
                                                                                                                        
──────────────────────────────────────────────────────────────────────
📹 Video: 2QTiAmvygC4
──────────────────────────────────────────────────────────────────────
  📊 Scores: Max=0.5216 | Min=0.0528 | Range=[0.0528, 0.5216]
  🎯 Threshold: 0.3651 (70.0% of max)
  ✅ High-Score Frames: 48/89 (53.9%)
  📍 First 10 indices: [580, 609, 638, 667, 696, 725, 754, 783, 812, 841]
──────────────────────────────────────────────────────────────────────


Processing videos:  20%|▏| 545/2700 [1:02:15<3:51:55,  6.46s/it, video=2QTiAmvygC4, orig=89, new=192, final=269, dup=12]
Processing videos:  20%|▏| 545/2700 [1:02:37<3:51:55,  6.46s/it, video=2QTiAmvygC4, orig=89, new=1548, final=1573, dup=6
Processing videos:  20%|▏| 546/2700 [1:02:37<6:37:37, 11.08s/it, video=2QTiAmvygC4, orig=89, new=1548, final=1573, dup=6
                                                                                                                        
──────────────────────────────────────────────────────────────────────
📹 Video: NjxJY7P-Qpo
──────────────────────────────────────────────────────────────────────
  📊 Scores: Max=0.9312 | Min=0.0579 | Range=[0.0579, 0.9312]
  🎯 Threshold: 0.6519 (70.0% of max)
  ✅ High-Score Frames: 16/81 (19.8%)
  📍 First 10 indices: [150, 720, 960, 990, 1020, 1050, 1170, 1380, 1590, 1680]
──────────────────────────────────────────────────────────────────────


Processing videos:  20%|▏| 546/2700 [1:02:37<6:37:37, 11.08s/it, video=2QTiAmvygC4, orig=89, new=1548, final=1573, dup=6
Processing videos:  20%|▏| 546/2700 [1:02:41<6:37:37, 11.08s/it, video=NjxJY7P-Qpo, orig=81, new=399, final=436, dup=44]
Processing videos:  20%|▏| 547/2700 [1:02:41<5:16:45,  8.83s/it, video=NjxJY7P-Qpo, orig=81, new=399, final=436, dup=44]
                                                                                                                        
──────────────────────────────────────────────────────────────────────
📹 Video: NjxJY7P-Qpo
──────────────────────────────────────────────────────────────────────
  📊 Scores: Max=0.8178 | Min=0.0011 | Range=[0.0011, 0.8178]
  🎯 Threshold: 0.5725 (70.0% of max)
  ✅ High-Score Frames: 10/81 (12.3%)
  📍 First 10 indices: [1050, 1080, 1110, 1260, 1320, 1470, 1590, 1620, 1680, 1800]
──────────────────────────────────────────────────────────────────────


Processing videos:  20%|▏| 547/2700 [1:02:41<5:16:45,  8.83s/it, video=NjxJY7P-Qpo, orig=81, new=399, final=436, dup=44]
Processing videos:  20%|▏| 547/2700 [1:02:43<5:16:45,  8.83s/it, video=NjxJY7P-Qpo, orig=81, new=273, final=324, dup=30]
Processing videos:  20%|▏| 548/2700 [1:02:43<4:08:10,  6.92s/it, video=NjxJY7P-Qpo, orig=81, new=273, final=324, dup=30]
                                                                                                                        
──────────────────────────────────────────────────────────────────────
📹 Video: NjxJY7P-Qpo
──────────────────────────────────────────────────────────────────────
  📊 Scores: Max=0.9458 | Min=0.1691 | Range=[0.1691, 0.9458]
  🎯 Threshold: 0.6621 (70.0% of max)
  ✅ High-Score Frames: 10/81 (12.3%)
  📍 First 10 indices: [690, 720, 840, 960, 990, 1020, 1170, 1380, 1590, 2400]
──────────────────────────────────────────────────────────────────────


Processing videos:  20%|▏| 548/2700 [1:02:43<4:08:10,  6.92s/it, video=NjxJY7P-Qpo, orig=81, new=273, final=324, dup=30]
Processing videos:  20%|▏| 548/2700 [1:02:46<4:08:10,  6.92s/it, video=NjxJY7P-Qpo, orig=81, new=308, final=355, dup=34]
Processing videos:  20%|▏| 549/2700 [1:02:46<3:24:37,  5.71s/it, video=NjxJY7P-Qpo, orig=81, new=308, final=355, dup=34]
                                                                                                                        
──────────────────────────────────────────────────────────────────────
📹 Video: HiJb_2dvuHc
──────────────────────────────────────────────────────────────────────
  📊 Scores: Max=0.9843 | Min=0.0733 | Range=[0.0733, 0.9843]
  🎯 Threshold: 0.6890 (70.0% of max)
  ✅ High-Score Frames: 57/91 (62.6%)
  📍 First 10 indices: [46, 69, 92, 115, 138, 161, 184, 207, 230, 253]
──────────────────────────────────────────────────────────────────────


Processing videos:  20%|▏| 549/2700 [1:02:46<3:24:37,  5.71s/it, video=NjxJY7P-Qpo, orig=81, new=308, final=355, dup=34]
Processing videos:  20%|▏| 549/2700 [1:03:01<3:24:37,  5.71s/it, video=HiJb_2dvuHc, orig=91, new=1687, final=1699, dup=7
                                                                                                                        
======================================================================

Processing videos:  20%|▏| 549/2700 [1:03:02<3:24:37,  5.71s/it, video=HiJb_2dvuHc, orig=91, new=1687, final=1699, dup=7
                                                                                                                        
💾 CHECKPOINT SAVED [550/2700]

Processing videos:  20%|▏| 549/2700 [1:03:02<3:24:37,  5.71s/it, video=HiJb_2dvuHc, orig=91, new=1687, final=1699, dup=7
                                                                                                                        
======================================================================

Processing videos:  20%|▏| 549/2700 [1:03:02<3:24:37,  5.71s/it, video=HiJb_2dvuHc, orig=91, new=1687, final=1699, dup=7
                                                                                                                        
  GPU Memory: 0.00GB allocated, 0.00GB reserved

Processing videos:  20%|▏| 549/2700 [1:03:02<3:24:37,  5.71s/it, video=HiJb_2dvuHc, orig=91, new=1687, final=1699, dup=7
                                                                                                                        
  Videos processed: 550

Processing videos:  20%|▏| 549/2700 [1:03:02<3:24:37,  5.71s/it, video=HiJb_2dvuHc, orig=91, new=1687, final=1699, dup=7
                                                                                                                        
  With dense sampling: 550

Processing videos:  20%|▏| 549/2700 [1:03:02<3:24:37,  5.71s/it, video=HiJb_2dvuHc, orig=91, new=1687, final=1699, dup=7
                                                                                                                        
  Total frames: 370,059

Processing videos:  20%|▏| 549/2700 [1:03:02<3:24:37,  5.71s/it, video=HiJb_2dvuHc, orig=91, new=1687, final=1699, dup=7
                                                                                                                        
  Elapsed time: 63.04 min

Processing videos:  20%|▏| 549/2700 [1:03:02<3:24:37,  5.71s/it, video=HiJb_2dvuHc, orig=91, new=1687, final=1699, dup=7
                                                                                                                        
  Speed: 0.11 videos/sec

Processing videos:  20%|▏| 549/2700 [1:03:02<3:24:37,  5.71s/it, video=HiJb_2dvuHc, orig=91, new=1687, final=1699, dup=7
                                                                                                                        
  ✅ Safe to restart if needed

Processing videos:  20%|▏| 549/2700 [1:03:02<3:24:37,  5.71s/it, video=HiJb_2dvuHc, orig=91, new=1687, final=1699, dup=7
                                                                                                                        
======================================================================


Processing videos:  20%|▏| 549/2700 [1:03:02<3:24:37,  5.71s/it, video=HiJb_2dvuHc, orig=91, new=1687, final=1699, dup=7
Processing videos:  20%|▏| 550/2700 [1:03:02<5:10:39,  8.67s/it, video=HiJb_2dvuHc, orig=91, new=1687, final=1699, dup=7
                                                                                                                        
──────────────────────────────────────────────────────────────────────
📹 Video: HiJb_2dvuHc
──────────────────────────────────────────────────────────────────────
  📊 Scores: Max=0.9958 | Min=0.0052 | Range=[0.0052, 0.9958]
  🎯 Threshold: 0.6971 (70.0% of max)
  ✅ High-Score Frames: 50/91 (54.9%)
  📍 First 10 indices: [46, 69, 92, 115, 138, 161, 345, 368, 391, 414]
──────────────────────────────────────────────────────────────────────


Processing videos:  20%|▏| 550/2700 [1:03:02<5:10:39,  8.67s/it, video=HiJb_2dvuHc, orig=91, new=1687, final=1699, dup=7
Processing videos:  20%|▏| 550/2700 [1:03:15<5:10:39,  8.67s/it, video=HiJb_2dvuHc, orig=91, new=1481, final=1505, dup=6
Processing videos:  20%|▏| 551/2700 [1:03:15<6:02:03, 10.11s/it, video=HiJb_2dvuHc, orig=91, new=1481, final=1505, dup=6
                                                                                                                        
──────────────────────────────────────────────────────────────────────
📹 Video: HiJb_2dvuHc
──────────────────────────────────────────────────────────────────────
  📊 Scores: Max=0.9484 | Min=0.1140 | Range=[0.1140, 0.9484]
  🎯 Threshold: 0.6639 (70.0% of max)
  ✅ High-Score Frames: 36/91 (39.6%)
  📍 First 10 indices: [69, 92, 115, 138, 161, 230, 345, 414, 483, 506]
──────────────────────────────────────────────────────────────────────


Processing videos:  20%|▏| 551/2700 [1:03:15<6:02:03, 10.11s/it, video=HiJb_2dvuHc, orig=91, new=1481, final=1505, dup=6                                                                                                                                                                                                                                                                                                                                                                                                                                                            
Processing videos:  20%|▏| 551/2700 [1:03:27<6:02:03, 10.11s/it, video=HiJb_2dvuHc, orig=91, new=1279, final=1303, dup=6
Processing videos:  20%|▏| 552/2700 [1:03:27<6:25:55, 10.78s/it, video=HiJb_2dvuHc, orig=91, new=1279, final=1303, dup=6
                                                                                                                        
──────────────────────────────────────────────────────────────────────
📹 Video: mmKggCnGtA4
──────────────────────────────────────────────────────────────────────
  📊 Scores: Max=0.2722 | Min=0.1252 | Range=[0.1252, 0.2722]
  🎯 Threshold: 0.1905 (70.0% of max)
  ✅ High-Score Frames: 95/125 (76.0%)
  📍 First 10 indices: [23, 207, 230, 253, 276, 299, 322, 345, 368, 391]
──────────────────────────────────────────────────────────────────────


Processing videos:  20%|▏| 552/2700 [1:03:28<6:25:55, 10.78s/it, video=HiJb_2dvuHc, orig=91, new=1279, final=1303, dup=6
Processing videos:  20%|▏| 552/2700 [1:03:48<6:25:55, 10.78s/it, video=mmKggCnGtA4, orig=125, new=2385, final=2406, dup=
Processing videos:  20%|▏| 553/2700 [1:03:48<8:10:48, 13.72s/it, video=mmKggCnGtA4, orig=125, new=2385, final=2406, dup=
                                                                                                                        
──────────────────────────────────────────────────────────────────────
📹 Video: mmKggCnGtA4
──────────────────────────────────────────────────────────────────────
  📊 Scores: Max=0.4589 | Min=0.0613 | Range=[0.0613, 0.4589]
  🎯 Threshold: 0.3212 (70.0% of max)
  ✅ High-Score Frames: 28/125 (22.4%)
  📍 First 10 indices: [230, 943, 989, 1104, 1150, 1173, 1219, 1265, 1334, 1518]
──────────────────────────────────────────────────────────────────────


Processing videos:  20%|▏| 553/2700 [1:03:48<8:10:48, 13.72s/it, video=mmKggCnGtA4, orig=125, new=2385, final=2406, dup=
Processing videos:  20%|▏| 553/2700 [1:03:57<8:10:48, 13.72s/it, video=mmKggCnGtA4, orig=125, new=1079, final=1145, dup=
Processing videos:  21%|▏| 554/2700 [1:03:57<7:24:11, 12.42s/it, video=mmKggCnGtA4, orig=125, new=1079, final=1145, dup=
                                                                                                                        
──────────────────────────────────────────────────────────────────────
📹 Video: mmKggCnGtA4
──────────────────────────────────────────────────────────────────────
  📊 Scores: Max=0.3644 | Min=0.0206 | Range=[0.0206, 0.3644]
  🎯 Threshold: 0.2551 (70.0% of max)
  ✅ High-Score Frames: 8/125 (6.4%)
  📍 First 10 indices: [0, 23, 46, 138, 184, 207, 1610, 2162]
──────────────────────────────────────────────────────────────────────


Processing videos:  21%|▏| 554/2700 [1:03:57<7:24:11, 12.42s/it, video=mmKggCnGtA4, orig=125, new=1079, final=1145, dup=
Processing videos:  21%|▏| 554/2700 [1:04:00<7:24:11, 12.42s/it, video=mmKggCnGtA4, orig=125, new=266, final=375, dup=16
Processing videos:  21%|▏| 555/2700 [1:04:00<5:36:31,  9.41s/it, video=mmKggCnGtA4, orig=125, new=266, final=375, dup=16
                                                                                                                        
──────────────────────────────────────────────────────────────────────
📹 Video: QhL6ICNQ_So
──────────────────────────────────────────────────────────────────────
  📊 Scores: Max=0.8410 | Min=0.0665 | Range=[0.0665, 0.8410]
  🎯 Threshold: 0.5887 (70.0% of max)
  ✅ High-Score Frames: 30/60 (50.0%)
  📍 First 10 indices: [92, 115, 138, 184, 207, 299, 322, 345, 368, 391]
──────────────────────────────────────────────────────────────────────


Processing videos:  21%|▏| 555/2700 [1:04:00<5:36:31,  9.41s/it, video=mmKggCnGtA4, orig=125, new=266, final=375, dup=16
Processing videos:  21%|▏| 555/2700 [1:04:10<5:36:31,  9.41s/it, video=QhL6ICNQ_So, orig=60, new=1087, final=1101, dup=4
Processing videos:  21%|▏| 556/2700 [1:04:10<5:40:31,  9.53s/it, video=QhL6ICNQ_So, orig=60, new=1087, final=1101, dup=4
                                                                                                                        
──────────────────────────────────────────────────────────────────────
📹 Video: QhL6ICNQ_So
──────────────────────────────────────────────────────────────────────
  📊 Scores: Max=0.9675 | Min=0.0161 | Range=[0.0161, 0.9675]
  🎯 Threshold: 0.6773 (70.0% of max)
  ✅ High-Score Frames: 37/60 (61.7%)
  📍 First 10 indices: [253, 276, 299, 322, 345, 368, 391, 437, 460, 483]
──────────────────────────────────────────────────────────────────────


Processing videos:  21%|▏| 556/2700 [1:04:10<5:40:31,  9.53s/it, video=QhL6ICNQ_So, orig=60, new=1087, final=1101, dup=4
Processing videos:  21%|▏| 556/2700 [1:04:20<5:40:31,  9.53s/it, video=QhL6ICNQ_So, orig=60, new=1104, final=1117, dup=4
Processing videos:  21%|▏| 557/2700 [1:04:20<5:46:58,  9.71s/it, video=QhL6ICNQ_So, orig=60, new=1104, final=1117, dup=4
                                                                                                                        
──────────────────────────────────────────────────────────────────────
📹 Video: QhL6ICNQ_So
──────────────────────────────────────────────────────────────────────
  📊 Scores: Max=0.8193 | Min=0.0659 | Range=[0.0659, 0.8193]
  🎯 Threshold: 0.5735 (70.0% of max)
  ✅ High-Score Frames: 31/60 (51.7%)
  📍 First 10 indices: [92, 115, 138, 184, 207, 299, 322, 345, 368, 391]
──────────────────────────────────────────────────────────────────────


Processing videos:  21%|▏| 557/2700 [1:04:20<5:46:58,  9.71s/it, video=QhL6ICNQ_So, orig=60, new=1104, final=1117, dup=4
Processing videos:  21%|▏| 557/2700 [1:04:30<5:46:58,  9.71s/it, video=QhL6ICNQ_So, orig=60, new=1089, final=1103, dup=4
Processing videos:  21%|▏| 558/2700 [1:04:30<5:47:51,  9.74s/it, video=QhL6ICNQ_So, orig=60, new=1089, final=1103, dup=4
                                                                                                                        
──────────────────────────────────────────────────────────────────────
📹 Video: iOOseoPiw8E
──────────────────────────────────────────────────────────────────────
  📊 Scores: Max=0.9553 | Min=0.0311 | Range=[0.0311, 0.9553]
  🎯 Threshold: 0.6687 (70.0% of max)
  ✅ High-Score Frames: 16/27 (59.3%)
  📍 First 10 indices: [25, 50, 75, 100, 125, 150, 175, 200, 225, 250]
──────────────────────────────────────────────────────────────────────


Processing videos:  21%|▏| 558/2700 [1:04:30<5:47:51,  9.74s/it, video=QhL6ICNQ_So, orig=60, new=1089, final=1103, dup=4
Processing videos:  21%|▏| 558/2700 [1:04:36<5:47:51,  9.74s/it, video=iOOseoPiw8E, orig=27, new=421, final=427, dup=21]
Processing videos:  21%|▏| 559/2700 [1:04:36<5:10:50,  8.71s/it, video=iOOseoPiw8E, orig=27, new=421, final=427, dup=21]
                                                                                                                        
──────────────────────────────────────────────────────────────────────
📹 Video: iOOseoPiw8E
──────────────────────────────────────────────────────────────────────
  📊 Scores: Max=0.8946 | Min=0.0032 | Range=[0.0032, 0.8946]
  🎯 Threshold: 0.6263 (70.0% of max)
  ✅ High-Score Frames: 4/27 (14.8%)
  📍 First 10 indices: [175, 200, 225, 450]
──────────────────────────────────────────────────────────────────────


Processing videos:  21%|▏| 559/2700 [1:04:36<5:10:50,  8.71s/it, video=iOOseoPiw8E, orig=27, new=421, final=427, dup=21]
Processing videos:  21%|▍ | 559/2700 [1:04:38<5:10:50,  8.71s/it, video=iOOseoPiw8E, orig=27, new=137, final=155, dup=9]
Processing videos:  21%|▍ | 560/2700 [1:04:38<4:00:34,  6.75s/it, video=iOOseoPiw8E, orig=27, new=137, final=155, dup=9]
                                                                                                                        
──────────────────────────────────────────────────────────────────────
📹 Video: iOOseoPiw8E
──────────────────────────────────────────────────────────────────────
  📊 Scores: Max=0.9799 | Min=0.0021 | Range=[0.0021, 0.9799]
  🎯 Threshold: 0.6859 (70.0% of max)
  ✅ High-Score Frames: 14/27 (51.9%)
  📍 First 10 indices: [25, 50, 75, 100, 125, 175, 275, 300, 325, 350]
──────────────────────────────────────────────────────────────────────


Processing videos:  21%|▍ | 560/2700 [1:04:38<4:00:34,  6.75s/it, video=iOOseoPiw8E, orig=27, new=137, final=155, dup=9]
Processing videos:  21%|▏| 560/2700 [1:04:44<4:00:34,  6.75s/it, video=iOOseoPiw8E, orig=27, new=399, final=403, dup=23]
Processing videos:  21%|▏| 561/2700 [1:04:44<3:52:48,  6.53s/it, video=iOOseoPiw8E, orig=27, new=399, final=403, dup=23]
                                                                                                                        
──────────────────────────────────────────────────────────────────────
📹 Video: XK6ApJHa59I
──────────────────────────────────────────────────────────────────────
  📊 Scores: Max=0.3844 | Min=0.0141 | Range=[0.0141, 0.3844]
  🎯 Threshold: 0.2691 (70.0% of max)
  ✅ High-Score Frames: 1/46 (2.2%)
  📍 First 10 indices: [475]
──────────────────────────────────────────────────────────────────────


Processing videos:  21%|▏| 561/2700 [1:04:44<3:52:48,  6.53s/it, video=iOOseoPiw8E, orig=27, new=399, final=403, dup=23]
Processing videos:  21%|▊   | 561/2700 [1:04:45<3:52:48,  6.53s/it, video=XK6ApJHa59I, orig=46, new=35, final=78, dup=3]
Processing videos:  21%|▊   | 562/2700 [1:04:45<2:49:24,  4.75s/it, video=XK6ApJHa59I, orig=46, new=35, final=78, dup=3]
                                                                                                                        
──────────────────────────────────────────────────────────────────────
📹 Video: XK6ApJHa59I
──────────────────────────────────────────────────────────────────────
  📊 Scores: Max=0.7426 | Min=0.0013 | Range=[0.0013, 0.7426]
  🎯 Threshold: 0.5198 (70.0% of max)
  ✅ High-Score Frames: 4/46 (8.7%)
  📍 First 10 indices: [1050, 1075, 1100, 1125]
──────────────────────────────────────────────────────────────────────


Processing videos:  21%|▊   | 562/2700 [1:04:45<2:49:24,  4.75s/it, video=XK6ApJHa59I, orig=46, new=35, final=78, dup=3]
Processing videos:  21%|▍ | 562/2700 [1:04:47<2:49:24,  4.75s/it, video=XK6ApJHa59I, orig=46, new=121, final=161, dup=6]
Processing videos:  21%|▍ | 563/2700 [1:04:47<2:18:40,  3.89s/it, video=XK6ApJHa59I, orig=46, new=121, final=161, dup=6]
                                                                                                                        
──────────────────────────────────────────────────────────────────────
📹 Video: XK6ApJHa59I
──────────────────────────────────────────────────────────────────────
  📊 Scores: Max=0.7930 | Min=0.2739 | Range=[0.2739, 0.7930]
  🎯 Threshold: 0.5551 (70.0% of max)
  ✅ High-Score Frames: 34/46 (73.9%)
  📍 First 10 indices: [25, 50, 75, 100, 125, 150, 175, 200, 225, 250]
──────────────────────────────────────────────────────────────────────


Processing videos:  21%|▍ | 563/2700 [1:04:47<2:18:40,  3.89s/it, video=XK6ApJHa59I, orig=46, new=121, final=161, dup=6]
Processing videos:  21%|▏| 563/2700 [1:05:00<2:18:40,  3.89s/it, video=XK6ApJHa59I, orig=46, new=880, final=886, dup=40]
Processing videos:  21%|▏| 564/2700 [1:05:00<4:00:31,  6.76s/it, video=XK6ApJHa59I, orig=46, new=880, final=886, dup=40]
                                                                                                                        
──────────────────────────────────────────────────────────────────────
📹 Video: eICN548E2TU
──────────────────────────────────────────────────────────────────────
  📊 Scores: Max=0.3355 | Min=0.0471 | Range=[0.0471, 0.3355]
  🎯 Threshold: 0.2349 (70.0% of max)
  ✅ High-Score Frames: 8/54 (14.8%)
  📍 First 10 indices: [0, 1081, 1104, 1127, 1150, 1173, 1196, 1219]
──────────────────────────────────────────────────────────────────────


Processing videos:  21%|▏| 564/2700 [1:05:00<4:00:31,  6.76s/it, video=XK6ApJHa59I, orig=46, new=880, final=886, dup=40]
Processing videos:  21%|▏| 564/2700 [1:05:02<4:00:31,  6.76s/it, video=eICN548E2TU, orig=54, new=230, final=274, dup=10]
Processing videos:  21%|▏| 565/2700 [1:05:02<3:10:31,  5.35s/it, video=eICN548E2TU, orig=54, new=230, final=274, dup=10]
                                                                                                                        
──────────────────────────────────────────────────────────────────────
📹 Video: eICN548E2TU
──────────────────────────────────────────────────────────────────────
  📊 Scores: Max=0.3600 | Min=0.0403 | Range=[0.0403, 0.3600]
  🎯 Threshold: 0.2520 (70.0% of max)
  ✅ High-Score Frames: 15/54 (27.8%)
  📍 First 10 indices: [0, 69, 759, 782, 805, 828, 874, 897, 920, 943]
──────────────────────────────────────────────────────────────────────


Processing videos:  21%|▏| 565/2700 [1:05:02<3:10:31,  5.35s/it, video=eICN548E2TU, orig=54, new=230, final=274, dup=10]
Processing videos:  21%|▏| 565/2700 [1:05:07<3:10:31,  5.35s/it, video=eICN548E2TU, orig=54, new=482, final=514, dup=22]
Processing videos:  21%|▏| 566/2700 [1:05:07<3:00:53,  5.09s/it, video=eICN548E2TU, orig=54, new=482, final=514, dup=22]
                                                                                                                        
──────────────────────────────────────────────────────────────────────
📹 Video: eICN548E2TU
──────────────────────────────────────────────────────────────────────
  📊 Scores: Max=0.6364 | Min=0.0280 | Range=[0.0280, 0.6364]
  🎯 Threshold: 0.4455 (70.0% of max)
  ✅ High-Score Frames: 15/54 (27.8%)
  📍 First 10 indices: [69, 621, 759, 782, 805, 828, 851, 897, 920, 966]
──────────────────────────────────────────────────────────────────────


Processing videos:  21%|▏| 566/2700 [1:05:07<3:00:53,  5.09s/it, video=eICN548E2TU, orig=54, new=482, final=514, dup=22]
Processing videos:  21%|▏| 566/2700 [1:05:12<3:00:53,  5.09s/it, video=eICN548E2TU, orig=54, new=561, final=588, dup=27]
Processing videos:  21%|▏| 567/2700 [1:05:12<3:02:46,  5.14s/it, video=eICN548E2TU, orig=54, new=561, final=588, dup=27]
                                                                                                                        
──────────────────────────────────────────────────────────────────────
📹 Video: PSC_HUeqaUk
──────────────────────────────────────────────────────────────────────
  📊 Scores: Max=0.4551 | Min=0.1073 | Range=[0.1073, 0.4551]
  🎯 Threshold: 0.3186 (70.0% of max)
  ✅ High-Score Frames: 35/115 (30.4%)
  📍 First 10 indices: [46, 69, 92, 115, 230, 345, 414, 667, 690, 736]
──────────────────────────────────────────────────────────────────────


Processing videos:  21%|▏| 567/2700 [1:05:12<3:02:46,  5.14s/it, video=eICN548E2TU, orig=54, new=561, final=588, dup=27][h264 @ 0x573d1500] mmco: unref short failure

Processing videos:  21%|▏| 567/2700 [1:05:24<3:02:46,  5.14s/it, video=PSC_HUeqaUk, orig=115, new=1319, final=1368, dup=
Processing videos:  21%|▏| 568/2700 [1:05:24<4:16:04,  7.21s/it, video=PSC_HUeqaUk, orig=115, new=1319, final=1368, dup=
                                                                                                                        
──────────────────────────────────────────────────────────────────────
📹 Video: PSC_HUeqaUk
──────────────────────────────────────────────────────────────────────
  📊 Scores: Max=0.3830 | Min=0.0431 | Range=[0.0431, 0.3830]
  🎯 Threshold: 0.2681 (70.0% of max)
  ✅ High-Score Frames: 4/115 (3.5%)
  📍 First 10 indices: [0, 115, 391, 414]
──────────────────────────────────────────────────────────────────────


Processing videos:  21%|▏| 568/2700 [1:05:24<4:16:04,  7.21s/it, video=PSC_HUeqaUk, orig=115, new=1319, final=1368, dup=
Processing videos:  21%|▏| 568/2700 [1:05:25<4:16:04,  7.21s/it, video=PSC_HUeqaUk, orig=115, new=169, final=275, dup=9]
Processing videos:  21%|▏| 569/2700 [1:05:25<3:15:55,  5.52s/it, video=PSC_HUeqaUk, orig=115, new=169, final=275, dup=9]
                                                                                                                        
──────────────────────────────────────────────────────────────────────
📹 Video: PSC_HUeqaUk
──────────────────────────────────────────────────────────────────────
  📊 Scores: Max=0.6189 | Min=0.0316 | Range=[0.0316, 0.6189]
  🎯 Threshold: 0.4332 (70.0% of max)
  ✅ High-Score Frames: 26/115 (22.6%)
  📍 First 10 indices: [115, 230, 368, 414, 667, 782, 828, 966, 1127, 1150]
──────────────────────────────────────────────────────────────────────


Processing videos:  21%|▏| 569/2700 [1:05:25<3:15:55,  5.52s/it, video=PSC_HUeqaUk, orig=115, new=169, final=275, dup=9]
Processing videos:  21%|▏| 569/2700 [1:05:36<3:15:55,  5.52s/it, video=PSC_HUeqaUk, orig=115, new=1060, final=1119, dup=
Processing videos:  21%|▏| 570/2700 [1:05:36<4:07:10,  6.96s/it, video=PSC_HUeqaUk, orig=115, new=1060, final=1119, dup=
                                                                                                                        
──────────────────────────────────────────────────────────────────────
📹 Video: vQTQJ1Mlzqo
──────────────────────────────────────────────────────────────────────
  📊 Scores: Max=0.7051 | Min=0.0263 | Range=[0.0263, 0.7051]
  🎯 Threshold: 0.4935 (70.0% of max)
  ✅ High-Score Frames: 4/104 (3.8%)
  📍 First 10 indices: [60, 90, 120, 570]
──────────────────────────────────────────────────────────────────────


Processing videos:  21%|▏| 570/2700 [1:05:36<4:07:10,  6.96s/it, video=PSC_HUeqaUk, orig=115, new=1060, final=1119, dup=
Processing videos:  21%|▏| 570/2700 [1:05:37<4:07:10,  6.96s/it, video=vQTQJ1Mlzqo, orig=104, new=102, final=194, dup=12
Processing videos:  21%|▏| 571/2700 [1:05:37<3:10:24,  5.37s/it, video=vQTQJ1Mlzqo, orig=104, new=102, final=194, dup=12
                                                                                                                        
──────────────────────────────────────────────────────────────────────
📹 Video: vQTQJ1Mlzqo
──────────────────────────────────────────────────────────────────────
  📊 Scores: Max=0.9998 | Min=0.0010 | Range=[0.0010, 0.9998]
  🎯 Threshold: 0.6998 (70.0% of max)
  ✅ High-Score Frames: 80/104 (76.9%)
  📍 First 10 indices: [210, 240, 270, 300, 330, 420, 450, 480, 510, 540]
──────────────────────────────────────────────────────────────────────


Processing videos:  21%|▏| 571/2700 [1:05:37<3:10:24,  5.37s/it, video=vQTQJ1Mlzqo, orig=104, new=102, final=194, dup=12
Processing videos:  21%|▏| 571/2700 [1:05:53<3:10:24,  5.37s/it, video=vQTQJ1Mlzqo, orig=104, new=961, final=968, dup=97
Processing videos:  21%|▏| 572/2700 [1:05:53<4:58:57,  8.43s/it, video=vQTQJ1Mlzqo, orig=104, new=961, final=968, dup=97
                                                                                                                        
──────────────────────────────────────────────────────────────────────
📹 Video: vQTQJ1Mlzqo
──────────────────────────────────────────────────────────────────────
  📊 Scores: Max=0.9975 | Min=0.0125 | Range=[0.0125, 0.9975]
  🎯 Threshold: 0.6982 (70.0% of max)
  ✅ High-Score Frames: 61/104 (58.7%)
  📍 First 10 indices: [420, 450, 480, 510, 540, 570, 600, 630, 660, 720]
──────────────────────────────────────────────────────────────────────


Processing videos:  21%|▏| 572/2700 [1:05:53<4:58:57,  8.43s/it, video=vQTQJ1Mlzqo, orig=104, new=961, final=968, dup=97
Processing videos:  21%|▏| 572/2700 [1:06:07<4:58:57,  8.43s/it, video=vQTQJ1Mlzqo, orig=104, new=882, final=896, dup=90
Processing videos:  21%|▏| 573/2700 [1:06:07<5:59:57, 10.15s/it, video=vQTQJ1Mlzqo, orig=104, new=882, final=896, dup=90
                                                                                                                        
──────────────────────────────────────────────────────────────────────
📹 Video: gTBRQaBRiSs
──────────────────────────────────────────────────────────────────────
  📊 Scores: Max=0.9887 | Min=0.0166 | Range=[0.0166, 0.9887]
  🎯 Threshold: 0.6921 (70.0% of max)
  ✅ High-Score Frames: 61/118 (51.7%)
  📍 First 10 indices: [58, 87, 116, 145, 174, 232, 261, 319, 348, 377]
──────────────────────────────────────────────────────────────────────


Processing videos:  21%|▏| 573/2700 [1:06:07<5:59:57, 10.15s/it, video=vQTQJ1Mlzqo, orig=104, new=882, final=896, dup=90
Processing videos:  21%|▏| 573/2700 [1:06:38<5:59:57, 10.15s/it, video=gTBRQaBRiSs, orig=118, new=2150, final=2166, dup=
Processing videos:  21%|▏| 574/2700 [1:06:38<9:40:09, 16.37s/it, video=gTBRQaBRiSs, orig=118, new=2150, final=2166, dup=
                                                                                                                        
──────────────────────────────────────────────────────────────────────
📹 Video: gTBRQaBRiSs
──────────────────────────────────────────────────────────────────────
  📊 Scores: Max=0.9949 | Min=0.0266 | Range=[0.0266, 0.9949]
  🎯 Threshold: 0.6964 (70.0% of max)
  ✅ High-Score Frames: 22/118 (18.6%)
  📍 First 10 indices: [145, 174, 812, 1015, 1247, 1276, 1392, 1421, 1595, 1798]
──────────────────────────────────────────────────────────────────────


Processing videos:  21%|▏| 574/2700 [1:06:38<9:40:09, 16.37s/it, video=gTBRQaBRiSs, orig=118, new=2150, final=2166, dup=
Processing videos:  21%|▏| 574/2700 [1:06:51<9:40:09, 16.37s/it, video=gTBRQaBRiSs, orig=118, new=848, final=914, dup=52
                                                                                                                        
======================================================================

Processing videos:  21%|▏| 574/2700 [1:06:51<9:40:09, 16.37s/it, video=gTBRQaBRiSs, orig=118, new=848, final=914, dup=52
                                                                                                                        
💾 CHECKPOINT SAVED [575/2700]

Processing videos:  21%|▏| 574/2700 [1:06:51<9:40:09, 16.37s/it, video=gTBRQaBRiSs, orig=118, new=848, final=914, dup=52
                                                                                                                        
======================================================================

Processing videos:  21%|▏| 574/2700 [1:06:51<9:40:09, 16.37s/it, video=gTBRQaBRiSs, orig=118, new=848, final=914, dup=52
                                                                                                                        
  GPU Memory: 0.00GB allocated, 0.00GB reserved

Processing videos:  21%|▏| 574/2700 [1:06:51<9:40:09, 16.37s/it, video=gTBRQaBRiSs, orig=118, new=848, final=914, dup=52
                                                                                                                        
  Videos processed: 575

Processing videos:  21%|▏| 574/2700 [1:06:51<9:40:09, 16.37s/it, video=gTBRQaBRiSs, orig=118, new=848, final=914, dup=52
                                                                                                                        
  With dense sampling: 575

Processing videos:  21%|▏| 574/2700 [1:06:51<9:40:09, 16.37s/it, video=gTBRQaBRiSs, orig=118, new=848, final=914, dup=52
                                                                                                                        
  Total frames: 391,500

Processing videos:  21%|▏| 574/2700 [1:06:51<9:40:09, 16.37s/it, video=gTBRQaBRiSs, orig=118, new=848, final=914, dup=52
                                                                                                                        
  Elapsed time: 66.86 min

Processing videos:  21%|▏| 574/2700 [1:06:51<9:40:09, 16.37s/it, video=gTBRQaBRiSs, orig=118, new=848, final=914, dup=52
                                                                                                                        
  Speed: 0.11 videos/sec

Processing videos:  21%|▏| 574/2700 [1:06:51<9:40:09, 16.37s/it, video=gTBRQaBRiSs, orig=118, new=848, final=914, dup=52
                                                                                                                        
  ✅ Safe to restart if needed

Processing videos:  21%|▏| 574/2700 [1:06:51<9:40:09, 16.37s/it, video=gTBRQaBRiSs, orig=118, new=848, final=914, dup=52
                                                                                                                        
======================================================================


Processing videos:  21%|▏| 574/2700 [1:06:51<9:40:09, 16.37s/it, video=gTBRQaBRiSs, orig=118, new=848, final=914, dup=52
Processing videos:  21%|▏| 575/2700 [1:06:51<9:07:30, 15.46s/it, video=gTBRQaBRiSs, orig=118, new=848, final=914, dup=52
                                                                                                                        
──────────────────────────────────────────────────────────────────────
📹 Video: gTBRQaBRiSs
──────────────────────────────────────────────────────────────────────
  📊 Scores: Max=0.9207 | Min=0.0033 | Range=[0.0033, 0.9207]
  🎯 Threshold: 0.6445 (70.0% of max)
  ✅ High-Score Frames: 8/118 (6.8%)
  📍 First 10 indices: [1363, 1769, 3248, 3277, 3306, 3335, 3364, 3393]
──────────────────────────────────────────────────────────────────────


Processing videos:  21%|▏| 575/2700 [1:06:51<9:07:30, 15.46s/it, video=gTBRQaBRiSs, orig=118, new=848, final=914, dup=52
Processing videos:  21%|▏| 575/2700 [1:06:56<9:07:30, 15.46s/it, video=gTBRQaBRiSs, orig=118, new=287, final=392, dup=13
Processing videos:  21%|▏| 576/2700 [1:06:56<7:09:58, 12.15s/it, video=gTBRQaBRiSs, orig=118, new=287, final=392, dup=13
                                                                                                                        
──────────────────────────────────────────────────────────────────────
📹 Video: jznsxDcKSnE
──────────────────────────────────────────────────────────────────────
  📊 Scores: Max=0.9794 | Min=0.0049 | Range=[0.0049, 0.9794]
  🎯 Threshold: 0.6856 (70.0% of max)
  ✅ High-Score Frames: 29/114 (25.4%)
  📍 First 10 indices: [851, 874, 897, 1794, 1817, 1863, 1909, 1932, 1955, 2024]
──────────────────────────────────────────────────────────────────────


Processing videos:  21%|▏| 576/2700 [1:06:56<7:09:58, 12.15s/it, video=gTBRQaBRiSs, orig=118, new=287, final=392, dup=13
Processing videos:  21%|▏| 576/2700 [1:07:09<7:09:58, 12.15s/it, video=jznsxDcKSnE, orig=114, new=885, final=960, dup=39
Processing videos:  21%|▏| 577/2700 [1:07:09<7:18:42, 12.40s/it, video=jznsxDcKSnE, orig=114, new=885, final=960, dup=39
                                                                                                                        
──────────────────────────────────────────────────────────────────────
📹 Video: jznsxDcKSnE
──────────────────────────────────────────────────────────────────────
  📊 Scores: Max=0.8949 | Min=0.0633 | Range=[0.0633, 0.8949]
  🎯 Threshold: 0.6264 (70.0% of max)
  ✅ High-Score Frames: 45/114 (39.5%)
  📍 First 10 indices: [23, 46, 69, 92, 161, 368, 437, 460, 483, 506]
──────────────────────────────────────────────────────────────────────


Processing videos:  21%|▏| 577/2700 [1:07:09<7:18:42, 12.40s/it, video=jznsxDcKSnE, orig=114, new=885, final=960, dup=39
Processing videos:  21%|▏| 577/2700 [1:07:29<7:18:42, 12.40s/it, video=jznsxDcKSnE, orig=114, new=1445, final=1490, dup=
Processing videos:  21%|▏| 578/2700 [1:07:29<8:42:24, 14.77s/it, video=jznsxDcKSnE, orig=114, new=1445, final=1490, dup=
                                                                                                                        
──────────────────────────────────────────────────────────────────────
📹 Video: jznsxDcKSnE
──────────────────────────────────────────────────────────────────────
  📊 Scores: Max=0.3523 | Min=0.0005 | Range=[0.0005, 0.3523]
  🎯 Threshold: 0.2466 (70.0% of max)
  ✅ High-Score Frames: 2/114 (1.8%)
  📍 First 10 indices: [276, 2116]
──────────────────────────────────────────────────────────────────────


Processing videos:  21%|▏| 578/2700 [1:07:29<8:42:24, 14.77s/it, video=jznsxDcKSnE, orig=114, new=1445, final=1490, dup=
Processing videos:  21%|▍ | 578/2700 [1:07:31<8:42:24, 14.77s/it, video=jznsxDcKSnE, orig=114, new=98, final=206, dup=6]
Processing videos:  21%|▍ | 579/2700 [1:07:31<6:22:15, 10.81s/it, video=jznsxDcKSnE, orig=114, new=98, final=206, dup=6]
                                                                                                                        
──────────────────────────────────────────────────────────────────────
📹 Video: fRf2aYYPrkc
──────────────────────────────────────────────────────────────────────
  📊 Scores: Max=0.9435 | Min=0.0128 | Range=[0.0128, 0.9435]
  🎯 Threshold: 0.6605 (70.0% of max)
  ✅ High-Score Frames: 55/103 (53.4%)
  📍 First 10 indices: [0, 23, 46, 69, 92, 115, 138, 161, 184, 207]
──────────────────────────────────────────────────────────────────────


Processing videos:  21%|▍ | 579/2700 [1:07:31<6:22:15, 10.81s/it, video=jznsxDcKSnE, orig=114, new=98, final=206, dup=6]
Processing videos:  21%|▏| 579/2700 [1:07:51<6:22:15, 10.81s/it, video=fRf2aYYPrkc, orig=103, new=1411, final=1449, dup=
Processing videos:  21%|▏| 580/2700 [1:07:51<7:59:50, 13.58s/it, video=fRf2aYYPrkc, orig=103, new=1411, final=1449, dup=
                                                                                                                        
──────────────────────────────────────────────────────────────────────
📹 Video: fRf2aYYPrkc
──────────────────────────────────────────────────────────────────────
  📊 Scores: Max=0.9699 | Min=0.0118 | Range=[0.0118, 0.9699]
  🎯 Threshold: 0.6790 (70.0% of max)
  ✅ High-Score Frames: 25/103 (24.3%)
  📍 First 10 indices: [0, 23, 46, 69, 115, 138, 368, 437, 690, 805]
──────────────────────────────────────────────────────────────────────


Processing videos:  21%|▏| 580/2700 [1:07:51<7:59:50, 13.58s/it, video=fRf2aYYPrkc, orig=103, new=1411, final=1449, dup=
Processing videos:  21%|▏| 580/2700 [1:08:06<7:59:50, 13.58s/it, video=fRf2aYYPrkc, orig=103, new=978, final=1023, dup=5
Processing videos:  22%|▏| 581/2700 [1:08:06<8:13:56, 13.99s/it, video=fRf2aYYPrkc, orig=103, new=978, final=1023, dup=5
                                                                                                                        
──────────────────────────────────────────────────────────────────────
📹 Video: fRf2aYYPrkc
──────────────────────────────────────────────────────────────────────
  📊 Scores: Max=0.7923 | Min=0.0666 | Range=[0.0666, 0.7923]
  🎯 Threshold: 0.5546 (70.0% of max)
  ✅ High-Score Frames: 14/103 (13.6%)
  📍 First 10 indices: [23, 46, 69, 115, 989, 1058, 1219, 1495, 1541, 1794]
──────────────────────────────────────────────────────────────────────


Processing videos:  22%|▏| 581/2700 [1:08:06<8:13:56, 13.99s/it, video=fRf2aYYPrkc, orig=103, new=978, final=1023, dup=5
Processing videos:  22%|▏| 581/2700 [1:08:14<8:13:56, 13.99s/it, video=fRf2aYYPrkc, orig=103, new=523, final=593, dup=33
Processing videos:  22%|▏| 582/2700 [1:08:14<7:11:02, 12.21s/it, video=fRf2aYYPrkc, orig=103, new=523, final=593, dup=33
                                                                                                                        
──────────────────────────────────────────────────────────────────────
📹 Video: QGHVpr8FIN8
──────────────────────────────────────────────────────────────────────
  📊 Scores: Max=0.4123 | Min=0.0014 | Range=[0.0014, 0.4123]
  🎯 Threshold: 0.2886 (70.0% of max)
  ✅ High-Score Frames: 2/59 (3.4%)
  📍 First 10 indices: [600, 1400]
──────────────────────────────────────────────────────────────────────


Processing videos:  22%|▏| 582/2700 [1:08:14<7:11:02, 12.21s/it, video=fRf2aYYPrkc, orig=103, new=523, final=593, dup=33
Processing videos:  22%|▋  | 582/2700 [1:08:15<7:11:02, 12.21s/it, video=QGHVpr8FIN8, orig=59, new=70, final=123, dup=6]
Processing videos:  22%|▋  | 583/2700 [1:08:15<5:14:32,  8.91s/it, video=QGHVpr8FIN8, orig=59, new=70, final=123, dup=6]
                                                                                                                        
──────────────────────────────────────────────────────────────────────
📹 Video: QGHVpr8FIN8
──────────────────────────────────────────────────────────────────────
  📊 Scores: Max=0.7838 | Min=0.0622 | Range=[0.0622, 0.7838]
  🎯 Threshold: 0.5486 (70.0% of max)
  ✅ High-Score Frames: 11/59 (18.6%)
  📍 First 10 indices: [25, 50, 250, 600, 625, 650, 675, 725, 1200, 1225]
──────────────────────────────────────────────────────────────────────


Processing videos:  22%|▋  | 583/2700 [1:08:15<5:14:32,  8.91s/it, video=QGHVpr8FIN8, orig=59, new=70, final=123, dup=6]
Processing videos:  22%|▏| 583/2700 [1:08:20<5:14:32,  8.91s/it, video=QGHVpr8FIN8, orig=59, new=328, final=363, dup=24]
Processing videos:  22%|▏| 584/2700 [1:08:20<4:38:35,  7.90s/it, video=QGHVpr8FIN8, orig=59, new=328, final=363, dup=24]
                                                                                                                        
──────────────────────────────────────────────────────────────────────
📹 Video: QGHVpr8FIN8
──────────────────────────────────────────────────────────────────────
  📊 Scores: Max=0.7978 | Min=0.0014 | Range=[0.0014, 0.7978]
  🎯 Threshold: 0.5585 (70.0% of max)
  ✅ High-Score Frames: 2/59 (3.4%)
  📍 First 10 indices: [1350, 1375]
──────────────────────────────────────────────────────────────────────


Processing videos:  22%|▏| 584/2700 [1:08:20<4:38:35,  7.90s/it, video=QGHVpr8FIN8, orig=59, new=328, final=363, dup=24]
Processing videos:  22%|▋  | 584/2700 [1:08:22<4:38:35,  7.90s/it, video=QGHVpr8FIN8, orig=59, new=69, final=123, dup=5]
Processing videos:  22%|▋  | 585/2700 [1:08:22<3:26:30,  5.86s/it, video=QGHVpr8FIN8, orig=59, new=69, final=123, dup=5]
                                                                                                                        
──────────────────────────────────────────────────────────────────────
📹 Video: lNKtsi2Cu0E
──────────────────────────────────────────────────────────────────────
  📊 Scores: Max=0.9742 | Min=0.0146 | Range=[0.0146, 0.9742]
  🎯 Threshold: 0.6819 (70.0% of max)
  ✅ High-Score Frames: 18/110 (16.4%)
  📍 First 10 indices: [174, 261, 319, 348, 377, 464, 551, 609, 638, 667]
──────────────────────────────────────────────────────────────────────


Processing videos:  22%|▋  | 585/2700 [1:08:22<3:26:30,  5.86s/it, video=QGHVpr8FIN8, orig=59, new=69, final=123, dup=5]
Processing videos:  22%|▏| 585/2700 [1:08:31<3:26:30,  5.86s/it, video=lNKtsi2Cu0E, orig=110, new=638, final=714, dup=34
Processing videos:  22%|▏| 586/2700 [1:08:31<4:06:58,  7.01s/it, video=lNKtsi2Cu0E, orig=110, new=638, final=714, dup=34
                                                                                                                        
──────────────────────────────────────────────────────────────────────
📹 Video: lNKtsi2Cu0E
──────────────────────────────────────────────────────────────────────
  📊 Scores: Max=0.7624 | Min=0.0011 | Range=[0.0011, 0.7624]
  🎯 Threshold: 0.5337 (70.0% of max)
  ✅ High-Score Frames: 3/110 (2.7%)
  📍 First 10 indices: [406, 2088, 2117]
──────────────────────────────────────────────────────────────────────


Processing videos:  22%|▏| 586/2700 [1:08:31<4:06:58,  7.01s/it, video=lNKtsi2Cu0E, orig=110, new=638, final=714, dup=34
Processing videos:  22%|▏| 586/2700 [1:08:33<4:06:58,  7.01s/it, video=lNKtsi2Cu0E, orig=110, new=122, final=224, dup=8]
Processing videos:  22%|▏| 587/2700 [1:08:33<3:13:50,  5.50s/it, video=lNKtsi2Cu0E, orig=110, new=122, final=224, dup=8]
                                                                                                                        
──────────────────────────────────────────────────────────────────────
📹 Video: lNKtsi2Cu0E
──────────────────────────────────────────────────────────────────────
  📊 Scores: Max=0.9914 | Min=0.0069 | Range=[0.0069, 0.9914]
  🎯 Threshold: 0.6940 (70.0% of max)
  ✅ High-Score Frames: 57/110 (51.8%)
  📍 First 10 indices: [58, 145, 174, 203, 232, 261, 290, 319, 348, 377]
──────────────────────────────────────────────────────────────────────


Processing videos:  22%|▏| 587/2700 [1:08:33<3:13:50,  5.50s/it, video=lNKtsi2Cu0E, orig=110, new=122, final=224, dup=8]                                     Processing videos:  22%|▏| 587/2700 [1:09:01<3:13:50,  5.50s/it, video=lNKtsi2Cu0E, orig=110, new=1881, final=1906, dup=Processing videos:  22%|▏| 588/2700 [1:09:01<7:03:45, 12.04s/it, video=lNKtsi2Cu0E, orig=110, new=1881, final=1906, dup=                                                                                                                        
──────────────────────────────────────────────────────────────────────
📹 Video: 1q-5IIyZL20
──────────────────────────────────────────────────────────────────────
  📊 Scores: Max=0.9961 | Min=0.0002 | Range=[0.0002, 0.9961]
  🎯 Threshold: 0.6973 (70.0% of max)
  ✅ High-Score Frames: 65/112 (58.0%)
  📍 First 10 indices: [145, 174, 203, 232, 261, 290, 319, 348, 377, 406]
──────────────────────────────────────────────────────────────────────

Processing videos:  22%|▏| 588/2700 [1:09:01<7:03:45, 12.04s/it, video=lNKtsi2Cu0E, orig=110, new=1881, final=1906, dup=Processing videos:  22%|▏| 588/2700 [1:09:32<7:03:45, 12.04s/it, video=1q-5IIyZL20, orig=112, new=2185, final=2202, dup=Processing videos:  22%|▏| 589/2700 [1:09:32<10:28:08, 17.85s/it, video=1q-5IIyZL20, orig=112, new=2185, final=2202, dup                                                                                                                        
──────────────────────────────────────────────────────────────────────
📹 Video: 1q-5IIyZL20
──────────────────────────────────────────────────────────────────────
  📊 Scores: Max=0.2377 | Min=0.0013 | Range=[0.0013, 0.2377]
  🎯 Threshold: 0.1664 (70.0% of max)
  ✅ High-Score Frames: 3/112 (2.7%)
  📍 First 10 indices: [3161, 3190, 3219]
──────────────────────────────────────────────────────────────────────

Processing videos:  22%|▏| 589/2700 [1:09:32<10:28:08, 17.85s/it, video=1q-5IIyZL20, orig=112, new=2185, final=2202, dupProcessing videos:  22%|▏| 589/2700 [1:09:34<10:28:08, 17.85s/it, video=1q-5IIyZL20, orig=112, new=118, final=226, dup=4Processing videos:  22%|▏| 590/2700 [1:09:34<7:38:48, 13.05s/it, video=1q-5IIyZL20, orig=112, new=118, final=226, dup=4]                                                                                                                        
──────────────────────────────────────────────────────────────────────
📹 Video: 1q-5IIyZL20
──────────────────────────────────────────────────────────────────────
  📊 Scores: Max=0.9992 | Min=0.0011 | Range=[0.0011, 0.9992]
  🎯 Threshold: 0.6994 (70.0% of max)
  ✅ High-Score Frames: 11/112 (9.8%)
  📍 First 10 indices: [1421, 2291, 2697, 2726, 2755, 2784, 2813, 2900, 2929, 3016]
──────────────────────────────────────────────────────────────────────

Processing videos:  22%|▏| 590/2700 [1:09:34<7:38:48, 13.05s/it, video=1q-5IIyZL20, orig=112, new=118, final=226, dup=4]Processing videos:  22%|▏| 590/2700 [1:09:40<7:38:48, 13.05s/it, video=1q-5IIyZL20, orig=112, new=401, final=490, dup=23Processing videos:  22%|▏| 591/2700 [1:09:40<6:27:35, 11.03s/it, video=1q-5IIyZL20, orig=112, new=401, final=490, dup=23                                                                                                                        
──────────────────────────────────────────────────────────────────────
📹 Video: V_skpmEXebM
──────────────────────────────────────────────────────────────────────
  📊 Scores: Max=0.8548 | Min=0.0174 | Range=[0.0174, 0.8548]
  🎯 Threshold: 0.5984 (70.0% of max)
  ✅ High-Score Frames: 5/67 (7.5%)
  📍 First 10 indices: [1508, 1740, 1769, 1827, 1914]
──────────────────────────────────────────────────────────────────────

Processing videos:  22%|▏| 591/2700 [1:09:40<6:27:35, 11.03s/it, video=1q-5IIyZL20, orig=112, new=401, final=490, dup=23Processing videos:  22%|▏| 591/2700 [1:09:43<6:27:35, 11.03s/it, video=V_skpmEXebM, orig=67, new=175, final=232, dup=10]Processing videos:  22%|▏| 592/2700 [1:09:43<5:00:12,  8.54s/it, video=V_skpmEXebM, orig=67, new=175, final=232, dup=10]                                                                                                                        
──────────────────────────────────────────────────────────────────────
📹 Video: V_skpmEXebM
──────────────────────────────────────────────────────────────────────
  📊 Scores: Max=0.9165 | Min=0.0034 | Range=[0.0034, 0.9165]
  🎯 Threshold: 0.6416 (70.0% of max)
  ✅ High-Score Frames: 20/67 (29.9%)
  📍 First 10 indices: [29, 58, 116, 145, 174, 203, 783, 841, 1363, 1392]
──────────────────────────────────────────────────────────────────────

Processing videos:  22%|▏| 592/2700 [1:09:43<5:00:12,  8.54s/it, video=V_skpmEXebM, orig=67, new=175, final=232, dup=10]Processing videos:  22%|▏| 592/2700 [1:09:53<5:00:12,  8.54s/it, video=V_skpmEXebM, orig=67, new=694, final=725, dup=36]Processing videos:  22%|▏| 593/2700 [1:09:53<5:20:14,  9.12s/it, video=V_skpmEXebM, orig=67, new=694, final=725, dup=36]                                                                                                                        
──────────────────────────────────────────────────────────────────────
📹 Video: V_skpmEXebM
──────────────────────────────────────────────────────────────────────
  📊 Scores: Max=0.5308 | Min=0.0577 | Range=[0.0577, 0.5308]
  🎯 Threshold: 0.3716 (70.0% of max)
  ✅ High-Score Frames: 12/67 (17.9%)
  📍 First 10 indices: [1508, 1624, 1653, 1682, 1711, 1740, 1769, 1798, 1827, 1856]
──────────────────────────────────────────────────────────────────────

Processing videos:  22%|▏| 593/2700 [1:09:53<5:20:14,  9.12s/it, video=V_skpmEXebM, orig=67, new=694, final=725, dup=36]Processing videos:  22%|▏| 593/2700 [1:09:59<5:20:14,  9.12s/it, video=V_skpmEXebM, orig=67, new=387, final=439, dup=15]Processing videos:  22%|▏| 594/2700 [1:09:59<4:44:16,  8.10s/it, video=V_skpmEXebM, orig=67, new=387, final=439, dup=15]                                                                                                                        
──────────────────────────────────────────────────────────────────────
📹 Video: sxsjigV9S-Y
──────────────────────────────────────────────────────────────────────
  📊 Scores: Max=0.9643 | Min=0.1794 | Range=[0.1794, 0.9643]
  🎯 Threshold: 0.6750 (70.0% of max)
  ✅ High-Score Frames: 32/57 (56.1%)
  📍 First 10 indices: [0, 29, 58, 87, 116, 145, 174, 290, 348, 406]
──────────────────────────────────────────────────────────────────────

Processing videos:  22%|▏| 594/2700 [1:09:59<4:44:16,  8.10s/it, video=V_skpmEXebM, orig=67, new=387, final=439, dup=15]Processing videos:  22%|▏| 594/2700 [1:10:09<4:44:16,  8.10s/it, video=sxsjigV9S-Y, orig=57, new=972, final=987, dup=42]Processing videos:  22%|▏| 595/2700 [1:10:09<4:59:11,  8.53s/it, video=sxsjigV9S-Y, orig=57, new=972, final=987, dup=42]                                                                                                                        
──────────────────────────────────────────────────────────────────────
📹 Video: sxsjigV9S-Y
──────────────────────────────────────────────────────────────────────
  📊 Scores: Max=0.9826 | Min=0.2768 | Range=[0.2768, 0.9826]
  🎯 Threshold: 0.6878 (70.0% of max)
  ✅ High-Score Frames: 34/57 (59.6%)
  📍 First 10 indices: [0, 29, 58, 87, 116, 145, 174, 290, 348, 406]
──────────────────────────────────────────────────────────────────────

Processing videos:  22%|▏| 595/2700 [1:10:09<4:59:11,  8.53s/it, video=sxsjigV9S-Y, orig=57, new=972, final=987, dup=42]Processing videos:  22%|▏| 595/2700 [1:10:18<4:59:11,  8.53s/it, video=sxsjigV9S-Y, orig=57, new=1041, final=1053, dup=4Processing videos:  22%|▏| 596/2700 [1:10:18<5:08:27,  8.80s/it, video=sxsjigV9S-Y, orig=57, new=1041, final=1053, dup=4                                                                                                                        
──────────────────────────────────────────────────────────────────────
📹 Video: sxsjigV9S-Y
──────────────────────────────────────────────────────────────────────
  📊 Scores: Max=0.9975 | Min=0.0028 | Range=[0.0028, 0.9975]
  🎯 Threshold: 0.6982 (70.0% of max)
  ✅ High-Score Frames: 1/57 (1.8%)
  📍 First 10 indices: [638]
──────────────────────────────────────────────────────────────────────

Processing videos:  22%|▏| 596/2700 [1:10:18<5:08:27,  8.80s/it, video=sxsjigV9S-Y, orig=57, new=1041, final=1053, dup=4Processing videos:  22%|▉   | 596/2700 [1:10:18<5:08:27,  8.80s/it, video=sxsjigV9S-Y, orig=57, new=41, final=95, dup=3]Processing videos:  22%|▉   | 597/2700 [1:10:18<3:40:07,  6.28s/it, video=sxsjigV9S-Y, orig=57, new=41, final=95, dup=3]                                                                                                                        
──────────────────────────────────────────────────────────────────────
📹 Video: LeBG88YT3rU
──────────────────────────────────────────────────────────────────────
  📊 Scores: Max=0.2593 | Min=0.0473 | Range=[0.0473, 0.2593]
  🎯 Threshold: 0.1815 (70.0% of max)
  ✅ High-Score Frames: 1/84 (1.2%)
  📍 First 10 indices: [0]
──────────────────────────────────────────────────────────────────────

Processing videos:  22%|▉   | 597/2700 [1:10:18<3:40:07,  6.28s/it, video=sxsjigV9S-Y, orig=57, new=41, final=95, dup=3]Processing videos:  22%|▋  | 597/2700 [1:10:19<3:40:07,  6.28s/it, video=LeBG88YT3rU, orig=84, new=24, final=106, dup=2]Processing videos:  22%|▋  | 598/2700 [1:10:19<2:38:09,  4.51s/it, video=LeBG88YT3rU, orig=84, new=24, final=106, dup=2]                                                                                                                        
──────────────────────────────────────────────────────────────────────
📹 Video: LeBG88YT3rU
──────────────────────────────────────────────────────────────────────
  📊 Scores: Max=0.5728 | Min=0.0017 | Range=[0.0017, 0.5728]
  🎯 Threshold: 0.4009 (70.0% of max)
  ✅ High-Score Frames: 6/84 (7.1%)
  📍 First 10 indices: [322, 391, 460, 483, 943, 1587]
──────────────────────────────────────────────────────────────────────

Processing videos:  22%|▋  | 598/2700 [1:10:19<2:38:09,  4.51s/it, video=LeBG88YT3rU, orig=84, new=24, final=106, dup=2]Processing videos:  22%|▏| 598/2700 [1:10:23<2:38:09,  4.51s/it, video=LeBG88YT3rU, orig=84, new=290, final=358, dup=16]Processing videos:  22%|▏| 599/2700 [1:10:23<2:36:53,  4.48s/it, video=LeBG88YT3rU, orig=84, new=290, final=358, dup=16]                                                                                                                        
──────────────────────────────────────────────────────────────────────
📹 Video: LeBG88YT3rU
──────────────────────────────────────────────────────────────────────
  📊 Scores: Max=0.9075 | Min=0.0011 | Range=[0.0011, 0.9075]
  🎯 Threshold: 0.6352 (70.0% of max)
  ✅ High-Score Frames: 4/84 (4.8%)
  📍 First 10 indices: [322, 391, 943, 1587]
──────────────────────────────────────────────────────────────────────

Processing videos:  22%|▏| 599/2700 [1:10:23<2:36:53,  4.48s/it, video=LeBG88YT3rU, orig=84, new=290, final=358, dup=16]Processing videos:  22%|▏| 599/2700 [1:10:26<2:36:53,  4.48s/it, video=LeBG88YT3rU, orig=84, new=196, final=268, dup=12]                                                                                                                        
======================================================================
Processing videos:  22%|▏| 599/2700 [1:10:27<2:36:53,  4.48s/it, video=LeBG88YT3rU, orig=84, new=196, final=268, dup=12]                                                                                                                        💾 CHECKPOINT SAVED [600/2700]
Processing videos:  22%|▏| 599/2700 [1:10:27<2:36:53,  4.48s/it, video=LeBG88YT3rU, orig=84, new=196, final=268, dup=12]                                                                                                                        ======================================================================
Processing videos:  22%|▏| 599/2700 [1:10:27<2:36:53,  4.48s/it, video=LeBG88YT3rU, orig=84, new=196, final=268, dup=12]                                                                                                                          GPU Memory: 0.00GB allocated, 0.00GB reserved
Processing videos:  22%|▏| 599/2700 [1:10:27<2:36:53,  4.48s/it, video=LeBG88YT3rU, orig=84, new=196, final=268, dup=12]                                                                                                                          Videos processed: 600
Processing videos:  22%|▏| 599/2700 [1:10:27<2:36:53,  4.48s/it, video=LeBG88YT3rU, orig=84, new=196, final=268, dup=12]                                                                                                                          With dense sampling: 600
Processing videos:  22%|▏| 599/2700 [1:10:27<2:36:53,  4.48s/it, video=LeBG88YT3rU, orig=84, new=196, final=268, dup=12]                                                                                                                          Total frames: 408,247
Processing videos:  22%|▏| 599/2700 [1:10:27<2:36:53,  4.48s/it, video=LeBG88YT3rU, orig=84, new=196, final=268, dup=12]                                                                                                                          Elapsed time: 70.45 min
Processing videos:  22%|▏| 599/2700 [1:10:27<2:36:53,  4.48s/it, video=LeBG88YT3rU, orig=84, new=196, final=268, dup=12]                                                                                                                          Speed: 0.11 videos/sec
Processing videos:  22%|▏| 599/2700 [1:10:27<2:36:53,  4.48s/it, video=LeBG88YT3rU, orig=84, new=196, final=268, dup=12]                                                                                                                          ✅ Safe to restart if needed
Processing videos:  22%|▏| 599/2700 [1:10:27<2:36:53,  4.48s/it, video=LeBG88YT3rU, orig=84, new=196, final=268, dup=12]                                                                                                                        ======================================================================

Processing videos:  22%|▏| 599/2700 [1:10:27<2:36:53,  4.48s/it, video=LeBG88YT3rU, orig=84, new=196, final=268, dup=12]Processing videos:  22%|▏| 600/2700 [1:10:27<2:25:33,  4.16s/it, video=LeBG88YT3rU, orig=84, new=196, final=268, dup=12]                                                                                                                        
──────────────────────────────────────────────────────────────────────
📹 Video: k74LDvXSnHM
──────────────────────────────────────────────────────────────────────
  📊 Scores: Max=0.5090 | Min=0.0772 | Range=[0.0772, 0.5090]
  🎯 Threshold: 0.3563 (70.0% of max)
  ✅ High-Score Frames: 14/75 (18.7%)
  📍 First 10 indices: [0, 29, 58, 87, 116, 145, 174, 203, 232, 261]
──────────────────────────────────────────────────────────────────────

Processing videos:  22%|▏| 600/2700 [1:10:27<2:25:33,  4.16s/it, video=LeBG88YT3rU, orig=84, new=196, final=268, dup=12]Processing videos:  22%|▏| 600/2700 [1:10:32<2:25:33,  4.16s/it, video=k74LDvXSnHM, orig=75, new=384, final=441, dup=18]Processing videos:  22%|▏| 601/2700 [1:10:32<2:42:54,  4.66s/it, video=k74LDvXSnHM, orig=75, new=384, final=441, dup=18]                                                                                                                        
──────────────────────────────────────────────────────────────────────
📹 Video: k74LDvXSnHM
──────────────────────────────────────────────────────────────────────
  📊 Scores: Max=0.9890 | Min=0.0224 | Range=[0.0224, 0.9890]
  🎯 Threshold: 0.6923 (70.0% of max)
  ✅ High-Score Frames: 34/75 (45.3%)
  📍 First 10 indices: [667, 812, 841, 870, 899, 928, 957, 986, 1015, 1044]
──────────────────────────────────────────────────────────────────────

Processing videos:  22%|▏| 601/2700 [1:10:32<2:42:54,  4.66s/it, video=k74LDvXSnHM, orig=75, new=384, final=441, dup=18]Processing videos:  22%|▏| 601/2700 [1:10:49<2:42:54,  4.66s/it, video=k74LDvXSnHM, orig=75, new=1098, final=1127, dup=4Processing videos:  22%|▏| 602/2700 [1:10:49<4:47:05,  8.21s/it, video=k74LDvXSnHM, orig=75, new=1098, final=1127, dup=4                                                                                                                        
──────────────────────────────────────────────────────────────────────
📹 Video: k74LDvXSnHM
──────────────────────────────────────────────────────────────────────
  📊 Scores: Max=0.9205 | Min=0.0009 | Range=[0.0009, 0.9205]
  🎯 Threshold: 0.6444 (70.0% of max)
  ✅ High-Score Frames: 31/75 (41.3%)
  📍 First 10 indices: [841, 870, 899, 928, 957, 986, 1044, 1073, 1102, 1131]
──────────────────────────────────────────────────────────────────────

Processing videos:  22%|▏| 602/2700 [1:10:49<4:47:05,  8.21s/it, video=k74LDvXSnHM, orig=75, new=1098, final=1127, dup=4Processing videos:  22%|▏| 602/2700 [1:11:04<4:47:05,  8.21s/it, video=k74LDvXSnHM, orig=75, new=1009, final=1043, dup=4Processing videos:  22%|▏| 603/2700 [1:11:04<5:58:38, 10.26s/it, video=k74LDvXSnHM, orig=75, new=1009, final=1043, dup=4                                                                                                                        
──────────────────────────────────────────────────────────────────────
📹 Video: QtKT3q7xB4M
──────────────────────────────────────────────────────────────────────
  📊 Scores: Max=0.9335 | Min=0.0660 | Range=[0.0660, 0.9335]
  🎯 Threshold: 0.6534 (70.0% of max)
  ✅ High-Score Frames: 18/80 (22.5%)
  📍 First 10 indices: [138, 161, 230, 253, 322, 621, 644, 667, 690, 1173]
──────────────────────────────────────────────────────────────────────

Processing videos:  22%|▏| 603/2700 [1:11:04<5:58:38, 10.26s/it, video=k74LDvXSnHM, orig=75, new=1009, final=1043, dup=4Processing videos:  22%|▏| 603/2700 [1:11:15<5:58:38, 10.26s/it, video=QtKT3q7xB4M, orig=80, new=734, final=780, dup=34]Processing videos:  22%|▏| 604/2700 [1:11:15<6:06:30, 10.49s/it, video=QtKT3q7xB4M, orig=80, new=734, final=780, dup=34]                                                                                                                        
──────────────────────────────────────────────────────────────────────
📹 Video: QtKT3q7xB4M
──────────────────────────────────────────────────────────────────────
  📊 Scores: Max=0.9673 | Min=0.0011 | Range=[0.0011, 0.9673]
  🎯 Threshold: 0.6771 (70.0% of max)
  ✅ High-Score Frames: 18/80 (22.5%)
  📍 First 10 indices: [69, 92, 138, 161, 184, 276, 299, 345, 391, 414]
──────────────────────────────────────────────────────────────────────

Processing videos:  22%|▏| 604/2700 [1:11:15<6:06:30, 10.49s/it, video=QtKT3q7xB4M, orig=80, new=734, final=780, dup=34]Processing videos:  22%|▏| 604/2700 [1:11:25<6:06:30, 10.49s/it, video=QtKT3q7xB4M, orig=80, new=663, final=712, dup=31]Processing videos:  22%|▏| 605/2700 [1:11:25<6:01:28, 10.35s/it, video=QtKT3q7xB4M, orig=80, new=663, final=712, dup=31]                                                                                                                        
──────────────────────────────────────────────────────────────────────
📹 Video: QtKT3q7xB4M
──────────────────────────────────────────────────────────────────────
  📊 Scores: Max=0.3840 | Min=0.0147 | Range=[0.0147, 0.3840]
  🎯 Threshold: 0.2688 (70.0% of max)
  ✅ High-Score Frames: 17/80 (21.2%)
  📍 First 10 indices: [138, 161, 184, 207, 230, 253, 276, 299, 322, 851]
──────────────────────────────────────────────────────────────────────

Processing videos:  22%|▏| 605/2700 [1:11:25<6:01:28, 10.35s/it, video=QtKT3q7xB4M, orig=80, new=663, final=712, dup=31]Processing videos:  22%|▏| 605/2700 [1:11:34<6:01:28, 10.35s/it, video=QtKT3q7xB4M, orig=80, new=567, final=620, dup=27]Processing videos:  22%|▏| 606/2700 [1:11:34<5:43:24,  9.84s/it, video=QtKT3q7xB4M, orig=80, new=567, final=620, dup=27]                                                                                                                        
──────────────────────────────────────────────────────────────────────
📹 Video: mD_7mhnPS_Y
──────────────────────────────────────────────────────────────────────
  📊 Scores: Max=0.9750 | Min=0.0077 | Range=[0.0077, 0.9750]
  🎯 Threshold: 0.6825 (70.0% of max)
  ✅ High-Score Frames: 11/92 (12.0%)
  📍 First 10 indices: [609, 638, 667, 1914, 1943, 1972, 2001, 2030, 2059, 2088]
──────────────────────────────────────────────────────────────────────

Processing videos:  22%|▏| 606/2700 [1:11:34<5:43:24,  9.84s/it, video=QtKT3q7xB4M, orig=80, new=567, final=620, dup=27]Processing videos:  22%|▏| 606/2700 [1:11:40<5:43:24,  9.84s/it, video=mD_7mhnPS_Y, orig=92, new=397, final=470, dup=19]Processing videos:  22%|▏| 607/2700 [1:11:40<5:04:09,  8.72s/it, video=mD_7mhnPS_Y, orig=92, new=397, final=470, dup=19]                                                                                                                        
──────────────────────────────────────────────────────────────────────
📹 Video: mD_7mhnPS_Y
──────────────────────────────────────────────────────────────────────
  📊 Scores: Max=0.9147 | Min=0.0053 | Range=[0.0053, 0.9147]
  🎯 Threshold: 0.6403 (70.0% of max)
  ✅ High-Score Frames: 8/92 (8.7%)
  📍 First 10 indices: [1044, 1073, 1914, 1943, 1972, 2001, 2030, 2059]
──────────────────────────────────────────────────────────────────────

Processing videos:  22%|▏| 607/2700 [1:11:40<5:04:09,  8.72s/it, video=mD_7mhnPS_Y, orig=92, new=397, final=470, dup=19]Processing videos:  22%|▏| 607/2700 [1:11:44<5:04:09,  8.72s/it, video=mD_7mhnPS_Y, orig=92, new=288, final=366, dup=14]Processing videos:  23%|▏| 608/2700 [1:11:44<4:20:01,  7.46s/it, video=mD_7mhnPS_Y, orig=92, new=288, final=366, dup=14]                                                                                                                        
──────────────────────────────────────────────────────────────────────
📹 Video: mD_7mhnPS_Y
──────────────────────────────────────────────────────────────────────
  📊 Scores: Max=0.9121 | Min=0.0008 | Range=[0.0008, 0.9121]
  🎯 Threshold: 0.6385 (70.0% of max)
  ✅ High-Score Frames: 5/92 (5.4%)
  📍 First 10 indices: [899, 1682, 1740, 1798, 1827]
──────────────────────────────────────────────────────────────────────

Processing videos:  23%|▏| 608/2700 [1:11:44<4:20:01,  7.46s/it, video=mD_7mhnPS_Y, orig=92, new=288, final=366, dup=14]Processing videos:  23%|▏| 608/2700 [1:11:47<4:20:01,  7.46s/it, video=mD_7mhnPS_Y, orig=92, new=192, final=272, dup=12]Processing videos:  23%|▏| 609/2700 [1:11:47<3:34:27,  6.15s/it, video=mD_7mhnPS_Y, orig=92, new=192, final=272, dup=12]                                                                                                                        
──────────────────────────────────────────────────────────────────────
📹 Video: pcm_E7UoKLo
──────────────────────────────────────────────────────────────────────
  📊 Scores: Max=0.9981 | Min=0.0003 | Range=[0.0003, 0.9981]
  🎯 Threshold: 0.6986 (70.0% of max)
  ✅ High-Score Frames: 23/84 (27.4%)
  📍 First 10 indices: [150, 175, 200, 225, 250, 275, 300, 375, 425, 450]
──────────────────────────────────────────────────────────────────────

Processing videos:  23%|▏| 609/2700 [1:11:47<3:34:27,  6.15s/it, video=mD_7mhnPS_Y, orig=92, new=192, final=272, dup=12]Processing videos:  23%|▏| 609/2700 [1:11:54<3:34:27,  6.15s/it, video=pcm_E7UoKLo, orig=84, new=685, final=732, dup=37]Processing videos:  23%|▏| 610/2700 [1:11:54<3:37:15,  6.24s/it, video=pcm_E7UoKLo, orig=84, new=685, final=732, dup=37]                                                                                                                        
──────────────────────────────────────────────────────────────────────
📹 Video: pcm_E7UoKLo
──────────────────────────────────────────────────────────────────────
  📊 Scores: Max=0.7542 | Min=0.0003 | Range=[0.0003, 0.7542]
  🎯 Threshold: 0.5279 (70.0% of max)
  ✅ High-Score Frames: 4/84 (4.8%)
  📍 First 10 indices: [125, 575, 1125, 1150]
──────────────────────────────────────────────────────────────────────

Processing videos:  23%|▏| 610/2700 [1:11:54<3:37:15,  6.24s/it, video=pcm_E7UoKLo, orig=84, new=685, final=732, dup=37]Processing videos:  23%|▏| 610/2700 [1:11:55<3:37:15,  6.24s/it, video=pcm_E7UoKLo, orig=84, new=139, final=212, dup=11]Processing videos:  23%|▏| 611/2700 [1:11:55<2:45:54,  4.76s/it, video=pcm_E7UoKLo, orig=84, new=139, final=212, dup=11]                                                                                                                        
──────────────────────────────────────────────────────────────────────
📹 Video: pcm_E7UoKLo
──────────────────────────────────────────────────────────────────────
  📊 Scores: Max=0.9986 | Min=0.0005 | Range=[0.0005, 0.9986]
  🎯 Threshold: 0.6990 (70.0% of max)
  ✅ High-Score Frames: 17/84 (20.2%)
  📍 First 10 indices: [150, 175, 200, 225, 250, 275, 300, 375, 425, 450]
──────────────────────────────────────────────────────────────────────

Processing videos:  23%|▏| 611/2700 [1:11:55<2:45:54,  4.76s/it, video=pcm_E7UoKLo, orig=84, new=139, final=212, dup=11]Processing videos:  23%|▏| 611/2700 [1:12:00<2:45:54,  4.76s/it, video=pcm_E7UoKLo, orig=84, new=490, final=548, dup=26]Processing videos:  23%|▏| 612/2700 [1:12:00<2:44:23,  4.72s/it, video=pcm_E7UoKLo, orig=84, new=490, final=548, dup=26]                                                                                                                        
──────────────────────────────────────────────────────────────────────
📹 Video: EVnzXA9b7Ww
──────────────────────────────────────────────────────────────────────
  📊 Scores: Max=0.5964 | Min=0.0058 | Range=[0.0058, 0.5964]
  🎯 Threshold: 0.4175 (70.0% of max)
  ✅ High-Score Frames: 10/100 (10.0%)
  📍 First 10 indices: [100, 125, 175, 200, 225, 250, 275, 350, 375, 400]
──────────────────────────────────────────────────────────────────────

Processing videos:  23%|▏| 612/2700 [1:12:00<2:44:23,  4.72s/it, video=pcm_E7UoKLo, orig=84, new=490, final=548, dup=26]Processing videos:  23%|▏| 612/2700 [1:12:04<2:44:23,  4.72s/it, video=EVnzXA9b7Ww, orig=100, new=296, final=380, dup=16Processing videos:  23%|▏| 613/2700 [1:12:04<2:41:26,  4.64s/it, video=EVnzXA9b7Ww, orig=100, new=296, final=380, dup=16                                                                                                                        
──────────────────────────────────────────────────────────────────────
📹 Video: EVnzXA9b7Ww
──────────────────────────────────────────────────────────────────────
  📊 Scores: Max=0.9743 | Min=0.0001 | Range=[0.0001, 0.9743]
  🎯 Threshold: 0.6820 (70.0% of max)
  ✅ High-Score Frames: 24/100 (24.0%)
  📍 First 10 indices: [1100, 1125, 1150, 1175, 1225, 1250, 1275, 1300, 1325, 1525]
──────────────────────────────────────────────────────────────────────

Processing videos:  23%|▏| 613/2700 [1:12:04<2:41:26,  4.64s/it, video=EVnzXA9b7Ww, orig=100, new=296, final=380, dup=16Processing videos:  23%|▏| 613/2700 [1:12:14<2:41:26,  4.64s/it, video=EVnzXA9b7Ww, orig=100, new=663, final=732, dup=31Processing videos:  23%|▏| 614/2700 [1:12:14<3:37:01,  6.24s/it, video=EVnzXA9b7Ww, orig=100, new=663, final=732, dup=31                                                                                                                        
──────────────────────────────────────────────────────────────────────
📹 Video: EVnzXA9b7Ww
──────────────────────────────────────────────────────────────────────
  📊 Scores: Max=0.9977 | Min=0.0003 | Range=[0.0003, 0.9977]
  🎯 Threshold: 0.6984 (70.0% of max)
  ✅ High-Score Frames: 31/100 (31.0%)
  📍 First 10 indices: [50, 75, 100, 125, 150, 175, 200, 225, 250, 275]
──────────────────────────────────────────────────────────────────────

Processing videos:  23%|▏| 614/2700 [1:12:14<3:37:01,  6.24s/it, video=EVnzXA9b7Ww, orig=100, new=663, final=732, dup=31Processing videos:  23%|▏| 614/2700 [1:12:27<3:37:01,  6.24s/it, video=EVnzXA9b7Ww, orig=100, new=875, final=932, dup=43Processing videos:  23%|▏| 615/2700 [1:12:27<4:47:11,  8.26s/it, video=EVnzXA9b7Ww, orig=100, new=875, final=932, dup=43                                                                                                                        
──────────────────────────────────────────────────────────────────────
📹 Video: 4H8hcvNeWtg
──────────────────────────────────────────────────────────────────────
  📊 Scores: Max=0.5105 | Min=0.0275 | Range=[0.0275, 0.5105]
  🎯 Threshold: 0.3573 (70.0% of max)
  ✅ High-Score Frames: 1/75 (1.3%)
  📍 First 10 indices: [0]
──────────────────────────────────────────────────────────────────────

Processing videos:  23%|▏| 615/2700 [1:12:27<4:47:11,  8.26s/it, video=EVnzXA9b7Ww, orig=100, new=875, final=932, dup=43Processing videos:  23%|▉   | 615/2700 [1:12:28<4:47:11,  8.26s/it, video=4H8hcvNeWtg, orig=75, new=20, final=94, dup=1]Processing videos:  23%|▉   | 616/2700 [1:12:28<3:24:38,  5.89s/it, video=4H8hcvNeWtg, orig=75, new=20, final=94, dup=1]                                                                                                                        
──────────────────────────────────────────────────────────────────────
📹 Video: 4H8hcvNeWtg
──────────────────────────────────────────────────────────────────────
  📊 Scores: Max=0.7730 | Min=0.0044 | Range=[0.0044, 0.7730]
  🎯 Threshold: 0.5411 (70.0% of max)
  ✅ High-Score Frames: 5/75 (6.7%)
  📍 First 10 indices: [464, 493, 522, 667, 1044]
──────────────────────────────────────────────────────────────────────

Processing videos:  23%|▉   | 616/2700 [1:12:28<3:24:38,  5.89s/it, video=4H8hcvNeWtg, orig=75, new=20, final=94, dup=1]Processing videos:  23%|▏| 616/2700 [1:12:31<3:24:38,  5.89s/it, video=4H8hcvNeWtg, orig=75, new=202, final=265, dup=12]Processing videos:  23%|▏| 617/2700 [1:12:31<2:56:22,  5.08s/it, video=4H8hcvNeWtg, orig=75, new=202, final=265, dup=12]                                                                                                                        
──────────────────────────────────────────────────────────────────────
📹 Video: 4H8hcvNeWtg
──────────────────────────────────────────────────────────────────────
  📊 Scores: Max=0.8310 | Min=0.0083 | Range=[0.0083, 0.8310]
  🎯 Threshold: 0.5817 (70.0% of max)
  ✅ High-Score Frames: 13/75 (17.3%)
  📍 First 10 indices: [0, 1450, 1479, 1508, 1537, 1566, 1595, 1624, 1653, 1682]
──────────────────────────────────────────────────────────────────────

Processing videos:  23%|▏| 617/2700 [1:12:31<2:56:22,  5.08s/it, video=4H8hcvNeWtg, orig=75, new=202, final=265, dup=12]Processing videos:  23%|▏| 617/2700 [1:12:37<2:56:22,  5.08s/it, video=4H8hcvNeWtg, orig=75, new=401, final=460, dup=16]Processing videos:  23%|▏| 618/2700 [1:12:37<3:06:25,  5.37s/it, video=4H8hcvNeWtg, orig=75, new=401, final=460, dup=16]                                                                                                                        
──────────────────────────────────────────────────────────────────────
📹 Video: RqA3LAo75kw
──────────────────────────────────────────────────────────────────────
  📊 Scores: Max=0.5481 | Min=0.0121 | Range=[0.0121, 0.5481]
  🎯 Threshold: 0.3837 (70.0% of max)
  ✅ High-Score Frames: 7/113 (6.2%)
  📍 First 10 indices: [368, 552, 575, 644, 1541, 1955, 2208]
──────────────────────────────────────────────────────────────────────

Processing videos:  23%|▏| 618/2700 [1:12:37<3:06:25,  5.37s/it, video=4H8hcvNeWtg, orig=75, new=401, final=460, dup=16]Processing videos:  23%|▏| 618/2700 [1:12:42<3:06:25,  5.37s/it, video=RqA3LAo75kw, orig=113, new=339, final=433, dup=19Processing videos:  23%|▏| 619/2700 [1:12:42<3:08:59,  5.45s/it, video=RqA3LAo75kw, orig=113, new=339, final=433, dup=19                                                                                                                        
──────────────────────────────────────────────────────────────────────
📹 Video: RqA3LAo75kw
──────────────────────────────────────────────────────────────────────
  📊 Scores: Max=0.9994 | Min=0.0002 | Range=[0.0002, 0.9994]
  🎯 Threshold: 0.6995 (70.0% of max)
  ✅ High-Score Frames: 59/113 (52.2%)
  📍 First 10 indices: [138, 161, 322, 391, 414, 506, 529, 552, 575, 598]
──────────────────────────────────────────────────────────────────────

Processing videos:  23%|▏| 619/2700 [1:12:42<3:08:59,  5.45s/it, video=RqA3LAo75kw, orig=113, new=339, final=433, dup=19Processing videos:  23%|▏| 619/2700 [1:13:08<3:08:59,  5.45s/it, video=RqA3LAo75kw, orig=113, new=1776, final=1809, dup=Processing videos:  23%|▏| 620/2700 [1:13:08<6:35:11, 11.40s/it, video=RqA3LAo75kw, orig=113, new=1776, final=1809, dup=                                                                                                                        
──────────────────────────────────────────────────────────────────────
📹 Video: RqA3LAo75kw
──────────────────────────────────────────────────────────────────────
  📊 Scores: Max=0.9687 | Min=0.0005 | Range=[0.0005, 0.9687]
  🎯 Threshold: 0.6781 (70.0% of max)
  ✅ High-Score Frames: 9/113 (8.0%)
  📍 First 10 indices: [115, 138, 161, 782, 897, 1288, 1886, 1909, 2139]
──────────────────────────────────────────────────────────────────────

Processing videos:  23%|▏| 620/2700 [1:13:08<6:35:11, 11.40s/it, video=RqA3LAo75kw, orig=113, new=1776, final=1809, dup=Processing videos:  23%|▏| 620/2700 [1:13:15<6:35:11, 11.40s/it, video=RqA3LAo75kw, orig=113, new=411, final=503, dup=21Processing videos:  23%|▏| 621/2700 [1:13:15<5:47:53, 10.04s/it, video=RqA3LAo75kw, orig=113, new=411, final=503, dup=21                                                                                                                        
──────────────────────────────────────────────────────────────────────
📹 Video: 44ivpEIcBhE
──────────────────────────────────────────────────────────────────────
  📊 Scores: Max=0.9758 | Min=0.0230 | Range=[0.0230, 0.9758]
  🎯 Threshold: 0.6831 (70.0% of max)
  ✅ High-Score Frames: 20/112 (17.9%)
  📍 First 10 indices: [100, 200, 300, 325, 500, 800, 1000, 1100, 1125, 1175]
──────────────────────────────────────────────────────────────────────

Processing videos:  23%|▏| 621/2700 [1:13:15<5:47:53, 10.04s/it, video=RqA3LAo75kw, orig=113, new=411, final=503, dup=21Processing videos:  23%|▏| 621/2700 [1:13:21<5:47:53, 10.04s/it, video=44ivpEIcBhE, orig=112, new=664, final=728, dup=48Processing videos:  23%|▏| 622/2700 [1:13:21<5:08:28,  8.91s/it, video=44ivpEIcBhE, orig=112, new=664, final=728, dup=48                                                                                                                        
──────────────────────────────────────────────────────────────────────
📹 Video: 44ivpEIcBhE
──────────────────────────────────────────────────────────────────────
  📊 Scores: Max=0.9408 | Min=0.0002 | Range=[0.0002, 0.9408]
  🎯 Threshold: 0.6586 (70.0% of max)
  ✅ High-Score Frames: 21/112 (18.8%)
  📍 First 10 indices: [675, 800, 825, 850, 975, 1000, 1050, 1075, 1300, 1375]
──────────────────────────────────────────────────────────────────────

Processing videos:  23%|▏| 622/2700 [1:13:21<5:08:28,  8.91s/it, video=44ivpEIcBhE, orig=112, new=664, final=728, dup=48Processing videos:  23%|▏| 622/2700 [1:13:27<5:08:28,  8.91s/it, video=44ivpEIcBhE, orig=112, new=685, final=752, dup=45Processing videos:  23%|▏| 623/2700 [1:13:27<4:42:55,  8.17s/it, video=44ivpEIcBhE, orig=112, new=685, final=752, dup=45                                                                                                                        
──────────────────────────────────────────────────────────────────────
📹 Video: 44ivpEIcBhE
──────────────────────────────────────────────────────────────────────
  📊 Scores: Max=0.6657 | Min=0.0009 | Range=[0.0009, 0.6657]
  🎯 Threshold: 0.4660 (70.0% of max)
  ✅ High-Score Frames: 4/112 (3.6%)
  📍 First 10 indices: [1150, 1275, 2175, 2425]
──────────────────────────────────────────────────────────────────────

Processing videos:  23%|▏| 623/2700 [1:13:27<4:42:55,  8.17s/it, video=44ivpEIcBhE, orig=112, new=685, final=752, dup=45Processing videos:  23%|▏| 623/2700 [1:13:29<4:42:55,  8.17s/it, video=44ivpEIcBhE, orig=112, new=140, final=240, dup=12Processing videos:  23%|▏| 624/2700 [1:13:29<3:37:02,  6.27s/it, video=44ivpEIcBhE, orig=112, new=140, final=240, dup=12                                                                                                                        
──────────────────────────────────────────────────────────────────────
📹 Video: n7q1yYzx2g8
──────────────────────────────────────────────────────────────────────
  📊 Scores: Max=0.9886 | Min=0.0015 | Range=[0.0015, 0.9886]
  🎯 Threshold: 0.6920 (70.0% of max)
  ✅ High-Score Frames: 52/64 (81.2%)
  📍 First 10 indices: [0, 25, 50, 75, 100, 175, 200, 225, 250, 275]
──────────────────────────────────────────────────────────────────────

Processing videos:  23%|▏| 624/2700 [1:13:29<3:37:02,  6.27s/it, video=44ivpEIcBhE, orig=112, new=140, final=240, dup=12Processing videos:  23%|▏| 624/2700 [1:13:47<3:37:02,  6.27s/it, video=n7q1yYzx2g8, orig=64, new=1295, final=1304, dup=5                                                                                                                        
======================================================================
Processing videos:  23%|▏| 624/2700 [1:13:48<3:37:02,  6.27s/it, video=n7q1yYzx2g8, orig=64, new=1295, final=1304, dup=5                                                                                                                        💾 CHECKPOINT SAVED [625/2700]
Processing videos:  23%|▏| 624/2700 [1:13:48<3:37:02,  6.27s/it, video=n7q1yYzx2g8, orig=64, new=1295, final=1304, dup=5                                                                                                                        ======================================================================
Processing videos:  23%|▏| 624/2700 [1:13:48<3:37:02,  6.27s/it, video=n7q1yYzx2g8, orig=64, new=1295, final=1304, dup=5                                                                                                                          GPU Memory: 0.00GB allocated, 0.00GB reserved
Processing videos:  23%|▏| 624/2700 [1:13:48<3:37:02,  6.27s/it, video=n7q1yYzx2g8, orig=64, new=1295, final=1304, dup=5                                                                                                                          Videos processed: 625
Processing videos:  23%|▏| 624/2700 [1:13:48<3:37:02,  6.27s/it, video=n7q1yYzx2g8, orig=64, new=1295, final=1304, dup=5                                                                                                                          With dense sampling: 625
Processing videos:  23%|▏| 624/2700 [1:13:48<3:37:02,  6.27s/it, video=n7q1yYzx2g8, orig=64, new=1295, final=1304, dup=5                                                                                                                          Total frames: 424,202
Processing videos:  23%|▏| 624/2700 [1:13:48<3:37:02,  6.27s/it, video=n7q1yYzx2g8, orig=64, new=1295, final=1304, dup=5                                                                                                                          Elapsed time: 73.81 min
Processing videos:  23%|▏| 624/2700 [1:13:48<3:37:02,  6.27s/it, video=n7q1yYzx2g8, orig=64, new=1295, final=1304, dup=5                                                                                                                          Speed: 0.11 videos/sec
Processing videos:  23%|▏| 624/2700 [1:13:48<3:37:02,  6.27s/it, video=n7q1yYzx2g8, orig=64, new=1295, final=1304, dup=5                                                                                                                          ✅ Safe to restart if needed
Processing videos:  23%|▏| 624/2700 [1:13:48<3:37:02,  6.27s/it, video=n7q1yYzx2g8, orig=64, new=1295, final=1304, dup=5                                                                                                                        ======================================================================

Processing videos:  23%|▏| 624/2700 [1:13:48<3:37:02,  6.27s/it, video=n7q1yYzx2g8, orig=64, new=1295, final=1304, dup=5Processing videos:  23%|▏| 625/2700 [1:13:48<5:45:46, 10.00s/it, video=n7q1yYzx2g8, orig=64, new=1295, final=1304, dup=5                                                                                                                        
──────────────────────────────────────────────────────────────────────
📹 Video: n7q1yYzx2g8
──────────────────────────────────────────────────────────────────────
  📊 Scores: Max=0.9840 | Min=0.0000 | Range=[0.0000, 0.9840]
  🎯 Threshold: 0.6888 (70.0% of max)
  ✅ High-Score Frames: 34/64 (53.1%)
  📍 First 10 indices: [0, 25, 50, 75, 175, 200, 250, 275, 300, 325]
──────────────────────────────────────────────────────────────────────

Processing videos:  23%|▏| 625/2700 [1:13:48<5:45:46, 10.00s/it, video=n7q1yYzx2g8, orig=64, new=1295, final=1304, dup=5Processing videos:  23%|▏| 625/2700 [1:14:02<5:45:46, 10.00s/it, video=n7q1yYzx2g8, orig=64, new=930, final=944, dup=50]Processing videos:  23%|▏| 626/2700 [1:14:02<6:27:16, 11.20s/it, video=n7q1yYzx2g8, orig=64, new=930, final=944, dup=50]                                                                                                                        
──────────────────────────────────────────────────────────────────────
📹 Video: n7q1yYzx2g8
──────────────────────────────────────────────────────────────────────
  📊 Scores: Max=0.9999 | Min=0.0001 | Range=[0.0001, 0.9999]
  🎯 Threshold: 0.6999 (70.0% of max)
  ✅ High-Score Frames: 7/64 (10.9%)
  📍 First 10 indices: [175, 200, 225, 250, 275, 300, 325]
──────────────────────────────────────────────────────────────────────

Processing videos:  23%|▏| 626/2700 [1:14:02<6:27:16, 11.20s/it, video=n7q1yYzx2g8, orig=64, new=930, final=944, dup=50]Processing videos:  23%|▏| 626/2700 [1:14:05<6:27:16, 11.20s/it, video=n7q1yYzx2g8, orig=64, new=202, final=256, dup=10]Processing videos:  23%|▏| 627/2700 [1:14:05<5:02:52,  8.77s/it, video=n7q1yYzx2g8, orig=64, new=202, final=256, dup=10]                                                                                                                        
──────────────────────────────────────────────────────────────────────
📹 Video: XS6ysDFTbLU
──────────────────────────────────────────────────────────────────────
  📊 Scores: Max=0.5553 | Min=0.0010 | Range=[0.0010, 0.5553]
  🎯 Threshold: 0.3887 (70.0% of max)
  ✅ High-Score Frames: 13/92 (14.1%)
  📍 First 10 indices: [1044, 1682, 1740, 1798, 1827, 1856, 1914, 1943, 1972, 2001]
──────────────────────────────────────────────────────────────────────

Processing videos:  23%|▏| 627/2700 [1:14:05<5:02:52,  8.77s/it, video=n7q1yYzx2g8, orig=64, new=202, final=256, dup=10]Processing videos:  23%|▏| 627/2700 [1:14:12<5:02:52,  8.77s/it, video=XS6ysDFTbLU, orig=92, new=457, final=526, dup=23]Processing videos:  23%|▏| 628/2700 [1:14:12<4:42:54,  8.19s/it, video=XS6ysDFTbLU, orig=92, new=457, final=526, dup=23]                                                                                                                        
──────────────────────────────────────────────────────────────────────
📹 Video: XS6ysDFTbLU
──────────────────────────────────────────────────────────────────────
  📊 Scores: Max=0.9831 | Min=0.0000 | Range=[0.0000, 0.9831]
  🎯 Threshold: 0.6882 (70.0% of max)
  ✅ High-Score Frames: 21/92 (22.8%)
  📍 First 10 indices: [957, 1015, 1392, 1421, 1479, 1508, 1740, 1798, 1827, 2001]
──────────────────────────────────────────────────────────────────────

Processing videos:  23%|▏| 628/2700 [1:14:12<4:42:54,  8.19s/it, video=XS6ysDFTbLU, orig=92, new=457, final=526, dup=23]Processing videos:  23%|▏| 628/2700 [1:14:23<4:42:54,  8.19s/it, video=XS6ysDFTbLU, orig=92, new=736, final=790, dup=38]Processing videos:  23%|▏| 629/2700 [1:14:23<5:12:47,  9.06s/it, video=XS6ysDFTbLU, orig=92, new=736, final=790, dup=38]                                                                                                                        
──────────────────────────────────────────────────────────────────────
📹 Video: XS6ysDFTbLU
──────────────────────────────────────────────────────────────────────
  📊 Scores: Max=0.6175 | Min=0.0292 | Range=[0.0292, 0.6175]
  🎯 Threshold: 0.4322 (70.0% of max)
  ✅ High-Score Frames: 13/92 (14.1%)
  📍 First 10 indices: [957, 1015, 1682, 1740, 1798, 1827, 1856, 1914, 1972, 2001]
──────────────────────────────────────────────────────────────────────

Processing videos:  23%|▏| 629/2700 [1:14:23<5:12:47,  9.06s/it, video=XS6ysDFTbLU, orig=92, new=736, final=790, dup=38]Processing videos:  23%|▏| 629/2700 [1:14:30<5:12:47,  9.06s/it, video=XS6ysDFTbLU, orig=92, new=479, final=546, dup=25]Processing videos:  23%|▏| 630/2700 [1:14:30<4:54:19,  8.53s/it, video=XS6ysDFTbLU, orig=92, new=479, final=546, dup=25]                                                                                                                        
──────────────────────────────────────────────────────────────────────
📹 Video: lNO6cYxqMZk
──────────────────────────────────────────────────────────────────────
  📊 Scores: Max=0.8818 | Min=0.0011 | Range=[0.0011, 0.8818]
  🎯 Threshold: 0.6172 (70.0% of max)
  ✅ High-Score Frames: 4/118 (3.4%)
  📍 First 10 indices: [696, 783, 812, 841]
──────────────────────────────────────────────────────────────────────

Processing videos:  23%|▏| 630/2700 [1:14:30<4:54:19,  8.53s/it, video=XS6ysDFTbLU, orig=92, new=479, final=546, dup=25]Processing videos:  23%|▏| 630/2700 [1:14:32<4:54:19,  8.53s/it, video=lNO6cYxqMZk, orig=118, new=150, final=260, dup=8]Processing videos:  23%|▏| 631/2700 [1:14:32<3:50:05,  6.67s/it, video=lNO6cYxqMZk, orig=118, new=150, final=260, dup=8]                                                                                                                        
──────────────────────────────────────────────────────────────────────
📹 Video: lNO6cYxqMZk
──────────────────────────────────────────────────────────────────────
  📊 Scores: Max=0.9992 | Min=0.0010 | Range=[0.0010, 0.9992]
  🎯 Threshold: 0.6995 (70.0% of max)
  ✅ High-Score Frames: 31/118 (26.3%)
  📍 First 10 indices: [116, 145, 377, 406, 435, 493, 580, 609, 638, 812]
──────────────────────────────────────────────────────────────────────

Processing videos:  23%|▏| 631/2700 [1:14:33<3:50:05,  6.67s/it, video=lNO6cYxqMZk, orig=118, new=150, final=260, dup=8]Processing videos:  23%|▏| 631/2700 [1:14:49<3:50:05,  6.67s/it, video=lNO6cYxqMZk, orig=118, new=1077, final=1146, dup=Processing videos:  23%|▏| 632/2700 [1:14:49<5:32:45,  9.65s/it, video=lNO6cYxqMZk, orig=118, new=1077, final=1146, dup=                                                                                                                        
──────────────────────────────────────────────────────────────────────
📹 Video: lNO6cYxqMZk
──────────────────────────────────────────────────────────────────────
  📊 Scores: Max=0.1110 | Min=0.0001 | Range=[0.0001, 0.1110]
  🎯 Threshold: 0.0777 (70.0% of max)
  ✅ High-Score Frames: 1/118 (0.8%)
  📍 First 10 indices: [2929]
──────────────────────────────────────────────────────────────────────

Processing videos:  23%|▏| 632/2700 [1:14:49<5:32:45,  9.65s/it, video=lNO6cYxqMZk, orig=118, new=1077, final=1146, dup=Processing videos:  23%|▍ | 632/2700 [1:14:50<5:32:45,  9.65s/it, video=lNO6cYxqMZk, orig=118, new=41, final=156, dup=3]Processing videos:  23%|▍ | 633/2700 [1:14:50<4:00:01,  6.97s/it, video=lNO6cYxqMZk, orig=118, new=41, final=156, dup=3]                                                                                                                        
──────────────────────────────────────────────────────────────────────
📹 Video: 026dzf-vc5g
──────────────────────────────────────────────────────────────────────
  📊 Scores: Max=0.9618 | Min=0.0008 | Range=[0.0008, 0.9618]
  🎯 Threshold: 0.6732 (70.0% of max)
  ✅ High-Score Frames: 25/65 (38.5%)
  📍 First 10 indices: [116, 261, 290, 348, 377, 406, 464, 493, 609, 638]
──────────────────────────────────────────────────────────────────────

Processing videos:  23%|▍ | 633/2700 [1:14:50<4:00:01,  6.97s/it, video=lNO6cYxqMZk, orig=118, new=41, final=156, dup=3]Processing videos:  23%|▏| 633/2700 [1:15:03<4:00:01,  6.97s/it, video=026dzf-vc5g, orig=65, new=877, final=895, dup=47]Processing videos:  23%|▏| 634/2700 [1:15:03<5:05:06,  8.86s/it, video=026dzf-vc5g, orig=65, new=877, final=895, dup=47]                                                                                                                        
──────────────────────────────────────────────────────────────────────
📹 Video: 026dzf-vc5g
──────────────────────────────────────────────────────────────────────
  📊 Scores: Max=0.9560 | Min=0.0018 | Range=[0.0018, 0.9560]
  🎯 Threshold: 0.6692 (70.0% of max)
  ✅ High-Score Frames: 17/65 (26.2%)
  📍 First 10 indices: [116, 261, 290, 348, 377, 406, 464, 609, 696, 725]
──────────────────────────────────────────────────────────────────────

Processing videos:  23%|▏| 634/2700 [1:15:03<5:05:06,  8.86s/it, video=026dzf-vc5g, orig=65, new=877, final=895, dup=47]Processing videos:  23%|▏| 634/2700 [1:15:12<5:05:06,  8.86s/it, video=026dzf-vc5g, orig=65, new=610, final=641, dup=34]Processing videos:  24%|▏| 635/2700 [1:15:12<5:09:18,  8.99s/it, video=026dzf-vc5g, orig=65, new=610, final=641, dup=34]                                                                                                                        
──────────────────────────────────────────────────────────────────────
📹 Video: 026dzf-vc5g
──────────────────────────────────────────────────────────────────────
  📊 Scores: Max=0.5530 | Min=0.0001 | Range=[0.0001, 0.5530]
  🎯 Threshold: 0.3871 (70.0% of max)
  ✅ High-Score Frames: 3/65 (4.6%)
  📍 First 10 indices: [377, 406, 725]
──────────────────────────────────────────────────────────────────────

Processing videos:  24%|▏| 635/2700 [1:15:12<5:09:18,  8.99s/it, video=026dzf-vc5g, orig=65, new=610, final=641, dup=34]Processing videos:  24%|▍ | 635/2700 [1:15:14<5:09:18,  8.99s/it, video=026dzf-vc5g, orig=65, new=122, final=179, dup=8]Processing videos:  24%|▍ | 636/2700 [1:15:14<3:57:13,  6.90s/it, video=026dzf-vc5g, orig=65, new=122, final=179, dup=8]                                                                                                                        
──────────────────────────────────────────────────────────────────────
📹 Video: KEy2iCzpce4
──────────────────────────────────────────────────────────────────────
  📊 Scores: Max=0.9482 | Min=0.0119 | Range=[0.0119, 0.9482]
  🎯 Threshold: 0.6637 (70.0% of max)
  ✅ High-Score Frames: 47/74 (63.5%)
  📍 First 10 indices: [203, 232, 261, 290, 319, 348, 377, 406, 435, 464]
──────────────────────────────────────────────────────────────────────

Processing videos:  24%|▍ | 636/2700 [1:15:14<3:57:13,  6.90s/it, video=026dzf-vc5g, orig=65, new=122, final=179, dup=8]Processing videos:  24%|▏| 636/2700 [1:15:36<3:57:13,  6.90s/it, video=KEy2iCzpce4, orig=74, new=1463, final=1480, dup=5Processing videos:  24%|▏| 637/2700 [1:15:36<6:25:07, 11.20s/it, video=KEy2iCzpce4, orig=74, new=1463, final=1480, dup=5                                                                                                                        
──────────────────────────────────────────────────────────────────────
📹 Video: KEy2iCzpce4
──────────────────────────────────────────────────────────────────────
  📊 Scores: Max=0.9656 | Min=0.0020 | Range=[0.0020, 0.9656]
  🎯 Threshold: 0.6759 (70.0% of max)
  ✅ High-Score Frames: 4/74 (5.4%)
  📍 First 10 indices: [1160, 1189, 1218, 1247]
──────────────────────────────────────────────────────────────────────

Processing videos:  24%|▏| 637/2700 [1:15:36<6:25:07, 11.20s/it, video=KEy2iCzpce4, orig=74, new=1463, final=1480, dup=5Processing videos:  24%|▍ | 637/2700 [1:15:38<6:25:07, 11.20s/it, video=KEy2iCzpce4, orig=74, new=149, final=216, dup=7]Processing videos:  24%|▍ | 638/2700 [1:15:38<4:53:13,  8.53s/it, video=KEy2iCzpce4, orig=74, new=149, final=216, dup=7]                                                                                                                        
──────────────────────────────────────────────────────────────────────
📹 Video: KEy2iCzpce4
──────────────────────────────────────────────────────────────────────
  📊 Scores: Max=0.9250 | Min=0.0141 | Range=[0.0141, 0.9250]
  🎯 Threshold: 0.6475 (70.0% of max)
  ✅ High-Score Frames: 51/74 (68.9%)
  📍 First 10 indices: [58, 116, 203, 232, 261, 290, 319, 348, 377, 406]
──────────────────────────────────────────────────────────────────────

Processing videos:  24%|▍ | 638/2700 [1:15:38<4:53:13,  8.53s/it, video=KEy2iCzpce4, orig=74, new=149, final=216, dup=7]Processing videos:  24%|▏| 638/2700 [1:16:00<4:53:13,  8.53s/it, video=KEy2iCzpce4, orig=74, new=1560, final=1572, dup=6Processing videos:  24%|▏| 639/2700 [1:16:00<7:12:51, 12.60s/it, video=KEy2iCzpce4, orig=74, new=1560, final=1572, dup=6                                                                                                                        
──────────────────────────────────────────────────────────────────────
📹 Video: dH8l--46j6s
──────────────────────────────────────────────────────────────────────
  📊 Scores: Max=0.9229 | Min=0.0099 | Range=[0.0099, 0.9229]
  🎯 Threshold: 0.6460 (70.0% of max)
  ✅ High-Score Frames: 59/114 (51.8%)
  📍 First 10 indices: [230, 253, 276, 299, 322, 345, 368, 391, 414, 437]
──────────────────────────────────────────────────────────────────────

Processing videos:  24%|▏| 639/2700 [1:16:00<7:12:51, 12.60s/it, video=KEy2iCzpce4, orig=74, new=1560, final=1572, dup=6Processing videos:  24%|▏| 639/2700 [1:16:26<7:12:51, 12.60s/it, video=dH8l--46j6s, orig=114, new=1827, final=1862, dup=Processing videos:  24%|▏| 640/2700 [1:16:26<9:30:45, 16.62s/it, video=dH8l--46j6s, orig=114, new=1827, final=1862, dup=                                                                                                                        
──────────────────────────────────────────────────────────────────────
📹 Video: dH8l--46j6s
──────────────────────────────────────────────────────────────────────
  📊 Scores: Max=0.9983 | Min=0.0049 | Range=[0.0049, 0.9983]
  🎯 Threshold: 0.6988 (70.0% of max)
  ✅ High-Score Frames: 90/114 (78.9%)
  📍 First 10 indices: [138, 161, 207, 230, 253, 276, 299, 322, 368, 391]
──────────────────────────────────────────────────────────────────────

Processing videos:  24%|▏| 640/2700 [1:16:26<9:30:45, 16.62s/it, video=dH8l--46j6s, orig=114, new=1827, final=1862, dup=Processing videos:  24%|▏| 640/2700 [1:17:01<9:30:45, 16.62s/it, video=dH8l--46j6s, orig=114, new=2400, final=2410, dup=Processing videos:  24%|▏| 641/2700 [1:17:01<12:44:16, 22.27s/it, video=dH8l--46j6s, orig=114, new=2400, final=2410, dup                                                                                                                        
──────────────────────────────────────────────────────────────────────
📹 Video: dH8l--46j6s
──────────────────────────────────────────────────────────────────────
  📊 Scores: Max=0.9806 | Min=0.0075 | Range=[0.0075, 0.9806]
  🎯 Threshold: 0.6864 (70.0% of max)
  ✅ High-Score Frames: 28/114 (24.6%)
  📍 First 10 indices: [253, 276, 299, 368, 391, 414, 437, 529, 575, 690]
──────────────────────────────────────────────────────────────────────

Processing videos:  24%|▏| 641/2700 [1:17:01<12:44:16, 22.27s/it, video=dH8l--46j6s, orig=114, new=2400, final=2410, dupProcessing videos:  24%|▏| 641/2700 [1:17:18<12:44:16, 22.27s/it, video=dH8l--46j6s, orig=114, new=1114, final=1176, dupProcessing videos:  24%|▏| 642/2700 [1:17:18<11:45:38, 20.57s/it, video=dH8l--46j6s, orig=114, new=1114, final=1176, dup                                                                                                                        
──────────────────────────────────────────────────────────────────────
📹 Video: VmNBt1tzC6k
──────────────────────────────────────────────────────────────────────
  📊 Scores: Max=0.6801 | Min=0.0558 | Range=[0.0558, 0.6801]
  🎯 Threshold: 0.4761 (70.0% of max)
  ✅ High-Score Frames: 4/94 (4.3%)
  📍 First 10 indices: [2610, 2639, 2668, 2697]
──────────────────────────────────────────────────────────────────────

Processing videos:  24%|▏| 642/2700 [1:17:18<11:45:38, 20.57s/it, video=dH8l--46j6s, orig=114, new=1114, final=1176, dupProcessing videos:  24%|▏| 642/2700 [1:17:20<11:45:38, 20.57s/it, video=VmNBt1tzC6k, orig=94, new=140, final=229, dup=5]Processing videos:  24%|▍ | 643/2700 [1:17:20<8:36:05, 15.05s/it, video=VmNBt1tzC6k, orig=94, new=140, final=229, dup=5]                                                                                                                        
──────────────────────────────────────────────────────────────────────
📹 Video: VmNBt1tzC6k
──────────────────────────────────────────────────────────────────────
  📊 Scores: Max=0.9001 | Min=0.0012 | Range=[0.0012, 0.9001]
  🎯 Threshold: 0.6301 (70.0% of max)
  ✅ High-Score Frames: 10/94 (10.6%)
  📍 First 10 indices: [783, 1015, 1450, 1479, 1508, 1624, 1769, 1798, 2349, 2552]
──────────────────────────────────────────────────────────────────────

Processing videos:  24%|▍ | 643/2700 [1:17:20<8:36:05, 15.05s/it, video=VmNBt1tzC6k, orig=94, new=140, final=229, dup=5]Processing videos:  24%|▏| 643/2700 [1:17:27<8:36:05, 15.05s/it, video=VmNBt1tzC6k, orig=94, new=406, final=474, dup=26]Processing videos:  24%|▏| 644/2700 [1:17:27<7:08:17, 12.50s/it, video=VmNBt1tzC6k, orig=94, new=406, final=474, dup=26]                                                                                                                        
──────────────────────────────────────────────────────────────────────
📹 Video: VmNBt1tzC6k
──────────────────────────────────────────────────────────────────────
  📊 Scores: Max=0.9689 | Min=0.0010 | Range=[0.0010, 0.9689]
  🎯 Threshold: 0.6782 (70.0% of max)
  ✅ High-Score Frames: 3/94 (3.2%)
  📍 First 10 indices: [1450, 1479, 1508]
──────────────────────────────────────────────────────────────────────

Processing videos:  24%|▏| 644/2700 [1:17:27<7:08:17, 12.50s/it, video=VmNBt1tzC6k, orig=94, new=406, final=474, dup=26]Processing videos:  24%|▍ | 644/2700 [1:17:29<7:08:17, 12.50s/it, video=VmNBt1tzC6k, orig=94, new=120, final=208, dup=6]Processing videos:  24%|▍ | 645/2700 [1:17:29<5:18:48,  9.31s/it, video=VmNBt1tzC6k, orig=94, new=120, final=208, dup=6]                                                                                                                        
──────────────────────────────────────────────────────────────────────
📹 Video: 5Knkqo-lYF0
──────────────────────────────────────────────────────────────────────
  📊 Scores: Max=0.9880 | Min=0.0060 | Range=[0.0060, 0.9880]
  🎯 Threshold: 0.6916 (70.0% of max)
  ✅ High-Score Frames: 40/65 (61.5%)
  📍 First 10 indices: [29, 58, 87, 116, 145, 174, 203, 232, 319, 348]
──────────────────────────────────────────────────────────────────────

Processing videos:  24%|▍ | 645/2700 [1:17:29<5:18:48,  9.31s/it, video=VmNBt1tzC6k, orig=94, new=120, final=208, dup=6]Processing videos:  24%|▏| 645/2700 [1:17:47<5:18:48,  9.31s/it, video=5Knkqo-lYF0, orig=65, new=1266, final=1277, dup=5Processing videos:  24%|▏| 646/2700 [1:17:47<6:52:51, 12.06s/it, video=5Knkqo-lYF0, orig=65, new=1266, final=1277, dup=5                                                                                                                        
──────────────────────────────────────────────────────────────────────
📹 Video: 5Knkqo-lYF0
──────────────────────────────────────────────────────────────────────
  📊 Scores: Max=0.3924 | Min=0.0005 | Range=[0.0005, 0.3924]
  🎯 Threshold: 0.2747 (70.0% of max)
  ✅ High-Score Frames: 2/65 (3.1%)
  📍 First 10 indices: [58, 87]
──────────────────────────────────────────────────────────────────────

Processing videos:  24%|▏| 646/2700 [1:17:47<6:52:51, 12.06s/it, video=5Knkqo-lYF0, orig=65, new=1266, final=1277, dup=5Processing videos:  24%|▋  | 646/2700 [1:17:48<6:52:51, 12.06s/it, video=5Knkqo-lYF0, orig=65, new=80, final=141, dup=4]Processing videos:  24%|▋  | 647/2700 [1:17:48<5:01:37,  8.82s/it, video=5Knkqo-lYF0, orig=65, new=80, final=141, dup=4]                                                                                                                        
──────────────────────────────────────────────────────────────────────
📹 Video: 5Knkqo-lYF0
──────────────────────────────────────────────────────────────────────
  📊 Scores: Max=0.9667 | Min=0.0442 | Range=[0.0442, 0.9667]
  🎯 Threshold: 0.6767 (70.0% of max)
  ✅ High-Score Frames: 35/65 (53.8%)
  📍 First 10 indices: [145, 174, 203, 232, 319, 348, 377, 406, 435, 464]
──────────────────────────────────────────────────────────────────────

Processing videos:  24%|▋  | 647/2700 [1:17:48<5:01:37,  8.82s/it, video=5Knkqo-lYF0, orig=65, new=80, final=141, dup=4]Processing videos:  24%|▏| 647/2700 [1:18:05<5:01:37,  8.82s/it, video=5Knkqo-lYF0, orig=65, new=1170, final=1185, dup=5Processing videos:  24%|▏| 648/2700 [1:18:05<6:21:10, 11.15s/it, video=5Knkqo-lYF0, orig=65, new=1170, final=1185, dup=5                                                                                                                        
──────────────────────────────────────────────────────────────────────
📹 Video: BrrDT_uYQsg
──────────────────────────────────────────────────────────────────────
  📊 Scores: Max=0.8508 | Min=0.0140 | Range=[0.0140, 0.8508]
  🎯 Threshold: 0.5955 (70.0% of max)
  ✅ High-Score Frames: 6/53 (11.3%)
  📍 First 10 indices: [25, 50, 1200, 1225, 1250, 1275]
──────────────────────────────────────────────────────────────────────

Processing videos:  24%|▏| 648/2700 [1:18:05<6:21:10, 11.15s/it, video=5Knkqo-lYF0, orig=65, new=1170, final=1185, dup=5Processing videos:  24%|▏| 648/2700 [1:18:08<6:21:10, 11.15s/it, video=BrrDT_uYQsg, orig=53, new=163, final=205, dup=11]Processing videos:  24%|▏| 649/2700 [1:18:08<4:52:53,  8.57s/it, video=BrrDT_uYQsg, orig=53, new=163, final=205, dup=11]                                                                                                                        
──────────────────────────────────────────────────────────────────────
📹 Video: BrrDT_uYQsg
──────────────────────────────────────────────────────────────────────
  📊 Scores: Max=0.8911 | Min=0.0096 | Range=[0.0096, 0.8911]
  🎯 Threshold: 0.6238 (70.0% of max)
  ✅ High-Score Frames: 13/53 (24.5%)
  📍 First 10 indices: [50, 100, 125, 475, 500, 725, 850, 1175, 1200, 1225]
──────────────────────────────────────────────────────────────────────

Processing videos:  24%|▏| 649/2700 [1:18:08<4:52:53,  8.57s/it, video=BrrDT_uYQsg, orig=53, new=163, final=205, dup=11]Processing videos:  24%|▏| 649/2700 [1:18:14<4:52:53,  8.57s/it, video=BrrDT_uYQsg, orig=53, new=405, final=433, dup=25]                                                                                                                        
======================================================================
Processing videos:  24%|▏| 649/2700 [1:18:14<4:52:53,  8.57s/it, video=BrrDT_uYQsg, orig=53, new=405, final=433, dup=25]                                                                                                                        💾 CHECKPOINT SAVED [650/2700]
Processing videos:  24%|▏| 649/2700 [1:18:14<4:52:53,  8.57s/it, video=BrrDT_uYQsg, orig=53, new=405, final=433, dup=25]                                                                                                                        ======================================================================
Processing videos:  24%|▏| 649/2700 [1:18:14<4:52:53,  8.57s/it, video=BrrDT_uYQsg, orig=53, new=405, final=433, dup=25]                                                                                                                          GPU Memory: 0.00GB allocated, 0.00GB reserved
Processing videos:  24%|▏| 649/2700 [1:18:14<4:52:53,  8.57s/it, video=BrrDT_uYQsg, orig=53, new=405, final=433, dup=25]                                                                                                                          Videos processed: 650
Processing videos:  24%|▏| 649/2700 [1:18:14<4:52:53,  8.57s/it, video=BrrDT_uYQsg, orig=53, new=405, final=433, dup=25]                                                                                                                          With dense sampling: 650
Processing videos:  24%|▏| 649/2700 [1:18:14<4:52:53,  8.57s/it, video=BrrDT_uYQsg, orig=53, new=405, final=433, dup=25]                                                                                                                          Total frames: 443,409
Processing videos:  24%|▏| 649/2700 [1:18:14<4:52:53,  8.57s/it, video=BrrDT_uYQsg, orig=53, new=405, final=433, dup=25]                                                                                                                          Elapsed time: 78.25 min
Processing videos:  24%|▏| 649/2700 [1:18:14<4:52:53,  8.57s/it, video=BrrDT_uYQsg, orig=53, new=405, final=433, dup=25]                                                                                                                          Speed: 0.11 videos/sec
Processing videos:  24%|▏| 649/2700 [1:18:14<4:52:53,  8.57s/it, video=BrrDT_uYQsg, orig=53, new=405, final=433, dup=25]                                                                                                                          ✅ Safe to restart if needed
Processing videos:  24%|▏| 649/2700 [1:18:14<4:52:53,  8.57s/it, video=BrrDT_uYQsg, orig=53, new=405, final=433, dup=25]                                                                                                                        ======================================================================

Processing videos:  24%|▏| 649/2700 [1:18:14<4:52:53,  8.57s/it, video=BrrDT_uYQsg, orig=53, new=405, final=433, dup=25]Processing videos:  24%|▏| 650/2700 [1:18:14<4:33:34,  8.01s/it, video=BrrDT_uYQsg, orig=53, new=405, final=433, dup=25]                                                                                                                        
──────────────────────────────────────────────────────────────────────
📹 Video: BrrDT_uYQsg
──────────────────────────────────────────────────────────────────────
  📊 Scores: Max=0.9869 | Min=0.0848 | Range=[0.0848, 0.9869]
  🎯 Threshold: 0.6909 (70.0% of max)
  ✅ High-Score Frames: 49/53 (92.5%)
  📍 First 10 indices: [25, 50, 75, 100, 125, 150, 175, 200, 225, 250]
──────────────────────────────────────────────────────────────────────

Processing videos:  24%|▏| 650/2700 [1:18:14<4:33:34,  8.01s/it, video=BrrDT_uYQsg, orig=53, new=405, final=433, dup=25]Processing videos:  24%|▏| 650/2700 [1:18:32<4:33:34,  8.01s/it, video=BrrDT_uYQsg, orig=53, new=1249, final=1249, dup=5Processing videos:  24%|▏| 651/2700 [1:18:32<6:10:46, 10.86s/it, video=BrrDT_uYQsg, orig=53, new=1249, final=1249, dup=5                                                                                                                        
──────────────────────────────────────────────────────────────────────
📹 Video: jmE9y0vv2aM
──────────────────────────────────────────────────────────────────────
  📊 Scores: Max=0.9977 | Min=0.0710 | Range=[0.0710, 0.9977]
  🎯 Threshold: 0.6984 (70.0% of max)
  ✅ High-Score Frames: 41/42 (97.6%)
  📍 First 10 indices: [0, 25, 50, 75, 100, 125, 150, 175, 200, 225]
──────────────────────────────────────────────────────────────────────

Processing videos:  24%|▏| 651/2700 [1:18:32<6:10:46, 10.86s/it, video=BrrDT_uYQsg, orig=53, new=1249, final=1249, dup=5Processing videos:  24%|▏| 651/2700 [1:18:47<6:10:46, 10.86s/it, video=jmE9y0vv2aM, orig=42, new=1004, final=1004, dup=4Processing videos:  24%|▏| 652/2700 [1:18:47<6:53:20, 12.11s/it, video=jmE9y0vv2aM, orig=42, new=1004, final=1004, dup=4                                                                                                                        
──────────────────────────────────────────────────────────────────────
📹 Video: jmE9y0vv2aM
──────────────────────────────────────────────────────────────────────
  📊 Scores: Max=0.1247 | Min=0.0254 | Range=[0.0254, 0.1247]
  🎯 Threshold: 0.0873 (70.0% of max)
  ✅ High-Score Frames: 9/42 (21.4%)
  📍 First 10 indices: [25, 50, 275, 325, 525, 550, 575, 800, 850]
──────────────────────────────────────────────────────────────────────

Processing videos:  24%|▏| 652/2700 [1:18:47<6:53:20, 12.11s/it, video=jmE9y0vv2aM, orig=42, new=1004, final=1004, dup=4Processing videos:  24%|▏| 652/2700 [1:18:51<6:53:20, 12.11s/it, video=jmE9y0vv2aM, orig=42, new=276, final=298, dup=20]Processing videos:  24%|▏| 653/2700 [1:18:51<5:34:06,  9.79s/it, video=jmE9y0vv2aM, orig=42, new=276, final=298, dup=20]                                                                                                                        
──────────────────────────────────────────────────────────────────────
📹 Video: jmE9y0vv2aM
──────────────────────────────────────────────────────────────────────
  📊 Scores: Max=0.1323 | Min=0.0044 | Range=[0.0044, 0.1323]
  🎯 Threshold: 0.0926 (70.0% of max)
  ✅ High-Score Frames: 3/42 (7.1%)
  📍 First 10 indices: [350, 500, 1025]
──────────────────────────────────────────────────────────────────────

Processing videos:  24%|▏| 653/2700 [1:18:51<5:34:06,  9.79s/it, video=jmE9y0vv2aM, orig=42, new=276, final=298, dup=20]Processing videos:  24%|▋  | 653/2700 [1:18:53<5:34:06,  9.79s/it, video=jmE9y0vv2aM, orig=42, new=98, final=132, dup=8]Processing videos:  24%|▋  | 654/2700 [1:18:53<4:11:01,  7.36s/it, video=jmE9y0vv2aM, orig=42, new=98, final=132, dup=8]                                                                                                                        
──────────────────────────────────────────────────────────────────────
📹 Video: fSDq8CPXHQM
──────────────────────────────────────────────────────────────────────
  📊 Scores: Max=0.3433 | Min=0.0394 | Range=[0.0394, 0.3433]
  🎯 Threshold: 0.2403 (70.0% of max)
  ✅ High-Score Frames: 10/58 (17.2%)
  📍 First 10 indices: [0, 24, 48, 168, 192, 216, 360, 408, 816, 1224]
──────────────────────────────────────────────────────────────────────

Processing videos:  24%|▋  | 654/2700 [1:18:53<4:11:01,  7.36s/it, video=jmE9y0vv2aM, orig=42, new=98, final=132, dup=8]Processing videos:  24%|▏| 654/2700 [1:18:56<4:11:01,  7.36s/it, video=fSDq8CPXHQM, orig=58, new=197, final=226, dup=29]Processing videos:  24%|▏| 655/2700 [1:18:56<3:29:26,  6.14s/it, video=fSDq8CPXHQM, orig=58, new=197, final=226, dup=29]                                                                                                                        
──────────────────────────────────────────────────────────────────────
📹 Video: fSDq8CPXHQM
──────────────────────────────────────────────────────────────────────
  📊 Scores: Max=0.6008 | Min=0.0253 | Range=[0.0253, 0.6008]
  🎯 Threshold: 0.4205 (70.0% of max)
  ✅ High-Score Frames: 5/58 (8.6%)
  📍 First 10 indices: [96, 168, 408, 816, 1224]
──────────────────────────────────────────────────────────────────────

Processing videos:  24%|▏| 655/2700 [1:18:56<3:29:26,  6.14s/it, video=fSDq8CPXHQM, orig=58, new=197, final=226, dup=29]Processing videos:  24%|▏| 655/2700 [1:18:59<3:29:26,  6.14s/it, video=fSDq8CPXHQM, orig=58, new=156, final=191, dup=23]Processing videos:  24%|▏| 656/2700 [1:18:59<2:58:32,  5.24s/it, video=fSDq8CPXHQM, orig=58, new=156, final=191, dup=23]                                                                                                                        
──────────────────────────────────────────────────────────────────────
📹 Video: fSDq8CPXHQM
──────────────────────────────────────────────────────────────────────
  📊 Scores: Max=0.9985 | Min=0.0078 | Range=[0.0078, 0.9985]
  🎯 Threshold: 0.6990 (70.0% of max)
  ✅ High-Score Frames: 8/58 (13.8%)
  📍 First 10 indices: [168, 216, 240, 384, 456, 720, 792, 840]
──────────────────────────────────────────────────────────────────────

Processing videos:  24%|▏| 656/2700 [1:18:59<2:58:32,  5.24s/it, video=fSDq8CPXHQM, orig=58, new=156, final=191, dup=23]Processing videos:  24%|▏| 656/2700 [1:19:02<2:58:32,  5.24s/it, video=fSDq8CPXHQM, orig=58, new=187, final=219, dup=26]Processing videos:  24%|▏| 657/2700 [1:19:02<2:37:02,  4.61s/it, video=fSDq8CPXHQM, orig=58, new=187, final=219, dup=26]                                                                                                                        
──────────────────────────────────────────────────────────────────────
📹 Video: D61jenC5oBA
──────────────────────────────────────────────────────────────────────
  📊 Scores: Max=0.4414 | Min=0.0155 | Range=[0.0155, 0.4414]
  🎯 Threshold: 0.3090 (70.0% of max)
  ✅ High-Score Frames: 12/81 (14.8%)
  📍 First 10 indices: [174, 203, 232, 261, 290, 319, 1711, 1798, 1827, 1856]
──────────────────────────────────────────────────────────────────────

Processing videos:  24%|▏| 657/2700 [1:19:02<2:37:02,  4.61s/it, video=fSDq8CPXHQM, orig=58, new=187, final=219, dup=26]Processing videos:  24%|▏| 657/2700 [1:19:09<2:37:02,  4.61s/it, video=D61jenC5oBA, orig=81, new=415, final=477, dup=19]Processing videos:  24%|▏| 658/2700 [1:19:09<2:55:01,  5.14s/it, video=D61jenC5oBA, orig=81, new=415, final=477, dup=19]                                                                                                                        
──────────────────────────────────────────────────────────────────────
📹 Video: D61jenC5oBA
──────────────────────────────────────────────────────────────────────
  📊 Scores: Max=0.0479 | Min=0.0002 | Range=[0.0002, 0.0479]
  🎯 Threshold: 0.0335 (70.0% of max)
  ✅ High-Score Frames: 8/81 (9.9%)
  📍 First 10 indices: [116, 348, 377, 406, 522, 667, 957, 2059]
──────────────────────────────────────────────────────────────────────

Processing videos:  24%|▏| 658/2700 [1:19:09<2:55:01,  5.14s/it, video=D61jenC5oBA, orig=81, new=415, final=477, dup=19]Processing videos:  24%|▏| 658/2700 [1:19:14<2:55:01,  5.14s/it, video=D61jenC5oBA, orig=81, new=325, final=385, dup=21]Processing videos:  24%|▏| 659/2700 [1:19:14<2:54:50,  5.14s/it, video=D61jenC5oBA, orig=81, new=325, final=385, dup=21]                                                                                                                        
──────────────────────────────────────────────────────────────────────
📹 Video: D61jenC5oBA
──────────────────────────────────────────────────────────────────────
  📊 Scores: Max=0.5814 | Min=0.0626 | Range=[0.0626, 0.5814]
  🎯 Threshold: 0.4070 (70.0% of max)
  ✅ High-Score Frames: 3/81 (3.7%)
  📍 First 10 indices: [87, 290, 2291]
──────────────────────────────────────────────────────────────────────

Processing videos:  24%|▏| 659/2700 [1:19:14<2:54:50,  5.14s/it, video=D61jenC5oBA, orig=81, new=325, final=385, dup=21]Processing videos:  24%|▍ | 659/2700 [1:19:16<2:54:50,  5.14s/it, video=D61jenC5oBA, orig=81, new=123, final=196, dup=8]Processing videos:  24%|▍ | 660/2700 [1:19:16<2:22:57,  4.20s/it, video=D61jenC5oBA, orig=81, new=123, final=196, dup=8]                                                                                                                        
──────────────────────────────────────────────────────────────────────
📹 Video: c9oXTCVcTSE
──────────────────────────────────────────────────────────────────────
  📊 Scores: Max=1.0000 | Min=0.0001 | Range=[0.0001, 1.0000]
  🎯 Threshold: 0.7000 (70.0% of max)
  ✅ High-Score Frames: 18/59 (30.5%)
  📍 First 10 indices: [432, 456, 480, 672, 792, 912, 936, 960, 984, 1008]
──────────────────────────────────────────────────────────────────────

Processing videos:  24%|▍ | 660/2700 [1:19:16<2:22:57,  4.20s/it, video=D61jenC5oBA, orig=81, new=123, final=196, dup=8]Processing videos:  24%|▏| 660/2700 [1:19:20<2:22:57,  4.20s/it, video=c9oXTCVcTSE, orig=59, new=244, final=269, dup=34]Processing videos:  24%|▏| 661/2700 [1:19:20<2:25:49,  4.29s/it, video=c9oXTCVcTSE, orig=59, new=244, final=269, dup=34]                                                                                                                        
──────────────────────────────────────────────────────────────────────
📹 Video: c9oXTCVcTSE
──────────────────────────────────────────────────────────────────────
  📊 Scores: Max=0.4126 | Min=0.0003 | Range=[0.0003, 0.4126]
  🎯 Threshold: 0.2888 (70.0% of max)
  ✅ High-Score Frames: 1/59 (1.7%)
  📍 First 10 indices: [864]
──────────────────────────────────────────────────────────────────────

Processing videos:  24%|▏| 661/2700 [1:19:20<2:25:49,  4.29s/it, video=c9oXTCVcTSE, orig=59, new=244, final=269, dup=34]Processing videos:  24%|▉   | 661/2700 [1:19:21<2:25:49,  4.29s/it, video=c9oXTCVcTSE, orig=59, new=33, final=87, dup=5]Processing videos:  25%|▉   | 662/2700 [1:19:21<1:51:04,  3.27s/it, video=c9oXTCVcTSE, orig=59, new=33, final=87, dup=5]                                                                                                                        
──────────────────────────────────────────────────────────────────────
📹 Video: c9oXTCVcTSE
──────────────────────────────────────────────────────────────────────
  📊 Scores: Max=0.5720 | Min=0.0207 | Range=[0.0207, 0.5720]
  🎯 Threshold: 0.4004 (70.0% of max)
  ✅ High-Score Frames: 7/59 (11.9%)
  📍 First 10 indices: [264, 288, 312, 1128, 1152, 1200, 1320]
──────────────────────────────────────────────────────────────────────

Processing videos:  25%|▉   | 662/2700 [1:19:21<1:51:04,  3.27s/it, video=c9oXTCVcTSE, orig=59, new=33, final=87, dup=5]Processing videos:  25%|▏| 662/2700 [1:19:24<1:51:04,  3.27s/it, video=c9oXTCVcTSE, orig=59, new=139, final=178, dup=20]Processing videos:  25%|▏| 663/2700 [1:19:24<1:40:53,  2.97s/it, video=c9oXTCVcTSE, orig=59, new=139, final=178, dup=20]                                                                                                                        
──────────────────────────────────────────────────────────────────────
📹 Video: FlcVBKTSjRs
──────────────────────────────────────────────────────────────────────
  📊 Scores: Max=0.9998 | Min=0.0070 | Range=[0.0070, 0.9998]
  🎯 Threshold: 0.6998 (70.0% of max)
  ✅ High-Score Frames: 35/53 (66.0%)
  📍 First 10 indices: [29, 58, 87, 116, 145, 174, 203, 232, 377, 406]
──────────────────────────────────────────────────────────────────────

Processing videos:  25%|▏| 663/2700 [1:19:24<1:40:53,  2.97s/it, video=c9oXTCVcTSE, orig=59, new=139, final=178, dup=20]Processing videos:  25%|▏| 663/2700 [1:19:39<1:40:53,  2.97s/it, video=FlcVBKTSjRs, orig=53, new=1043, final=1055, dup=4Processing videos:  25%|▏| 664/2700 [1:19:39<3:47:58,  6.72s/it, video=FlcVBKTSjRs, orig=53, new=1043, final=1055, dup=4                                                                                                                        
──────────────────────────────────────────────────────────────────────
📹 Video: FlcVBKTSjRs
──────────────────────────────────────────────────────────────────────
  📊 Scores: Max=0.9670 | Min=0.0395 | Range=[0.0395, 0.9670]
  🎯 Threshold: 0.6769 (70.0% of max)
  ✅ High-Score Frames: 10/53 (18.9%)
  📍 First 10 indices: [406, 754, 783, 812, 870, 899, 957, 1044, 1102, 1131]
──────────────────────────────────────────────────────────────────────

Processing videos:  25%|▏| 664/2700 [1:19:39<3:47:58,  6.72s/it, video=FlcVBKTSjRs, orig=53, new=1043, final=1055, dup=4Processing videos:  25%|▏| 664/2700 [1:19:44<3:47:58,  6.72s/it, video=FlcVBKTSjRs, orig=53, new=349, final=383, dup=19]Processing videos:  25%|▏| 665/2700 [1:19:44<3:33:13,  6.29s/it, video=FlcVBKTSjRs, orig=53, new=349, final=383, dup=19]                                                                                                                        
──────────────────────────────────────────────────────────────────────
📹 Video: FlcVBKTSjRs
──────────────────────────────────────────────────────────────────────
  📊 Scores: Max=0.2832 | Min=0.0189 | Range=[0.0189, 0.2832]
  🎯 Threshold: 0.1982 (70.0% of max)
  ✅ High-Score Frames: 10/53 (18.9%)
  📍 First 10 indices: [29, 1015, 1305, 1334, 1363, 1392, 1421, 1450, 1479, 1508]
──────────────────────────────────────────────────────────────────────

Processing videos:  25%|▏| 665/2700 [1:19:44<3:33:13,  6.29s/it, video=FlcVBKTSjRs, orig=53, new=349, final=383, dup=19]Processing videos:  25%|▏| 665/2700 [1:19:49<3:33:13,  6.29s/it, video=FlcVBKTSjRs, orig=53, new=335, final=373, dup=15]Processing videos:  25%|▏| 666/2700 [1:19:49<3:21:11,  5.93s/it, video=FlcVBKTSjRs, orig=53, new=335, final=373, dup=15]                                                                                                                        
──────────────────────────────────────────────────────────────────────
📹 Video: OCTekmo_szs
──────────────────────────────────────────────────────────────────────
  📊 Scores: Max=0.9987 | Min=0.0009 | Range=[0.0009, 0.9987]
  🎯 Threshold: 0.6991 (70.0% of max)
  ✅ High-Score Frames: 19/58 (32.8%)
  📍 First 10 indices: [0, 25, 50, 675, 700, 725, 750, 825, 850, 875]
──────────────────────────────────────────────────────────────────────

Processing videos:  25%|▏| 666/2700 [1:19:50<3:21:11,  5.93s/it, video=FlcVBKTSjRs, orig=53, new=335, final=373, dup=15]Processing videos:  25%|▏| 666/2700 [1:19:57<3:21:11,  5.93s/it, video=OCTekmo_szs, orig=58, new=483, final=514, dup=27]Processing videos:  25%|▏| 667/2700 [1:19:57<3:34:43,  6.34s/it, video=OCTekmo_szs, orig=58, new=483, final=514, dup=27]                                                                                                                        
──────────────────────────────────────────────────────────────────────
📹 Video: OCTekmo_szs
──────────────────────────────────────────────────────────────────────
  📊 Scores: Max=0.9370 | Min=0.0094 | Range=[0.0094, 0.9370]
  🎯 Threshold: 0.6559 (70.0% of max)
  ✅ High-Score Frames: 19/58 (32.8%)
  📍 First 10 indices: [0, 25, 50, 650, 675, 700, 725, 750, 825, 850]
──────────────────────────────────────────────────────────────────────

Processing videos:  25%|▏| 667/2700 [1:19:57<3:34:43,  6.34s/it, video=OCTekmo_szs, orig=58, new=483, final=514, dup=27]Processing videos:  25%|▏| 667/2700 [1:20:04<3:34:43,  6.34s/it, video=OCTekmo_szs, orig=58, new=484, final=514, dup=28]Processing videos:  25%|▏| 668/2700 [1:20:04<3:43:54,  6.61s/it, video=OCTekmo_szs, orig=58, new=484, final=514, dup=28]                                                                                                                        
──────────────────────────────────────────────────────────────────────
📹 Video: OCTekmo_szs
──────────────────────────────────────────────────────────────────────
  📊 Scores: Max=0.3266 | Min=0.0355 | Range=[0.0355, 0.3266]
  🎯 Threshold: 0.2286 (70.0% of max)
  ✅ High-Score Frames: 3/58 (5.2%)
  📍 First 10 indices: [625, 875, 900]
──────────────────────────────────────────────────────────────────────

Processing videos:  25%|▏| 668/2700 [1:20:04<3:43:54,  6.61s/it, video=OCTekmo_szs, orig=58, new=484, final=514, dup=28]Processing videos:  25%|▍ | 668/2700 [1:20:06<3:43:54,  6.61s/it, video=OCTekmo_szs, orig=58, new=104, final=154, dup=8]Processing videos:  25%|▍ | 669/2700 [1:20:06<2:53:50,  5.14s/it, video=OCTekmo_szs, orig=58, new=104, final=154, dup=8]                                                                                                                        
──────────────────────────────────────────────────────────────────────
📹 Video: g1MCVp5xICM
──────────────────────────────────────────────────────────────────────
  📊 Scores: Max=0.9860 | Min=0.0067 | Range=[0.0067, 0.9860]
  🎯 Threshold: 0.6902 (70.0% of max)
  ✅ High-Score Frames: 27/60 (45.0%)
  📍 First 10 indices: [75, 175, 225, 250, 325, 350, 375, 400, 425, 450]
──────────────────────────────────────────────────────────────────────

Processing videos:  25%|▍ | 669/2700 [1:20:06<2:53:50,  5.14s/it, video=OCTekmo_szs, orig=58, new=104, final=154, dup=8]Processing videos:  25%|▏| 669/2700 [1:20:13<2:53:50,  5.14s/it, video=g1MCVp5xICM, orig=60, new=799, final=812, dup=47]Processing videos:  25%|▏| 670/2700 [1:20:13<3:15:25,  5.78s/it, video=g1MCVp5xICM, orig=60, new=799, final=812, dup=47]                                                                                                                        
──────────────────────────────────────────────────────────────────────
📹 Video: g1MCVp5xICM
──────────────────────────────────────────────────────────────────────
  📊 Scores: Max=0.9976 | Min=0.0020 | Range=[0.0020, 0.9976]
  🎯 Threshold: 0.6983 (70.0% of max)
  ✅ High-Score Frames: 14/60 (23.3%)
  📍 First 10 indices: [250, 275, 475, 500, 525, 550, 850, 875, 900, 925]
──────────────────────────────────────────────────────────────────────

Processing videos:  25%|▏| 670/2700 [1:20:13<3:15:25,  5.78s/it, video=g1MCVp5xICM, orig=60, new=799, final=812, dup=47]Processing videos:  25%|▏| 670/2700 [1:20:17<3:15:25,  5.78s/it, video=g1MCVp5xICM, orig=60, new=424, final=460, dup=24]Processing videos:  25%|▏| 671/2700 [1:20:17<2:57:07,  5.24s/it, video=g1MCVp5xICM, orig=60, new=424, final=460, dup=24]                                                                                                                        
──────────────────────────────────────────────────────────────────────
📹 Video: g1MCVp5xICM
──────────────────────────────────────────────────────────────────────
  📊 Scores: Max=0.9999 | Min=0.0481 | Range=[0.0481, 0.9999]
  🎯 Threshold: 0.6999 (70.0% of max)
  ✅ High-Score Frames: 56/60 (93.3%)
  📍 First 10 indices: [75, 100, 125, 150, 175, 200, 225, 250, 275, 300]
──────────────────────────────────────────────────────────────────────

Processing videos:  25%|▏| 671/2700 [1:20:17<2:57:07,  5.24s/it, video=g1MCVp5xICM, orig=60, new=424, final=460, dup=24]Processing videos:  25%|▏| 671/2700 [1:20:30<2:57:07,  5.24s/it, video=g1MCVp5xICM, orig=60, new=1427, final=1428, dup=5Processing videos:  25%|▏| 672/2700 [1:20:30<4:16:46,  7.60s/it, video=g1MCVp5xICM, orig=60, new=1427, final=1428, dup=5                                                                                                                        
──────────────────────────────────────────────────────────────────────
📹 Video: BiJtPU9uP0c
──────────────────────────────────────────────────────────────────────
  📊 Scores: Max=0.8964 | Min=0.0009 | Range=[0.0009, 0.8964]
  🎯 Threshold: 0.6275 (70.0% of max)
  ✅ High-Score Frames: 2/61 (3.3%)
  📍 First 10 indices: [1218, 1740]
──────────────────────────────────────────────────────────────────────

Processing videos:  25%|▏| 672/2700 [1:20:30<4:16:46,  7.60s/it, video=g1MCVp5xICM, orig=60, new=1427, final=1428, dup=5Processing videos:  25%|▋  | 672/2700 [1:20:31<4:16:46,  7.60s/it, video=BiJtPU9uP0c, orig=61, new=79, final=135, dup=5]Processing videos:  25%|▋  | 673/2700 [1:20:31<3:13:32,  5.73s/it, video=BiJtPU9uP0c, orig=61, new=79, final=135, dup=5]                                                                                                                        
──────────────────────────────────────────────────────────────────────
📹 Video: BiJtPU9uP0c
──────────────────────────────────────────────────────────────────────
  📊 Scores: Max=0.9915 | Min=0.3253 | Range=[0.3253, 0.9915]
  🎯 Threshold: 0.6941 (70.0% of max)
  ✅ High-Score Frames: 57/61 (93.4%)
  📍 First 10 indices: [58, 87, 116, 145, 174, 203, 232, 261, 290, 319]
──────────────────────────────────────────────────────────────────────

Processing videos:  25%|▋  | 673/2700 [1:20:31<3:13:32,  5.73s/it, video=BiJtPU9uP0c, orig=61, new=79, final=135, dup=5]Processing videos:  25%|▏| 673/2700 [1:20:55<3:13:32,  5.73s/it, video=BiJtPU9uP0c, orig=61, new=1695, final=1696, dup=6Processing videos:  25%|▏| 674/2700 [1:20:55<6:17:33, 11.18s/it, video=BiJtPU9uP0c, orig=61, new=1695, final=1696, dup=6                                                                                                                        
──────────────────────────────────────────────────────────────────────
📹 Video: BiJtPU9uP0c
──────────────────────────────────────────────────────────────────────
  📊 Scores: Max=0.9954 | Min=0.0058 | Range=[0.0058, 0.9954]
  🎯 Threshold: 0.6968 (70.0% of max)
  ✅ High-Score Frames: 49/61 (80.3%)
  📍 First 10 indices: [87, 116, 174, 203, 261, 290, 319, 348, 377, 406]
──────────────────────────────────────────────────────────────────────

Processing videos:  25%|▏| 674/2700 [1:20:55<6:17:33, 11.18s/it, video=BiJtPU9uP0c, orig=61, new=1695, final=1696, dup=6Processing videos:  25%|▏| 674/2700 [1:21:17<6:17:33, 11.18s/it, video=BiJtPU9uP0c, orig=61, new=1520, final=1522, dup=5                                                                                                                        
======================================================================
Processing videos:  25%|▏| 674/2700 [1:21:17<6:17:33, 11.18s/it, video=BiJtPU9uP0c, orig=61, new=1520, final=1522, dup=5                                                                                                                        💾 CHECKPOINT SAVED [675/2700]
Processing videos:  25%|▏| 674/2700 [1:21:17<6:17:33, 11.18s/it, video=BiJtPU9uP0c, orig=61, new=1520, final=1522, dup=5                                                                                                                        ======================================================================
Processing videos:  25%|▏| 674/2700 [1:21:17<6:17:33, 11.18s/it, video=BiJtPU9uP0c, orig=61, new=1520, final=1522, dup=5                                                                                                                          GPU Memory: 0.00GB allocated, 0.00GB reserved
Processing videos:  25%|▏| 674/2700 [1:21:17<6:17:33, 11.18s/it, video=BiJtPU9uP0c, orig=61, new=1520, final=1522, dup=5                                                                                                                          Videos processed: 675
Processing videos:  25%|▏| 674/2700 [1:21:17<6:17:33, 11.18s/it, video=BiJtPU9uP0c, orig=61, new=1520, final=1522, dup=5                                                                                                                          With dense sampling: 675
Processing videos:  25%|▏| 674/2700 [1:21:17<6:17:33, 11.18s/it, video=BiJtPU9uP0c, orig=61, new=1520, final=1522, dup=5                                                                                                                          Total frames: 457,366
Processing videos:  25%|▏| 674/2700 [1:21:17<6:17:33, 11.18s/it, video=BiJtPU9uP0c, orig=61, new=1520, final=1522, dup=5                                                                                                                          Elapsed time: 81.29 min
Processing videos:  25%|▏| 674/2700 [1:21:17<6:17:33, 11.18s/it, video=BiJtPU9uP0c, orig=61, new=1520, final=1522, dup=5                                                                                                                          Speed: 0.11 videos/sec
Processing videos:  25%|▏| 674/2700 [1:21:17<6:17:33, 11.18s/it, video=BiJtPU9uP0c, orig=61, new=1520, final=1522, dup=5                                                                                                                          ✅ Safe to restart if needed
Processing videos:  25%|▏| 674/2700 [1:21:17<6:17:33, 11.18s/it, video=BiJtPU9uP0c, orig=61, new=1520, final=1522, dup=5                                                                                                                        ======================================================================

Processing videos:  25%|▏| 674/2700 [1:21:17<6:17:33, 11.18s/it, video=BiJtPU9uP0c, orig=61, new=1520, final=1522, dup=5Processing videos:  25%|▎| 675/2700 [1:21:17<8:05:27, 14.38s/it, video=BiJtPU9uP0c, orig=61, new=1520, final=1522, dup=5                                                                                                                        
──────────────────────────────────────────────────────────────────────
📹 Video: OQAf_rTw7n8
──────────────────────────────────────────────────────────────────────
  📊 Scores: Max=0.9728 | Min=0.0003 | Range=[0.0003, 0.9728]
  🎯 Threshold: 0.6809 (70.0% of max)
  ✅ High-Score Frames: 9/100 (9.0%)
  📍 First 10 indices: [425, 450, 475, 1575, 1600, 2400, 2425, 2450, 2475]
──────────────────────────────────────────────────────────────────────

Processing videos:  25%|▎| 675/2700 [1:21:17<8:05:27, 14.38s/it, video=BiJtPU9uP0c, orig=61, new=1520, final=1522, dup=5Processing videos:  25%|▎| 675/2700 [1:21:22<8:05:27, 14.38s/it, video=OQAf_rTw7n8, orig=100, new=291, final=374, dup=17Processing videos:  25%|▎| 676/2700 [1:21:22<6:24:50, 11.41s/it, video=OQAf_rTw7n8, orig=100, new=291, final=374, dup=17                                                                                                                        
──────────────────────────────────────────────────────────────────────
📹 Video: OQAf_rTw7n8
──────────────────────────────────────────────────────────────────────
  📊 Scores: Max=0.9939 | Min=0.0014 | Range=[0.0014, 0.9939]
  🎯 Threshold: 0.6957 (70.0% of max)
  ✅ High-Score Frames: 9/100 (9.0%)
  📍 First 10 indices: [425, 450, 475, 1575, 1600, 2400, 2425, 2450, 2475]
──────────────────────────────────────────────────────────────────────

Processing videos:  25%|▎| 676/2700 [1:21:22<6:24:50, 11.41s/it, video=OQAf_rTw7n8, orig=100, new=291, final=374, dup=17Processing videos:  25%|▎| 676/2700 [1:21:26<6:24:50, 11.41s/it, video=OQAf_rTw7n8, orig=100, new=291, final=374, dup=17Processing videos:  25%|▎| 677/2700 [1:21:26<5:14:14,  9.32s/it, video=OQAf_rTw7n8, orig=100, new=291, final=374, dup=17                                                                                                                        
──────────────────────────────────────────────────────────────────────
📹 Video: OQAf_rTw7n8
──────────────────────────────────────────────────────────────────────
  📊 Scores: Max=0.9010 | Min=0.0005 | Range=[0.0005, 0.9010]
  🎯 Threshold: 0.6307 (70.0% of max)
  ✅ High-Score Frames: 4/100 (4.0%)
  📍 First 10 indices: [2400, 2425, 2450, 2475]
──────────────────────────────────────────────────────────────────────

Processing videos:  25%|▎| 677/2700 [1:21:26<5:14:14,  9.32s/it, video=OQAf_rTw7n8, orig=100, new=291, final=374, dup=17Processing videos:  25%|▎| 677/2700 [1:21:28<5:14:14,  9.32s/it, video=OQAf_rTw7n8, orig=100, new=120, final=214, dup=6]Processing videos:  25%|▎| 678/2700 [1:21:28<3:58:26,  7.08s/it, video=OQAf_rTw7n8, orig=100, new=120, final=214, dup=6]                                                                                                                        
──────────────────────────────────────────────────────────────────────
📹 Video: qhW8L_GAodE
──────────────────────────────────────────────────────────────────────
  📊 Scores: Max=0.9980 | Min=0.0028 | Range=[0.0028, 0.9980]
  🎯 Threshold: 0.6986 (70.0% of max)
  ✅ High-Score Frames: 64/86 (74.4%)
  📍 First 10 indices: [150, 180, 210, 240, 270, 300, 330, 360, 390, 420]
──────────────────────────────────────────────────────────────────────

Processing videos:  25%|▎| 678/2700 [1:21:28<3:58:26,  7.08s/it, video=OQAf_rTw7n8, orig=100, new=120, final=214, dup=6]Processing videos:  25%|▎| 678/2700 [1:21:40<3:58:26,  7.08s/it, video=qhW8L_GAodE, orig=86, new=782, final=788, dup=80]Processing videos:  25%|▎| 679/2700 [1:21:40<4:53:43,  8.72s/it, video=qhW8L_GAodE, orig=86, new=782, final=788, dup=80]                                                                                                                        
──────────────────────────────────────────────────────────────────────
📹 Video: qhW8L_GAodE
──────────────────────────────────────────────────────────────────────
  📊 Scores: Max=0.9997 | Min=0.0008 | Range=[0.0008, 0.9997]
  🎯 Threshold: 0.6998 (70.0% of max)
  ✅ High-Score Frames: 65/86 (75.6%)
  📍 First 10 indices: [30, 60, 90, 120, 150, 180, 210, 240, 270, 300]
──────────────────────────────────────────────────────────────────────

Processing videos:  25%|▎| 679/2700 [1:21:40<4:53:43,  8.72s/it, video=qhW8L_GAodE, orig=86, new=782, final=788, dup=80]Processing videos:  25%|▎| 679/2700 [1:21:53<4:53:43,  8.72s/it, video=qhW8L_GAodE, orig=86, new=802, final=806, dup=82]Processing videos:  25%|▎| 680/2700 [1:21:53<5:34:02,  9.92s/it, video=qhW8L_GAodE, orig=86, new=802, final=806, dup=82]                                                                                                                        
──────────────────────────────────────────────────────────────────────
📹 Video: qhW8L_GAodE
──────────────────────────────────────────────────────────────────────
  📊 Scores: Max=0.3814 | Min=0.0091 | Range=[0.0091, 0.3814]
  🎯 Threshold: 0.2670 (70.0% of max)
  ✅ High-Score Frames: 26/86 (30.2%)
  📍 First 10 indices: [120, 150, 240, 300, 390, 420, 450, 480, 510, 540]
──────────────────────────────────────────────────────────────────────

Processing videos:  25%|▎| 680/2700 [1:21:53<5:34:02,  9.92s/it, video=qhW8L_GAodE, orig=86, new=802, final=806, dup=82]Processing videos:  25%|▎| 680/2700 [1:22:01<5:34:02,  9.92s/it, video=qhW8L_GAodE, orig=86, new=451, final=491, dup=46]Processing videos:  25%|▎| 681/2700 [1:22:01<5:10:59,  9.24s/it, video=qhW8L_GAodE, orig=86, new=451, final=491, dup=46]                                                                                                                        
──────────────────────────────────────────────────────────────────────
📹 Video: ufZMrlZRn8o
──────────────────────────────────────────────────────────────────────
  📊 Scores: Max=0.7588 | Min=0.0026 | Range=[0.0026, 0.7588]
  🎯 Threshold: 0.5312 (70.0% of max)
  ✅ High-Score Frames: 4/100 (4.0%)
  📍 First 10 indices: [30, 60, 90, 120]
──────────────────────────────────────────────────────────────────────

Processing videos:  25%|▎| 681/2700 [1:22:01<5:10:59,  9.24s/it, video=qhW8L_GAodE, orig=86, new=451, final=491, dup=46]Processing videos:  25%|▌ | 681/2700 [1:22:02<5:10:59,  9.24s/it, video=ufZMrlZRn8o, orig=100, new=61, final=154, dup=7]Processing videos:  25%|▌ | 682/2700 [1:22:02<3:47:55,  6.78s/it, video=ufZMrlZRn8o, orig=100, new=61, final=154, dup=7]                                                                                                                        
──────────────────────────────────────────────────────────────────────
📹 Video: ufZMrlZRn8o
──────────────────────────────────────────────────────────────────────
  📊 Scores: Max=0.9969 | Min=0.0081 | Range=[0.0081, 0.9969]
  🎯 Threshold: 0.6978 (70.0% of max)
  ✅ High-Score Frames: 81/100 (81.0%)
  📍 First 10 indices: [30, 60, 90, 120, 150, 180, 210, 240, 270, 300]
──────────────────────────────────────────────────────────────────────

Processing videos:  25%|▌ | 682/2700 [1:22:02<3:47:55,  6.78s/it, video=ufZMrlZRn8o, orig=100, new=61, final=154, dup=7]Processing videos:  25%|▎| 682/2700 [1:22:16<3:47:55,  6.78s/it, video=ufZMrlZRn8o, orig=100, new=932, final=937, dup=95Processing videos:  25%|▎| 683/2700 [1:22:16<5:06:16,  9.11s/it, video=ufZMrlZRn8o, orig=100, new=932, final=937, dup=95                                                                                                                        
──────────────────────────────────────────────────────────────────────
📹 Video: ufZMrlZRn8o
──────────────────────────────────────────────────────────────────────
  📊 Scores: Max=0.8206 | Min=0.0003 | Range=[0.0003, 0.8206]
  🎯 Threshold: 0.5744 (70.0% of max)
  ✅ High-Score Frames: 6/100 (6.0%)
  📍 First 10 indices: [1830, 1860, 1890, 1920, 2010, 2100]
──────────────────────────────────────────────────────────────────────

Processing videos:  25%|▎| 683/2700 [1:22:16<5:06:16,  9.11s/it, video=ufZMrlZRn8o, orig=100, new=932, final=937, dup=95Processing videos:  25%|▎| 683/2700 [1:22:19<5:06:16,  9.11s/it, video=ufZMrlZRn8o, orig=100, new=131, final=217, dup=14Processing videos:  25%|▎| 684/2700 [1:22:19<3:55:38,  7.01s/it, video=ufZMrlZRn8o, orig=100, new=131, final=217, dup=14                                                                                                                        
──────────────────────────────────────────────────────────────────────
📹 Video: IKtnfFHjERg
──────────────────────────────────────────────────────────────────────
  📊 Scores: Max=0.9994 | Min=0.0017 | Range=[0.0017, 0.9994]
  🎯 Threshold: 0.6996 (70.0% of max)
  ✅ High-Score Frames: 85/89 (95.5%)
  📍 First 10 indices: [0, 30, 60, 90, 120, 150, 180, 210, 240, 270]
──────────────────────────────────────────────────────────────────────

Processing videos:  25%|▎| 684/2700 [1:22:19<3:55:38,  7.01s/it, video=ufZMrlZRn8o, orig=100, new=131, final=217, dup=14Processing videos:  25%|▎| 684/2700 [1:22:27<3:55:38,  7.01s/it, video=IKtnfFHjERg, orig=89, new=861, final=863, dup=87]Processing videos:  25%|▎| 685/2700 [1:22:27<4:05:18,  7.30s/it, video=IKtnfFHjERg, orig=89, new=861, final=863, dup=87]                                                                                                                        
──────────────────────────────────────────────────────────────────────
📹 Video: IKtnfFHjERg
──────────────────────────────────────────────────────────────────────
  📊 Scores: Max=0.9982 | Min=0.0063 | Range=[0.0063, 0.9982]
  🎯 Threshold: 0.6987 (70.0% of max)
  ✅ High-Score Frames: 85/89 (95.5%)
  📍 First 10 indices: [0, 30, 60, 90, 120, 150, 180, 210, 240, 270]
──────────────────────────────────────────────────────────────────────

Processing videos:  25%|▎| 685/2700 [1:22:27<4:05:18,  7.30s/it, video=IKtnfFHjERg, orig=89, new=861, final=863, dup=87]Processing videos:  25%|▎| 685/2700 [1:22:35<4:05:18,  7.30s/it, video=IKtnfFHjERg, orig=89, new=861, final=863, dup=87]Processing videos:  25%|▎| 686/2700 [1:22:35<4:12:10,  7.51s/it, video=IKtnfFHjERg, orig=89, new=861, final=863, dup=87]                                                                                                                        
──────────────────────────────────────────────────────────────────────
📹 Video: IKtnfFHjERg
──────────────────────────────────────────────────────────────────────
  📊 Scores: Max=0.9997 | Min=0.0270 | Range=[0.0270, 0.9997]
  🎯 Threshold: 0.6998 (70.0% of max)
  ✅ High-Score Frames: 85/89 (95.5%)
  📍 First 10 indices: [0, 30, 60, 90, 120, 150, 180, 210, 240, 270]
──────────────────────────────────────────────────────────────────────

Processing videos:  25%|▎| 686/2700 [1:22:35<4:12:10,  7.51s/it, video=IKtnfFHjERg, orig=89, new=861, final=863, dup=87]Processing videos:  25%|▎| 686/2700 [1:22:43<4:12:10,  7.51s/it, video=IKtnfFHjERg, orig=89, new=861, final=863, dup=87]Processing videos:  25%|▎| 687/2700 [1:22:43<4:18:27,  7.70s/it, video=IKtnfFHjERg, orig=89, new=861, final=863, dup=87]                                                                                                                        
──────────────────────────────────────────────────────────────────────
📹 Video: B_OL2TSrpKM
──────────────────────────────────────────────────────────────────────
  📊 Scores: Max=0.9779 | Min=0.0056 | Range=[0.0056, 0.9779]
  🎯 Threshold: 0.6845 (70.0% of max)
  ✅ High-Score Frames: 27/101 (26.7%)
  📍 First 10 indices: [210, 510, 630, 660, 690, 900, 960, 990, 1020, 1050]
──────────────────────────────────────────────────────────────────────

Processing videos:  25%|▎| 687/2700 [1:22:43<4:18:27,  7.70s/it, video=IKtnfFHjERg, orig=89, new=861, final=863, dup=87]Processing videos:  25%|▎| 687/2700 [1:22:48<4:18:27,  7.70s/it, video=B_OL2TSrpKM, orig=101, new=495, final=542, dup=54Processing videos:  25%|▎| 688/2700 [1:22:48<3:49:45,  6.85s/it, video=B_OL2TSrpKM, orig=101, new=495, final=542, dup=54                                                                                                                        
──────────────────────────────────────────────────────────────────────
📹 Video: B_OL2TSrpKM
──────────────────────────────────────────────────────────────────────
  📊 Scores: Max=0.9990 | Min=0.0028 | Range=[0.0028, 0.9990]
  🎯 Threshold: 0.6993 (70.0% of max)
  ✅ High-Score Frames: 83/101 (82.2%)
  📍 First 10 indices: [90, 120, 150, 180, 210, 240, 270, 300, 330, 360]
──────────────────────────────────────────────────────────────────────

Processing videos:  25%|▎| 688/2700 [1:22:48<3:49:45,  6.85s/it, video=B_OL2TSrpKM, orig=101, new=495, final=542, dup=54Processing videos:  25%|▎| 688/2700 [1:22:57<3:49:45,  6.85s/it, video=B_OL2TSrpKM, orig=101, new=952, final=956, dup=97Processing videos:  26%|▎| 689/2700 [1:22:57<4:17:23,  7.68s/it, video=B_OL2TSrpKM, orig=101, new=952, final=956, dup=97                                                                                                                        
──────────────────────────────────────────────────────────────────────
📹 Video: B_OL2TSrpKM
──────────────────────────────────────────────────────────────────────
  📊 Scores: Max=0.9999 | Min=0.0009 | Range=[0.0009, 0.9999]
  🎯 Threshold: 0.7000 (70.0% of max)
  ✅ High-Score Frames: 93/101 (92.1%)
  📍 First 10 indices: [90, 120, 150, 210, 240, 270, 300, 330, 360, 390]
──────────────────────────────────────────────────────────────────────

Processing videos:  26%|▎| 689/2700 [1:22:57<4:17:23,  7.68s/it, video=B_OL2TSrpKM, orig=101, new=952, final=956, dup=97Processing videos:  26%|▎| 689/2700 [1:23:06<4:17:23,  7.68s/it, video=B_OL2TSrpKM, orig=101, new=971, final=974, dup=98Processing videos:  26%|▎| 690/2700 [1:23:06<4:32:11,  8.12s/it, video=B_OL2TSrpKM, orig=101, new=971, final=974, dup=98                                                                                                                        
──────────────────────────────────────────────────────────────────────
📹 Video: KfTtpoIovuk
──────────────────────────────────────────────────────────────────────
  📊 Scores: Max=0.8848 | Min=0.0005 | Range=[0.0005, 0.8848]
  🎯 Threshold: 0.6193 (70.0% of max)
  ✅ High-Score Frames: 1/28 (3.6%)
  📍 First 10 indices: [115]
──────────────────────────────────────────────────────────────────────

Processing videos:  26%|▎| 690/2700 [1:23:06<4:32:11,  8.12s/it, video=B_OL2TSrpKM, orig=101, new=971, final=974, dup=98Processing videos:  26%|█   | 690/2700 [1:23:07<4:32:11,  8.12s/it, video=KfTtpoIovuk, orig=28, new=49, final=74, dup=3]Processing videos:  26%|█   | 691/2700 [1:23:07<3:19:02,  5.94s/it, video=KfTtpoIovuk, orig=28, new=49, final=74, dup=3]                                                                                                                        
──────────────────────────────────────────────────────────────────────
📹 Video: KfTtpoIovuk
──────────────────────────────────────────────────────────────────────
  📊 Scores: Max=0.3014 | Min=0.0170 | Range=[0.0170, 0.3014]
  🎯 Threshold: 0.2110 (70.0% of max)
  ✅ High-Score Frames: 5/28 (17.9%)
  📍 First 10 indices: [92, 115, 345, 391, 414]
──────────────────────────────────────────────────────────────────────

Processing videos:  26%|█   | 691/2700 [1:23:07<3:19:02,  5.94s/it, video=KfTtpoIovuk, orig=28, new=49, final=74, dup=3]Processing videos:  26%|▎| 691/2700 [1:23:11<3:19:02,  5.94s/it, video=KfTtpoIovuk, orig=28, new=216, final=234, dup=10]Processing videos:  26%|▎| 692/2700 [1:23:11<2:57:37,  5.31s/it, video=KfTtpoIovuk, orig=28, new=216, final=234, dup=10]                                                                                                                        
──────────────────────────────────────────────────────────────────────
📹 Video: KfTtpoIovuk
──────────────────────────────────────────────────────────────────────
  📊 Scores: Max=0.4880 | Min=0.0186 | Range=[0.0186, 0.4880]
  🎯 Threshold: 0.3416 (70.0% of max)
  ✅ High-Score Frames: 1/28 (3.6%)
  📍 First 10 indices: [92]
──────────────────────────────────────────────────────────────────────

Processing videos:  26%|▎| 692/2700 [1:23:11<2:57:37,  5.31s/it, video=KfTtpoIovuk, orig=28, new=216, final=234, dup=10]Processing videos:  26%|█   | 692/2700 [1:23:12<2:57:37,  5.31s/it, video=KfTtpoIovuk, orig=28, new=49, final=74, dup=3]Processing videos:  26%|█   | 693/2700 [1:23:12<2:12:15,  3.95s/it, video=KfTtpoIovuk, orig=28, new=49, final=74, dup=3]                                                                                                                        
──────────────────────────────────────────────────────────────────────
📹 Video: zPx3EibuO_w
──────────────────────────────────────────────────────────────────────
  📊 Scores: Max=0.9507 | Min=0.0001 | Range=[0.0001, 0.9507]
  🎯 Threshold: 0.6655 (70.0% of max)
  ✅ High-Score Frames: 3/47 (6.4%)
  📍 First 10 indices: [275, 350, 400]
──────────────────────────────────────────────────────────────────────

Processing videos:  26%|█   | 693/2700 [1:23:12<2:12:15,  3.95s/it, video=KfTtpoIovuk, orig=28, new=49, final=74, dup=3]Processing videos:  26%|▊  | 693/2700 [1:23:14<2:12:15,  3.95s/it, video=zPx3EibuO_w, orig=47, new=95, final=135, dup=7]Processing videos:  26%|▊  | 694/2700 [1:23:14<1:51:43,  3.34s/it, video=zPx3EibuO_w, orig=47, new=95, final=135, dup=7]                                                                                                                        
──────────────────────────────────────────────────────────────────────
📹 Video: zPx3EibuO_w
──────────────────────────────────────────────────────────────────────
  📊 Scores: Max=0.9288 | Min=0.0087 | Range=[0.0087, 0.9288]
  🎯 Threshold: 0.6501 (70.0% of max)
  ✅ High-Score Frames: 11/47 (23.4%)
  📍 First 10 indices: [350, 400, 450, 500, 525, 550, 575, 850, 1050, 1075]
──────────────────────────────────────────────────────────────────────

Processing videos:  26%|▊  | 694/2700 [1:23:14<1:51:43,  3.34s/it, video=zPx3EibuO_w, orig=47, new=95, final=135, dup=7]Processing videos:  26%|▎| 694/2700 [1:23:19<1:51:43,  3.34s/it, video=zPx3EibuO_w, orig=47, new=357, final=383, dup=21]Processing videos:  26%|▎| 695/2700 [1:23:19<2:14:20,  4.02s/it, video=zPx3EibuO_w, orig=47, new=357, final=383, dup=21]                                                                                                                        
──────────────────────────────────────────────────────────────────────
📹 Video: zPx3EibuO_w
──────────────────────────────────────────────────────────────────────
  📊 Scores: Max=0.4133 | Min=0.0069 | Range=[0.0069, 0.4133]
  🎯 Threshold: 0.2893 (70.0% of max)
  ✅ High-Score Frames: 2/47 (4.3%)
  📍 First 10 indices: [100, 475]
──────────────────────────────────────────────────────────────────────

Processing videos:  26%|▎| 695/2700 [1:23:19<2:14:20,  4.02s/it, video=zPx3EibuO_w, orig=47, new=357, final=383, dup=21]Processing videos:  26%|▊  | 695/2700 [1:23:21<2:14:20,  4.02s/it, video=zPx3EibuO_w, orig=47, new=70, final=111, dup=6]Processing videos:  26%|▊  | 696/2700 [1:23:21<1:46:04,  3.18s/it, video=zPx3EibuO_w, orig=47, new=70, final=111, dup=6]                                                                                                                        
──────────────────────────────────────────────────────────────────────
📹 Video: J2rlJV7zKZw
──────────────────────────────────────────────────────────────────────
  📊 Scores: Max=0.9908 | Min=0.0081 | Range=[0.0081, 0.9908]
  🎯 Threshold: 0.6936 (70.0% of max)
  ✅ High-Score Frames: 15/51 (29.4%)
  📍 First 10 indices: [175, 225, 300, 325, 550, 575, 650, 675, 700, 850]
──────────────────────────────────────────────────────────────────────

Processing videos:  26%|▊  | 696/2700 [1:23:21<1:46:04,  3.18s/it, video=zPx3EibuO_w, orig=47, new=70, final=111, dup=6]Processing videos:  26%|▎| 696/2700 [1:23:28<1:46:04,  3.18s/it, video=J2rlJV7zKZw, orig=51, new=496, final=515, dup=32]Processing videos:  26%|▎| 697/2700 [1:23:28<2:29:48,  4.49s/it, video=J2rlJV7zKZw, orig=51, new=496, final=515, dup=32]                                                                                                                        
──────────────────────────────────────────────────────────────────────
📹 Video: J2rlJV7zKZw
──────────────────────────────────────────────────────────────────────
  📊 Scores: Max=0.9574 | Min=0.0016 | Range=[0.0016, 0.9574]
  🎯 Threshold: 0.6702 (70.0% of max)
  ✅ High-Score Frames: 8/51 (15.7%)
  📍 First 10 indices: [850, 875, 900, 1075, 1100, 1125, 1150, 1175]
──────────────────────────────────────────────────────────────────────

Processing videos:  26%|▎| 697/2700 [1:23:28<2:29:48,  4.49s/it, video=J2rlJV7zKZw, orig=51, new=496, final=515, dup=32]Processing videos:  26%|▎| 697/2700 [1:23:32<2:29:48,  4.49s/it, video=J2rlJV7zKZw, orig=51, new=254, final=291, dup=14]Processing videos:  26%|▎| 698/2700 [1:23:32<2:23:10,  4.29s/it, video=J2rlJV7zKZw, orig=51, new=254, final=291, dup=14]                                                                                                                        
──────────────────────────────────────────────────────────────────────
📹 Video: J2rlJV7zKZw
──────────────────────────────────────────────────────────────────────
  📊 Scores: Max=0.9468 | Min=0.0002 | Range=[0.0002, 0.9468]
  🎯 Threshold: 0.6628 (70.0% of max)
  ✅ High-Score Frames: 18/51 (35.3%)
  📍 First 10 indices: [0, 25, 50, 75, 100, 125, 825, 925, 950, 975]
──────────────────────────────────────────────────────────────────────

Processing videos:  26%|▎| 698/2700 [1:23:32<2:23:10,  4.29s/it, video=J2rlJV7zKZw, orig=51, new=254, final=291, dup=14]Processing videos:  26%|▎| 698/2700 [1:23:39<2:23:10,  4.29s/it, video=J2rlJV7zKZw, orig=51, new=464, final=491, dup=24]Processing videos:  26%|▎| 699/2700 [1:23:39<2:50:09,  5.10s/it, video=J2rlJV7zKZw, orig=51, new=464, final=491, dup=24]                                                                                                                        
──────────────────────────────────────────────────────────────────────
📹 Video: v0m3E_uSyFg
──────────────────────────────────────────────────────────────────────
  📊 Scores: Max=0.9912 | Min=0.0002 | Range=[0.0002, 0.9912]
  🎯 Threshold: 0.6939 (70.0% of max)
  ✅ High-Score Frames: 11/61 (18.0%)
  📍 First 10 indices: [58, 377, 406, 435, 464, 493, 522, 551, 580, 609]
──────────────────────────────────────────────────────────────────────

Processing videos:  26%|▎| 699/2700 [1:23:39<2:50:09,  5.10s/it, video=J2rlJV7zKZw, orig=51, new=464, final=491, dup=24]Processing videos:  26%|▎| 699/2700 [1:23:45<2:50:09,  5.10s/it, video=v0m3E_uSyFg, orig=61, new=364, final=409, dup=16]                                                                                                                        
======================================================================
Processing videos:  26%|▎| 699/2700 [1:23:45<2:50:09,  5.10s/it, video=v0m3E_uSyFg, orig=61, new=364, final=409, dup=16]                                                                                                                        💾 CHECKPOINT SAVED [700/2700]
Processing videos:  26%|▎| 699/2700 [1:23:45<2:50:09,  5.10s/it, video=v0m3E_uSyFg, orig=61, new=364, final=409, dup=16]                                                                                                                        ======================================================================
Processing videos:  26%|▎| 699/2700 [1:23:45<2:50:09,  5.10s/it, video=v0m3E_uSyFg, orig=61, new=364, final=409, dup=16]                                                                                                                          GPU Memory: 0.00GB allocated, 0.00GB reserved
Processing videos:  26%|▎| 699/2700 [1:23:45<2:50:09,  5.10s/it, video=v0m3E_uSyFg, orig=61, new=364, final=409, dup=16]                                                                                                                          Videos processed: 700
Processing videos:  26%|▎| 699/2700 [1:23:45<2:50:09,  5.10s/it, video=v0m3E_uSyFg, orig=61, new=364, final=409, dup=16]                                                                                                                          With dense sampling: 700
Processing videos:  26%|▎| 699/2700 [1:23:45<2:50:09,  5.10s/it, video=v0m3E_uSyFg, orig=61, new=364, final=409, dup=16]                                                                                                                          Total frames: 469,499
Processing videos:  26%|▎| 699/2700 [1:23:45<2:50:09,  5.10s/it, video=v0m3E_uSyFg, orig=61, new=364, final=409, dup=16]                                                                                                                          Elapsed time: 83.76 min
Processing videos:  26%|▎| 699/2700 [1:23:45<2:50:09,  5.10s/it, video=v0m3E_uSyFg, orig=61, new=364, final=409, dup=16]                                                                                                                          Speed: 0.11 videos/sec
Processing videos:  26%|▎| 699/2700 [1:23:45<2:50:09,  5.10s/it, video=v0m3E_uSyFg, orig=61, new=364, final=409, dup=16]                                                                                                                          ✅ Safe to restart if needed
Processing videos:  26%|▎| 699/2700 [1:23:45<2:50:09,  5.10s/it, video=v0m3E_uSyFg, orig=61, new=364, final=409, dup=16]                                                                                                                        ======================================================================

Processing videos:  26%|▎| 699/2700 [1:23:45<2:50:09,  5.10s/it, video=v0m3E_uSyFg, orig=61, new=364, final=409, dup=16]Processing videos:  26%|▎| 700/2700 [1:23:45<3:01:45,  5.45s/it, video=v0m3E_uSyFg, orig=61, new=364, final=409, dup=16]                                                                                                                        
──────────────────────────────────────────────────────────────────────
📹 Video: v0m3E_uSyFg
──────────────────────────────────────────────────────────────────────
  📊 Scores: Max=0.8270 | Min=0.0285 | Range=[0.0285, 0.8270]
  🎯 Threshold: 0.5789 (70.0% of max)
  ✅ High-Score Frames: 9/61 (14.8%)
  📍 First 10 indices: [58, 145, 377, 406, 435, 899, 928, 957, 1682]
──────────────────────────────────────────────────────────────────────

Processing videos:  26%|▎| 700/2700 [1:23:45<3:01:45,  5.45s/it, video=v0m3E_uSyFg, orig=61, new=364, final=409, dup=16]Processing videos:  26%|▎| 700/2700 [1:23:51<3:01:45,  5.45s/it, video=v0m3E_uSyFg, orig=61, new=363, final=403, dup=21]Processing videos:  26%|▎| 701/2700 [1:23:51<3:03:22,  5.50s/it, video=v0m3E_uSyFg, orig=61, new=363, final=403, dup=21]                                                                                                                        
──────────────────────────────────────────────────────────────────────
📹 Video: v0m3E_uSyFg
──────────────────────────────────────────────────────────────────────
  📊 Scores: Max=0.9605 | Min=0.0378 | Range=[0.0378, 0.9605]
  🎯 Threshold: 0.6724 (70.0% of max)
  ✅ High-Score Frames: 12/61 (19.7%)
  📍 First 10 indices: [29, 58, 87, 116, 145, 377, 406, 435, 522, 899]
──────────────────────────────────────────────────────────────────────

Processing videos:  26%|▎| 701/2700 [1:23:51<3:03:22,  5.50s/it, video=v0m3E_uSyFg, orig=61, new=363, final=403, dup=21]Processing videos:  26%|▎| 701/2700 [1:23:57<3:03:22,  5.50s/it, video=v0m3E_uSyFg, orig=61, new=410, final=449, dup=22]Processing videos:  26%|▎| 702/2700 [1:23:57<3:10:53,  5.73s/it, video=v0m3E_uSyFg, orig=61, new=410, final=449, dup=22]                                                                                                                        
──────────────────────────────────────────────────────────────────────
📹 Video: kij9GXWdmik
──────────────────────────────────────────────────────────────────────
  📊 Scores: Max=0.9996 | Min=0.0004 | Range=[0.0004, 0.9996]
  🎯 Threshold: 0.6997 (70.0% of max)
  ✅ High-Score Frames: 44/59 (74.6%)
  📍 First 10 indices: [125, 150, 175, 200, 225, 250, 275, 300, 325, 350]
──────────────────────────────────────────────────────────────────────

Processing videos:  26%|▎| 702/2700 [1:23:57<3:10:53,  5.73s/it, video=v0m3E_uSyFg, orig=61, new=410, final=449, dup=22]Processing videos:  26%|▎| 702/2700 [1:24:14<3:10:53,  5.73s/it, video=kij9GXWdmik, orig=59, new=1164, final=1171, dup=5Processing videos:  26%|▎| 703/2700 [1:24:14<5:06:50,  9.22s/it, video=kij9GXWdmik, orig=59, new=1164, final=1171, dup=5                                                                                                                        
──────────────────────────────────────────────────────────────────────
📹 Video: kij9GXWdmik
──────────────────────────────────────────────────────────────────────
  📊 Scores: Max=0.1798 | Min=0.0001 | Range=[0.0001, 0.1798]
  🎯 Threshold: 0.1259 (70.0% of max)
  ✅ High-Score Frames: 1/59 (1.7%)
  📍 First 10 indices: [1425]
──────────────────────────────────────────────────────────────────────

Processing videos:  26%|▎| 703/2700 [1:24:14<5:06:50,  9.22s/it, video=kij9GXWdmik, orig=59, new=1164, final=1171, dup=5Processing videos:  26%|█   | 703/2700 [1:24:15<5:06:50,  9.22s/it, video=kij9GXWdmik, orig=59, new=35, final=91, dup=3]Processing videos:  26%|█   | 704/2700 [1:24:15<3:40:36,  6.63s/it, video=kij9GXWdmik, orig=59, new=35, final=91, dup=3]                                                                                                                        
──────────────────────────────────────────────────────────────────────
📹 Video: kij9GXWdmik
──────────────────────────────────────────────────────────────────────
  📊 Scores: Max=0.1080 | Min=0.0059 | Range=[0.0059, 0.1080]
  🎯 Threshold: 0.0756 (70.0% of max)
  ✅ High-Score Frames: 8/59 (13.6%)
  📍 First 10 indices: [275, 300, 1050, 1100, 1150, 1275, 1375, 1425]
──────────────────────────────────────────────────────────────────────

Processing videos:  26%|█   | 704/2700 [1:24:15<3:40:36,  6.63s/it, video=kij9GXWdmik, orig=59, new=35, final=91, dup=3]Processing videos:  26%|▎| 704/2700 [1:24:19<3:40:36,  6.63s/it, video=kij9GXWdmik, orig=59, new=276, final=315, dup=20]Processing videos:  26%|▎| 705/2700 [1:24:19<3:17:07,  5.93s/it, video=kij9GXWdmik, orig=59, new=276, final=315, dup=20]                                                                                                                        
──────────────────────────────────────────────────────────────────────
📹 Video: NAahAX62MZ0
──────────────────────────────────────────────────────────────────────
  📊 Scores: Max=0.9563 | Min=0.0000 | Range=[0.0000, 0.9563]
  🎯 Threshold: 0.6694 (70.0% of max)
  ✅ High-Score Frames: 9/68 (13.2%)
  📍 First 10 indices: [348, 377, 406, 435, 464, 522, 870, 1856, 1914]
──────────────────────────────────────────────────────────────────────

Processing videos:  26%|▎| 705/2700 [1:24:19<3:17:07,  5.93s/it, video=kij9GXWdmik, orig=59, new=276, final=315, dup=20]Processing videos:  26%|▎| 705/2700 [1:24:24<3:17:07,  5.93s/it, video=NAahAX62MZ0, orig=68, new=329, final=381, dup=16]Processing videos:  26%|▎| 706/2700 [1:24:24<3:08:54,  5.68s/it, video=NAahAX62MZ0, orig=68, new=329, final=381, dup=16]                                                                                                                        
──────────────────────────────────────────────────────────────────────
📹 Video: NAahAX62MZ0
──────────────────────────────────────────────────────────────────────
  📊 Scores: Max=0.9365 | Min=0.0066 | Range=[0.0066, 0.9365]
  🎯 Threshold: 0.6555 (70.0% of max)
  ✅ High-Score Frames: 12/68 (17.6%)
  📍 First 10 indices: [319, 348, 377, 406, 899, 1624, 1653, 1682, 1711, 1740]
──────────────────────────────────────────────────────────────────────

Processing videos:  26%|▎| 706/2700 [1:24:24<3:08:54,  5.68s/it, video=NAahAX62MZ0, orig=68, new=329, final=381, dup=16]Processing videos:  26%|▎| 706/2700 [1:24:31<3:08:54,  5.68s/it, video=NAahAX62MZ0, orig=68, new=449, final=495, dup=22]Processing videos:  26%|▎| 707/2700 [1:24:31<3:21:14,  6.06s/it, video=NAahAX62MZ0, orig=68, new=449, final=495, dup=22]                                                                                                                        
──────────────────────────────────────────────────────────────────────
📹 Video: NAahAX62MZ0
──────────────────────────────────────────────────────────────────────
  📊 Scores: Max=0.9828 | Min=0.0009 | Range=[0.0009, 0.9828]
  🎯 Threshold: 0.6880 (70.0% of max)
  ✅ High-Score Frames: 8/68 (11.8%)
  📍 First 10 indices: [348, 377, 406, 435, 522, 1682, 1711, 1740]
──────────────────────────────────────────────────────────────────────

Processing videos:  26%|▎| 707/2700 [1:24:31<3:21:14,  6.06s/it, video=NAahAX62MZ0, orig=68, new=449, final=495, dup=22]Processing videos:  26%|▎| 707/2700 [1:24:36<3:21:14,  6.06s/it, video=NAahAX62MZ0, orig=68, new=299, final=352, dup=15]Processing videos:  26%|▎| 708/2700 [1:24:36<3:07:12,  5.64s/it, video=NAahAX62MZ0, orig=68, new=299, final=352, dup=15]                                                                                                                        
──────────────────────────────────────────────────────────────────────
📹 Video: YZ11C-U7S8I
──────────────────────────────────────────────────────────────────────
  📊 Scores: Max=0.8623 | Min=0.0042 | Range=[0.0042, 0.8623]
  🎯 Threshold: 0.6036 (70.0% of max)
  ✅ High-Score Frames: 25/91 (27.5%)
  📍 First 10 indices: [29, 116, 145, 174, 609, 754, 812, 870, 899, 986]
──────────────────────────────────────────────────────────────────────

Processing videos:  26%|▎| 708/2700 [1:24:36<3:07:12,  5.64s/it, video=NAahAX62MZ0, orig=68, new=299, final=352, dup=15]Processing videos:  26%|▎| 708/2700 [1:24:44<3:07:12,  5.64s/it, video=YZ11C-U7S8I, orig=91, new=917, final=958, dup=50]Processing videos:  26%|▎| 709/2700 [1:24:44<3:34:02,  6.45s/it, video=YZ11C-U7S8I, orig=91, new=917, final=958, dup=50]                                                                                                                        
──────────────────────────────────────────────────────────────────────
📹 Video: YZ11C-U7S8I
──────────────────────────────────────────────────────────────────────
  📊 Scores: Max=0.9191 | Min=0.0307 | Range=[0.0307, 0.9191]
  🎯 Threshold: 0.6433 (70.0% of max)
  ✅ High-Score Frames: 2/91 (2.2%)
  📍 First 10 indices: [1914, 1943]
──────────────────────────────────────────────────────────────────────

Processing videos:  26%|▎| 709/2700 [1:24:44<3:34:02,  6.45s/it, video=YZ11C-U7S8I, orig=91, new=917, final=958, dup=50]Processing videos:  26%|▊  | 709/2700 [1:24:45<3:34:02,  6.45s/it, video=YZ11C-U7S8I, orig=91, new=81, final=167, dup=5]Processing videos:  26%|▊  | 710/2700 [1:24:45<2:37:30,  4.75s/it, video=YZ11C-U7S8I, orig=91, new=81, final=167, dup=5]                                                                                                                        
──────────────────────────────────────────────────────────────────────
📹 Video: YZ11C-U7S8I
──────────────────────────────────────────────────────────────────────
  📊 Scores: Max=0.9999 | Min=0.0000 | Range=[0.0000, 0.9999]
  🎯 Threshold: 0.6999 (70.0% of max)
  ✅ High-Score Frames: 21/91 (23.1%)
  📍 First 10 indices: [638, 667, 841, 1073, 1102, 1537, 1566, 1595, 1624, 1653]
──────────────────────────────────────────────────────────────────────

Processing videos:  26%|▊  | 710/2700 [1:24:45<2:37:30,  4.75s/it, video=YZ11C-U7S8I, orig=91, new=81, final=167, dup=5]Processing videos:  26%|▎| 710/2700 [1:24:52<2:37:30,  4.75s/it, video=YZ11C-U7S8I, orig=91, new=734, final=789, dup=36]Processing videos:  26%|▎| 711/2700 [1:24:52<2:58:47,  5.39s/it, video=YZ11C-U7S8I, orig=91, new=734, final=789, dup=36]                                                                                                                        
──────────────────────────────────────────────────────────────────────
📹 Video: NXeHeEHj9Xc
──────────────────────────────────────────────────────────────────────
  📊 Scores: Max=0.4045 | Min=0.0003 | Range=[0.0003, 0.4045]
  🎯 Threshold: 0.2832 (70.0% of max)
  ✅ High-Score Frames: 8/101 (7.9%)
  📍 First 10 indices: [1334, 1357, 1426, 1449, 1909, 1932, 2116, 2231]
──────────────────────────────────────────────────────────────────────

Processing videos:  26%|▎| 711/2700 [1:24:52<2:58:47,  5.39s/it, video=YZ11C-U7S8I, orig=91, new=734, final=789, dup=36]Processing videos:  26%|▎| 711/2700 [1:24:58<2:58:47,  5.39s/it, video=NXeHeEHj9Xc, orig=101, new=382, final=465, dup=18Processing videos:  26%|▎| 712/2700 [1:24:58<3:02:27,  5.51s/it, video=NXeHeEHj9Xc, orig=101, new=382, final=465, dup=18                                                                                                                        
──────────────────────────────────────────────────────────────────────
📹 Video: NXeHeEHj9Xc
──────────────────────────────────────────────────────────────────────
  📊 Scores: Max=0.9979 | Min=0.0002 | Range=[0.0002, 0.9979]
  🎯 Threshold: 0.6985 (70.0% of max)
  ✅ High-Score Frames: 42/101 (41.6%)
  📍 First 10 indices: [0, 23, 46, 69, 92, 115, 138, 161, 184, 207]
──────────────────────────────────────────────────────────────────────

Processing videos:  26%|▎| 712/2700 [1:24:58<3:02:27,  5.51s/it, video=NXeHeEHj9Xc, orig=101, new=382, final=465, dup=18Processing videos:  26%|▎| 712/2700 [1:25:15<3:02:27,  5.51s/it, video=NXeHeEHj9Xc, orig=101, new=1205, final=1251, dup=Processing videos:  26%|▎| 713/2700 [1:25:15<4:56:25,  8.95s/it, video=NXeHeEHj9Xc, orig=101, new=1205, final=1251, dup=                                                                                                                        
──────────────────────────────────────────────────────────────────────
📹 Video: NXeHeEHj9Xc
──────────────────────────────────────────────────────────────────────
  📊 Scores: Max=0.9349 | Min=0.0002 | Range=[0.0002, 0.9349]
  🎯 Threshold: 0.6544 (70.0% of max)
  ✅ High-Score Frames: 8/101 (7.9%)
  📍 First 10 indices: [1518, 1541, 1587, 1610, 1794, 2116, 2139, 2162]
──────────────────────────────────────────────────────────────────────

Processing videos:  26%|▎| 713/2700 [1:25:15<4:56:25,  8.95s/it, video=NXeHeEHj9Xc, orig=101, new=1205, final=1251, dup=Processing videos:  26%|▎| 713/2700 [1:25:20<4:56:25,  8.95s/it, video=NXeHeEHj9Xc, orig=101, new=333, final=419, dup=15Processing videos:  26%|▎| 714/2700 [1:25:20<4:21:14,  7.89s/it, video=NXeHeEHj9Xc, orig=101, new=333, final=419, dup=15                                                                                                                        
──────────────────────────────────────────────────────────────────────
📹 Video: VnvG08masio
──────────────────────────────────────────────────────────────────────
  📊 Scores: Max=0.9977 | Min=0.0013 | Range=[0.0013, 0.9977]
  🎯 Threshold: 0.6984 (70.0% of max)
  ✅ High-Score Frames: 30/114 (26.3%)
  📍 First 10 indices: [69, 92, 161, 207, 230, 276, 322, 345, 828, 874]
──────────────────────────────────────────────────────────────────────

Processing videos:  26%|▎| 714/2700 [1:25:20<4:21:14,  7.89s/it, video=NXeHeEHj9Xc, orig=101, new=333, final=419, dup=15Processing videos:  26%|▎| 714/2700 [1:25:37<4:21:14,  7.89s/it, video=VnvG08masio, orig=114, new=1138, final=1196, dup=Processing videos:  26%|▎| 715/2700 [1:25:37<5:53:34, 10.69s/it, video=VnvG08masio, orig=114, new=1138, final=1196, dup=                                                                                                                        
──────────────────────────────────────────────────────────────────────
📹 Video: VnvG08masio
──────────────────────────────────────────────────────────────────────
  📊 Scores: Max=0.8002 | Min=0.0012 | Range=[0.0012, 0.8002]
  🎯 Threshold: 0.5602 (70.0% of max)
  ✅ High-Score Frames: 7/114 (6.1%)
  📍 First 10 indices: [1242, 1702, 1955, 2162, 2185, 2208, 2231]
──────────────────────────────────────────────────────────────────────

Processing videos:  26%|▎| 715/2700 [1:25:37<5:53:34, 10.69s/it, video=VnvG08masio, orig=114, new=1138, final=1196, dup=Processing videos:  26%|▎| 715/2700 [1:25:42<5:53:34, 10.69s/it, video=VnvG08masio, orig=114, new=289, final=388, dup=15Processing videos:  27%|▎| 716/2700 [1:25:42<4:51:42,  8.82s/it, video=VnvG08masio, orig=114, new=289, final=388, dup=15                                                                                                                        
──────────────────────────────────────────────────────────────────────
📹 Video: VnvG08masio
──────────────────────────────────────────────────────────────────────
  📊 Scores: Max=0.9957 | Min=0.0000 | Range=[0.0000, 0.9957]
  🎯 Threshold: 0.6970 (70.0% of max)
  ✅ High-Score Frames: 10/114 (8.8%)
  📍 First 10 indices: [437, 552, 575, 621, 1748, 1817, 1863, 1886, 2001, 2024]
──────────────────────────────────────────────────────────────────────

Processing videos:  27%|▎| 716/2700 [1:25:42<4:51:42,  8.82s/it, video=VnvG08masio, orig=114, new=289, final=388, dup=15Processing videos:  27%|▎| 716/2700 [1:25:49<4:51:42,  8.82s/it, video=VnvG08masio, orig=114, new=434, final=526, dup=22Processing videos:  27%|▎| 717/2700 [1:25:49<4:33:43,  8.28s/it, video=VnvG08masio, orig=114, new=434, final=526, dup=22                                                                                                                        
──────────────────────────────────────────────────────────────────────
📹 Video: 4twBzf6ngSc
──────────────────────────────────────────────────────────────────────
  📊 Scores: Max=0.4753 | Min=0.0004 | Range=[0.0004, 0.4753]
  🎯 Threshold: 0.3327 (70.0% of max)
  ✅ High-Score Frames: 4/120 (3.3%)
  📍 First 10 indices: [506, 529, 575, 598]
──────────────────────────────────────────────────────────────────────

Processing videos:  27%|▎| 717/2700 [1:25:49<4:33:43,  8.28s/it, video=VnvG08masio, orig=114, new=434, final=526, dup=22Processing videos:  27%|▎| 717/2700 [1:25:51<4:33:43,  8.28s/it, video=4twBzf6ngSc, orig=120, new=165, final=278, dup=7]Processing videos:  27%|▎| 718/2700 [1:25:51<3:36:52,  6.57s/it, video=4twBzf6ngSc, orig=120, new=165, final=278, dup=7]                                                                                                                        
──────────────────────────────────────────────────────────────────────
📹 Video: 4twBzf6ngSc
──────────────────────────────────────────────────────────────────────
  📊 Scores: Max=0.9221 | Min=0.0003 | Range=[0.0003, 0.9221]
  🎯 Threshold: 0.6454 (70.0% of max)
  ✅ High-Score Frames: 8/120 (6.7%)
  📍 First 10 indices: [506, 529, 552, 575, 598, 690, 713, 736]
──────────────────────────────────────────────────────────────────────

Processing videos:  27%|▎| 718/2700 [1:25:51<3:36:52,  6.57s/it, video=4twBzf6ngSc, orig=120, new=165, final=278, dup=7]Processing videos:  27%|▎| 718/2700 [1:25:56<3:36:52,  6.57s/it, video=4twBzf6ngSc, orig=120, new=282, final=390, dup=12Processing videos:  27%|▎| 719/2700 [1:25:56<3:14:16,  5.88s/it, video=4twBzf6ngSc, orig=120, new=282, final=390, dup=12                                                                                                                        
──────────────────────────────────────────────────────────────────────
📹 Video: 4twBzf6ngSc
──────────────────────────────────────────────────────────────────────
  📊 Scores: Max=0.9995 | Min=0.0001 | Range=[0.0001, 0.9995]
  🎯 Threshold: 0.6997 (70.0% of max)
  ✅ High-Score Frames: 6/120 (5.0%)
  📍 First 10 indices: [621, 644, 667, 690, 713, 736]
──────────────────────────────────────────────────────────────────────

Processing videos:  27%|▎| 719/2700 [1:25:56<3:14:16,  5.88s/it, video=4twBzf6ngSc, orig=120, new=282, final=390, dup=12Processing videos:  27%|▎| 719/2700 [1:25:59<3:14:16,  5.88s/it, video=4twBzf6ngSc, orig=120, new=188, final=300, dup=8]Processing videos:  27%|▎| 720/2700 [1:25:59<2:44:25,  4.98s/it, video=4twBzf6ngSc, orig=120, new=188, final=300, dup=8]                                                                                                                        
──────────────────────────────────────────────────────────────────────
📹 Video: jb-To6qJcxU
──────────────────────────────────────────────────────────────────────
  📊 Scores: Max=0.9908 | Min=0.0067 | Range=[0.0067, 0.9908]
  🎯 Threshold: 0.6936 (70.0% of max)
  ✅ High-Score Frames: 16/95 (16.8%)
  📍 First 10 indices: [529, 552, 667, 690, 1127, 1150, 1173, 1196, 1219, 1242]
──────────────────────────────────────────────────────────────────────

Processing videos:  27%|▎| 720/2700 [1:25:59<2:44:25,  4.98s/it, video=4twBzf6ngSc, orig=120, new=188, final=300, dup=8]Processing videos:  27%|▎| 720/2700 [1:26:08<2:44:25,  4.98s/it, video=jb-To6qJcxU, orig=95, new=618, final=685, dup=28]Processing videos:  27%|▎| 721/2700 [1:26:08<3:27:06,  6.28s/it, video=jb-To6qJcxU, orig=95, new=618, final=685, dup=28]                                                                                                                        
──────────────────────────────────────────────────────────────────────
📹 Video: jb-To6qJcxU
──────────────────────────────────────────────────────────────────────
  📊 Scores: Max=0.9768 | Min=0.0005 | Range=[0.0005, 0.9768]
  🎯 Threshold: 0.6838 (70.0% of max)
  ✅ High-Score Frames: 21/95 (22.1%)
  📍 First 10 indices: [69, 184, 391, 414, 483, 598, 621, 667, 690, 943]
──────────────────────────────────────────────────────────────────────

Processing videos:  27%|▎| 721/2700 [1:26:08<3:27:06,  6.28s/it, video=jb-To6qJcxU, orig=95, new=618, final=685, dup=28]Processing videos:  27%|▎| 721/2700 [1:26:21<3:27:06,  6.28s/it, video=jb-To6qJcxU, orig=95, new=883, final=935, dup=43]Processing videos:  27%|▎| 722/2700 [1:26:21<4:36:56,  8.40s/it, video=jb-To6qJcxU, orig=95, new=883, final=935, dup=43]                                                                                                                        
──────────────────────────────────────────────────────────────────────
📹 Video: jb-To6qJcxU
──────────────────────────────────────────────────────────────────────
  📊 Scores: Max=0.4460 | Min=0.0534 | Range=[0.0534, 0.4460]
  🎯 Threshold: 0.3122 (70.0% of max)
  ✅ High-Score Frames: 13/95 (13.7%)
  📍 First 10 indices: [0, 23, 46, 69, 92, 115, 138, 184, 529, 552]
──────────────────────────────────────────────────────────────────────

Processing videos:  27%|▎| 722/2700 [1:26:21<4:36:56,  8.40s/it, video=jb-To6qJcxU, orig=95, new=883, final=935, dup=43]Processing videos:  27%|▎| 722/2700 [1:26:27<4:36:56,  8.40s/it, video=jb-To6qJcxU, orig=95, new=369, final=445, dup=19]Processing videos:  27%|▎| 723/2700 [1:26:27<4:13:23,  7.69s/it, video=jb-To6qJcxU, orig=95, new=369, final=445, dup=19]                                                                                                                        
──────────────────────────────────────────────────────────────────────
📹 Video: lokFoo_QD8c
──────────────────────────────────────────────────────────────────────
  📊 Scores: Max=0.9913 | Min=0.0004 | Range=[0.0004, 0.9913]
  🎯 Threshold: 0.6939 (70.0% of max)
  ✅ High-Score Frames: 35/114 (30.7%)
  📍 First 10 indices: [261, 319, 377, 551, 580, 696, 783, 928, 957, 986]
──────────────────────────────────────────────────────────────────────

Processing videos:  27%|▎| 723/2700 [1:26:27<4:13:23,  7.69s/it, video=jb-To6qJcxU, orig=95, new=369, final=445, dup=19]Processing videos:  27%|▎| 723/2700 [1:26:46<4:13:23,  7.69s/it, video=lokFoo_QD8c, orig=114, new=1300, final=1345, dup=Processing videos:  27%|▎| 724/2700 [1:26:46<6:02:19, 11.00s/it, video=lokFoo_QD8c, orig=114, new=1300, final=1345, dup=                                                                                                                        
──────────────────────────────────────────────────────────────────────
📹 Video: lokFoo_QD8c
──────────────────────────────────────────────────────────────────────
  📊 Scores: Max=0.9976 | Min=0.0001 | Range=[0.0001, 0.9976]
  🎯 Threshold: 0.6983 (70.0% of max)
  ✅ High-Score Frames: 13/114 (11.4%)
  📍 First 10 indices: [2465, 2639, 2697, 2726, 2784, 2958, 2987, 3074, 3132, 3161]
──────────────────────────────────────────────────────────────────────

Processing videos:  27%|▎| 724/2700 [1:26:46<6:02:19, 11.00s/it, video=lokFoo_QD8c, orig=114, new=1300, final=1345, dup=Processing videos:  27%|▎| 724/2700 [1:26:53<6:02:19, 11.00s/it, video=lokFoo_QD8c, orig=114, new=459, final=549, dup=24                                                                                                                        
======================================================================
Processing videos:  27%|▎| 724/2700 [1:26:53<6:02:19, 11.00s/it, video=lokFoo_QD8c, orig=114, new=459, final=549, dup=24                                                                                                                        💾 CHECKPOINT SAVED [725/2700]
Processing videos:  27%|▎| 724/2700 [1:26:53<6:02:19, 11.00s/it, video=lokFoo_QD8c, orig=114, new=459, final=549, dup=24                                                                                                                        ======================================================================
Processing videos:  27%|▎| 724/2700 [1:26:53<6:02:19, 11.00s/it, video=lokFoo_QD8c, orig=114, new=459, final=549, dup=24                                                                                                                          GPU Memory: 0.00GB allocated, 0.00GB reserved
Processing videos:  27%|▎| 724/2700 [1:26:53<6:02:19, 11.00s/it, video=lokFoo_QD8c, orig=114, new=459, final=549, dup=24                                                                                                                          Videos processed: 725
Processing videos:  27%|▎| 724/2700 [1:26:53<6:02:19, 11.00s/it, video=lokFoo_QD8c, orig=114, new=459, final=549, dup=24                                                                                                                          With dense sampling: 725
Processing videos:  27%|▎| 724/2700 [1:26:53<6:02:19, 11.00s/it, video=lokFoo_QD8c, orig=114, new=459, final=549, dup=24                                                                                                                          Total frames: 484,242
Processing videos:  27%|▎| 724/2700 [1:26:53<6:02:19, 11.00s/it, video=lokFoo_QD8c, orig=114, new=459, final=549, dup=24                                                                                                                          Elapsed time: 86.90 min
Processing videos:  27%|▎| 724/2700 [1:26:53<6:02:19, 11.00s/it, video=lokFoo_QD8c, orig=114, new=459, final=549, dup=24                                                                                                                          Speed: 0.12 videos/sec
Processing videos:  27%|▎| 724/2700 [1:26:53<6:02:19, 11.00s/it, video=lokFoo_QD8c, orig=114, new=459, final=549, dup=24                                                                                                                          ✅ Safe to restart if needed
Processing videos:  27%|▎| 724/2700 [1:26:53<6:02:19, 11.00s/it, video=lokFoo_QD8c, orig=114, new=459, final=549, dup=24                                                                                                                        ======================================================================

Processing videos:  27%|▎| 724/2700 [1:26:53<6:02:19, 11.00s/it, video=lokFoo_QD8c, orig=114, new=459, final=549, dup=24Processing videos:  27%|▎| 725/2700 [1:26:53<5:26:30,  9.92s/it, video=lokFoo_QD8c, orig=114, new=459, final=549, dup=24                                                                                                                        
──────────────────────────────────────────────────────────────────────
📹 Video: lokFoo_QD8c
──────────────────────────────────────────────────────────────────────
  📊 Scores: Max=0.2968 | Min=0.0218 | Range=[0.0218, 0.2968]
  🎯 Threshold: 0.2077 (70.0% of max)
  ✅ High-Score Frames: 10/114 (8.8%)
  📍 First 10 indices: [116, 145, 1537, 1566, 1624, 1682, 1711, 1972, 2378, 2900]
──────────────────────────────────────────────────────────────────────

Processing videos:  27%|▎| 725/2700 [1:26:53<5:26:30,  9.92s/it, video=lokFoo_QD8c, orig=114, new=459, final=549, dup=24Processing videos:  27%|▎| 725/2700 [1:26:59<5:26:30,  9.92s/it, video=lokFoo_QD8c, orig=114, new=384, final=474, dup=24Processing videos:  27%|▎| 726/2700 [1:26:59<4:47:58,  8.75s/it, video=lokFoo_QD8c, orig=114, new=384, final=474, dup=24                                                                                                                        
──────────────────────────────────────────────────────────────────────
📹 Video: pwVJizpCuDQ
──────────────────────────────────────────────────────────────────────
  📊 Scores: Max=0.4653 | Min=0.0001 | Range=[0.0001, 0.4653]
  🎯 Threshold: 0.3257 (70.0% of max)
  ✅ High-Score Frames: 3/93 (3.2%)
  📍 First 10 indices: [621, 667, 736]
──────────────────────────────────────────────────────────────────────

Processing videos:  27%|▎| 726/2700 [1:27:00<4:47:58,  8.75s/it, video=lokFoo_QD8c, orig=114, new=384, final=474, dup=24Processing videos:  27%|▌ | 726/2700 [1:27:01<4:47:58,  8.75s/it, video=pwVJizpCuDQ, orig=93, new=122, final=207, dup=8]Processing videos:  27%|▌ | 727/2700 [1:27:01<3:40:25,  6.70s/it, video=pwVJizpCuDQ, orig=93, new=122, final=207, dup=8]                                                                                                                        
──────────────────────────────────────────────────────────────────────
📹 Video: pwVJizpCuDQ
──────────────────────────────────────────────────────────────────────
  📊 Scores: Max=0.8513 | Min=0.0003 | Range=[0.0003, 0.8513]
  🎯 Threshold: 0.5959 (70.0% of max)
  ✅ High-Score Frames: 8/93 (8.6%)
  📍 First 10 indices: [414, 782, 1564, 1679, 1748, 1771, 1794, 1886]
──────────────────────────────────────────────────────────────────────

Processing videos:  27%|▌ | 727/2700 [1:27:01<3:40:25,  6.70s/it, video=pwVJizpCuDQ, orig=93, new=122, final=207, dup=8]Processing videos:  27%|▎| 727/2700 [1:27:07<3:40:25,  6.70s/it, video=pwVJizpCuDQ, orig=93, new=360, final=433, dup=20]Processing videos:  27%|▎| 728/2700 [1:27:07<3:28:30,  6.34s/it, video=pwVJizpCuDQ, orig=93, new=360, final=433, dup=20]                                                                                                                        
──────────────────────────────────────────────────────────────────────
📹 Video: pwVJizpCuDQ
──────────────────────────────────────────────────────────────────────
  📊 Scores: Max=0.9456 | Min=0.0003 | Range=[0.0003, 0.9456]
  🎯 Threshold: 0.6619 (70.0% of max)
  ✅ High-Score Frames: 5/93 (5.4%)
  📍 First 10 indices: [368, 391, 414, 437, 460]
──────────────────────────────────────────────────────────────────────

Processing videos:  27%|▎| 728/2700 [1:27:07<3:28:30,  6.34s/it, video=pwVJizpCuDQ, orig=93, new=360, final=433, dup=20]Processing videos:  27%|▌ | 728/2700 [1:27:09<3:28:30,  6.34s/it, video=pwVJizpCuDQ, orig=93, new=165, final=251, dup=7]Processing videos:  27%|▌ | 729/2700 [1:27:09<2:51:01,  5.21s/it, video=pwVJizpCuDQ, orig=93, new=165, final=251, dup=7]                                                                                                                        
──────────────────────────────────────────────────────────────────────
📹 Video: 9v9NHoTXc-Q
──────────────────────────────────────────────────────────────────────
  📊 Scores: Max=0.8293 | Min=0.0000 | Range=[0.0000, 0.8293]
  🎯 Threshold: 0.5805 (70.0% of max)
  ✅ High-Score Frames: 1/56 (1.8%)
  📍 First 10 indices: [75]
──────────────────────────────────────────────────────────────────────

Processing videos:  27%|▌ | 729/2700 [1:27:10<2:51:01,  5.21s/it, video=pwVJizpCuDQ, orig=93, new=165, final=251, dup=7]Processing videos:  27%|█   | 729/2700 [1:27:10<2:51:01,  5.21s/it, video=9v9NHoTXc-Q, orig=56, new=35, final=88, dup=3]Processing videos:  27%|█   | 730/2700 [1:27:10<2:06:03,  3.84s/it, video=9v9NHoTXc-Q, orig=56, new=35, final=88, dup=3]                                                                                                                        
──────────────────────────────────────────────────────────────────────
📹 Video: 9v9NHoTXc-Q
──────────────────────────────────────────────────────────────────────
  📊 Scores: Max=0.9969 | Min=0.0004 | Range=[0.0004, 0.9969]
  🎯 Threshold: 0.6978 (70.0% of max)
  ✅ High-Score Frames: 3/56 (5.4%)
  📍 First 10 indices: [425, 775, 800]
──────────────────────────────────────────────────────────────────────

Processing videos:  27%|█   | 730/2700 [1:27:10<2:06:03,  3.84s/it, video=9v9NHoTXc-Q, orig=56, new=35, final=88, dup=3]Processing videos:  27%|▌ | 730/2700 [1:27:12<2:06:03,  3.84s/it, video=9v9NHoTXc-Q, orig=56, new=104, final=152, dup=8]Processing videos:  27%|▌ | 731/2700 [1:27:12<1:45:07,  3.20s/it, video=9v9NHoTXc-Q, orig=56, new=104, final=152, dup=8]                                                                                                                        
──────────────────────────────────────────────────────────────────────
📹 Video: 9v9NHoTXc-Q
──────────────────────────────────────────────────────────────────────
  📊 Scores: Max=0.2658 | Min=0.0074 | Range=[0.0074, 0.2658]
  🎯 Threshold: 0.1861 (70.0% of max)
  ✅ High-Score Frames: 7/56 (12.5%)
  📍 First 10 indices: [550, 575, 600, 625, 650, 675, 1375]
──────────────────────────────────────────────────────────────────────

Processing videos:  27%|▌ | 731/2700 [1:27:12<1:45:07,  3.20s/it, video=9v9NHoTXc-Q, orig=56, new=104, final=152, dup=8]Processing videos:  27%|▎| 731/2700 [1:27:15<1:45:07,  3.20s/it, video=9v9NHoTXc-Q, orig=56, new=209, final=254, dup=11]Processing videos:  27%|▎| 732/2700 [1:27:15<1:45:25,  3.21s/it, video=9v9NHoTXc-Q, orig=56, new=209, final=254, dup=11]                                                                                                                        
──────────────────────────────────────────────────────────────────────
📹 Video: ZO12ZY38FEw
──────────────────────────────────────────────────────────────────────
  📊 Scores: Max=0.9861 | Min=0.0002 | Range=[0.0002, 0.9861]
  🎯 Threshold: 0.6903 (70.0% of max)
  ✅ High-Score Frames: 12/94 (12.8%)
  📍 First 10 indices: [1426, 1449, 1472, 1495, 1518, 1541, 1564, 1587, 1610, 1633]
──────────────────────────────────────────────────────────────────────

Processing videos:  27%|▎| 732/2700 [1:27:15<1:45:25,  3.21s/it, video=9v9NHoTXc-Q, orig=56, new=209, final=254, dup=11]Processing videos:  27%|▎| 732/2700 [1:27:20<1:45:25,  3.21s/it, video=ZO12ZY38FEw, orig=94, new=326, final=406, dup=14]Processing videos:  27%|▎| 733/2700 [1:27:20<2:01:53,  3.72s/it, video=ZO12ZY38FEw, orig=94, new=326, final=406, dup=14]                                                                                                                        
──────────────────────────────────────────────────────────────────────
📹 Video: ZO12ZY38FEw
──────────────────────────────────────────────────────────────────────
  📊 Scores: Max=0.9996 | Min=0.0001 | Range=[0.0001, 0.9996]
  🎯 Threshold: 0.6997 (70.0% of max)
  ✅ High-Score Frames: 17/94 (18.1%)
  📍 First 10 indices: [506, 529, 552, 575, 598, 667, 690, 713, 782, 805]
──────────────────────────────────────────────────────────────────────

Processing videos:  27%|▎| 733/2700 [1:27:20<2:01:53,  3.72s/it, video=ZO12ZY38FEw, orig=94, new=326, final=406, dup=14]Processing videos:  27%|▎| 733/2700 [1:27:28<2:01:53,  3.72s/it, video=ZO12ZY38FEw, orig=94, new=533, final=604, dup=23]Processing videos:  27%|▎| 734/2700 [1:27:28<2:46:40,  5.09s/it, video=ZO12ZY38FEw, orig=94, new=533, final=604, dup=23]                                                                                                                        
──────────────────────────────────────────────────────────────────────
📹 Video: ZO12ZY38FEw
──────────────────────────────────────────────────────────────────────
  📊 Scores: Max=0.6300 | Min=0.0016 | Range=[0.0016, 0.6300]
  🎯 Threshold: 0.4410 (70.0% of max)
  ✅ High-Score Frames: 2/94 (2.1%)
  📍 First 10 indices: [667, 1748]
──────────────────────────────────────────────────────────────────────

Processing videos:  27%|▎| 734/2700 [1:27:28<2:46:40,  5.09s/it, video=ZO12ZY38FEw, orig=94, new=533, final=604, dup=23]Processing videos:  27%|▊  | 734/2700 [1:27:30<2:46:40,  5.09s/it, video=ZO12ZY38FEw, orig=94, new=98, final=186, dup=6]Processing videos:  27%|▊  | 735/2700 [1:27:30<2:12:26,  4.04s/it, video=ZO12ZY38FEw, orig=94, new=98, final=186, dup=6]                                                                                                                        
──────────────────────────────────────────────────────────────────────
📹 Video: frX8GujpmkI
──────────────────────────────────────────────────────────────────────
  📊 Scores: Max=0.6306 | Min=0.0165 | Range=[0.0165, 0.6306]
  🎯 Threshold: 0.4414 (70.0% of max)
  ✅ High-Score Frames: 3/60 (5.0%)
  📍 First 10 indices: [325, 450, 475]
──────────────────────────────────────────────────────────────────────

Processing videos:  27%|▊  | 735/2700 [1:27:30<2:12:26,  4.04s/it, video=ZO12ZY38FEw, orig=94, new=98, final=186, dup=6]Processing videos:  27%|▌ | 735/2700 [1:27:31<2:12:26,  4.04s/it, video=frX8GujpmkI, orig=60, new=104, final=156, dup=8]Processing videos:  27%|▌ | 736/2700 [1:27:31<1:42:45,  3.14s/it, video=frX8GujpmkI, orig=60, new=104, final=156, dup=8]                                                                                                                        
──────────────────────────────────────────────────────────────────────
📹 Video: frX8GujpmkI
──────────────────────────────────────────────────────────────────────
  📊 Scores: Max=0.9995 | Min=0.0011 | Range=[0.0011, 0.9995]
  🎯 Threshold: 0.6997 (70.0% of max)
  ✅ High-Score Frames: 4/60 (6.7%)
  📍 First 10 indices: [225, 375, 650, 875]
──────────────────────────────────────────────────────────────────────

Processing videos:  27%|▌ | 736/2700 [1:27:31<1:42:45,  3.14s/it, video=frX8GujpmkI, orig=60, new=104, final=156, dup=8]Processing videos:  27%|▎| 736/2700 [1:27:32<1:42:45,  3.14s/it, video=frX8GujpmkI, orig=60, new=140, final=188, dup=12]Processing videos:  27%|▎| 737/2700 [1:27:32<1:25:42,  2.62s/it, video=frX8GujpmkI, orig=60, new=140, final=188, dup=12]                                                                                                                        
──────────────────────────────────────────────────────────────────────
📹 Video: frX8GujpmkI
──────────────────────────────────────────────────────────────────────
  📊 Scores: Max=0.9998 | Min=0.0001 | Range=[0.0001, 0.9998]
  🎯 Threshold: 0.6998 (70.0% of max)
  ✅ High-Score Frames: 7/60 (11.7%)
  📍 First 10 indices: [625, 1300, 1375, 1400, 1425, 1450, 1475]
──────────────────────────────────────────────────────────────────────

Processing videos:  27%|▎| 737/2700 [1:27:32<1:25:42,  2.62s/it, video=frX8GujpmkI, orig=60, new=140, final=188, dup=12]Processing videos:  27%|▎| 737/2700 [1:27:34<1:25:42,  2.62s/it, video=frX8GujpmkI, orig=60, new=205, final=253, dup=12]Processing videos:  27%|▎| 738/2700 [1:27:34<1:18:54,  2.41s/it, video=frX8GujpmkI, orig=60, new=205, final=253, dup=12]                                                                                                                        
──────────────────────────────────────────────────────────────────────
📹 Video: uVR-DZQuRbM
──────────────────────────────────────────────────────────────────────
  📊 Scores: Max=0.8927 | Min=0.0015 | Range=[0.0015, 0.8927]
  🎯 Threshold: 0.6249 (70.0% of max)
  ✅ High-Score Frames: 7/89 (7.9%)
  📍 First 10 indices: [150, 175, 525, 1225, 1950, 2100, 2125]
──────────────────────────────────────────────────────────────────────

Processing videos:  27%|▎| 738/2700 [1:27:34<1:18:54,  2.41s/it, video=frX8GujpmkI, orig=60, new=205, final=253, dup=12]Processing videos:  27%|▎| 738/2700 [1:27:37<1:18:54,  2.41s/it, video=uVR-DZQuRbM, orig=89, new=243, final=313, dup=19]Processing videos:  27%|▎| 739/2700 [1:27:37<1:17:54,  2.38s/it, video=uVR-DZQuRbM, orig=89, new=243, final=313, dup=19]                                                                                                                        
──────────────────────────────────────────────────────────────────────
📹 Video: uVR-DZQuRbM
──────────────────────────────────────────────────────────────────────
  📊 Scores: Max=0.9899 | Min=0.0078 | Range=[0.0078, 0.9899]
  🎯 Threshold: 0.6930 (70.0% of max)
  ✅ High-Score Frames: 53/89 (59.6%)
  📍 First 10 indices: [75, 150, 175, 300, 325, 350, 375, 400, 475, 500]
──────────────────────────────────────────────────────────────────────

Processing videos:  27%|▎| 739/2700 [1:27:37<1:17:54,  2.38s/it, video=uVR-DZQuRbM, orig=89, new=243, final=313, dup=19]Processing videos:  27%|▎| 739/2700 [1:27:50<1:17:54,  2.38s/it, video=uVR-DZQuRbM, orig=89, new=1518, final=1529, dup=7Processing videos:  27%|▎| 740/2700 [1:27:50<3:09:16,  5.79s/it, video=uVR-DZQuRbM, orig=89, new=1518, final=1529, dup=7                                                                                                                        
──────────────────────────────────────────────────────────────────────
📹 Video: uVR-DZQuRbM
──────────────────────────────────────────────────────────────────────
  📊 Scores: Max=0.9989 | Min=0.0013 | Range=[0.0013, 0.9989]
  🎯 Threshold: 0.6993 (70.0% of max)
  ✅ High-Score Frames: 23/89 (25.8%)
  📍 First 10 indices: [150, 175, 625, 675, 700, 1150, 1175, 1225, 1250, 1325]
──────────────────────────────────────────────────────────────────────

Processing videos:  27%|▎| 740/2700 [1:27:50<3:09:16,  5.79s/it, video=uVR-DZQuRbM, orig=89, new=1518, final=1529, dup=7Processing videos:  27%|▎| 740/2700 [1:27:57<3:09:16,  5.79s/it, video=uVR-DZQuRbM, orig=89, new=678, final=729, dup=38]Processing videos:  27%|▎| 741/2700 [1:27:57<3:15:14,  5.98s/it, video=uVR-DZQuRbM, orig=89, new=678, final=729, dup=38]                                                                                                                        
──────────────────────────────────────────────────────────────────────
📹 Video: 6NVr0cNiHPM
──────────────────────────────────────────────────────────────────────
  📊 Scores: Max=0.8363 | Min=0.0006 | Range=[0.0006, 0.8363]
  🎯 Threshold: 0.5854 (70.0% of max)
  ✅ High-Score Frames: 2/136 (1.5%)
  📍 First 10 indices: [1081, 2967]
──────────────────────────────────────────────────────────────────────

Processing videos:  27%|▎| 741/2700 [1:27:57<3:15:14,  5.98s/it, video=uVR-DZQuRbM, orig=89, new=678, final=729, dup=38]Processing videos:  27%|▌ | 741/2700 [1:27:58<3:15:14,  5.98s/it, video=6NVr0cNiHPM, orig=136, new=98, final=228, dup=6]Processing videos:  27%|▌ | 742/2700 [1:27:58<2:32:39,  4.68s/it, video=6NVr0cNiHPM, orig=136, new=98, final=228, dup=6]                                                                                                                        
──────────────────────────────────────────────────────────────────────
📹 Video: 6NVr0cNiHPM
──────────────────────────────────────────────────────────────────────
  📊 Scores: Max=0.9994 | Min=0.0228 | Range=[0.0228, 0.9994]
  🎯 Threshold: 0.6996 (70.0% of max)
  ✅ High-Score Frames: 114/136 (83.8%)
  📍 First 10 indices: [92, 115, 138, 161, 184, 207, 230, 253, 276, 299]
──────────────────────────────────────────────────────────────────────

Processing videos:  27%|▌ | 742/2700 [1:27:58<2:32:39,  4.68s/it, video=6NVr0cNiHPM, orig=136, new=98, final=228, dup=6]Processing videos:  27%|▎| 742/2700 [1:28:42<2:32:39,  4.68s/it, video=6NVr0cNiHPM, orig=136, new=2927, final=2936, dup=Processing videos:  28%|▎| 743/2700 [1:28:42<8:51:58, 16.31s/it, video=6NVr0cNiHPM, orig=136, new=2927, final=2936, dup=                                                                                                                        
──────────────────────────────────────────────────────────────────────
📹 Video: 6NVr0cNiHPM
──────────────────────────────────────────────────────────────────────
  📊 Scores: Max=0.9995 | Min=0.0025 | Range=[0.0025, 0.9995]
  🎯 Threshold: 0.6996 (70.0% of max)
  ✅ High-Score Frames: 103/136 (75.7%)
  📍 First 10 indices: [138, 161, 184, 207, 230, 253, 276, 299, 322, 345]
──────────────────────────────────────────────────────────────────────

Processing videos:  28%|▎| 743/2700 [1:28:42<8:51:58, 16.31s/it, video=6NVr0cNiHPM, orig=136, new=2927, final=2936, dup=Processing videos:  28%|▎| 743/2700 [1:29:25<8:51:58, 16.31s/it, video=6NVr0cNiHPM, orig=136, new=2815, final=2828, dup=Processing videos:  28%|▎| 744/2700 [1:29:25<13:11:31, 24.28s/it, video=6NVr0cNiHPM, orig=136, new=2815, final=2828, dup                                                                                                                        
──────────────────────────────────────────────────────────────────────
📹 Video: OGQ7KwUXuBk
──────────────────────────────────────────────────────────────────────
  📊 Scores: Max=0.8346 | Min=0.0001 | Range=[0.0001, 0.8346]
  🎯 Threshold: 0.5842 (70.0% of max)
  ✅ High-Score Frames: 2/120 (1.7%)
  📍 First 10 indices: [69, 644]
──────────────────────────────────────────────────────────────────────

Processing videos:  28%|▎| 744/2700 [1:29:25<13:11:31, 24.28s/it, video=6NVr0cNiHPM, orig=136, new=2815, final=2828, dupProcessing videos:  28%|▎| 744/2700 [1:29:26<13:11:31, 24.28s/it, video=OGQ7KwUXuBk, orig=120, new=98, final=212, dup=6]Processing videos:  28%|▌ | 745/2700 [1:29:26<9:31:09, 17.53s/it, video=OGQ7KwUXuBk, orig=120, new=98, final=212, dup=6]                                                                                                                        
──────────────────────────────────────────────────────────────────────
📹 Video: OGQ7KwUXuBk
──────────────────────────────────────────────────────────────────────
  📊 Scores: Max=0.6861 | Min=0.0383 | Range=[0.0383, 0.6861]
  🎯 Threshold: 0.4803 (70.0% of max)
  ✅ High-Score Frames: 20/120 (16.7%)
  📍 First 10 indices: [23, 46, 69, 92, 115, 138, 1104, 1127, 1150, 2277]
──────────────────────────────────────────────────────────────────────

Processing videos:  28%|▌ | 745/2700 [1:29:26<9:31:09, 17.53s/it, video=OGQ7KwUXuBk, orig=120, new=98, final=212, dup=6]Processing videos:  28%|▎| 745/2700 [1:29:36<9:31:09, 17.53s/it, video=OGQ7KwUXuBk, orig=120, new=625, final=716, dup=29Processing videos:  28%|▎| 746/2700 [1:29:36<8:11:56, 15.11s/it, video=OGQ7KwUXuBk, orig=120, new=625, final=716, dup=29                                                                                                                        
──────────────────────────────────────────────────────────────────────
📹 Video: OGQ7KwUXuBk
──────────────────────────────────────────────────────────────────────
  📊 Scores: Max=0.9975 | Min=0.0002 | Range=[0.0002, 0.9975]
  🎯 Threshold: 0.6983 (70.0% of max)
  ✅ High-Score Frames: 14/120 (11.7%)
  📍 First 10 indices: [989, 1012, 1035, 1058, 1081, 1104, 1127, 1150, 1219, 1242]
──────────────────────────────────────────────────────────────────────

Processing videos:  28%|▎| 746/2700 [1:29:36<8:11:56, 15.11s/it, video=OGQ7KwUXuBk, orig=120, new=625, final=716, dup=29Processing videos:  28%|▎| 746/2700 [1:29:42<8:11:56, 15.11s/it, video=OGQ7KwUXuBk, orig=120, new=418, final=520, dup=18Processing videos:  28%|▎| 747/2700 [1:29:42<6:45:11, 12.45s/it, video=OGQ7KwUXuBk, orig=120, new=418, final=520, dup=18                                                                                                                        
──────────────────────────────────────────────────────────────────────
📹 Video: 2iHmlBmLKUE
──────────────────────────────────────────────────────────────────────
  📊 Scores: Max=0.1995 | Min=0.0101 | Range=[0.0101, 0.1995]
  🎯 Threshold: 0.1397 (70.0% of max)
  ✅ High-Score Frames: 7/67 (10.4%)
  📍 First 10 indices: [0, 25, 150, 225, 1050, 1525, 1650]
──────────────────────────────────────────────────────────────────────

Processing videos:  28%|▎| 747/2700 [1:29:42<6:45:11, 12.45s/it, video=OGQ7KwUXuBk, orig=120, new=418, final=520, dup=18Processing videos:  28%|▎| 747/2700 [1:29:45<6:45:11, 12.45s/it, video=2iHmlBmLKUE, orig=67, new=189, final=240, dup=16]Processing videos:  28%|▎| 748/2700 [1:29:45<5:13:06,  9.62s/it, video=2iHmlBmLKUE, orig=67, new=189, final=240, dup=16]                                                                                                                        
──────────────────────────────────────────────────────────────────────
📹 Video: 2iHmlBmLKUE
──────────────────────────────────────────────────────────────────────
  📊 Scores: Max=0.9965 | Min=0.0034 | Range=[0.0034, 0.9965]
  🎯 Threshold: 0.6976 (70.0% of max)
  ✅ High-Score Frames: 24/67 (35.8%)
  📍 First 10 indices: [100, 150, 175, 200, 250, 325, 425, 450, 500, 525]
──────────────────────────────────────────────────────────────────────

Processing videos:  28%|▎| 748/2700 [1:29:45<5:13:06,  9.62s/it, video=2iHmlBmLKUE, orig=67, new=189, final=240, dup=16]Processing videos:  28%|▎| 748/2700 [1:29:56<5:13:06,  9.62s/it, video=2iHmlBmLKUE, orig=67, new=742, final=763, dup=46]Processing videos:  28%|▎| 749/2700 [1:29:56<5:28:13, 10.09s/it, video=2iHmlBmLKUE, orig=67, new=742, final=763, dup=46]                                                                                                                        
──────────────────────────────────────────────────────────────────────
📹 Video: 2iHmlBmLKUE
──────────────────────────────────────────────────────────────────────
  📊 Scores: Max=0.8600 | Min=0.0003 | Range=[0.0003, 0.8600]
  🎯 Threshold: 0.6020 (70.0% of max)
  ✅ High-Score Frames: 11/67 (16.4%)
  📍 First 10 indices: [100, 200, 550, 750, 775, 1100, 1125, 1150, 1175, 1275]
──────────────────────────────────────────────────────────────────────

Processing videos:  28%|▎| 749/2700 [1:29:56<5:28:13, 10.09s/it, video=2iHmlBmLKUE, orig=67, new=742, final=763, dup=46]Processing videos:  28%|▎| 749/2700 [1:30:02<5:28:13, 10.09s/it, video=2iHmlBmLKUE, orig=67, new=370, final=411, dup=26]                                                                                                                        
======================================================================
Processing videos:  28%|▎| 749/2700 [1:30:02<5:28:13, 10.09s/it, video=2iHmlBmLKUE, orig=67, new=370, final=411, dup=26]                                                                                                                        💾 CHECKPOINT SAVED [750/2700]
Processing videos:  28%|▎| 749/2700 [1:30:02<5:28:13, 10.09s/it, video=2iHmlBmLKUE, orig=67, new=370, final=411, dup=26]                                                                                                                        ======================================================================
Processing videos:  28%|▎| 749/2700 [1:30:02<5:28:13, 10.09s/it, video=2iHmlBmLKUE, orig=67, new=370, final=411, dup=26]                                                                                                                          GPU Memory: 0.00GB allocated, 0.00GB reserved
Processing videos:  28%|▎| 749/2700 [1:30:02<5:28:13, 10.09s/it, video=2iHmlBmLKUE, orig=67, new=370, final=411, dup=26]                                                                                                                          Videos processed: 750
Processing videos:  28%|▎| 749/2700 [1:30:02<5:28:13, 10.09s/it, video=2iHmlBmLKUE, orig=67, new=370, final=411, dup=26]                                                                                                                          With dense sampling: 750
Processing videos:  28%|▎| 749/2700 [1:30:02<5:28:13, 10.09s/it, video=2iHmlBmLKUE, orig=67, new=370, final=411, dup=26]                                                                                                                          Total frames: 499,319
Processing videos:  28%|▎| 749/2700 [1:30:02<5:28:13, 10.09s/it, video=2iHmlBmLKUE, orig=67, new=370, final=411, dup=26]                                                                                                                          Elapsed time: 90.05 min
Processing videos:  28%|▎| 749/2700 [1:30:02<5:28:13, 10.09s/it, video=2iHmlBmLKUE, orig=67, new=370, final=411, dup=26]                                                                                                                          Speed: 0.12 videos/sec
Processing videos:  28%|▎| 749/2700 [1:30:02<5:28:13, 10.09s/it, video=2iHmlBmLKUE, orig=67, new=370, final=411, dup=26]                                                                                                                          ✅ Safe to restart if needed
Processing videos:  28%|▎| 749/2700 [1:30:02<5:28:13, 10.09s/it, video=2iHmlBmLKUE, orig=67, new=370, final=411, dup=26]                                                                                                                        ======================================================================

Processing videos:  28%|▎| 749/2700 [1:30:02<5:28:13, 10.09s/it, video=2iHmlBmLKUE, orig=67, new=370, final=411, dup=26]Processing videos:  28%|▎| 750/2700 [1:30:02<4:49:03,  8.89s/it, video=2iHmlBmLKUE, orig=67, new=370, final=411, dup=26]                                                                                                                        
──────────────────────────────────────────────────────────────────────
📹 Video: 1sTQOxXFO44
──────────────────────────────────────────────────────────────────────
  📊 Scores: Max=0.3656 | Min=0.0258 | Range=[0.0258, 0.3656]
  🎯 Threshold: 0.2559 (70.0% of max)
  ✅ High-Score Frames: 7/81 (8.6%)
  📍 First 10 indices: [60, 90, 960, 990, 1620, 2370, 2400]
──────────────────────────────────────────────────────────────────────

Processing videos:  28%|▎| 750/2700 [1:30:03<4:49:03,  8.89s/it, video=2iHmlBmLKUE, orig=67, new=370, final=411, dup=26]Processing videos:  28%|▎| 750/2700 [1:30:06<4:49:03,  8.89s/it, video=1sTQOxXFO44, orig=81, new=189, final=249, dup=21]Processing videos:  28%|▎| 751/2700 [1:30:06<3:53:05,  7.18s/it, video=1sTQOxXFO44, orig=81, new=189, final=249, dup=21]                                                                                                                        
──────────────────────────────────────────────────────────────────────
📹 Video: 1sTQOxXFO44
──────────────────────────────────────────────────────────────────────
  📊 Scores: Max=0.9613 | Min=0.0001 | Range=[0.0001, 0.9613]
  🎯 Threshold: 0.6729 (70.0% of max)
  ✅ High-Score Frames: 4/81 (4.9%)
  📍 First 10 indices: [150, 180, 2370, 2400]
──────────────────────────────────────────────────────────────────────

Processing videos:  28%|▎| 751/2700 [1:30:06<3:53:05,  7.18s/it, video=1sTQOxXFO44, orig=81, new=189, final=249, dup=21]Processing videos:  28%|▌ | 751/2700 [1:30:07<3:53:05,  7.18s/it, video=1sTQOxXFO44, orig=81, new=97, final=168, dup=10]Processing videos:  28%|▌ | 752/2700 [1:30:07<2:59:11,  5.52s/it, video=1sTQOxXFO44, orig=81, new=97, final=168, dup=10]                                                                                                                        
──────────────────────────────────────────────────────────────────────
📹 Video: 1sTQOxXFO44
──────────────────────────────────────────────────────────────────────
  📊 Scores: Max=0.9965 | Min=0.0002 | Range=[0.0002, 0.9965]
  🎯 Threshold: 0.6975 (70.0% of max)
  ✅ High-Score Frames: 11/81 (13.6%)
  📍 First 10 indices: [150, 180, 210, 240, 420, 450, 660, 690, 810, 840]
──────────────────────────────────────────────────────────────────────

Processing videos:  28%|▌ | 752/2700 [1:30:07<2:59:11,  5.52s/it, video=1sTQOxXFO44, orig=81, new=97, final=168, dup=10]Processing videos:  28%|▎| 752/2700 [1:30:11<2:59:11,  5.52s/it, video=1sTQOxXFO44, orig=81, new=233, final=288, dup=26]Processing videos:  28%|▎| 753/2700 [1:30:11<2:42:41,  5.01s/it, video=1sTQOxXFO44, orig=81, new=233, final=288, dup=26]                                                                                                                        
──────────────────────────────────────────────────────────────────────
📹 Video: RP1AL2DU6vQ
──────────────────────────────────────────────────────────────────────
  📊 Scores: Max=0.9886 | Min=0.0001 | Range=[0.0001, 0.9886]
  🎯 Threshold: 0.6920 (70.0% of max)
  ✅ High-Score Frames: 19/108 (17.6%)
  📍 First 10 indices: [1075, 1100, 1125, 1150, 1175, 1200, 1225, 1250, 1275, 1300]
──────────────────────────────────────────────────────────────────────

Processing videos:  28%|▎| 753/2700 [1:30:11<2:42:41,  5.01s/it, video=1sTQOxXFO44, orig=81, new=233, final=288, dup=26]Processing videos:  28%|▎| 753/2700 [1:30:19<2:42:41,  5.01s/it, video=RP1AL2DU6vQ, orig=108, new=541, final=620, dup=29Processing videos:  28%|▎| 754/2700 [1:30:19<3:13:27,  5.96s/it, video=RP1AL2DU6vQ, orig=108, new=541, final=620, dup=29                                                                                                                        
──────────────────────────────────────────────────────────────────────
📹 Video: RP1AL2DU6vQ
──────────────────────────────────────────────────────────────────────
  📊 Scores: Max=0.9617 | Min=0.0001 | Range=[0.0001, 0.9617]
  🎯 Threshold: 0.6732 (70.0% of max)
  ✅ High-Score Frames: 6/108 (5.6%)
  📍 First 10 indices: [250, 275, 325, 350, 375, 550]
──────────────────────────────────────────────────────────────────────

Processing videos:  28%|▎| 754/2700 [1:30:19<3:13:27,  5.96s/it, video=RP1AL2DU6vQ, orig=108, new=541, final=620, dup=29Processing videos:  28%|▎| 754/2700 [1:30:22<3:13:27,  5.96s/it, video=RP1AL2DU6vQ, orig=108, new=188, final=284, dup=12Processing videos:  28%|▎| 755/2700 [1:30:22<2:43:59,  5.06s/it, video=RP1AL2DU6vQ, orig=108, new=188, final=284, dup=12                                                                                                                        
──────────────────────────────────────────────────────────────────────
📹 Video: RP1AL2DU6vQ
──────────────────────────────────────────────────────────────────────
  📊 Scores: Max=0.9973 | Min=0.0131 | Range=[0.0131, 0.9973]
  🎯 Threshold: 0.6981 (70.0% of max)
  ✅ High-Score Frames: 53/108 (49.1%)
  📍 First 10 indices: [625, 650, 700, 725, 800, 925, 1025, 1050, 1075, 1100]
──────────────────────────────────────────────────────────────────────

Processing videos:  28%|▎| 755/2700 [1:30:22<2:43:59,  5.06s/it, video=RP1AL2DU6vQ, orig=108, new=188, final=284, dup=12Processing videos:  28%|▎| 755/2700 [1:30:42<2:43:59,  5.06s/it, video=RP1AL2DU6vQ, orig=108, new=1401, final=1444, dup=Processing videos:  28%|▎| 756/2700 [1:30:42<5:09:28,  9.55s/it, video=RP1AL2DU6vQ, orig=108, new=1401, final=1444, dup=                                                                                                                        
──────────────────────────────────────────────────────────────────────
📹 Video: kePBvNotYy4
──────────────────────────────────────────────────────────────────────
  📊 Scores: Max=0.9927 | Min=0.0003 | Range=[0.0003, 0.9927]
  🎯 Threshold: 0.6949 (70.0% of max)
  ✅ High-Score Frames: 19/119 (16.0%)
  📍 First 10 indices: [120, 144, 168, 240, 264, 1224, 1248, 1272, 1344, 1368]
──────────────────────────────────────────────────────────────────────

Processing videos:  28%|▎| 756/2700 [1:30:42<5:09:28,  9.55s/it, video=RP1AL2DU6vQ, orig=108, new=1401, final=1444, dup=Processing videos:  28%|▎| 756/2700 [1:30:48<5:09:28,  9.55s/it, video=kePBvNotYy4, orig=119, new=342, final=413, dup=48Processing videos:  28%|▎| 757/2700 [1:30:48<4:30:12,  8.34s/it, video=kePBvNotYy4, orig=119, new=342, final=413, dup=48                                                                                                                        
──────────────────────────────────────────────────────────────────────
📹 Video: kePBvNotYy4
──────────────────────────────────────────────────────────────────────
  📊 Scores: Max=0.9882 | Min=0.0001 | Range=[0.0001, 0.9882]
  🎯 Threshold: 0.6918 (70.0% of max)
  ✅ High-Score Frames: 13/119 (10.9%)
  📍 First 10 indices: [120, 144, 168, 912, 936, 960, 1104, 1128, 2256, 2280]
──────────────────────────────────────────────────────────────────────

Processing videos:  28%|▎| 757/2700 [1:30:48<4:30:12,  8.34s/it, video=kePBvNotYy4, orig=119, new=342, final=413, dup=48Processing videos:  28%|▎| 757/2700 [1:30:52<4:30:12,  8.34s/it, video=kePBvNotYy4, orig=119, new=229, final=315, dup=33Processing videos:  28%|▎| 758/2700 [1:30:52<3:45:16,  6.96s/it, video=kePBvNotYy4, orig=119, new=229, final=315, dup=33                                                                                                                        
──────────────────────────────────────────────────────────────────────
📹 Video: kePBvNotYy4
──────────────────────────────────────────────────────────────────────
  📊 Scores: Max=0.9943 | Min=0.0006 | Range=[0.0006, 0.9943]
  🎯 Threshold: 0.6960 (70.0% of max)
  ✅ High-Score Frames: 36/119 (30.3%)
  📍 First 10 indices: [120, 144, 168, 192, 216, 240, 264, 360, 384, 408]
──────────────────────────────────────────────────────────────────────

Processing videos:  28%|▎| 758/2700 [1:30:52<3:45:16,  6.96s/it, video=kePBvNotYy4, orig=119, new=229, final=315, dup=33Processing videos:  28%|▎| 758/2700 [1:31:00<3:45:16,  6.96s/it, video=kePBvNotYy4, orig=119, new=518, final=567, dup=70Processing videos:  28%|▎| 759/2700 [1:31:00<3:58:01,  7.36s/it, video=kePBvNotYy4, orig=119, new=518, final=567, dup=70                                                                                                                        
──────────────────────────────────────────────────────────────────────
📹 Video: lk2ics_YImU
──────────────────────────────────────────────────────────────────────
  📊 Scores: Max=0.3215 | Min=0.0006 | Range=[0.0006, 0.3215]
  🎯 Threshold: 0.2250 (70.0% of max)
  ✅ High-Score Frames: 5/106 (4.7%)
  📍 First 10 indices: [180, 690, 1740, 1980, 2520]
──────────────────────────────────────────────────────────────────────

Processing videos:  28%|▎| 759/2700 [1:31:00<3:58:01,  7.36s/it, video=kePBvNotYy4, orig=119, new=518, final=567, dup=70Processing videos:  28%|▎| 759/2700 [1:31:03<3:58:01,  7.36s/it, video=lk2ics_YImU, orig=106, new=205, final=286, dup=25Processing videos:  28%|▎| 760/2700 [1:31:03<3:20:05,  6.19s/it, video=lk2ics_YImU, orig=106, new=205, final=286, dup=25                                                                                                                        
──────────────────────────────────────────────────────────────────────
📹 Video: lk2ics_YImU
──────────────────────────────────────────────────────────────────────
  📊 Scores: Max=0.7878 | Min=0.0020 | Range=[0.0020, 0.7878]
  🎯 Threshold: 0.5515 (70.0% of max)
  ✅ High-Score Frames: 4/106 (3.8%)
  📍 First 10 indices: [1350, 1380, 1410, 1440]
──────────────────────────────────────────────────────────────────────

Processing videos:  28%|▎| 760/2700 [1:31:03<3:20:05,  6.19s/it, video=lk2ics_YImU, orig=106, new=205, final=286, dup=25Processing videos:  28%|▌ | 760/2700 [1:31:04<3:20:05,  6.19s/it, video=lk2ics_YImU, orig=106, new=71, final=169, dup=8]Processing videos:  28%|▌ | 761/2700 [1:31:04<2:31:30,  4.69s/it, video=lk2ics_YImU, orig=106, new=71, final=169, dup=8]                                                                                                                        
──────────────────────────────────────────────────────────────────────
📹 Video: lk2ics_YImU
──────────────────────────────────────────────────────────────────────
  📊 Scores: Max=0.4031 | Min=0.0074 | Range=[0.0074, 0.4031]
  🎯 Threshold: 0.2822 (70.0% of max)
  ✅ High-Score Frames: 9/106 (8.5%)
  📍 First 10 indices: [0, 180, 570, 600, 630, 2340, 2370, 2520, 2970]
──────────────────────────────────────────────────────────────────────

Processing videos:  28%|▌ | 761/2700 [1:31:04<2:31:30,  4.69s/it, video=lk2ics_YImU, orig=106, new=71, final=169, dup=8]Processing videos:  28%|▎| 761/2700 [1:31:09<2:31:30,  4.69s/it, video=lk2ics_YImU, orig=106, new=256, final=331, dup=31Processing videos:  28%|▎| 762/2700 [1:31:09<2:25:40,  4.51s/it, video=lk2ics_YImU, orig=106, new=256, final=331, dup=31                                                                                                                        
──────────────────────────────────────────────────────────────────────
📹 Video: CQUphYL0vY8
──────────────────────────────────────────────────────────────────────
  📊 Scores: Max=0.9716 | Min=0.0013 | Range=[0.0013, 0.9716]
  🎯 Threshold: 0.6801 (70.0% of max)
  ✅ High-Score Frames: 4/105 (3.8%)
  📍 First 10 indices: [161, 184, 207, 322]
──────────────────────────────────────────────────────────────────────

Processing videos:  28%|▎| 762/2700 [1:31:09<2:25:40,  4.51s/it, video=lk2ics_YImU, orig=106, new=256, final=331, dup=31Processing videos:  28%|▎| 762/2700 [1:31:11<2:25:40,  4.51s/it, video=CQUphYL0vY8, orig=105, new=168, final=265, dup=8]Processing videos:  28%|▎| 763/2700 [1:31:11<2:07:40,  3.95s/it, video=CQUphYL0vY8, orig=105, new=168, final=265, dup=8]                                                                                                                        
──────────────────────────────────────────────────────────────────────
📹 Video: CQUphYL0vY8
──────────────────────────────────────────────────────────────────────
  📊 Scores: Max=0.6374 | Min=0.0002 | Range=[0.0002, 0.6374]
  🎯 Threshold: 0.4462 (70.0% of max)
  ✅ High-Score Frames: 1/105 (1.0%)
  📍 First 10 indices: [1886]
──────────────────────────────────────────────────────────────────────

Processing videos:  28%|▎| 763/2700 [1:31:11<2:07:40,  3.95s/it, video=CQUphYL0vY8, orig=105, new=168, final=265, dup=8]Processing videos:  28%|▌ | 763/2700 [1:31:12<2:07:40,  3.95s/it, video=CQUphYL0vY8, orig=105, new=49, final=151, dup=3]Processing videos:  28%|▌ | 764/2700 [1:31:12<1:37:20,  3.02s/it, video=CQUphYL0vY8, orig=105, new=49, final=151, dup=3]                                                                                                                        
──────────────────────────────────────────────────────────────────────
📹 Video: CQUphYL0vY8
──────────────────────────────────────────────────────────────────────
  📊 Scores: Max=0.9763 | Min=0.0000 | Range=[0.0000, 0.9763]
  🎯 Threshold: 0.6834 (70.0% of max)
  ✅ High-Score Frames: 2/105 (1.9%)
  📍 First 10 indices: [161, 1978]
──────────────────────────────────────────────────────────────────────

Processing videos:  28%|▌ | 764/2700 [1:31:12<1:37:20,  3.02s/it, video=CQUphYL0vY8, orig=105, new=49, final=151, dup=3]Processing videos:  28%|▌ | 764/2700 [1:31:14<1:37:20,  3.02s/it, video=CQUphYL0vY8, orig=105, new=98, final=197, dup=6]Processing videos:  28%|▌ | 765/2700 [1:31:14<1:23:36,  2.59s/it, video=CQUphYL0vY8, orig=105, new=98, final=197, dup=6]                                                                                                                        
──────────────────────────────────────────────────────────────────────
📹 Video: aFfMGy94sjE
──────────────────────────────────────────────────────────────────────
  📊 Scores: Max=0.8934 | Min=0.0067 | Range=[0.0067, 0.8934]
  🎯 Threshold: 0.6254 (70.0% of max)
  ✅ High-Score Frames: 4/108 (3.7%)
  📍 First 10 indices: [3016, 3045, 3074, 3103]
──────────────────────────────────────────────────────────────────────

Processing videos:  28%|▌ | 765/2700 [1:31:14<1:23:36,  2.59s/it, video=CQUphYL0vY8, orig=105, new=98, final=197, dup=6]Processing videos:  28%|▎| 765/2700 [1:31:16<1:23:36,  2.59s/it, video=aFfMGy94sjE, orig=108, new=142, final=245, dup=5]Processing videos:  28%|▎| 766/2700 [1:31:16<1:24:24,  2.62s/it, video=aFfMGy94sjE, orig=108, new=142, final=245, dup=5]                                                                                                                        
──────────────────────────────────────────────────────────────────────
📹 Video: aFfMGy94sjE
──────────────────────────────────────────────────────────────────────
  📊 Scores: Max=0.3568 | Min=0.0005 | Range=[0.0005, 0.3568]
  🎯 Threshold: 0.2498 (70.0% of max)
  ✅ High-Score Frames: 12/108 (11.1%)
  📍 First 10 indices: [609, 638, 667, 696, 725, 754, 1624, 1682, 1711, 1740]
──────────────────────────────────────────────────────────────────────

Processing videos:  28%|▎| 766/2700 [1:31:16<1:24:24,  2.62s/it, video=aFfMGy94sjE, orig=108, new=142, final=245, dup=5]Processing videos:  28%|▎| 766/2700 [1:31:23<1:24:24,  2.62s/it, video=aFfMGy94sjE, orig=108, new=439, final=524, dup=23Processing videos:  28%|▎| 767/2700 [1:31:23<2:04:18,  3.86s/it, video=aFfMGy94sjE, orig=108, new=439, final=524, dup=23                                                                                                                        
──────────────────────────────────────────────────────────────────────
📹 Video: aFfMGy94sjE
──────────────────────────────────────────────────────────────────────
  📊 Scores: Max=0.4825 | Min=0.0055 | Range=[0.0055, 0.4825]
  🎯 Threshold: 0.3377 (70.0% of max)
  ✅ High-Score Frames: 5/108 (4.6%)
  📍 First 10 indices: [58, 3016, 3045, 3074, 3103]
──────────────────────────────────────────────────────────────────────

Processing videos:  28%|▎| 767/2700 [1:31:23<2:04:18,  3.86s/it, video=aFfMGy94sjE, orig=108, new=439, final=524, dup=23Processing videos:  28%|▎| 767/2700 [1:31:26<2:04:18,  3.86s/it, video=aFfMGy94sjE, orig=108, new=183, final=283, dup=8]Processing videos:  28%|▎| 768/2700 [1:31:26<1:54:14,  3.55s/it, video=aFfMGy94sjE, orig=108, new=183, final=283, dup=8]                                                                                                                        
──────────────────────────────────────────────────────────────────────
📹 Video: s-lM2uwiwyQ
──────────────────────────────────────────────────────────────────────
  📊 Scores: Max=0.4902 | Min=0.0012 | Range=[0.0012, 0.4902]
  🎯 Threshold: 0.3432 (70.0% of max)
  ✅ High-Score Frames: 3/110 (2.7%)
  📍 First 10 indices: [87, 232, 754]
──────────────────────────────────────────────────────────────────────

Processing videos:  28%|▎| 768/2700 [1:31:26<1:54:14,  3.55s/it, video=aFfMGy94sjE, orig=108, new=183, final=283, dup=8]Processing videos:  28%|▎| 768/2700 [1:31:28<1:54:14,  3.55s/it, video=s-lM2uwiwyQ, orig=110, new=123, final=224, dup=9]Processing videos:  28%|▎| 769/2700 [1:31:28<1:40:02,  3.11s/it, video=s-lM2uwiwyQ, orig=110, new=123, final=224, dup=9]                                                                                                                        
──────────────────────────────────────────────────────────────────────
📹 Video: s-lM2uwiwyQ
──────────────────────────────────────────────────────────────────────
  📊 Scores: Max=0.9402 | Min=0.0001 | Range=[0.0001, 0.9402]
  🎯 Threshold: 0.6581 (70.0% of max)
  ✅ High-Score Frames: 8/110 (7.3%)
  📍 First 10 indices: [58, 87, 1624, 1653, 1682, 1914, 2349, 2465]
──────────────────────────────────────────────────────────────────────

Processing videos:  28%|▎| 769/2700 [1:31:28<1:40:02,  3.11s/it, video=s-lM2uwiwyQ, orig=110, new=123, final=224, dup=9]Processing videos:  28%|▎| 769/2700 [1:31:33<1:40:02,  3.11s/it, video=s-lM2uwiwyQ, orig=110, new=323, final=414, dup=19Processing videos:  29%|▎| 770/2700 [1:31:33<1:59:31,  3.72s/it, video=s-lM2uwiwyQ, orig=110, new=323, final=414, dup=19                                                                                                                        
──────────────────────────────────────────────────────────────────────
📹 Video: s-lM2uwiwyQ
──────────────────────────────────────────────────────────────────────
  📊 Scores: Max=0.1513 | Min=0.0001 | Range=[0.0001, 0.1513]
  🎯 Threshold: 0.1059 (70.0% of max)
  ✅ High-Score Frames: 1/110 (0.9%)
  📍 First 10 indices: [0]
──────────────────────────────────────────────────────────────────────

Processing videos:  29%|▎| 770/2700 [1:31:33<1:59:31,  3.72s/it, video=s-lM2uwiwyQ, orig=110, new=323, final=414, dup=19Processing videos:  29%|▌ | 770/2700 [1:31:33<1:59:31,  3.72s/it, video=s-lM2uwiwyQ, orig=110, new=20, final=129, dup=1]Processing videos:  29%|▌ | 771/2700 [1:31:33<1:27:05,  2.71s/it, video=s-lM2uwiwyQ, orig=110, new=20, final=129, dup=1]                                                                                                                        
──────────────────────────────────────────────────────────────────────
📹 Video: ZfNSxRiYfZQ
──────────────────────────────────────────────────────────────────────
  📊 Scores: Max=0.9703 | Min=0.0000 | Range=[0.0000, 0.9703]
  🎯 Threshold: 0.6792 (70.0% of max)
  ✅ High-Score Frames: 3/104 (2.9%)
  📍 First 10 indices: [864, 888, 1104]
──────────────────────────────────────────────────────────────────────

Processing videos:  29%|▌ | 771/2700 [1:31:34<1:27:05,  2.71s/it, video=s-lM2uwiwyQ, orig=110, new=20, final=129, dup=1]Processing videos:  29%|▎| 771/2700 [1:31:35<1:27:05,  2.71s/it, video=ZfNSxRiYfZQ, orig=104, new=74, final=167, dup=11]Processing videos:  29%|▎| 772/2700 [1:31:35<1:13:27,  2.29s/it, video=ZfNSxRiYfZQ, orig=104, new=74, final=167, dup=11]                                                                                                                        
──────────────────────────────────────────────────────────────────────
📹 Video: ZfNSxRiYfZQ
──────────────────────────────────────────────────────────────────────
  📊 Scores: Max=0.9466 | Min=0.0001 | Range=[0.0001, 0.9466]
  🎯 Threshold: 0.6626 (70.0% of max)
  ✅ High-Score Frames: 5/104 (4.8%)
  📍 First 10 indices: [1344, 1368, 1392, 1416, 1440]
──────────────────────────────────────────────────────────────────────

Processing videos:  29%|▎| 772/2700 [1:31:35<1:13:27,  2.29s/it, video=ZfNSxRiYfZQ, orig=104, new=74, final=167, dup=11]Processing videos:  29%|▌ | 772/2700 [1:31:36<1:13:27,  2.29s/it, video=ZfNSxRiYfZQ, orig=104, new=65, final=160, dup=9]Processing videos:  29%|▌ | 773/2700 [1:31:36<1:02:19,  1.94s/it, video=ZfNSxRiYfZQ, orig=104, new=65, final=160, dup=9]                                                                                                                        
──────────────────────────────────────────────────────────────────────
📹 Video: ZfNSxRiYfZQ
──────────────────────────────────────────────────────────────────────
  📊 Scores: Max=0.5616 | Min=0.0002 | Range=[0.0002, 0.5616]
  🎯 Threshold: 0.3931 (70.0% of max)
  ✅ High-Score Frames: 4/104 (3.8%)
  📍 First 10 indices: [984, 1080, 1512, 1536]
──────────────────────────────────────────────────────────────────────

Processing videos:  29%|▌ | 773/2700 [1:31:36<1:02:19,  1.94s/it, video=ZfNSxRiYfZQ, orig=104, new=65, final=160, dup=9]Processing videos:  29%|▎| 773/2700 [1:31:38<1:02:19,  1.94s/it, video=ZfNSxRiYfZQ, orig=104, new=106, final=195, dup=15Processing videos:  29%|▎| 774/2700 [1:31:38<1:01:01,  1.90s/it, video=ZfNSxRiYfZQ, orig=104, new=106, final=195, dup=15                                                                                                                        
──────────────────────────────────────────────────────────────────────
📹 Video: RU8IfXp7LbE
──────────────────────────────────────────────────────────────────────
  📊 Scores: Max=0.7484 | Min=0.0182 | Range=[0.0182, 0.7484]
  🎯 Threshold: 0.5239 (70.0% of max)
  ✅ High-Score Frames: 15/75 (20.0%)
  📍 First 10 indices: [29, 58, 116, 319, 435, 464, 638, 725, 1421, 1769]
──────────────────────────────────────────────────────────────────────

Processing videos:  29%|▎| 774/2700 [1:31:38<1:01:01,  1.90s/it, video=ZfNSxRiYfZQ, orig=104, new=106, final=195, dup=15Processing videos:  29%|▎| 774/2700 [1:31:46<1:01:01,  1.90s/it, video=RU8IfXp7LbE, orig=75, new=510, final=553, dup=32]                                                                                                                        
======================================================================
Processing videos:  29%|▎| 774/2700 [1:31:46<1:01:01,  1.90s/it, video=RU8IfXp7LbE, orig=75, new=510, final=553, dup=32]                                                                                                                        💾 CHECKPOINT SAVED [775/2700]
Processing videos:  29%|▎| 774/2700 [1:31:46<1:01:01,  1.90s/it, video=RU8IfXp7LbE, orig=75, new=510, final=553, dup=32]                                                                                                                        ======================================================================
Processing videos:  29%|▎| 774/2700 [1:31:46<1:01:01,  1.90s/it, video=RU8IfXp7LbE, orig=75, new=510, final=553, dup=32]                                                                                                                          GPU Memory: 0.00GB allocated, 0.00GB reserved
Processing videos:  29%|▎| 774/2700 [1:31:46<1:01:01,  1.90s/it, video=RU8IfXp7LbE, orig=75, new=510, final=553, dup=32]                                                                                                                          Videos processed: 775
Processing videos:  29%|▎| 774/2700 [1:31:46<1:01:01,  1.90s/it, video=RU8IfXp7LbE, orig=75, new=510, final=553, dup=32]                                                                                                                          With dense sampling: 775
Processing videos:  29%|▎| 774/2700 [1:31:46<1:01:01,  1.90s/it, video=RU8IfXp7LbE, orig=75, new=510, final=553, dup=32]                                                                                                                          Total frames: 507,960
Processing videos:  29%|▎| 774/2700 [1:31:46<1:01:01,  1.90s/it, video=RU8IfXp7LbE, orig=75, new=510, final=553, dup=32]                                                                                                                          Elapsed time: 91.78 min
Processing videos:  29%|▎| 774/2700 [1:31:46<1:01:01,  1.90s/it, video=RU8IfXp7LbE, orig=75, new=510, final=553, dup=32]                                                                                                                          Speed: 0.12 videos/sec
Processing videos:  29%|▎| 774/2700 [1:31:46<1:01:01,  1.90s/it, video=RU8IfXp7LbE, orig=75, new=510, final=553, dup=32]                                                                                                                          ✅ Safe to restart if needed
Processing videos:  29%|▎| 774/2700 [1:31:46<1:01:01,  1.90s/it, video=RU8IfXp7LbE, orig=75, new=510, final=553, dup=32]                                                                                                                        ======================================================================

Processing videos:  29%|▎| 774/2700 [1:31:46<1:01:01,  1.90s/it, video=RU8IfXp7LbE, orig=75, new=510, final=553, dup=32]Processing videos:  29%|▎| 775/2700 [1:31:46<2:02:21,  3.81s/it, video=RU8IfXp7LbE, orig=75, new=510, final=553, dup=32]                                                                                                                        
──────────────────────────────────────────────────────────────────────
📹 Video: RU8IfXp7LbE
──────────────────────────────────────────────────────────────────────
  📊 Scores: Max=0.4669 | Min=0.0539 | Range=[0.0539, 0.4669]
  🎯 Threshold: 0.3268 (70.0% of max)
  ✅ High-Score Frames: 17/75 (22.7%)
  📍 First 10 indices: [493, 522, 609, 783, 1276, 1392, 1421, 1450, 1479, 1508]
──────────────────────────────────────────────────────────────────────

Processing videos:  29%|▎| 775/2700 [1:31:46<2:02:21,  3.81s/it, video=RU8IfXp7LbE, orig=75, new=510, final=553, dup=32]Processing videos:  29%|▎| 775/2700 [1:31:56<2:02:21,  3.81s/it, video=RU8IfXp7LbE, orig=75, new=624, final=667, dup=32]Processing videos:  29%|▎| 776/2700 [1:31:56<2:56:55,  5.52s/it, video=RU8IfXp7LbE, orig=75, new=624, final=667, dup=32]                                                                                                                        
──────────────────────────────────────────────────────────────────────
📹 Video: RU8IfXp7LbE
──────────────────────────────────────────────────────────────────────
  📊 Scores: Max=0.2025 | Min=0.0005 | Range=[0.0005, 0.2025]
  🎯 Threshold: 0.1417 (70.0% of max)
  ✅ High-Score Frames: 1/75 (1.3%)
  📍 First 10 indices: [1015]
──────────────────────────────────────────────────────────────────────

Processing videos:  29%|▎| 776/2700 [1:31:56<2:56:55,  5.52s/it, video=RU8IfXp7LbE, orig=75, new=624, final=667, dup=32]Processing videos:  29%|▊  | 776/2700 [1:31:56<2:56:55,  5.52s/it, video=RU8IfXp7LbE, orig=75, new=41, final=113, dup=3]Processing videos:  29%|▊  | 777/2700 [1:31:56<2:10:32,  4.07s/it, video=RU8IfXp7LbE, orig=75, new=41, final=113, dup=3]                                                                                                                        
──────────────────────────────────────────────────────────────────────
📹 Video: 3E4Zca1p64s
──────────────────────────────────────────────────────────────────────
  📊 Scores: Max=0.7907 | Min=0.0001 | Range=[0.0001, 0.7907]
  🎯 Threshold: 0.5535 (70.0% of max)
  ✅ High-Score Frames: 3/93 (3.2%)
  📍 First 10 indices: [736, 759, 1794]
──────────────────────────────────────────────────────────────────────

Processing videos:  29%|▊  | 777/2700 [1:31:56<2:10:32,  4.07s/it, video=RU8IfXp7LbE, orig=75, new=41, final=113, dup=3]Processing videos:  29%|▌ | 777/2700 [1:31:59<2:10:32,  4.07s/it, video=3E4Zca1p64s, orig=93, new=145, final=231, dup=7]Processing videos:  29%|▌ | 778/2700 [1:31:59<1:53:22,  3.54s/it, video=3E4Zca1p64s, orig=93, new=145, final=231, dup=7]                                                                                                                        
──────────────────────────────────────────────────────────────────────
📹 Video: 3E4Zca1p64s
──────────────────────────────────────────────────────────────────────
  📊 Scores: Max=0.1936 | Min=0.0001 | Range=[0.0001, 0.1936]
  🎯 Threshold: 0.1355 (70.0% of max)
  ✅ High-Score Frames: 2/93 (2.2%)
  📍 First 10 indices: [184, 920]
──────────────────────────────────────────────────────────────────────

Processing videos:  29%|▌ | 778/2700 [1:31:59<1:53:22,  3.54s/it, video=3E4Zca1p64s, orig=93, new=145, final=231, dup=7]Processing videos:  29%|▊  | 778/2700 [1:32:00<1:53:22,  3.54s/it, video=3E4Zca1p64s, orig=93, new=98, final=185, dup=6]Processing videos:  29%|▊  | 779/2700 [1:32:00<1:34:53,  2.96s/it, video=3E4Zca1p64s, orig=93, new=98, final=185, dup=6]                                                                                                                        
──────────────────────────────────────────────────────────────────────
📹 Video: 3E4Zca1p64s
──────────────────────────────────────────────────────────────────────
  📊 Scores: Max=0.7446 | Min=0.0001 | Range=[0.0001, 0.7446]
  🎯 Threshold: 0.5212 (70.0% of max)
  ✅ High-Score Frames: 5/93 (5.4%)
  📍 First 10 indices: [713, 736, 759, 989, 1196]
──────────────────────────────────────────────────────────────────────

Processing videos:  29%|▊  | 779/2700 [1:32:00<1:34:53,  2.96s/it, video=3E4Zca1p64s, orig=93, new=98, final=185, dup=6]Processing videos:  29%|▎| 779/2700 [1:32:03<1:34:53,  2.96s/it, video=3E4Zca1p64s, orig=93, new=217, final=299, dup=11]Processing videos:  29%|▎| 780/2700 [1:32:03<1:38:47,  3.09s/it, video=3E4Zca1p64s, orig=93, new=217, final=299, dup=11]                                                                                                                        
──────────────────────────────────────────────────────────────────────
📹 Video: aWBRHk_-5as
──────────────────────────────────────────────────────────────────────
  📊 Scores: Max=0.1845 | Min=0.0006 | Range=[0.0006, 0.1845]
  🎯 Threshold: 0.1291 (70.0% of max)
  ✅ High-Score Frames: 2/31 (6.5%)
  📍 First 10 indices: [276, 299]
──────────────────────────────────────────────────────────────────────

Processing videos:  29%|▎| 780/2700 [1:32:04<1:38:47,  3.09s/it, video=3E4Zca1p64s, orig=93, new=217, final=299, dup=11]Processing videos:  29%|▊  | 780/2700 [1:32:05<1:38:47,  3.09s/it, video=aWBRHk_-5as, orig=31, new=96, final=123, dup=4]Processing videos:  29%|▊  | 781/2700 [1:32:05<1:23:47,  2.62s/it, video=aWBRHk_-5as, orig=31, new=96, final=123, dup=4]                                                                                                                        
──────────────────────────────────────────────────────────────────────
📹 Video: aWBRHk_-5as
──────────────────────────────────────────────────────────────────────
  📊 Scores: Max=0.0615 | Min=0.0000 | Range=[0.0000, 0.0615]
  🎯 Threshold: 0.0431 (70.0% of max)
  ✅ High-Score Frames: 1/31 (3.2%)
  📍 First 10 indices: [69]
──────────────────────────────────────────────────────────────────────

Processing videos:  29%|▊  | 781/2700 [1:32:05<1:23:47,  2.62s/it, video=aWBRHk_-5as, orig=31, new=96, final=123, dup=4]Processing videos:  29%|█▏  | 781/2700 [1:32:06<1:23:47,  2.62s/it, video=aWBRHk_-5as, orig=31, new=49, final=77, dup=3]Processing videos:  29%|█▏  | 782/2700 [1:32:06<1:06:31,  2.08s/it, video=aWBRHk_-5as, orig=31, new=49, final=77, dup=3]                                                                                                                        
──────────────────────────────────────────────────────────────────────
📹 Video: aWBRHk_-5as
──────────────────────────────────────────────────────────────────────
  📊 Scores: Max=0.0581 | Min=0.0018 | Range=[0.0018, 0.0581]
  🎯 Threshold: 0.0406 (70.0% of max)
  ✅ High-Score Frames: 4/31 (12.9%)
  📍 First 10 indices: [276, 552, 575, 667]
──────────────────────────────────────────────────────────────────────

Processing videos:  29%|█▏  | 782/2700 [1:32:06<1:06:31,  2.08s/it, video=aWBRHk_-5as, orig=31, new=49, final=77, dup=3]Processing videos:  29%|▎| 782/2700 [1:32:09<1:06:31,  2.08s/it, video=aWBRHk_-5as, orig=31, new=192, final=213, dup=10]Processing videos:  29%|▎| 783/2700 [1:32:09<1:15:27,  2.36s/it, video=aWBRHk_-5as, orig=31, new=192, final=213, dup=10]                                                                                                                        
──────────────────────────────────────────────────────────────────────
📹 Video: PaC3CEkCD6k
──────────────────────────────────────────────────────────────────────
  📊 Scores: Max=0.2262 | Min=0.0004 | Range=[0.0004, 0.2262]
  🎯 Threshold: 0.1584 (70.0% of max)
  ✅ High-Score Frames: 1/46 (2.2%)
  📍 First 10 indices: [0]
──────────────────────────────────────────────────────────────────────

Processing videos:  29%|▎| 783/2700 [1:32:09<1:15:27,  2.36s/it, video=aWBRHk_-5as, orig=31, new=192, final=213, dup=10]Processing videos:  29%|█▏  | 783/2700 [1:32:09<1:15:27,  2.36s/it, video=PaC3CEkCD6k, orig=46, new=21, final=64, dup=3]Processing videos:  29%|█▋    | 784/2700 [1:32:09<56:26,  1.77s/it, video=PaC3CEkCD6k, orig=46, new=21, final=64, dup=3]                                                                                                                        
──────────────────────────────────────────────────────────────────────
📹 Video: PaC3CEkCD6k
──────────────────────────────────────────────────────────────────────
  📊 Scores: Max=0.4925 | Min=0.0003 | Range=[0.0003, 0.4925]
  🎯 Threshold: 0.3447 (70.0% of max)
  ✅ High-Score Frames: 4/46 (8.7%)
  📍 First 10 indices: [1200, 1230, 1260, 1290]
──────────────────────────────────────────────────────────────────────

Processing videos:  29%|█▋    | 784/2700 [1:32:09<56:26,  1.77s/it, video=PaC3CEkCD6k, orig=46, new=21, final=64, dup=3]Processing videos:  29%|█▍   | 784/2700 [1:32:10<56:26,  1.77s/it, video=PaC3CEkCD6k, orig=46, new=71, final=109, dup=8]Processing videos:  29%|█▍   | 785/2700 [1:32:10<50:45,  1.59s/it, video=PaC3CEkCD6k, orig=46, new=71, final=109, dup=8]                                                                                                                        
──────────────────────────────────────────────────────────────────────
📹 Video: PaC3CEkCD6k
──────────────────────────────────────────────────────────────────────
  📊 Scores: Max=0.9046 | Min=0.0005 | Range=[0.0005, 0.9046]
  🎯 Threshold: 0.6332 (70.0% of max)
  ✅ High-Score Frames: 2/46 (4.3%)
  📍 First 10 indices: [1080, 1110]
──────────────────────────────────────────────────────────────────────

Processing videos:  29%|█▍   | 785/2700 [1:32:10<50:45,  1.59s/it, video=PaC3CEkCD6k, orig=46, new=71, final=109, dup=8]Processing videos:  29%|█▋    | 785/2700 [1:32:11<50:45,  1.59s/it, video=PaC3CEkCD6k, orig=46, new=51, final=91, dup=6]Processing videos:  29%|█▋    | 786/2700 [1:32:11<43:34,  1.37s/it, video=PaC3CEkCD6k, orig=46, new=51, final=91, dup=6]                                                                                                                        
──────────────────────────────────────────────────────────────────────
📹 Video: AyIqI6P8eN8
──────────────────────────────────────────────────────────────────────
  📊 Scores: Max=0.9909 | Min=0.0003 | Range=[0.0003, 0.9909]
  🎯 Threshold: 0.6937 (70.0% of max)
  ✅ High-Score Frames: 4/58 (6.9%)
  📍 First 10 indices: [960, 990, 1020, 1050]
──────────────────────────────────────────────────────────────────────

Processing videos:  29%|█▋    | 786/2700 [1:32:11<43:34,  1.37s/it, video=PaC3CEkCD6k, orig=46, new=51, final=91, dup=6]Processing videos:  29%|█▍   | 786/2700 [1:32:12<43:34,  1.37s/it, video=AyIqI6P8eN8, orig=58, new=71, final=121, dup=8]Processing videos:  29%|█▍   | 787/2700 [1:32:12<42:14,  1.32s/it, video=AyIqI6P8eN8, orig=58, new=71, final=121, dup=8]                                                                                                                        
──────────────────────────────────────────────────────────────────────
📹 Video: AyIqI6P8eN8
──────────────────────────────────────────────────────────────────────
  📊 Scores: Max=0.6309 | Min=0.0001 | Range=[0.0001, 0.6309]
  🎯 Threshold: 0.4416 (70.0% of max)
  ✅ High-Score Frames: 7/58 (12.1%)
  📍 First 10 indices: [510, 630, 780, 810, 840, 900, 1080]
──────────────────────────────────────────────────────────────────────

Processing videos:  29%|█▍   | 787/2700 [1:32:13<42:14,  1.32s/it, video=AyIqI6P8eN8, orig=58, new=71, final=121, dup=8]Processing videos:  29%|▊  | 787/2700 [1:32:16<42:14,  1.32s/it, video=AyIqI6P8eN8, orig=58, new=203, final=238, dup=23]Processing videos:  29%|▎| 788/2700 [1:32:16<1:02:08,  1.95s/it, video=AyIqI6P8eN8, orig=58, new=203, final=238, dup=23]                                                                                                                        
──────────────────────────────────────────────────────────────────────
📹 Video: AyIqI6P8eN8
──────────────────────────────────────────────────────────────────────
  📊 Scores: Max=0.3066 | Min=0.0026 | Range=[0.0026, 0.3066]
  🎯 Threshold: 0.2146 (70.0% of max)
  ✅ High-Score Frames: 2/58 (3.4%)
  📍 First 10 indices: [90, 630]
──────────────────────────────────────────────────────────────────────

Processing videos:  29%|▎| 788/2700 [1:32:16<1:02:08,  1.95s/it, video=AyIqI6P8eN8, orig=58, new=203, final=238, dup=23]Processing videos:  29%|▌ | 788/2700 [1:32:17<1:02:08,  1.95s/it, video=AyIqI6P8eN8, orig=58, new=82, final=130, dup=10]Processing videos:  29%|█▏  | 789/2700 [1:32:17<56:56,  1.79s/it, video=AyIqI6P8eN8, orig=58, new=82, final=130, dup=10]                                                                                                                        
──────────────────────────────────────────────────────────────────────
📹 Video: 8e05W-wi38g
──────────────────────────────────────────────────────────────────────
  📊 Scores: Max=0.2214 | Min=0.0003 | Range=[0.0003, 0.2214]
  🎯 Threshold: 0.1550 (70.0% of max)
  ✅ High-Score Frames: 5/62 (8.1%)
  📍 First 10 indices: [0, 1682, 1711, 1740, 1769]
──────────────────────────────────────────────────────────────────────

Processing videos:  29%|█▏  | 789/2700 [1:32:17<56:56,  1.79s/it, video=AyIqI6P8eN8, orig=58, new=82, final=130, dup=10]Processing videos:  29%|█▏  | 789/2700 [1:32:20<56:56,  1.79s/it, video=8e05W-wi38g, orig=62, new=158, final=214, dup=6]Processing videos:  29%|▌ | 790/2700 [1:32:20<1:07:57,  2.13s/it, video=8e05W-wi38g, orig=62, new=158, final=214, dup=6]                                                                                                                        
──────────────────────────────────────────────────────────────────────
📹 Video: 8e05W-wi38g
──────────────────────────────────────────────────────────────────────
  📊 Scores: Max=0.1816 | Min=0.0001 | Range=[0.0001, 0.1816]
  🎯 Threshold: 0.1271 (70.0% of max)
  ✅ High-Score Frames: 7/62 (11.3%)
  📍 First 10 indices: [0, 551, 580, 1682, 1711, 1740, 1769]
──────────────────────────────────────────────────────────────────────

Processing videos:  29%|▌ | 790/2700 [1:32:20<1:07:57,  2.13s/it, video=8e05W-wi38g, orig=62, new=158, final=214, dup=6]Processing videos:  29%|▎| 790/2700 [1:32:24<1:07:57,  2.13s/it, video=8e05W-wi38g, orig=62, new=239, final=290, dup=11]Processing videos:  29%|▎| 791/2700 [1:32:24<1:22:54,  2.61s/it, video=8e05W-wi38g, orig=62, new=239, final=290, dup=11]                                                                                                                        
──────────────────────────────────────────────────────────────────────
📹 Video: 8e05W-wi38g
──────────────────────────────────────────────────────────────────────
  📊 Scores: Max=0.4101 | Min=0.0001 | Range=[0.0001, 0.4101]
  🎯 Threshold: 0.2871 (70.0% of max)
  ✅ High-Score Frames: 2/62 (3.2%)
  📍 First 10 indices: [928, 957]
──────────────────────────────────────────────────────────────────────

Processing videos:  29%|▎| 791/2700 [1:32:24<1:22:54,  2.61s/it, video=8e05W-wi38g, orig=62, new=239, final=290, dup=11]Processing videos:  29%|▉  | 791/2700 [1:32:25<1:22:54,  2.61s/it, video=8e05W-wi38g, orig=62, new=81, final=138, dup=5]Processing videos:  29%|▉  | 792/2700 [1:32:25<1:10:17,  2.21s/it, video=8e05W-wi38g, orig=62, new=81, final=138, dup=5]                                                                                                                        
──────────────────────────────────────────────────────────────────────
📹 Video: 5-4Od1qn53s
──────────────────────────────────────────────────────────────────────
  📊 Scores: Max=0.9995 | Min=0.0000 | Range=[0.0000, 0.9995]
  🎯 Threshold: 0.6996 (70.0% of max)
  ✅ High-Score Frames: 4/73 (5.5%)
  📍 First 10 indices: [300, 325, 350, 1600]
──────────────────────────────────────────────────────────────────────

Processing videos:  29%|▉  | 792/2700 [1:32:25<1:10:17,  2.21s/it, video=8e05W-wi38g, orig=62, new=81, final=138, dup=5]Processing videos:  29%|▌ | 792/2700 [1:32:27<1:10:17,  2.21s/it, video=5-4Od1qn53s, orig=73, new=137, final=201, dup=9]Processing videos:  29%|▌ | 793/2700 [1:32:27<1:10:29,  2.22s/it, video=5-4Od1qn53s, orig=73, new=137, final=201, dup=9]                                                                                                                        
──────────────────────────────────────────────────────────────────────
📹 Video: 5-4Od1qn53s
──────────────────────────────────────────────────────────────────────
  📊 Scores: Max=0.5171 | Min=0.0002 | Range=[0.0002, 0.5171]
  🎯 Threshold: 0.3620 (70.0% of max)
  ✅ High-Score Frames: 2/73 (2.7%)
  📍 First 10 indices: [725, 775]
──────────────────────────────────────────────────────────────────────

Processing videos:  29%|▌ | 793/2700 [1:32:27<1:10:29,  2.22s/it, video=5-4Od1qn53s, orig=73, new=137, final=201, dup=9]Processing videos:  29%|▉  | 793/2700 [1:32:29<1:10:29,  2.22s/it, video=5-4Od1qn53s, orig=73, new=69, final=137, dup=5]Processing videos:  29%|█▍   | 794/2700 [1:32:29<59:57,  1.89s/it, video=5-4Od1qn53s, orig=73, new=69, final=137, dup=5]                                                                                                                        
──────────────────────────────────────────────────────────────────────
📹 Video: 5-4Od1qn53s
──────────────────────────────────────────────────────────────────────
  📊 Scores: Max=1.0000 | Min=0.0001 | Range=[0.0001, 1.0000]
  🎯 Threshold: 0.7000 (70.0% of max)
  ✅ High-Score Frames: 5/73 (6.8%)
  📍 First 10 indices: [775, 1200, 1225, 1250, 1275]
──────────────────────────────────────────────────────────────────────

Processing videos:  29%|█▍   | 794/2700 [1:32:29<59:57,  1.89s/it, video=5-4Od1qn53s, orig=73, new=69, final=137, dup=5]Processing videos:  29%|▉  | 794/2700 [1:32:31<59:57,  1.89s/it, video=5-4Od1qn53s, orig=73, new=162, final=225, dup=10]Processing videos:  29%|▎| 795/2700 [1:32:31<1:06:40,  2.10s/it, video=5-4Od1qn53s, orig=73, new=162, final=225, dup=10]                                                                                                                        
──────────────────────────────────────────────────────────────────────
📹 Video: 2gFxZmb0dMo
──────────────────────────────────────────────────────────────────────
  📊 Scores: Max=0.9945 | Min=0.0000 | Range=[0.0000, 0.9945]
  🎯 Threshold: 0.6962 (70.0% of max)
  ✅ High-Score Frames: 13/78 (16.7%)
  📍 First 10 indices: [391, 414, 437, 460, 483, 874, 897, 920, 1012, 1035]
──────────────────────────────────────────────────────────────────────

Processing videos:  29%|▎| 795/2700 [1:32:31<1:06:40,  2.10s/it, video=5-4Od1qn53s, orig=73, new=162, final=225, dup=10]Processing videos:  29%|▎| 795/2700 [1:32:39<1:06:40,  2.10s/it, video=2gFxZmb0dMo, orig=78, new=523, final=578, dup=23]Processing videos:  29%|▎| 796/2700 [1:32:39<2:03:32,  3.89s/it, video=2gFxZmb0dMo, orig=78, new=523, final=578, dup=23]                                                                                                                        
──────────────────────────────────────────────────────────────────────
📹 Video: 2gFxZmb0dMo
──────────────────────────────────────────────────────────────────────
  📊 Scores: Max=0.8662 | Min=0.0011 | Range=[0.0011, 0.8662]
  🎯 Threshold: 0.6064 (70.0% of max)
  ✅ High-Score Frames: 6/78 (7.7%)
  📍 First 10 indices: [115, 184, 437, 460, 1656, 1702]
──────────────────────────────────────────────────────────────────────

Processing videos:  29%|▎| 796/2700 [1:32:39<2:03:32,  3.89s/it, video=2gFxZmb0dMo, orig=78, new=523, final=578, dup=23]Processing videos:  29%|▎| 796/2700 [1:32:43<2:03:32,  3.89s/it, video=2gFxZmb0dMo, orig=78, new=267, final=330, dup=15]Processing videos:  30%|▎| 797/2700 [1:32:43<2:06:26,  3.99s/it, video=2gFxZmb0dMo, orig=78, new=267, final=330, dup=15]                                                                                                                        
──────────────────────────────────────────────────────────────────────
📹 Video: 2gFxZmb0dMo
──────────────────────────────────────────────────────────────────────
  📊 Scores: Max=0.0502 | Min=0.0000 | Range=[0.0000, 0.0502]
  🎯 Threshold: 0.0351 (70.0% of max)
  ✅ High-Score Frames: 3/78 (3.8%)
  📍 First 10 indices: [345, 1219, 1541]
──────────────────────────────────────────────────────────────────────

Processing videos:  30%|▎| 797/2700 [1:32:43<2:06:26,  3.99s/it, video=2gFxZmb0dMo, orig=78, new=267, final=330, dup=15]Processing videos:  30%|▌ | 797/2700 [1:32:46<2:06:26,  3.99s/it, video=2gFxZmb0dMo, orig=78, new=147, final=216, dup=9]Processing videos:  30%|▌ | 798/2700 [1:32:46<1:51:25,  3.52s/it, video=2gFxZmb0dMo, orig=78, new=147, final=216, dup=9]                                                                                                                        
──────────────────────────────────────────────────────────────────────
📹 Video: Atf_Af1q_5w
──────────────────────────────────────────────────────────────────────
  📊 Scores: Max=0.7805 | Min=0.0551 | Range=[0.0551, 0.7805]
  🎯 Threshold: 0.5463 (70.0% of max)
  ✅ High-Score Frames: 15/95 (15.8%)
  📍 First 10 indices: [150, 175, 200, 300, 325, 700, 725, 750, 875, 900]
──────────────────────────────────────────────────────────────────────

Processing videos:  30%|▌ | 798/2700 [1:32:46<1:51:25,  3.52s/it, video=2gFxZmb0dMo, orig=78, new=147, final=216, dup=9]Processing videos:  30%|▎| 798/2700 [1:32:54<1:51:25,  3.52s/it, video=Atf_Af1q_5w, orig=95, new=516, final=575, dup=36]Processing videos:  30%|▎| 799/2700 [1:32:54<2:35:43,  4.91s/it, video=Atf_Af1q_5w, orig=95, new=516, final=575, dup=36]                                                                                                                        
──────────────────────────────────────────────────────────────────────
📹 Video: Atf_Af1q_5w
──────────────────────────────────────────────────────────────────────
  📊 Scores: Max=0.5300 | Min=0.0001 | Range=[0.0001, 0.5300]
  🎯 Threshold: 0.3710 (70.0% of max)
  ✅ High-Score Frames: 6/95 (6.3%)
  📍 First 10 indices: [125, 150, 875, 1000, 1450, 1475]
──────────────────────────────────────────────────────────────────────

Processing videos:  30%|▎| 799/2700 [1:32:54<2:35:43,  4.91s/it, video=Atf_Af1q_5w, orig=95, new=516, final=575, dup=36]Processing videos:  30%|▎| 799/2700 [1:32:57<2:35:43,  4.91s/it, video=Atf_Af1q_5w, orig=95, new=208, final=287, dup=16]                                                                                                                        
======================================================================
Processing videos:  30%|▎| 799/2700 [1:32:58<2:35:43,  4.91s/it, video=Atf_Af1q_5w, orig=95, new=208, final=287, dup=16]                                                                                                                        💾 CHECKPOINT SAVED [800/2700]
Processing videos:  30%|▎| 799/2700 [1:32:58<2:35:43,  4.91s/it, video=Atf_Af1q_5w, orig=95, new=208, final=287, dup=16]                                                                                                                        ======================================================================
Processing videos:  30%|▎| 799/2700 [1:32:58<2:35:43,  4.91s/it, video=Atf_Af1q_5w, orig=95, new=208, final=287, dup=16]                                                                                                                          GPU Memory: 0.00GB allocated, 0.00GB reserved
Processing videos:  30%|▎| 799/2700 [1:32:58<2:35:43,  4.91s/it, video=Atf_Af1q_5w, orig=95, new=208, final=287, dup=16]                                                                                                                          Videos processed: 800
Processing videos:  30%|▎| 799/2700 [1:32:58<2:35:43,  4.91s/it, video=Atf_Af1q_5w, orig=95, new=208, final=287, dup=16]                                                                                                                          With dense sampling: 800
Processing videos:  30%|▎| 799/2700 [1:32:58<2:35:43,  4.91s/it, video=Atf_Af1q_5w, orig=95, new=208, final=287, dup=16]                                                                                                                          Total frames: 513,812
Processing videos:  30%|▎| 799/2700 [1:32:58<2:35:43,  4.91s/it, video=Atf_Af1q_5w, orig=95, new=208, final=287, dup=16]                                                                                                                          Elapsed time: 92.97 min
Processing videos:  30%|▎| 799/2700 [1:32:58<2:35:43,  4.91s/it, video=Atf_Af1q_5w, orig=95, new=208, final=287, dup=16]                                                                                                                          Speed: 0.12 videos/sec
Processing videos:  30%|▎| 799/2700 [1:32:58<2:35:43,  4.91s/it, video=Atf_Af1q_5w, orig=95, new=208, final=287, dup=16]                                                                                                                          ✅ Safe to restart if needed
Processing videos:  30%|▎| 799/2700 [1:32:58<2:35:43,  4.91s/it, video=Atf_Af1q_5w, orig=95, new=208, final=287, dup=16]                                                                                                                        ======================================================================

Processing videos:  30%|▎| 799/2700 [1:32:58<2:35:43,  4.91s/it, video=Atf_Af1q_5w, orig=95, new=208, final=287, dup=16]Processing videos:  30%|▎| 800/2700 [1:32:58<2:24:38,  4.57s/it, video=Atf_Af1q_5w, orig=95, new=208, final=287, dup=16]                                                                                                                        
──────────────────────────────────────────────────────────────────────
📹 Video: Atf_Af1q_5w
──────────────────────────────────────────────────────────────────────
  📊 Scores: Max=0.7778 | Min=0.0026 | Range=[0.0026, 0.7778]
  🎯 Threshold: 0.5445 (70.0% of max)
  ✅ High-Score Frames: 5/95 (5.3%)
  📍 First 10 indices: [875, 900, 1000, 1650, 1700]
──────────────────────────────────────────────────────────────────────

Processing videos:  30%|▎| 800/2700 [1:32:58<2:24:38,  4.57s/it, video=Atf_Af1q_5w, orig=95, new=208, final=287, dup=16]Processing videos:  30%|▎| 800/2700 [1:33:01<2:24:38,  4.57s/it, video=Atf_Af1q_5w, orig=95, new=173, final=255, dup=13]Processing videos:  30%|▎| 801/2700 [1:33:01<2:07:27,  4.03s/it, video=Atf_Af1q_5w, orig=95, new=173, final=255, dup=13]                                                                                                                        
──────────────────────────────────────────────────────────────────────
📹 Video: 27YZLpw0M98
──────────────────────────────────────────────────────────────────────
  📊 Scores: Max=0.9600 | Min=0.0266 | Range=[0.0266, 0.9600]
  🎯 Threshold: 0.6720 (70.0% of max)
  ✅ High-Score Frames: 23/102 (22.5%)
  📍 First 10 indices: [200, 225, 250, 450, 475, 900, 975, 1350, 1375, 1400]
──────────────────────────────────────────────────────────────────────

Processing videos:  30%|▎| 801/2700 [1:33:01<2:07:27,  4.03s/it, video=Atf_Af1q_5w, orig=95, new=173, final=255, dup=13]Processing videos:  30%|▎| 801/2700 [1:33:11<2:07:27,  4.03s/it, video=27YZLpw0M98, orig=102, new=707, final=766, dup=43Processing videos:  30%|▎| 802/2700 [1:33:11<3:11:19,  6.05s/it, video=27YZLpw0M98, orig=102, new=707, final=766, dup=43                                                                                                                        
──────────────────────────────────────────────────────────────────────
📹 Video: 27YZLpw0M98
──────────────────────────────────────────────────────────────────────
  📊 Scores: Max=0.9844 | Min=0.0003 | Range=[0.0003, 0.9844]
  🎯 Threshold: 0.6891 (70.0% of max)
  ✅ High-Score Frames: 9/102 (8.8%)
  📍 First 10 indices: [200, 225, 250, 1350, 1375, 1550, 1575, 2225, 2250]
──────────────────────────────────────────────────────────────────────

Processing videos:  30%|▎| 802/2700 [1:33:11<3:11:19,  6.05s/it, video=27YZLpw0M98, orig=102, new=707, final=766, dup=43Processing videos:  30%|▎| 802/2700 [1:33:16<3:11:19,  6.05s/it, video=27YZLpw0M98, orig=102, new=309, final=390, dup=21Processing videos:  30%|▎| 803/2700 [1:33:16<2:59:22,  5.67s/it, video=27YZLpw0M98, orig=102, new=309, final=390, dup=21                                                                                                                        
──────────────────────────────────────────────────────────────────────
📹 Video: 27YZLpw0M98
──────────────────────────────────────────────────────────────────────
  📊 Scores: Max=0.2509 | Min=0.0055 | Range=[0.0055, 0.2509]
  🎯 Threshold: 0.1756 (70.0% of max)
  ✅ High-Score Frames: 10/102 (9.8%)
  📍 First 10 indices: [200, 225, 250, 425, 950, 975, 1000, 1975, 2000, 2025]
──────────────────────────────────────────────────────────────────────

Processing videos:  30%|▎| 803/2700 [1:33:16<2:59:22,  5.67s/it, video=27YZLpw0M98, orig=102, new=309, final=390, dup=21Processing videos:  30%|▎| 803/2700 [1:33:22<2:59:22,  5.67s/it, video=27YZLpw0M98, orig=102, new=341, final=422, dup=21Processing videos:  30%|▎| 804/2700 [1:33:22<2:59:31,  5.68s/it, video=27YZLpw0M98, orig=102, new=341, final=422, dup=21                                                                                                                        
──────────────────────────────────────────────────────────────────────
📹 Video: ZXoaMa6jlO4
──────────────────────────────────────────────────────────────────────
  📊 Scores: Max=0.7261 | Min=0.0005 | Range=[0.0005, 0.7261]
  🎯 Threshold: 0.5083 (70.0% of max)
  ✅ High-Score Frames: 2/116 (1.7%)
  📍 First 10 indices: [1587, 1610]
──────────────────────────────────────────────────────────────────────

Processing videos:  30%|▎| 804/2700 [1:33:22<2:59:31,  5.68s/it, video=27YZLpw0M98, orig=102, new=341, final=422, dup=21Processing videos:  30%|▌ | 804/2700 [1:33:23<2:59:31,  5.68s/it, video=ZXoaMa6jlO4, orig=116, new=96, final=208, dup=4]Processing videos:  30%|▌ | 805/2700 [1:33:23<2:20:14,  4.44s/it, video=ZXoaMa6jlO4, orig=116, new=96, final=208, dup=4]                                                                                                                        
──────────────────────────────────────────────────────────────────────
📹 Video: ZXoaMa6jlO4
──────────────────────────────────────────────────────────────────────
  📊 Scores: Max=0.7944 | Min=0.0000 | Range=[0.0000, 0.7944]
  🎯 Threshold: 0.5560 (70.0% of max)
  ✅ High-Score Frames: 3/116 (2.6%)
  📍 First 10 indices: [1012, 1127, 1150]
──────────────────────────────────────────────────────────────────────

Processing videos:  30%|▌ | 805/2700 [1:33:23<2:20:14,  4.44s/it, video=ZXoaMa6jlO4, orig=116, new=96, final=208, dup=4]Processing videos:  30%|▎| 805/2700 [1:33:26<2:20:14,  4.44s/it, video=ZXoaMa6jlO4, orig=116, new=145, final=254, dup=7]Processing videos:  30%|▎| 806/2700 [1:33:26<1:59:51,  3.80s/it, video=ZXoaMa6jlO4, orig=116, new=145, final=254, dup=7]                                                                                                                        
──────────────────────────────────────────────────────────────────────
📹 Video: ZXoaMa6jlO4
──────────────────────────────────────────────────────────────────────
  📊 Scores: Max=0.2679 | Min=0.0010 | Range=[0.0010, 0.2679]
  🎯 Threshold: 0.1875 (70.0% of max)
  ✅ High-Score Frames: 2/116 (1.7%)
  📍 First 10 indices: [1127, 1610]
──────────────────────────────────────────────────────────────────────

Processing videos:  30%|▎| 806/2700 [1:33:26<1:59:51,  3.80s/it, video=ZXoaMa6jlO4, orig=116, new=145, final=254, dup=7]Processing videos:  30%|▌ | 806/2700 [1:33:27<1:59:51,  3.80s/it, video=ZXoaMa6jlO4, orig=116, new=98, final=208, dup=6]Processing videos:  30%|▌ | 807/2700 [1:33:27<1:39:03,  3.14s/it, video=ZXoaMa6jlO4, orig=116, new=98, final=208, dup=6]                                                                                                                        
──────────────────────────────────────────────────────────────────────
📹 Video: gR5YcIJhDcU
──────────────────────────────────────────────────────────────────────
  📊 Scores: Max=0.9954 | Min=0.0014 | Range=[0.0014, 0.9954]
  🎯 Threshold: 0.6968 (70.0% of max)
  ✅ High-Score Frames: 4/117 (3.4%)
  📍 First 10 indices: [75, 100, 125, 150]
──────────────────────────────────────────────────────────────────────

Processing videos:  30%|▌ | 807/2700 [1:33:27<1:39:03,  3.14s/it, video=ZXoaMa6jlO4, orig=116, new=98, final=208, dup=6]Processing videos:  30%|▎| 807/2700 [1:33:29<1:39:03,  3.14s/it, video=gR5YcIJhDcU, orig=117, new=127, final=237, dup=7]Processing videos:  30%|▎| 808/2700 [1:33:29<1:28:54,  2.82s/it, video=gR5YcIJhDcU, orig=117, new=127, final=237, dup=7]                                                                                                                        
──────────────────────────────────────────────────────────────────────
📹 Video: gR5YcIJhDcU
──────────────────────────────────────────────────────────────────────
  📊 Scores: Max=0.8652 | Min=0.0165 | Range=[0.0165, 0.8652]
  🎯 Threshold: 0.6056 (70.0% of max)
  ✅ High-Score Frames: 20/117 (17.1%)
  📍 First 10 indices: [25, 50, 75, 100, 125, 150, 175, 200, 375, 425]
──────────────────────────────────────────────────────────────────────

Processing videos:  30%|▎| 808/2700 [1:33:29<1:28:54,  2.82s/it, video=gR5YcIJhDcU, orig=117, new=127, final=237, dup=7]Processing videos:  30%|▎| 808/2700 [1:33:39<1:28:54,  2.82s/it, video=gR5YcIJhDcU, orig=117, new=586, final=669, dup=34Processing videos:  30%|▎| 809/2700 [1:33:39<2:28:56,  4.73s/it, video=gR5YcIJhDcU, orig=117, new=586, final=669, dup=34                                                                                                                        
──────────────────────────────────────────────────────────────────────
📹 Video: gR5YcIJhDcU
──────────────────────────────────────────────────────────────────────
  📊 Scores: Max=0.8554 | Min=0.0004 | Range=[0.0004, 0.8554]
  🎯 Threshold: 0.5988 (70.0% of max)
  ✅ High-Score Frames: 3/117 (2.6%)
  📍 First 10 indices: [1050, 1075, 1100]
──────────────────────────────────────────────────────────────────────

Processing videos:  30%|▎| 809/2700 [1:33:39<2:28:56,  4.73s/it, video=gR5YcIJhDcU, orig=117, new=586, final=669, dup=34Processing videos:  30%|▎| 809/2700 [1:33:40<2:28:56,  4.73s/it, video=gR5YcIJhDcU, orig=117, new=102, final=213, dup=6]Processing videos:  30%|▎| 810/2700 [1:33:40<1:59:38,  3.80s/it, video=gR5YcIJhDcU, orig=117, new=102, final=213, dup=6]                                                                                                                        
──────────────────────────────────────────────────────────────────────
📹 Video: yXl0Vrk5ssk
──────────────────────────────────────────────────────────────────────
  📊 Scores: Max=0.9872 | Min=0.0013 | Range=[0.0013, 0.9872]
  🎯 Threshold: 0.6910 (70.0% of max)
  ✅ High-Score Frames: 26/34 (76.5%)
  📍 First 10 indices: [0, 30, 60, 150, 180, 210, 240, 270, 300, 330]
──────────────────────────────────────────────────────────────────────

Processing videos:  30%|▎| 810/2700 [1:33:40<1:59:38,  3.80s/it, video=gR5YcIJhDcU, orig=117, new=102, final=213, dup=6]Processing videos:  30%|▎| 810/2700 [1:33:45<1:59:38,  3.80s/it, video=yXl0Vrk5ssk, orig=34, new=291, final=295, dup=30]Processing videos:  30%|▎| 811/2700 [1:33:45<2:06:40,  4.02s/it, video=yXl0Vrk5ssk, orig=34, new=291, final=295, dup=30]                                                                                                                        
──────────────────────────────────────────────────────────────────────
📹 Video: yXl0Vrk5ssk
──────────────────────────────────────────────────────────────────────
  📊 Scores: Max=0.8906 | Min=0.1653 | Range=[0.1653, 0.8906]
  🎯 Threshold: 0.6234 (70.0% of max)
  ✅ High-Score Frames: 25/34 (73.5%)
  📍 First 10 indices: [0, 30, 60, 90, 120, 150, 180, 210, 240, 270]
──────────────────────────────────────────────────────────────────────

Processing videos:  30%|▎| 811/2700 [1:33:45<2:06:40,  4.02s/it, video=yXl0Vrk5ssk, orig=34, new=291, final=295, dup=30]Processing videos:  30%|▎| 811/2700 [1:33:49<2:06:40,  4.02s/it, video=yXl0Vrk5ssk, orig=34, new=271, final=277, dup=28]Processing videos:  30%|▎| 812/2700 [1:33:49<2:08:52,  4.10s/it, video=yXl0Vrk5ssk, orig=34, new=271, final=277, dup=28]                                                                                                                        
──────────────────────────────────────────────────────────────────────
📹 Video: yXl0Vrk5ssk
──────────────────────────────────────────────────────────────────────
  📊 Scores: Max=0.5026 | Min=0.0979 | Range=[0.0979, 0.5026]
  🎯 Threshold: 0.3518 (70.0% of max)
  ✅ High-Score Frames: 10/34 (29.4%)
  📍 First 10 indices: [90, 120, 150, 450, 480, 570, 630, 720, 840, 870]
──────────────────────────────────────────────────────────────────────

Processing videos:  30%|▎| 812/2700 [1:33:49<2:08:52,  4.10s/it, video=yXl0Vrk5ssk, orig=34, new=271, final=277, dup=28]Processing videos:  30%|▎| 812/2700 [1:33:53<2:08:52,  4.10s/it, video=yXl0Vrk5ssk, orig=34, new=242, final=250, dup=26]Processing videos:  30%|▎| 813/2700 [1:33:53<2:06:15,  4.01s/it, video=yXl0Vrk5ssk, orig=34, new=242, final=250, dup=26]                                                                                                                        
──────────────────────────────────────────────────────────────────────
📹 Video: YsPwg3dUwjQ
──────────────────────────────────────────────────────────────────────
  📊 Scores: Max=0.7833 | Min=0.1030 | Range=[0.1030, 0.7833]
  🎯 Threshold: 0.5483 (70.0% of max)
  ✅ High-Score Frames: 10/55 (18.2%)
  📍 First 10 indices: [261, 290, 377, 696, 754, 783, 812, 928, 986, 1131]
──────────────────────────────────────────────────────────────────────

Processing videos:  30%|▎| 813/2700 [1:33:53<2:06:15,  4.01s/it, video=yXl0Vrk5ssk, orig=34, new=242, final=250, dup=26]Processing videos:  30%|▎| 813/2700 [1:33:59<2:06:15,  4.01s/it, video=YsPwg3dUwjQ, orig=55, new=383, final=415, dup=23]Processing videos:  30%|▎| 814/2700 [1:33:59<2:24:48,  4.61s/it, video=YsPwg3dUwjQ, orig=55, new=383, final=415, dup=23]                                                                                                                        
──────────────────────────────────────────────────────────────────────
📹 Video: YsPwg3dUwjQ
──────────────────────────────────────────────────────────────────────
  📊 Scores: Max=0.0559 | Min=0.0052 | Range=[0.0052, 0.0559]
  🎯 Threshold: 0.0391 (70.0% of max)
  ✅ High-Score Frames: 1/55 (1.8%)
  📍 First 10 indices: [1537]
──────────────────────────────────────────────────────────────────────

Processing videos:  30%|▎| 814/2700 [1:33:59<2:24:48,  4.61s/it, video=YsPwg3dUwjQ, orig=55, new=383, final=415, dup=23]Processing videos:  30%|█▏  | 814/2700 [1:34:00<2:24:48,  4.61s/it, video=YsPwg3dUwjQ, orig=55, new=41, final=94, dup=2]Processing videos:  30%|█▏  | 815/2700 [1:34:00<1:47:50,  3.43s/it, video=YsPwg3dUwjQ, orig=55, new=41, final=94, dup=2]                                                                                                                        
──────────────────────────────────────────────────────────────────────
📹 Video: YsPwg3dUwjQ
──────────────────────────────────────────────────────────────────────
  📊 Scores: Max=0.4988 | Min=0.0147 | Range=[0.0147, 0.4988]
  🎯 Threshold: 0.3491 (70.0% of max)
  ✅ High-Score Frames: 6/55 (10.9%)
  📍 First 10 indices: [406, 464, 522, 580, 638, 725]
──────────────────────────────────────────────────────────────────────

Processing videos:  30%|█▏  | 815/2700 [1:34:00<1:47:50,  3.43s/it, video=YsPwg3dUwjQ, orig=55, new=41, final=94, dup=2]Processing videos:  30%|▎| 815/2700 [1:34:03<1:47:50,  3.43s/it, video=YsPwg3dUwjQ, orig=55, new=231, final=273, dup=13]Processing videos:  30%|▎| 816/2700 [1:34:03<1:49:01,  3.47s/it, video=YsPwg3dUwjQ, orig=55, new=231, final=273, dup=13]                                                                                                                        
──────────────────────────────────────────────────────────────────────
📹 Video: Kn10Jf1x24Q
──────────────────────────────────────────────────────────────────────
  📊 Scores: Max=0.9168 | Min=0.0005 | Range=[0.0005, 0.9168]
  🎯 Threshold: 0.6418 (70.0% of max)
  ✅ High-Score Frames: 15/33 (45.5%)
  📍 First 10 indices: [240, 270, 300, 330, 360, 540, 570, 630, 660, 690]
──────────────────────────────────────────────────────────────────────

Processing videos:  30%|▎| 816/2700 [1:34:03<1:49:01,  3.47s/it, video=YsPwg3dUwjQ, orig=55, new=231, final=273, dup=13]Processing videos:  30%|▎| 816/2700 [1:34:07<1:49:01,  3.47s/it, video=Kn10Jf1x24Q, orig=33, new=222, final=231, dup=24]Processing videos:  30%|▎| 817/2700 [1:34:07<1:49:37,  3.49s/it, video=Kn10Jf1x24Q, orig=33, new=222, final=231, dup=24]                                                                                                                        
──────────────────────────────────────────────────────────────────────
📹 Video: Kn10Jf1x24Q
──────────────────────────────────────────────────────────────────────
  📊 Scores: Max=0.9827 | Min=0.0004 | Range=[0.0004, 0.9827]
  🎯 Threshold: 0.6879 (70.0% of max)
  ✅ High-Score Frames: 17/33 (51.5%)
  📍 First 10 indices: [210, 240, 270, 300, 330, 360, 540, 570, 630, 660]
──────────────────────────────────────────────────────────────────────

Processing videos:  30%|▎| 817/2700 [1:34:07<1:49:37,  3.49s/it, video=Kn10Jf1x24Q, orig=33, new=222, final=231, dup=24]Processing videos:  30%|▎| 817/2700 [1:34:10<1:49:37,  3.49s/it, video=Kn10Jf1x24Q, orig=33, new=242, final=249, dup=26]Processing videos:  30%|▎| 818/2700 [1:34:10<1:52:50,  3.60s/it, video=Kn10Jf1x24Q, orig=33, new=242, final=249, dup=26]                                                                                                                        
──────────────────────────────────────────────────────────────────────
📹 Video: Kn10Jf1x24Q
──────────────────────────────────────────────────────────────────────
  📊 Scores: Max=0.8456 | Min=0.0002 | Range=[0.0002, 0.8456]
  🎯 Threshold: 0.5919 (70.0% of max)
  ✅ High-Score Frames: 9/33 (27.3%)
  📍 First 10 indices: [570, 630, 660, 690, 720, 750, 780, 810, 840]
──────────────────────────────────────────────────────────────────────

Processing videos:  30%|▎| 818/2700 [1:34:10<1:52:50,  3.60s/it, video=Kn10Jf1x24Q, orig=33, new=242, final=249, dup=26]Processing videos:  30%|▎| 818/2700 [1:34:13<1:52:50,  3.60s/it, video=Kn10Jf1x24Q, orig=33, new=131, final=150, dup=14]Processing videos:  30%|▎| 819/2700 [1:34:13<1:39:09,  3.16s/it, video=Kn10Jf1x24Q, orig=33, new=131, final=150, dup=14]                                                                                                                        
──────────────────────────────────────────────────────────────────────
📹 Video: vszWsYOdnPg
──────────────────────────────────────────────────────────────────────
  📊 Scores: Max=0.3278 | Min=0.0063 | Range=[0.0063, 0.3278]
  🎯 Threshold: 0.2295 (70.0% of max)
  ✅ High-Score Frames: 2/69 (2.9%)
  📍 First 10 indices: [1015, 1305]
──────────────────────────────────────────────────────────────────────

Processing videos:  30%|▎| 819/2700 [1:34:13<1:39:09,  3.16s/it, video=Kn10Jf1x24Q, orig=33, new=131, final=150, dup=14]Processing videos:  30%|▉  | 819/2700 [1:34:14<1:39:09,  3.16s/it, video=vszWsYOdnPg, orig=69, new=82, final=145, dup=6]Processing videos:  30%|▉  | 820/2700 [1:34:14<1:22:29,  2.63s/it, video=vszWsYOdnPg, orig=69, new=82, final=145, dup=6]                                                                                                                        
──────────────────────────────────────────────────────────────────────
📹 Video: vszWsYOdnPg
──────────────────────────────────────────────────────────────────────
  📊 Scores: Max=0.2636 | Min=0.0016 | Range=[0.0016, 0.2636]
  🎯 Threshold: 0.1845 (70.0% of max)
  ✅ High-Score Frames: 1/69 (1.4%)
  📍 First 10 indices: [1305]
──────────────────────────────────────────────────────────────────────

Processing videos:  30%|▉  | 820/2700 [1:34:14<1:22:29,  2.63s/it, video=vszWsYOdnPg, orig=69, new=82, final=145, dup=6]Processing videos:  30%|▉  | 820/2700 [1:34:15<1:22:29,  2.63s/it, video=vszWsYOdnPg, orig=69, new=41, final=107, dup=3]Processing videos:  30%|▉  | 821/2700 [1:34:15<1:04:04,  2.05s/it, video=vszWsYOdnPg, orig=69, new=41, final=107, dup=3]                                                                                                                        
──────────────────────────────────────────────────────────────────────
📹 Video: vszWsYOdnPg
──────────────────────────────────────────────────────────────────────
  📊 Scores: Max=0.7761 | Min=0.0108 | Range=[0.0108, 0.7761]
  🎯 Threshold: 0.5433 (70.0% of max)
  ✅ High-Score Frames: 8/69 (11.6%)
  📍 First 10 indices: [957, 1015, 1044, 1073, 1160, 1305, 1334, 1392]
──────────────────────────────────────────────────────────────────────

Processing videos:  30%|▉  | 821/2700 [1:34:15<1:04:04,  2.05s/it, video=vszWsYOdnPg, orig=69, new=41, final=107, dup=3]Processing videos:  30%|▎| 821/2700 [1:34:19<1:04:04,  2.05s/it, video=vszWsYOdnPg, orig=69, new=290, final=343, dup=16]Processing videos:  30%|▎| 822/2700 [1:34:19<1:26:28,  2.76s/it, video=vszWsYOdnPg, orig=69, new=290, final=343, dup=16]                                                                                                                        
──────────────────────────────────────────────────────────────────────
📹 Video: ZHWZf1Z4B5k
──────────────────────────────────────────────────────────────────────
  📊 Scores: Max=0.2533 | Min=0.1086 | Range=[0.1086, 0.2533]
  🎯 Threshold: 0.1773 (70.0% of max)
  ✅ High-Score Frames: 9/29 (31.0%)
  📍 First 10 indices: [0, 161, 184, 322, 437, 552, 575, 598, 644]
──────────────────────────────────────────────────────────────────────

Processing videos:  30%|▎| 822/2700 [1:34:19<1:26:28,  2.76s/it, video=vszWsYOdnPg, orig=69, new=290, final=343, dup=16]Processing videos:  30%|▎| 822/2700 [1:34:24<1:26:28,  2.76s/it, video=ZHWZf1Z4B5k, orig=29, new=351, final=362, dup=18]Processing videos:  30%|▎| 823/2700 [1:34:24<1:50:43,  3.54s/it, video=ZHWZf1Z4B5k, orig=29, new=351, final=362, dup=18]                                                                                                                        
──────────────────────────────────────────────────────────────────────
📹 Video: ZHWZf1Z4B5k
──────────────────────────────────────────────────────────────────────
  📊 Scores: Max=0.3107 | Min=0.1650 | Range=[0.1650, 0.3107]
  🎯 Threshold: 0.2175 (70.0% of max)
  ✅ High-Score Frames: 12/29 (41.4%)
  📍 First 10 indices: [0, 161, 184, 322, 368, 391, 437, 529, 552, 575]
──────────────────────────────────────────────────────────────────────

Processing videos:  30%|▎| 823/2700 [1:34:24<1:50:43,  3.54s/it, video=ZHWZf1Z4B5k, orig=29, new=351, final=362, dup=18]Processing videos:  30%|▎| 823/2700 [1:34:31<1:50:43,  3.54s/it, video=ZHWZf1Z4B5k, orig=29, new=418, final=426, dup=21]Processing videos:  31%|▎| 824/2700 [1:34:31<2:15:41,  4.34s/it, video=ZHWZf1Z4B5k, orig=29, new=418, final=426, dup=21]                                                                                                                        
──────────────────────────────────────────────────────────────────────
📹 Video: ZHWZf1Z4B5k
──────────────────────────────────────────────────────────────────────
  📊 Scores: Max=0.8135 | Min=0.1484 | Range=[0.1484, 0.8135]
  🎯 Threshold: 0.5694 (70.0% of max)
  ✅ High-Score Frames: 10/29 (34.5%)
  📍 First 10 indices: [0, 23, 46, 69, 92, 138, 161, 460, 598, 644]
──────────────────────────────────────────────────────────────────────

Processing videos:  31%|▎| 824/2700 [1:34:31<2:15:41,  4.34s/it, video=ZHWZf1Z4B5k, orig=29, new=418, final=426, dup=21]Processing videos:  31%|▎| 824/2700 [1:34:35<2:15:41,  4.34s/it, video=ZHWZf1Z4B5k, orig=29, new=289, final=302, dup=16]                                                                                                                        
======================================================================
Processing videos:  31%|▎| 824/2700 [1:34:36<2:15:41,  4.34s/it, video=ZHWZf1Z4B5k, orig=29, new=289, final=302, dup=16]                                                                                                                        💾 CHECKPOINT SAVED [825/2700]
Processing videos:  31%|▎| 824/2700 [1:34:36<2:15:41,  4.34s/it, video=ZHWZf1Z4B5k, orig=29, new=289, final=302, dup=16]                                                                                                                        ======================================================================
Processing videos:  31%|▎| 824/2700 [1:34:36<2:15:41,  4.34s/it, video=ZHWZf1Z4B5k, orig=29, new=289, final=302, dup=16]                                                                                                                          GPU Memory: 0.00GB allocated, 0.00GB reserved
Processing videos:  31%|▎| 824/2700 [1:34:36<2:15:41,  4.34s/it, video=ZHWZf1Z4B5k, orig=29, new=289, final=302, dup=16]                                                                                                                          Videos processed: 825
Processing videos:  31%|▎| 824/2700 [1:34:36<2:15:41,  4.34s/it, video=ZHWZf1Z4B5k, orig=29, new=289, final=302, dup=16]                                                                                                                          With dense sampling: 825
Processing videos:  31%|▎| 824/2700 [1:34:36<2:15:41,  4.34s/it, video=ZHWZf1Z4B5k, orig=29, new=289, final=302, dup=16]                                                                                                                          Total frames: 521,353
Processing videos:  31%|▎| 824/2700 [1:34:36<2:15:41,  4.34s/it, video=ZHWZf1Z4B5k, orig=29, new=289, final=302, dup=16]                                                                                                                          Elapsed time: 94.60 min
Processing videos:  31%|▎| 824/2700 [1:34:36<2:15:41,  4.34s/it, video=ZHWZf1Z4B5k, orig=29, new=289, final=302, dup=16]                                                                                                                          Speed: 0.12 videos/sec
Processing videos:  31%|▎| 824/2700 [1:34:36<2:15:41,  4.34s/it, video=ZHWZf1Z4B5k, orig=29, new=289, final=302, dup=16]                                                                                                                          ✅ Safe to restart if needed
Processing videos:  31%|▎| 824/2700 [1:34:36<2:15:41,  4.34s/it, video=ZHWZf1Z4B5k, orig=29, new=289, final=302, dup=16]                                                                                                                        ======================================================================

Processing videos:  31%|▎| 824/2700 [1:34:36<2:15:41,  4.34s/it, video=ZHWZf1Z4B5k, orig=29, new=289, final=302, dup=16]Processing videos:  31%|▎| 825/2700 [1:34:36<2:20:20,  4.49s/it, video=ZHWZf1Z4B5k, orig=29, new=289, final=302, dup=16]                                                                                                                        
──────────────────────────────────────────────────────────────────────
📹 Video: 6Cr_8tvvQ0k
──────────────────────────────────────────────────────────────────────
  📊 Scores: Max=0.8688 | Min=0.1764 | Range=[0.1764, 0.8688]
  🎯 Threshold: 0.6082 (70.0% of max)
  ✅ High-Score Frames: 46/57 (80.7%)
  📍 First 10 indices: [115, 184, 207, 230, 253, 276, 299, 322, 345, 368]
──────────────────────────────────────────────────────────────────────

Processing videos:  31%|▎| 825/2700 [1:34:36<2:20:20,  4.49s/it, video=ZHWZf1Z4B5k, orig=29, new=289, final=302, dup=16]Processing videos:  31%|▎| 825/2700 [1:34:52<2:20:20,  4.49s/it, video=6Cr_8tvvQ0k, orig=57, new=1156, final=1161, dup=5Processing videos:  31%|▎| 826/2700 [1:34:52<4:16:40,  8.22s/it, video=6Cr_8tvvQ0k, orig=57, new=1156, final=1161, dup=5                                                                                                                        
──────────────────────────────────────────────────────────────────────
📹 Video: 6Cr_8tvvQ0k
──────────────────────────────────────────────────────────────────────
  📊 Scores: Max=0.8639 | Min=0.1854 | Range=[0.1854, 0.8639]
  🎯 Threshold: 0.6048 (70.0% of max)
  ✅ High-Score Frames: 46/57 (80.7%)
  📍 First 10 indices: [115, 184, 207, 230, 253, 276, 299, 322, 345, 368]
──────────────────────────────────────────────────────────────────────

Processing videos:  31%|▎| 826/2700 [1:34:52<4:16:40,  8.22s/it, video=6Cr_8tvvQ0k, orig=57, new=1156, final=1161, dup=5Processing videos:  31%|▎| 826/2700 [1:35:09<4:16:40,  8.22s/it, video=6Cr_8tvvQ0k, orig=57, new=1156, final=1161, dup=5Processing videos:  31%|▎| 827/2700 [1:35:09<5:37:52, 10.82s/it, video=6Cr_8tvvQ0k, orig=57, new=1156, final=1161, dup=5                                                                                                                        
──────────────────────────────────────────────────────────────────────
📹 Video: 6Cr_8tvvQ0k
──────────────────────────────────────────────────────────────────────
  📊 Scores: Max=0.4086 | Min=0.1085 | Range=[0.1085, 0.4086]
  🎯 Threshold: 0.2860 (70.0% of max)
  ✅ High-Score Frames: 16/57 (28.1%)
  📍 First 10 indices: [253, 437, 460, 506, 552, 598, 644, 805, 920, 943]
──────────────────────────────────────────────────────────────────────

Processing videos:  31%|▎| 827/2700 [1:35:09<5:37:52, 10.82s/it, video=6Cr_8tvvQ0k, orig=57, new=1156, final=1161, dup=5Processing videos:  31%|▎| 827/2700 [1:35:19<5:37:52, 10.82s/it, video=6Cr_8tvvQ0k, orig=57, new=639, final=663, dup=33]Processing videos:  31%|▎| 828/2700 [1:35:19<5:26:04, 10.45s/it, video=6Cr_8tvvQ0k, orig=57, new=639, final=663, dup=33]                                                                                                                        
──────────────────────────────────────────────────────────────────────
📹 Video: H8fbAFOMTp4
──────────────────────────────────────────────────────────────────────
  📊 Scores: Max=0.1878 | Min=0.0021 | Range=[0.0021, 0.1878]
  🎯 Threshold: 0.1315 (70.0% of max)
  ✅ High-Score Frames: 1/105 (1.0%)
  📍 First 10 indices: [3090]
──────────────────────────────────────────────────────────────────────

Processing videos:  31%|▎| 828/2700 [1:35:19<5:26:04, 10.45s/it, video=6Cr_8tvvQ0k, orig=57, new=639, final=663, dup=33]Processing videos:  31%|▌ | 828/2700 [1:35:19<5:26:04, 10.45s/it, video=H8fbAFOMTp4, orig=105, new=41, final=142, dup=4]Processing videos:  31%|▌ | 829/2700 [1:35:19<3:51:50,  7.43s/it, video=H8fbAFOMTp4, orig=105, new=41, final=142, dup=4]                                                                                                                        
──────────────────────────────────────────────────────────────────────
📹 Video: H8fbAFOMTp4
──────────────────────────────────────────────────────────────────────
  📊 Scores: Max=0.9950 | Min=0.0057 | Range=[0.0057, 0.9950]
  🎯 Threshold: 0.6965 (70.0% of max)
  ✅ High-Score Frames: 10/105 (9.5%)
  📍 First 10 indices: [1290, 1320, 1350, 1590, 2760, 2790, 2820, 2880, 2970, 3000]
──────────────────────────────────────────────────────────────────────

Processing videos:  31%|▌ | 829/2700 [1:35:19<3:51:50,  7.43s/it, video=H8fbAFOMTp4, orig=105, new=41, final=142, dup=4]Processing videos:  31%|▎| 829/2700 [1:35:21<3:51:50,  7.43s/it, video=H8fbAFOMTp4, orig=105, new=223, final=303, dup=25Processing videos:  31%|▎| 830/2700 [1:35:21<3:00:34,  5.79s/it, video=H8fbAFOMTp4, orig=105, new=223, final=303, dup=25                                                                                                                        
──────────────────────────────────────────────────────────────────────
📹 Video: H8fbAFOMTp4
──────────────────────────────────────────────────────────────────────
  📊 Scores: Max=0.4963 | Min=0.0037 | Range=[0.0037, 0.4963]
  🎯 Threshold: 0.3474 (70.0% of max)
  ✅ High-Score Frames: 9/105 (8.6%)
  📍 First 10 indices: [1980, 2010, 2100, 2130, 2160, 2190, 2220, 2310, 2730]
──────────────────────────────────────────────────────────────────────

Processing videos:  31%|▎| 830/2700 [1:35:21<3:00:34,  5.79s/it, video=H8fbAFOMTp4, orig=105, new=223, final=303, dup=25Processing videos:  31%|▎| 830/2700 [1:35:23<3:00:34,  5.79s/it, video=H8fbAFOMTp4, orig=105, new=192, final=276, dup=21Processing videos:  31%|▎| 831/2700 [1:35:23<2:22:22,  4.57s/it, video=H8fbAFOMTp4, orig=105, new=192, final=276, dup=21                                                                                                                        
──────────────────────────────────────────────────────────────────────
📹 Video: fQVhppRP4Wo
──────────────────────────────────────────────────────────────────────
  📊 Scores: Max=0.9761 | Min=0.0005 | Range=[0.0005, 0.9761]
  🎯 Threshold: 0.6833 (70.0% of max)
  ✅ High-Score Frames: 18/80 (22.5%)
  📍 First 10 indices: [261, 551, 667, 696, 783, 812, 1189, 1218, 1305, 1653]
──────────────────────────────────────────────────────────────────────

Processing videos:  31%|▎| 831/2700 [1:35:23<2:22:22,  4.57s/it, video=H8fbAFOMTp4, orig=105, new=192, final=276, dup=21Processing videos:  31%|▎| 831/2700 [1:35:33<2:22:22,  4.57s/it, video=fQVhppRP4Wo, orig=80, new=660, final=701, dup=39]Processing videos:  31%|▎| 832/2700 [1:35:33<3:13:54,  6.23s/it, video=fQVhppRP4Wo, orig=80, new=660, final=701, dup=39]                                                                                                                        
──────────────────────────────────────────────────────────────────────
📹 Video: fQVhppRP4Wo
──────────────────────────────────────────────────────────────────────
  📊 Scores: Max=0.9656 | Min=0.0007 | Range=[0.0007, 0.9656]
  🎯 Threshold: 0.6759 (70.0% of max)
  ✅ High-Score Frames: 10/80 (12.5%)
  📍 First 10 indices: [261, 667, 696, 725, 1189, 1682, 1914, 1943, 2117, 2175]
──────────────────────────────────────────────────────────────────────

Processing videos:  31%|▎| 832/2700 [1:35:33<3:13:54,  6.23s/it, video=fQVhppRP4Wo, orig=80, new=660, final=701, dup=39]Processing videos:  31%|▎| 832/2700 [1:35:39<3:13:54,  6.23s/it, video=fQVhppRP4Wo, orig=80, new=395, final=450, dup=25]Processing videos:  31%|▎| 833/2700 [1:35:39<3:14:34,  6.25s/it, video=fQVhppRP4Wo, orig=80, new=395, final=450, dup=25]                                                                                                                        
──────────────────────────────────────────────────────────────────────
📹 Video: fQVhppRP4Wo
──────────────────────────────────────────────────────────────────────
  📊 Scores: Max=0.9977 | Min=0.0008 | Range=[0.0008, 0.9977]
  🎯 Threshold: 0.6984 (70.0% of max)
  ✅ High-Score Frames: 50/80 (62.5%)
  📍 First 10 indices: [87, 116, 261, 290, 522, 551, 580, 638, 667, 696]
──────────────────────────────────────────────────────────────────────

Processing videos:  31%|▎| 833/2700 [1:35:39<3:14:34,  6.25s/it, video=fQVhppRP4Wo, orig=80, new=395, final=450, dup=25]Processing videos:  31%|▎| 833/2700 [1:36:03<3:14:34,  6.25s/it, video=fQVhppRP4Wo, orig=80, new=1644, final=1653, dup=7Processing videos:  31%|▎| 834/2700 [1:36:03<5:53:16, 11.36s/it, video=fQVhppRP4Wo, orig=80, new=1644, final=1653, dup=7                                                                                                                        
──────────────────────────────────────────────────────────────────────
📹 Video: hsKmC7RwHvo
──────────────────────────────────────────────────────────────────────
  📊 Scores: Max=0.8601 | Min=0.2838 | Range=[0.2838, 0.8601]
  🎯 Threshold: 0.6021 (70.0% of max)
  ✅ High-Score Frames: 47/83 (56.6%)
  📍 First 10 indices: [96, 168, 192, 216, 240, 264, 288, 312, 336, 360]
──────────────────────────────────────────────────────────────────────

Processing videos:  31%|▎| 834/2700 [1:36:03<5:53:16, 11.36s/it, video=fQVhppRP4Wo, orig=80, new=1644, final=1653, dup=7Processing videos:  31%|▎| 834/2700 [1:36:11<5:53:16, 11.36s/it, video=hsKmC7RwHvo, orig=83, new=531, final=545, dup=69]Processing videos:  31%|▎| 835/2700 [1:36:11<5:26:27, 10.50s/it, video=hsKmC7RwHvo, orig=83, new=531, final=545, dup=69]                                                                                                                        
──────────────────────────────────────────────────────────────────────
📹 Video: hsKmC7RwHvo
──────────────────────────────────────────────────────────────────────
  📊 Scores: Max=0.8658 | Min=0.2720 | Range=[0.2720, 0.8658]
  🎯 Threshold: 0.6060 (70.0% of max)
  ✅ High-Score Frames: 75/83 (90.4%)
  📍 First 10 indices: [72, 96, 168, 192, 216, 240, 264, 288, 312, 336]
──────────────────────────────────────────────────────────────────────

Processing videos:  31%|▎| 835/2700 [1:36:11<5:26:27, 10.50s/it, video=hsKmC7RwHvo, orig=83, new=531, final=545, dup=69]Processing videos:  31%|▎| 835/2700 [1:36:21<5:26:27, 10.50s/it, video=hsKmC7RwHvo, orig=83, new=649, final=650, dup=82]Processing videos:  31%|▎| 836/2700 [1:36:21<5:24:06, 10.43s/it, video=hsKmC7RwHvo, orig=83, new=649, final=650, dup=82]                                                                                                                        
──────────────────────────────────────────────────────────────────────
📹 Video: hsKmC7RwHvo
──────────────────────────────────────────────────────────────────────
  📊 Scores: Max=0.3124 | Min=0.1803 | Range=[0.1803, 0.3124]
  🎯 Threshold: 0.2187 (70.0% of max)
  ✅ High-Score Frames: 69/83 (83.1%)
  📍 First 10 indices: [96, 120, 144, 168, 192, 216, 240, 264, 288, 312]
──────────────────────────────────────────────────────────────────────

Processing videos:  31%|▎| 836/2700 [1:36:21<5:24:06, 10.43s/it, video=hsKmC7RwHvo, orig=83, new=649, final=650, dup=82]Processing videos:  31%|▎| 836/2700 [1:36:32<5:24:06, 10.43s/it, video=hsKmC7RwHvo, orig=83, new=654, final=656, dup=81]Processing videos:  31%|▎| 837/2700 [1:36:32<5:22:52, 10.40s/it, video=hsKmC7RwHvo, orig=83, new=654, final=656, dup=81]                                                                                                                        
──────────────────────────────────────────────────────────────────────
📹 Video: S1nUMsPC1-0
──────────────────────────────────────────────────────────────────────
  📊 Scores: Max=0.7840 | Min=0.0008 | Range=[0.0008, 0.7840]
  🎯 Threshold: 0.5488 (70.0% of max)
  ✅ High-Score Frames: 5/84 (6.0%)
  📍 First 10 indices: [125, 150, 175, 200, 225]
──────────────────────────────────────────────────────────────────────

Processing videos:  31%|▎| 837/2700 [1:36:32<5:22:52, 10.40s/it, video=hsKmC7RwHvo, orig=83, new=654, final=656, dup=81]Processing videos:  31%|▌ | 837/2700 [1:36:34<5:22:52, 10.40s/it, video=S1nUMsPC1-0, orig=84, new=152, final=228, dup=8]Processing videos:  31%|▌ | 838/2700 [1:36:34<4:08:06,  7.99s/it, video=S1nUMsPC1-0, orig=84, new=152, final=228, dup=8]                                                                                                                        
──────────────────────────────────────────────────────────────────────
📹 Video: S1nUMsPC1-0
──────────────────────────────────────────────────────────────────────
  📊 Scores: Max=0.9886 | Min=0.0000 | Range=[0.0000, 0.9886]
  🎯 Threshold: 0.6920 (70.0% of max)
  ✅ High-Score Frames: 5/84 (6.0%)
  📍 First 10 indices: [125, 225, 1475, 1525, 1625]
──────────────────────────────────────────────────────────────────────

Processing videos:  31%|▌ | 838/2700 [1:36:34<4:08:06,  7.99s/it, video=S1nUMsPC1-0, orig=84, new=152, final=228, dup=8]Processing videos:  31%|▎| 838/2700 [1:36:38<4:08:06,  7.99s/it, video=S1nUMsPC1-0, orig=84, new=174, final=244, dup=14]Processing videos:  31%|▎| 839/2700 [1:36:38<3:25:23,  6.62s/it, video=S1nUMsPC1-0, orig=84, new=174, final=244, dup=14]                                                                                                                        
──────────────────────────────────────────────────────────────────────
📹 Video: S1nUMsPC1-0
──────────────────────────────────────────────────────────────────────
  📊 Scores: Max=0.9880 | Min=0.0002 | Range=[0.0002, 0.9880]
  🎯 Threshold: 0.6916 (70.0% of max)
  ✅ High-Score Frames: 11/84 (13.1%)
  📍 First 10 indices: [350, 375, 400, 425, 450, 475, 500, 525, 550, 575]
──────────────────────────────────────────────────────────────────────

Processing videos:  31%|▎| 839/2700 [1:36:38<3:25:23,  6.62s/it, video=S1nUMsPC1-0, orig=84, new=174, final=244, dup=14]Processing videos:  31%|▎| 839/2700 [1:36:42<3:25:23,  6.62s/it, video=S1nUMsPC1-0, orig=84, new=302, final=372, dup=14]Processing videos:  31%|▎| 840/2700 [1:36:42<3:05:39,  5.99s/it, video=S1nUMsPC1-0, orig=84, new=302, final=372, dup=14]                                                                                                                        
──────────────────────────────────────────────────────────────────────
📹 Video: VgtNv__qR0k
──────────────────────────────────────────────────────────────────────
  📊 Scores: Max=0.9592 | Min=0.0171 | Range=[0.0171, 0.9592]
  🎯 Threshold: 0.6714 (70.0% of max)
  ✅ High-Score Frames: 63/109 (57.8%)
  📍 First 10 indices: [240, 270, 300, 330, 360, 390, 420, 510, 540, 570]
──────────────────────────────────────────────────────────────────────

Processing videos:  31%|▎| 840/2700 [1:36:42<3:05:39,  5.99s/it, video=S1nUMsPC1-0, orig=84, new=302, final=372, dup=14]Processing videos:  31%|▎| 840/2700 [1:36:50<3:05:39,  5.99s/it, video=VgtNv__qR0k, orig=109, new=812, final=838, dup=83Processing videos:  31%|▎| 841/2700 [1:36:50<3:23:18,  6.56s/it, video=VgtNv__qR0k, orig=109, new=812, final=838, dup=83                                                                                                                        
──────────────────────────────────────────────────────────────────────
📹 Video: VgtNv__qR0k
──────────────────────────────────────────────────────────────────────
  📊 Scores: Max=0.9950 | Min=0.0053 | Range=[0.0053, 0.9950]
  🎯 Threshold: 0.6965 (70.0% of max)
  ✅ High-Score Frames: 84/109 (77.1%)
  📍 First 10 indices: [240, 270, 300, 330, 360, 390, 420, 450, 510, 540]
──────────────────────────────────────────────────────────────────────

Processing videos:  31%|▎| 841/2700 [1:36:50<3:23:18,  6.56s/it, video=VgtNv__qR0k, orig=109, new=812, final=838, dup=83Processing videos:  31%|▎| 841/2700 [1:36:59<3:23:18,  6.56s/it, video=VgtNv__qR0k, orig=109, new=941, final=955, dup=95Processing videos:  31%|▎| 842/2700 [1:36:59<3:44:10,  7.24s/it, video=VgtNv__qR0k, orig=109, new=941, final=955, dup=95                                                                                                                        
──────────────────────────────────────────────────────────────────────
📹 Video: VgtNv__qR0k
──────────────────────────────────────────────────────────────────────
  📊 Scores: Max=0.9868 | Min=0.0074 | Range=[0.0074, 0.9868]
  🎯 Threshold: 0.6908 (70.0% of max)
  ✅ High-Score Frames: 71/109 (65.1%)
  📍 First 10 indices: [240, 270, 300, 330, 360, 390, 420, 510, 540, 570]
──────────────────────────────────────────────────────────────────────

Processing videos:  31%|▎| 842/2700 [1:36:59<3:44:10,  7.24s/it, video=VgtNv__qR0k, orig=109, new=941, final=955, dup=95Processing videos:  31%|▎| 842/2700 [1:37:07<3:44:10,  7.24s/it, video=VgtNv__qR0k, orig=109, new=893, final=910, dup=92Processing videos:  31%|▎| 843/2700 [1:37:07<3:54:34,  7.58s/it, video=VgtNv__qR0k, orig=109, new=893, final=910, dup=92                                                                                                                        
──────────────────────────────────────────────────────────────────────
📹 Video: MiPw-RZMHCQ
──────────────────────────────────────────────────────────────────────
  📊 Scores: Max=0.6124 | Min=0.0147 | Range=[0.0147, 0.6124]
  🎯 Threshold: 0.4287 (70.0% of max)
  ✅ High-Score Frames: 2/101 (2.0%)
  📍 First 10 indices: [1680, 2376]
──────────────────────────────────────────────────────────────────────

Processing videos:  31%|▎| 843/2700 [1:37:07<3:54:34,  7.58s/it, video=VgtNv__qR0k, orig=109, new=893, final=910, dup=92Processing videos:  31%|▌ | 843/2700 [1:37:08<3:54:34,  7.58s/it, video=MiPw-RZMHCQ, orig=101, new=66, final=158, dup=9]Processing videos:  31%|▋ | 844/2700 [1:37:08<2:55:26,  5.67s/it, video=MiPw-RZMHCQ, orig=101, new=66, final=158, dup=9]                                                                                                                        
──────────────────────────────────────────────────────────────────────
📹 Video: MiPw-RZMHCQ
──────────────────────────────────────────────────────────────────────
  📊 Scores: Max=0.0159 | Min=0.0014 | Range=[0.0014, 0.0159]
  🎯 Threshold: 0.0111 (70.0% of max)
  ✅ High-Score Frames: 4/101 (4.0%)
  📍 First 10 indices: [1248, 1728, 1752, 2040]
──────────────────────────────────────────────────────────────────────

Processing videos:  31%|▋ | 844/2700 [1:37:08<2:55:26,  5.67s/it, video=MiPw-RZMHCQ, orig=101, new=66, final=158, dup=9]Processing videos:  31%|▎| 844/2700 [1:37:10<2:55:26,  5.67s/it, video=MiPw-RZMHCQ, orig=101, new=107, final=192, dup=16Processing videos:  31%|▎| 845/2700 [1:37:10<2:19:37,  4.52s/it, video=MiPw-RZMHCQ, orig=101, new=107, final=192, dup=16                                                                                                                        
──────────────────────────────────────────────────────────────────────
📹 Video: MiPw-RZMHCQ
──────────────────────────────────────────────────────────────────────
  📊 Scores: Max=0.8445 | Min=0.0090 | Range=[0.0090, 0.8445]
  🎯 Threshold: 0.5911 (70.0% of max)
  ✅ High-Score Frames: 15/101 (14.9%)
  📍 First 10 indices: [768, 792, 816, 840, 864, 888, 912, 1248, 1272, 1296]
──────────────────────────────────────────────────────────────────────

Processing videos:  31%|▎| 845/2700 [1:37:10<2:19:37,  4.52s/it, video=MiPw-RZMHCQ, orig=101, new=107, final=192, dup=16Processing videos:  31%|▎| 845/2700 [1:37:14<2:19:37,  4.52s/it, video=MiPw-RZMHCQ, orig=101, new=256, final=323, dup=34Processing videos:  31%|▎| 846/2700 [1:37:14<2:16:55,  4.43s/it, video=MiPw-RZMHCQ, orig=101, new=256, final=323, dup=34                                                                                                                        
──────────────────────────────────────────────────────────────────────
📹 Video: UbIVqUDZOs0
──────────────────────────────────────────────────────────────────────
  📊 Scores: Max=0.9885 | Min=0.0056 | Range=[0.0056, 0.9885]
  🎯 Threshold: 0.6919 (70.0% of max)
  ✅ High-Score Frames: 11/46 (23.9%)
  📍 First 10 indices: [100, 275, 300, 325, 350, 650, 675, 700, 750, 775]
──────────────────────────────────────────────────────────────────────

Processing videos:  31%|▎| 846/2700 [1:37:14<2:16:55,  4.43s/it, video=MiPw-RZMHCQ, orig=101, new=256, final=323, dup=34Processing videos:  31%|▎| 846/2700 [1:37:18<2:16:55,  4.43s/it, video=UbIVqUDZOs0, orig=46, new=350, final=374, dup=22]Processing videos:  31%|▎| 847/2700 [1:37:18<2:09:57,  4.21s/it, video=UbIVqUDZOs0, orig=46, new=350, final=374, dup=22]                                                                                                                        
──────────────────────────────────────────────────────────────────────
📹 Video: UbIVqUDZOs0
──────────────────────────────────────────────────────────────────────
  📊 Scores: Max=0.8484 | Min=0.0079 | Range=[0.0079, 0.8484]
  🎯 Threshold: 0.5939 (70.0% of max)
  ✅ High-Score Frames: 2/46 (4.3%)
  📍 First 10 indices: [75, 100]
──────────────────────────────────────────────────────────────────────

Processing videos:  31%|▎| 847/2700 [1:37:18<2:09:57,  4.21s/it, video=UbIVqUDZOs0, orig=46, new=350, final=374, dup=22]Processing videos:  31%|▉  | 847/2700 [1:37:19<2:09:57,  4.21s/it, video=UbIVqUDZOs0, orig=46, new=69, final=110, dup=5]Processing videos:  31%|▉  | 848/2700 [1:37:19<1:37:06,  3.15s/it, video=UbIVqUDZOs0, orig=46, new=69, final=110, dup=5]                                                                                                                        
──────────────────────────────────────────────────────────────────────
📹 Video: UbIVqUDZOs0
──────────────────────────────────────────────────────────────────────
  📊 Scores: Max=0.9806 | Min=0.0021 | Range=[0.0021, 0.9806]
  🎯 Threshold: 0.6865 (70.0% of max)
  ✅ High-Score Frames: 3/46 (6.5%)
  📍 First 10 indices: [100, 750, 775]
──────────────────────────────────────────────────────────────────────

Processing videos:  31%|▉  | 848/2700 [1:37:19<1:37:06,  3.15s/it, video=UbIVqUDZOs0, orig=46, new=69, final=110, dup=5]Processing videos:  31%|▋ | 848/2700 [1:37:20<1:37:06,  3.15s/it, video=UbIVqUDZOs0, orig=46, new=104, final=142, dup=8]Processing videos:  31%|▋ | 849/2700 [1:37:20<1:17:31,  2.51s/it, video=UbIVqUDZOs0, orig=46, new=104, final=142, dup=8]                                                                                                                        
──────────────────────────────────────────────────────────────────────
📹 Video: 6EIrArTyLVU
──────────────────────────────────────────────────────────────────────
  📊 Scores: Max=0.7785 | Min=0.0019 | Range=[0.0019, 0.7785]
  🎯 Threshold: 0.5449 (70.0% of max)
  ✅ High-Score Frames: 6/67 (9.0%)
  📍 First 10 indices: [525, 800, 1400, 1425, 1450, 1475]
──────────────────────────────────────────────────────────────────────

Processing videos:  31%|▋ | 849/2700 [1:37:20<1:17:31,  2.51s/it, video=UbIVqUDZOs0, orig=46, new=104, final=142, dup=8]Processing videos:  31%|▎| 849/2700 [1:37:23<1:17:31,  2.51s/it, video=6EIrArTyLVU, orig=67, new=197, final=251, dup=13]                                                                                                                        
======================================================================
Processing videos:  31%|▎| 849/2700 [1:37:23<1:17:31,  2.51s/it, video=6EIrArTyLVU, orig=67, new=197, final=251, dup=13]                                                                                                                        💾 CHECKPOINT SAVED [850/2700]
Processing videos:  31%|▎| 849/2700 [1:37:23<1:17:31,  2.51s/it, video=6EIrArTyLVU, orig=67, new=197, final=251, dup=13]                                                                                                                        ======================================================================
Processing videos:  31%|▎| 849/2700 [1:37:23<1:17:31,  2.51s/it, video=6EIrArTyLVU, orig=67, new=197, final=251, dup=13]                                                                                                                          GPU Memory: 0.00GB allocated, 0.00GB reserved
Processing videos:  31%|▎| 849/2700 [1:37:23<1:17:31,  2.51s/it, video=6EIrArTyLVU, orig=67, new=197, final=251, dup=13]                                                                                                                          Videos processed: 850
Processing videos:  31%|▎| 849/2700 [1:37:23<1:17:31,  2.51s/it, video=6EIrArTyLVU, orig=67, new=197, final=251, dup=13]                                                                                                                          With dense sampling: 850
Processing videos:  31%|▎| 849/2700 [1:37:23<1:17:31,  2.51s/it, video=6EIrArTyLVU, orig=67, new=197, final=251, dup=13]                                                                                                                          Total frames: 534,811
Processing videos:  31%|▎| 849/2700 [1:37:23<1:17:31,  2.51s/it, video=6EIrArTyLVU, orig=67, new=197, final=251, dup=13]                                                                                                                          Elapsed time: 97.40 min
Processing videos:  31%|▎| 849/2700 [1:37:23<1:17:31,  2.51s/it, video=6EIrArTyLVU, orig=67, new=197, final=251, dup=13]                                                                                                                          Speed: 0.12 videos/sec
Processing videos:  31%|▎| 849/2700 [1:37:23<1:17:31,  2.51s/it, video=6EIrArTyLVU, orig=67, new=197, final=251, dup=13]                                                                                                                          ✅ Safe to restart if needed
Processing videos:  31%|▎| 849/2700 [1:37:23<1:17:31,  2.51s/it, video=6EIrArTyLVU, orig=67, new=197, final=251, dup=13]                                                                                                                        ======================================================================

Processing videos:  31%|▎| 849/2700 [1:37:23<1:17:31,  2.51s/it, video=6EIrArTyLVU, orig=67, new=197, final=251, dup=13]Processing videos:  31%|▎| 850/2700 [1:37:23<1:27:57,  2.85s/it, video=6EIrArTyLVU, orig=67, new=197, final=251, dup=13]                                                                                                                        
──────────────────────────────────────────────────────────────────────
📹 Video: 6EIrArTyLVU
──────────────────────────────────────────────────────────────────────
  📊 Scores: Max=0.9981 | Min=0.0022 | Range=[0.0022, 0.9981]
  🎯 Threshold: 0.6987 (70.0% of max)
  ✅ High-Score Frames: 36/67 (53.7%)
  📍 First 10 indices: [25, 50, 75, 100, 125, 175, 225, 250, 325, 425]
──────────────────────────────────────────────────────────────────────

Processing videos:  31%|▎| 850/2700 [1:37:24<1:27:57,  2.85s/it, video=6EIrArTyLVU, orig=67, new=197, final=251, dup=13]Processing videos:  31%|▎| 850/2700 [1:37:38<1:27:57,  2.85s/it, video=6EIrArTyLVU, orig=67, new=986, final=1003, dup=50Processing videos:  32%|▎| 851/2700 [1:37:38<3:18:25,  6.44s/it, video=6EIrArTyLVU, orig=67, new=986, final=1003, dup=50                                                                                                                        
──────────────────────────────────────────────────────────────────────
📹 Video: 6EIrArTyLVU
──────────────────────────────────────────────────────────────────────
  📊 Scores: Max=0.9975 | Min=0.0028 | Range=[0.0028, 0.9975]
  🎯 Threshold: 0.6982 (70.0% of max)
  ✅ High-Score Frames: 62/67 (92.5%)
  📍 First 10 indices: [0, 25, 50, 75, 100, 125, 150, 175, 200, 225]
──────────────────────────────────────────────────────────────────────

Processing videos:  32%|▎| 851/2700 [1:37:38<3:18:25,  6.44s/it, video=6EIrArTyLVU, orig=67, new=986, final=1003, dup=50Processing videos:  32%|▎| 851/2700 [1:38:00<3:18:25,  6.44s/it, video=6EIrArTyLVU, orig=67, new=1527, final=1531, dup=6Processing videos:  32%|▎| 852/2700 [1:38:00<5:38:19, 10.98s/it, video=6EIrArTyLVU, orig=67, new=1527, final=1531, dup=6                                                                                                                        
──────────────────────────────────────────────────────────────────────
📹 Video: p_-ocKiob4w
──────────────────────────────────────────────────────────────────────
  📊 Scores: Max=0.8550 | Min=0.0051 | Range=[0.0051, 0.8550]
  🎯 Threshold: 0.5985 (70.0% of max)
  ✅ High-Score Frames: 6/113 (5.3%)
  📍 First 10 indices: [29, 58, 87, 696, 725, 870]
──────────────────────────────────────────────────────────────────────

Processing videos:  32%|▎| 852/2700 [1:38:00<5:38:19, 10.98s/it, video=6EIrArTyLVU, orig=67, new=1527, final=1531, dup=6Processing videos:  32%|▎| 852/2700 [1:38:03<5:38:19, 10.98s/it, video=p_-ocKiob4w, orig=113, new=203, final=303, dup=13Processing videos:  32%|▎| 853/2700 [1:38:03<4:28:00,  8.71s/it, video=p_-ocKiob4w, orig=113, new=203, final=303, dup=13                                                                                                                        
──────────────────────────────────────────────────────────────────────
📹 Video: p_-ocKiob4w
──────────────────────────────────────────────────────────────────────
  📊 Scores: Max=0.8560 | Min=0.0192 | Range=[0.0192, 0.8560]
  🎯 Threshold: 0.5992 (70.0% of max)
  ✅ High-Score Frames: 9/113 (8.0%)
  📍 First 10 indices: [29, 58, 87, 696, 725, 870, 1044, 1073, 1102]
──────────────────────────────────────────────────────────────────────

Processing videos:  32%|▎| 853/2700 [1:38:03<4:28:00,  8.71s/it, video=p_-ocKiob4w, orig=113, new=203, final=303, dup=13Processing videos:  32%|▎| 853/2700 [1:38:08<4:28:00,  8.71s/it, video=p_-ocKiob4w, orig=113, new=323, final=417, dup=19Processing videos:  32%|▎| 854/2700 [1:38:08<3:55:04,  7.64s/it, video=p_-ocKiob4w, orig=113, new=323, final=417, dup=19                                                                                                                        
──────────────────────────────────────────────────────────────────────
📹 Video: p_-ocKiob4w
──────────────────────────────────────────────────────────────────────
  📊 Scores: Max=0.9993 | Min=0.0004 | Range=[0.0004, 0.9993]
  🎯 Threshold: 0.6995 (70.0% of max)
  ✅ High-Score Frames: 6/113 (5.3%)
  📍 First 10 indices: [2088, 2117, 2146, 2175, 2204, 2291]
──────────────────────────────────────────────────────────────────────

Processing videos:  32%|▎| 854/2700 [1:38:08<3:55:04,  7.64s/it, video=p_-ocKiob4w, orig=113, new=323, final=417, dup=19Processing videos:  32%|▎| 854/2700 [1:38:12<3:55:04,  7.64s/it, video=p_-ocKiob4w, orig=113, new=208, final=311, dup=10Processing videos:  32%|▎| 855/2700 [1:38:12<3:14:49,  6.34s/it, video=p_-ocKiob4w, orig=113, new=208, final=311, dup=10                                                                                                                        
──────────────────────────────────────────────────────────────────────
📹 Video: 5kmnEgBSCfg
──────────────────────────────────────────────────────────────────────
  📊 Scores: Max=0.9649 | Min=0.0012 | Range=[0.0012, 0.9649]
  🎯 Threshold: 0.6754 (70.0% of max)
  ✅ High-Score Frames: 16/121 (13.2%)
  📍 First 10 indices: [406, 464, 551, 609, 667, 725, 783, 1537, 1566, 1595]
──────────────────────────────────────────────────────────────────────

Processing videos:  32%|▎| 855/2700 [1:38:12<3:14:49,  6.34s/it, video=p_-ocKiob4w, orig=113, new=208, final=311, dup=10Processing videos:  32%|▎| 855/2700 [1:38:17<3:14:49,  6.34s/it, video=5kmnEgBSCfg, orig=121, new=565, final=659, dup=27Processing videos:  32%|▎| 856/2700 [1:38:17<3:06:25,  6.07s/it, video=5kmnEgBSCfg, orig=121, new=565, final=659, dup=27                                                                                                                        
──────────────────────────────────────────────────────────────────────
📹 Video: 5kmnEgBSCfg
──────────────────────────────────────────────────────────────────────
  📊 Scores: Max=0.9987 | Min=0.0053 | Range=[0.0053, 0.9987]
  🎯 Threshold: 0.6991 (70.0% of max)
  ✅ High-Score Frames: 103/121 (85.1%)
  📍 First 10 indices: [29, 58, 87, 174, 232, 261, 290, 319, 348, 377]
──────────────────────────────────────────────────────────────────────

Processing videos:  32%|▎| 856/2700 [1:38:17<3:06:25,  6.07s/it, video=5kmnEgBSCfg, orig=121, new=565, final=659, dup=27Processing videos:  32%|▎| 856/2700 [1:38:45<3:06:25,  6.07s/it, video=5kmnEgBSCfg, orig=121, new=3004, final=3017, dup=Processing videos:  32%|▎| 857/2700 [1:38:45<6:27:07, 12.60s/it, video=5kmnEgBSCfg, orig=121, new=3004, final=3017, dup=                                                                                                                        
──────────────────────────────────────────────────────────────────────
📹 Video: 5kmnEgBSCfg
──────────────────────────────────────────────────────────────────────
  📊 Scores: Max=0.3680 | Min=0.0032 | Range=[0.0032, 0.3680]
  🎯 Threshold: 0.2576 (70.0% of max)
  ✅ High-Score Frames: 6/121 (5.0%)
  📍 First 10 indices: [0, 116, 174, 203, 3219, 3248]
──────────────────────────────────────────────────────────────────────

Processing videos:  32%|▎| 857/2700 [1:38:45<6:27:07, 12.60s/it, video=5kmnEgBSCfg, orig=121, new=3004, final=3017, dup=Processing videos:  32%|▎| 857/2700 [1:38:47<6:27:07, 12.60s/it, video=5kmnEgBSCfg, orig=121, new=211, final=319, dup=13Processing videos:  32%|▎| 858/2700 [1:38:47<4:49:11,  9.42s/it, video=5kmnEgBSCfg, orig=121, new=211, final=319, dup=13                                                                                                                        
──────────────────────────────────────────────────────────────────────
📹 Video: UcL6WlcyBcI
──────────────────────────────────────────────────────────────────────
  📊 Scores: Max=0.5999 | Min=0.0038 | Range=[0.0038, 0.5999]
  🎯 Threshold: 0.4200 (70.0% of max)
  ✅ High-Score Frames: 13/104 (12.5%)
  📍 First 10 indices: [250, 275, 300, 325, 350, 375, 400, 425, 450, 475]
──────────────────────────────────────────────────────────────────────

Processing videos:  32%|▎| 858/2700 [1:38:47<4:49:11,  9.42s/it, video=5kmnEgBSCfg, orig=121, new=211, final=319, dup=13Processing videos:  32%|▎| 858/2700 [1:38:52<4:49:11,  9.42s/it, video=UcL6WlcyBcI, orig=104, new=361, final=448, dup=17Processing videos:  32%|▎| 859/2700 [1:38:52<4:12:47,  8.24s/it, video=UcL6WlcyBcI, orig=104, new=361, final=448, dup=17                                                                                                                        
──────────────────────────────────────────────────────────────────────
📹 Video: UcL6WlcyBcI
──────────────────────────────────────────────────────────────────────
  📊 Scores: Max=0.8697 | Min=0.0004 | Range=[0.0004, 0.8697]
  🎯 Threshold: 0.6088 (70.0% of max)
  ✅ High-Score Frames: 17/104 (16.3%)
  📍 First 10 indices: [425, 450, 475, 500, 525, 550, 575, 675, 1075, 1125]
──────────────────────────────────────────────────────────────────────

Processing videos:  32%|▎| 859/2700 [1:38:52<4:12:47,  8.24s/it, video=UcL6WlcyBcI, orig=104, new=361, final=448, dup=17Processing videos:  32%|▎| 859/2700 [1:39:01<4:12:47,  8.24s/it, video=UcL6WlcyBcI, orig=104, new=530, final=600, dup=34Processing videos:  32%|▎| 860/2700 [1:39:01<4:13:25,  8.26s/it, video=UcL6WlcyBcI, orig=104, new=530, final=600, dup=34                                                                                                                        
──────────────────────────────────────────────────────────────────────
📹 Video: UcL6WlcyBcI
──────────────────────────────────────────────────────────────────────
  📊 Scores: Max=0.3413 | Min=0.0014 | Range=[0.0014, 0.3413]
  🎯 Threshold: 0.2389 (70.0% of max)
  ✅ High-Score Frames: 5/104 (4.8%)
  📍 First 10 indices: [275, 300, 425, 450, 475]
──────────────────────────────────────────────────────────────────────

Processing videos:  32%|▎| 860/2700 [1:39:01<4:13:25,  8.26s/it, video=UcL6WlcyBcI, orig=104, new=530, final=600, dup=34Processing videos:  32%|▎| 860/2700 [1:39:04<4:13:25,  8.26s/it, video=UcL6WlcyBcI, orig=104, new=171, final=264, dup=11Processing videos:  32%|▎| 861/2700 [1:39:04<3:26:49,  6.75s/it, video=UcL6WlcyBcI, orig=104, new=171, final=264, dup=11                                                                                                                        
──────────────────────────────────────────────────────────────────────
📹 Video: j7vUGiA-uIE
──────────────────────────────────────────────────────────────────────
  📊 Scores: Max=0.9418 | Min=0.1540 | Range=[0.1540, 0.9418]
  🎯 Threshold: 0.6593 (70.0% of max)
  ✅ High-Score Frames: 32/61 (52.5%)
  📍 First 10 indices: [90, 120, 300, 450, 540, 570, 600, 630, 690, 720]
──────────────────────────────────────────────────────────────────────

Processing videos:  32%|▎| 861/2700 [1:39:04<3:26:49,  6.75s/it, video=UcL6WlcyBcI, orig=104, new=171, final=264, dup=11Processing videos:  32%|▎| 861/2700 [1:39:13<3:26:49,  6.75s/it, video=j7vUGiA-uIE, orig=61, new=548, final=552, dup=57]Processing videos:  32%|▎| 862/2700 [1:39:13<3:44:44,  7.34s/it, video=j7vUGiA-uIE, orig=61, new=548, final=552, dup=57]                                                                                                                        
──────────────────────────────────────────────────────────────────────
📹 Video: j7vUGiA-uIE
──────────────────────────────────────────────────────────────────────
  📊 Scores: Max=0.5098 | Min=0.0145 | Range=[0.0145, 0.5098]
  🎯 Threshold: 0.3569 (70.0% of max)
  ✅ High-Score Frames: 6/61 (9.8%)
  📍 First 10 indices: [570, 840, 870, 1200, 1290, 1770]
──────────────────────────────────────────────────────────────────────

Processing videos:  32%|▎| 862/2700 [1:39:13<3:44:44,  7.34s/it, video=j7vUGiA-uIE, orig=61, new=548, final=552, dup=57]Processing videos:  32%|▎| 862/2700 [1:39:16<3:44:44,  7.34s/it, video=j7vUGiA-uIE, orig=61, new=204, final=242, dup=23]Processing videos:  32%|▎| 863/2700 [1:39:16<3:08:12,  6.15s/it, video=j7vUGiA-uIE, orig=61, new=204, final=242, dup=23]                                                                                                                        
──────────────────────────────────────────────────────────────────────
📹 Video: j7vUGiA-uIE
──────────────────────────────────────────────────────────────────────
  📊 Scores: Max=0.5720 | Min=0.0244 | Range=[0.0244, 0.5720]
  🎯 Threshold: 0.4004 (70.0% of max)
  ✅ High-Score Frames: 2/61 (3.3%)
  📍 First 10 indices: [600, 630]
──────────────────────────────────────────────────────────────────────

Processing videos:  32%|▎| 863/2700 [1:39:16<3:08:12,  6.15s/it, video=j7vUGiA-uIE, orig=61, new=204, final=242, dup=23]Processing videos:  32%|▉  | 863/2700 [1:39:17<3:08:12,  6.15s/it, video=j7vUGiA-uIE, orig=61, new=51, final=106, dup=6]Processing videos:  32%|▉  | 864/2700 [1:39:17<2:19:40,  4.56s/it, video=j7vUGiA-uIE, orig=61, new=51, final=106, dup=6]                                                                                                                        
──────────────────────────────────────────────────────────────────────
📹 Video: SFmocFLXg0Y
──────────────────────────────────────────────────────────────────────
  📊 Scores: Max=0.9992 | Min=0.0007 | Range=[0.0007, 0.9992]
  🎯 Threshold: 0.6994 (70.0% of max)
  ✅ High-Score Frames: 33/65 (50.8%)
  📍 First 10 indices: [184, 207, 230, 253, 276, 299, 322, 345, 368, 414]
──────────────────────────────────────────────────────────────────────

Processing videos:  32%|▉  | 864/2700 [1:39:17<2:19:40,  4.56s/it, video=j7vUGiA-uIE, orig=61, new=51, final=106, dup=6]Processing videos:  32%|▎| 864/2700 [1:39:26<2:19:40,  4.56s/it, video=SFmocFLXg0Y, orig=65, new=982, final=1003, dup=44Processing videos:  32%|▎| 865/2700 [1:39:26<2:59:20,  5.86s/it, video=SFmocFLXg0Y, orig=65, new=982, final=1003, dup=44                                                                                                                        
──────────────────────────────────────────────────────────────────────
📹 Video: SFmocFLXg0Y
──────────────────────────────────────────────────────────────────────
  📊 Scores: Max=0.9944 | Min=0.0008 | Range=[0.0008, 0.9944]
  🎯 Threshold: 0.6961 (70.0% of max)
  ✅ High-Score Frames: 34/65 (52.3%)
  📍 First 10 indices: [207, 230, 253, 276, 299, 322, 345, 368, 391, 460]
──────────────────────────────────────────────────────────────────────

Processing videos:  32%|▎| 865/2700 [1:39:26<2:59:20,  5.86s/it, video=SFmocFLXg0Y, orig=65, new=982, final=1003, dup=44Processing videos:  32%|▎| 865/2700 [1:39:35<2:59:20,  5.86s/it, video=SFmocFLXg0Y, orig=65, new=1051, final=1069, dup=4Processing videos:  32%|▎| 866/2700 [1:39:35<3:32:41,  6.96s/it, video=SFmocFLXg0Y, orig=65, new=1051, final=1069, dup=4                                                                                                                        
──────────────────────────────────────────────────────────────────────
📹 Video: SFmocFLXg0Y
──────────────────────────────────────────────────────────────────────
  📊 Scores: Max=0.9128 | Min=0.0130 | Range=[0.0130, 0.9128]
  🎯 Threshold: 0.6390 (70.0% of max)
  ✅ High-Score Frames: 18/65 (27.7%)
  📍 First 10 indices: [230, 253, 276, 299, 345, 552, 1012, 1035, 1058, 1081]
──────────────────────────────────────────────────────────────────────

Processing videos:  32%|▎| 866/2700 [1:39:35<3:32:41,  6.96s/it, video=SFmocFLXg0Y, orig=65, new=1051, final=1069, dup=4Processing videos:  32%|▎| 866/2700 [1:39:41<3:32:41,  6.96s/it, video=SFmocFLXg0Y, orig=65, new=589, final=627, dup=27]Processing videos:  32%|▎| 867/2700 [1:39:41<3:21:09,  6.58s/it, video=SFmocFLXg0Y, orig=65, new=589, final=627, dup=27]                                                                                                                        
──────────────────────────────────────────────────────────────────────
📹 Video: IRDp5HcZyVA
──────────────────────────────────────────────────────────────────────
  📊 Scores: Max=0.4095 | Min=0.0046 | Range=[0.0046, 0.4095]
  🎯 Threshold: 0.2867 (70.0% of max)
  ✅ High-Score Frames: 2/91 (2.2%)
  📍 First 10 indices: [29, 58]
──────────────────────────────────────────────────────────────────────

Processing videos:  32%|▎| 867/2700 [1:39:41<3:21:09,  6.58s/it, video=SFmocFLXg0Y, orig=65, new=589, final=627, dup=27]Processing videos:  32%|▉  | 867/2700 [1:39:42<3:21:09,  6.58s/it, video=IRDp5HcZyVA, orig=91, new=42, final=129, dup=4]Processing videos:  32%|▉  | 868/2700 [1:39:42<2:27:20,  4.83s/it, video=IRDp5HcZyVA, orig=91, new=42, final=129, dup=4]                                                                                                                        
──────────────────────────────────────────────────────────────────────
📹 Video: IRDp5HcZyVA
──────────────────────────────────────────────────────────────────────
  📊 Scores: Max=0.0717 | Min=0.0007 | Range=[0.0007, 0.0717]
  🎯 Threshold: 0.0502 (70.0% of max)
  ✅ High-Score Frames: 2/91 (2.2%)
  📍 First 10 indices: [29, 58]
──────────────────────────────────────────────────────────────────────

Processing videos:  32%|▉  | 868/2700 [1:39:42<2:27:20,  4.83s/it, video=IRDp5HcZyVA, orig=91, new=42, final=129, dup=4]Processing videos:  32%|▉  | 868/2700 [1:39:43<2:27:20,  4.83s/it, video=IRDp5HcZyVA, orig=91, new=42, final=129, dup=4]Processing videos:  32%|▉  | 869/2700 [1:39:43<1:49:30,  3.59s/it, video=IRDp5HcZyVA, orig=91, new=42, final=129, dup=4]                                                                                                                        
──────────────────────────────────────────────────────────────────────
📹 Video: IRDp5HcZyVA
──────────────────────────────────────────────────────────────────────
  📊 Scores: Max=0.2612 | Min=0.0149 | Range=[0.0149, 0.2612]
  🎯 Threshold: 0.1829 (70.0% of max)
  ✅ High-Score Frames: 6/91 (6.6%)
  📍 First 10 indices: [58, 116, 261, 493, 1363, 2407]
──────────────────────────────────────────────────────────────────────

Processing videos:  32%|▉  | 869/2700 [1:39:43<1:49:30,  3.59s/it, video=IRDp5HcZyVA, orig=91, new=42, final=129, dup=4]Processing videos:  32%|▎| 869/2700 [1:39:46<1:49:30,  3.59s/it, video=IRDp5HcZyVA, orig=91, new=225, final=299, dup=17]Processing videos:  32%|▎| 870/2700 [1:39:46<1:49:58,  3.61s/it, video=IRDp5HcZyVA, orig=91, new=225, final=299, dup=17]                                                                                                                        
──────────────────────────────────────────────────────────────────────
📹 Video: nVtTVt9csBc
──────────────────────────────────────────────────────────────────────
  📊 Scores: Max=0.5318 | Min=0.0897 | Range=[0.0897, 0.5318]
  🎯 Threshold: 0.3723 (70.0% of max)
  ✅ High-Score Frames: 9/96 (9.4%)
  📍 First 10 indices: [1196, 1242, 1311, 1380, 1633, 1978, 2001, 2024, 2070]
──────────────────────────────────────────────────────────────────────

Processing videos:  32%|▎| 870/2700 [1:39:46<1:49:58,  3.61s/it, video=IRDp5HcZyVA, orig=91, new=225, final=299, dup=17]Processing videos:  32%|▎| 870/2700 [1:39:52<1:49:58,  3.61s/it, video=nVtTVt9csBc, orig=96, new=363, final=438, dup=21]Processing videos:  32%|▎| 871/2700 [1:39:52<2:08:23,  4.21s/it, video=nVtTVt9csBc, orig=96, new=363, final=438, dup=21]                                                                                                                        
──────────────────────────────────────────────────────────────────────
📹 Video: nVtTVt9csBc
──────────────────────────────────────────────────────────────────────
  📊 Scores: Max=0.5216 | Min=0.0068 | Range=[0.0068, 0.5216]
  🎯 Threshold: 0.3651 (70.0% of max)
  ✅ High-Score Frames: 6/96 (6.2%)
  📍 First 10 indices: [506, 736, 851, 1012, 1771, 2116]
──────────────────────────────────────────────────────────────────────

Processing videos:  32%|▎| 871/2700 [1:39:52<2:08:23,  4.21s/it, video=nVtTVt9csBc, orig=96, new=363, final=438, dup=21]Processing videos:  32%|▎| 871/2700 [1:39:57<2:08:23,  4.21s/it, video=nVtTVt9csBc, orig=96, new=294, final=372, dup=18]Processing videos:  32%|▎| 872/2700 [1:39:57<2:16:57,  4.50s/it, video=nVtTVt9csBc, orig=96, new=294, final=372, dup=18]                                                                                                                        
──────────────────────────────────────────────────────────────────────
📹 Video: nVtTVt9csBc
──────────────────────────────────────────────────────────────────────
  📊 Scores: Max=0.4444 | Min=0.0000 | Range=[0.0000, 0.4444]
  🎯 Threshold: 0.3111 (70.0% of max)
  ✅ High-Score Frames: 2/96 (2.1%)
  📍 First 10 indices: [230, 253]
──────────────────────────────────────────────────────────────────────

Processing videos:  32%|▎| 872/2700 [1:39:57<2:16:57,  4.50s/it, video=nVtTVt9csBc, orig=96, new=294, final=372, dup=18]Processing videos:  32%|▉  | 872/2700 [1:39:58<2:16:57,  4.50s/it, video=nVtTVt9csBc, orig=96, new=96, final=188, dup=4]Processing videos:  32%|▉  | 873/2700 [1:39:58<1:49:40,  3.60s/it, video=nVtTVt9csBc, orig=96, new=96, final=188, dup=4]                                                                                                                        
──────────────────────────────────────────────────────────────────────
📹 Video: DoFmXBjRGmk
──────────────────────────────────────────────────────────────────────
  📊 Scores: Max=0.4468 | Min=0.0002 | Range=[0.0002, 0.4468]
  🎯 Threshold: 0.3128 (70.0% of max)
  ✅ High-Score Frames: 3/102 (2.9%)
  📍 First 10 indices: [330, 870, 2790]
──────────────────────────────────────────────────────────────────────

Processing videos:  32%|▉  | 873/2700 [1:39:59<1:49:40,  3.60s/it, video=nVtTVt9csBc, orig=96, new=96, final=188, dup=4]Processing videos:  32%|▎| 873/2700 [1:40:01<1:49:40,  3.60s/it, video=DoFmXBjRGmk, orig=102, new=123, final=210, dup=15Processing videos:  32%|▎| 874/2700 [1:40:01<1:36:28,  3.17s/it, video=DoFmXBjRGmk, orig=102, new=123, final=210, dup=15                                                                                                                        
──────────────────────────────────────────────────────────────────────
📹 Video: DoFmXBjRGmk
──────────────────────────────────────────────────────────────────────
  📊 Scores: Max=0.3064 | Min=0.0003 | Range=[0.0003, 0.3064]
  🎯 Threshold: 0.2145 (70.0% of max)
  ✅ High-Score Frames: 5/102 (4.9%)
  📍 First 10 indices: [0, 330, 1620, 2370, 2760]
──────────────────────────────────────────────────────────────────────

Processing videos:  32%|▎| 874/2700 [1:40:01<1:36:28,  3.17s/it, video=DoFmXBjRGmk, orig=102, new=123, final=210, dup=15Processing videos:  32%|▎| 874/2700 [1:40:04<1:36:28,  3.17s/it, video=DoFmXBjRGmk, orig=102, new=185, final=264, dup=23                                                                                                                        
======================================================================
Processing videos:  32%|▎| 874/2700 [1:40:05<1:36:28,  3.17s/it, video=DoFmXBjRGmk, orig=102, new=185, final=264, dup=23                                                                                                                        💾 CHECKPOINT SAVED [875/2700]
Processing videos:  32%|▎| 874/2700 [1:40:05<1:36:28,  3.17s/it, video=DoFmXBjRGmk, orig=102, new=185, final=264, dup=23                                                                                                                        ======================================================================
Processing videos:  32%|▎| 874/2700 [1:40:05<1:36:28,  3.17s/it, video=DoFmXBjRGmk, orig=102, new=185, final=264, dup=23                                                                                                                          GPU Memory: 0.00GB allocated, 0.00GB reserved
Processing videos:  32%|▎| 874/2700 [1:40:05<1:36:28,  3.17s/it, video=DoFmXBjRGmk, orig=102, new=185, final=264, dup=23                                                                                                                          Videos processed: 875
Processing videos:  32%|▎| 874/2700 [1:40:05<1:36:28,  3.17s/it, video=DoFmXBjRGmk, orig=102, new=185, final=264, dup=23                                                                                                                          With dense sampling: 875
Processing videos:  32%|▎| 874/2700 [1:40:05<1:36:28,  3.17s/it, video=DoFmXBjRGmk, orig=102, new=185, final=264, dup=23                                                                                                                          Total frames: 549,311
Processing videos:  32%|▎| 874/2700 [1:40:05<1:36:28,  3.17s/it, video=DoFmXBjRGmk, orig=102, new=185, final=264, dup=23                                                                                                                          Elapsed time: 100.08 min
Processing videos:  32%|▎| 874/2700 [1:40:05<1:36:28,  3.17s/it, video=DoFmXBjRGmk, orig=102, new=185, final=264, dup=23                                                                                                                          Speed: 0.12 videos/sec
Processing videos:  32%|▎| 874/2700 [1:40:05<1:36:28,  3.17s/it, video=DoFmXBjRGmk, orig=102, new=185, final=264, dup=23                                                                                                                          ✅ Safe to restart if needed
Processing videos:  32%|▎| 874/2700 [1:40:05<1:36:28,  3.17s/it, video=DoFmXBjRGmk, orig=102, new=185, final=264, dup=23                                                                                                                        ======================================================================

Processing videos:  32%|▎| 874/2700 [1:40:05<1:36:28,  3.17s/it, video=DoFmXBjRGmk, orig=102, new=185, final=264, dup=23Processing videos:  32%|▎| 875/2700 [1:40:05<1:43:19,  3.40s/it, video=DoFmXBjRGmk, orig=102, new=185, final=264, dup=23                                                                                                                        
──────────────────────────────────────────────────────────────────────
📹 Video: DoFmXBjRGmk
──────────────────────────────────────────────────────────────────────
  📊 Scores: Max=0.4203 | Min=0.0001 | Range=[0.0001, 0.4203]
  🎯 Threshold: 0.2942 (70.0% of max)
  ✅ High-Score Frames: 3/102 (2.9%)
  📍 First 10 indices: [1620, 1650, 2370]
──────────────────────────────────────────────────────────────────────

Processing videos:  32%|▎| 875/2700 [1:40:05<1:43:19,  3.40s/it, video=DoFmXBjRGmk, orig=102, new=185, final=264, dup=23Processing videos:  32%|▎| 875/2700 [1:40:06<1:43:19,  3.40s/it, video=DoFmXBjRGmk, orig=102, new=92, final=183, dup=11]Processing videos:  32%|▎| 876/2700 [1:40:06<1:26:13,  2.84s/it, video=DoFmXBjRGmk, orig=102, new=92, final=183, dup=11]                                                                                                                        
──────────────────────────────────────────────────────────────────────
📹 Video: PYZSjin_Pe8
──────────────────────────────────────────────────────────────────────
  📊 Scores: Max=0.9955 | Min=0.0690 | Range=[0.0690, 0.9955]
  🎯 Threshold: 0.6968 (70.0% of max)
  ✅ High-Score Frames: 110/119 (92.4%)
  📍 First 10 indices: [0, 30, 60, 90, 120, 150, 180, 210, 240, 300]
──────────────────────────────────────────────────────────────────────

Processing videos:  32%|▎| 876/2700 [1:40:06<1:26:13,  2.84s/it, video=DoFmXBjRGmk, orig=102, new=92, final=183, dup=11]Processing videos:  32%|▎| 876/2700 [1:40:24<1:26:13,  2.84s/it, video=PYZSjin_Pe8, orig=119, new=1171, final=1172, dup=Processing videos:  32%|▎| 877/2700 [1:40:24<3:41:18,  7.28s/it, video=PYZSjin_Pe8, orig=119, new=1171, final=1172, dup=                                                                                                                        
──────────────────────────────────────────────────────────────────────
📹 Video: PYZSjin_Pe8
──────────────────────────────────────────────────────────────────────
  📊 Scores: Max=0.9999 | Min=0.4536 | Range=[0.4536, 0.9999]
  🎯 Threshold: 0.6999 (70.0% of max)
  ✅ High-Score Frames: 116/119 (97.5%)
  📍 First 10 indices: [0, 30, 60, 90, 120, 150, 180, 210, 240, 270]
──────────────────────────────────────────────────────────────────────

Processing videos:  32%|▎| 877/2700 [1:40:24<3:41:18,  7.28s/it, video=PYZSjin_Pe8, orig=119, new=1171, final=1172, dup=Processing videos:  32%|▎| 877/2700 [1:40:41<3:41:18,  7.28s/it, video=PYZSjin_Pe8, orig=119, new=1171, final=1172, dup=Processing videos:  33%|▎| 878/2700 [1:40:41<5:15:49, 10.40s/it, video=PYZSjin_Pe8, orig=119, new=1171, final=1172, dup=                                                                                                                        
──────────────────────────────────────────────────────────────────────
📹 Video: PYZSjin_Pe8
──────────────────────────────────────────────────────────────────────
  📊 Scores: Max=0.9982 | Min=0.0285 | Range=[0.0285, 0.9982]
  🎯 Threshold: 0.6988 (70.0% of max)
  ✅ High-Score Frames: 95/119 (79.8%)
  📍 First 10 indices: [0, 30, 60, 90, 120, 150, 180, 210, 240, 300]
──────────────────────────────────────────────────────────────────────

Processing videos:  33%|▎| 878/2700 [1:40:41<5:15:49, 10.40s/it, video=PYZSjin_Pe8, orig=119, new=1171, final=1172, dup=Processing videos:  33%|▎| 878/2700 [1:40:59<5:15:49, 10.40s/it, video=PYZSjin_Pe8, orig=119, new=1092, final=1100, dup=Processing videos:  33%|▎| 879/2700 [1:40:59<6:22:20, 12.60s/it, video=PYZSjin_Pe8, orig=119, new=1092, final=1100, dup=                                                                                                                        
──────────────────────────────────────────────────────────────────────
📹 Video: nbOXpuv7K4Q
──────────────────────────────────────────────────────────────────────
  📊 Scores: Max=0.9994 | Min=0.0001 | Range=[0.0001, 0.9994]
  🎯 Threshold: 0.6996 (70.0% of max)
  ✅ High-Score Frames: 6/83 (7.2%)
  📍 First 10 indices: [600, 625, 650, 1050, 1175, 1225]
──────────────────────────────────────────────────────────────────────

Processing videos:  33%|▎| 879/2700 [1:40:59<6:22:20, 12.60s/it, video=PYZSjin_Pe8, orig=119, new=1092, final=1100, dup=Processing videos:  33%|▎| 879/2700 [1:41:02<6:22:20, 12.60s/it, video=nbOXpuv7K4Q, orig=83, new=206, final=275, dup=14]Processing videos:  33%|▎| 880/2700 [1:41:02<4:57:26,  9.81s/it, video=nbOXpuv7K4Q, orig=83, new=206, final=275, dup=14]                                                                                                                        
──────────────────────────────────────────────────────────────────────
📹 Video: nbOXpuv7K4Q
──────────────────────────────────────────────────────────────────────
  📊 Scores: Max=0.9696 | Min=0.0063 | Range=[0.0063, 0.9696]
  🎯 Threshold: 0.6787 (70.0% of max)
  ✅ High-Score Frames: 7/83 (8.4%)
  📍 First 10 indices: [250, 300, 1050, 1175, 1575, 1600, 1625]
──────────────────────────────────────────────────────────────────────

Processing videos:  33%|▎| 880/2700 [1:41:02<4:57:26,  9.81s/it, video=nbOXpuv7K4Q, orig=83, new=206, final=275, dup=14]Processing videos:  33%|▎| 880/2700 [1:41:06<4:57:26,  9.81s/it, video=nbOXpuv7K4Q, orig=83, new=241, final=307, dup=17]Processing videos:  33%|▎| 881/2700 [1:41:06<4:03:26,  8.03s/it, video=nbOXpuv7K4Q, orig=83, new=241, final=307, dup=17]                                                                                                                        
──────────────────────────────────────────────────────────────────────
📹 Video: nbOXpuv7K4Q
──────────────────────────────────────────────────────────────────────
  📊 Scores: Max=0.9797 | Min=0.0001 | Range=[0.0001, 0.9797]
  🎯 Threshold: 0.6858 (70.0% of max)
  ✅ High-Score Frames: 1/83 (1.2%)
  📍 First 10 indices: [975]
──────────────────────────────────────────────────────────────────────

Processing videos:  33%|▎| 881/2700 [1:41:06<4:03:26,  8.03s/it, video=nbOXpuv7K4Q, orig=83, new=241, final=307, dup=17]Processing videos:  33%|▉  | 881/2700 [1:41:07<4:03:26,  8.03s/it, video=nbOXpuv7K4Q, orig=83, new=35, final=115, dup=3]Processing videos:  33%|▉  | 882/2700 [1:41:07<2:55:49,  5.80s/it, video=nbOXpuv7K4Q, orig=83, new=35, final=115, dup=3]                                                                                                                        
──────────────────────────────────────────────────────────────────────
📹 Video: Lv7cYKTYE2g
──────────────────────────────────────────────────────────────────────
  📊 Scores: Max=0.0460 | Min=0.0001 | Range=[0.0001, 0.0460]
  🎯 Threshold: 0.0322 (70.0% of max)
  ✅ High-Score Frames: 1/76 (1.3%)
  📍 First 10 indices: [1500]
──────────────────────────────────────────────────────────────────────

Processing videos:  33%|▉  | 882/2700 [1:41:07<2:55:49,  5.80s/it, video=nbOXpuv7K4Q, orig=83, new=35, final=115, dup=3]Processing videos:  33%|▉  | 882/2700 [1:41:08<2:55:49,  5.80s/it, video=Lv7cYKTYE2g, orig=76, new=35, final=108, dup=3]Processing videos:  33%|▉  | 883/2700 [1:41:08<2:08:23,  4.24s/it, video=Lv7cYKTYE2g, orig=76, new=35, final=108, dup=3]                                                                                                                        
──────────────────────────────────────────────────────────────────────
📹 Video: Lv7cYKTYE2g
──────────────────────────────────────────────────────────────────────
  📊 Scores: Max=1.0000 | Min=0.0325 | Range=[0.0325, 1.0000]
  🎯 Threshold: 0.7000 (70.0% of max)
  ✅ High-Score Frames: 33/76 (43.4%)
  📍 First 10 indices: [175, 200, 225, 250, 625, 650, 675, 700, 725, 750]
──────────────────────────────────────────────────────────────────────

Processing videos:  33%|▉  | 883/2700 [1:41:08<2:08:23,  4.24s/it, video=Lv7cYKTYE2g, orig=76, new=35, final=108, dup=3]Processing videos:  33%|▎| 883/2700 [1:41:22<2:08:23,  4.24s/it, video=Lv7cYKTYE2g, orig=76, new=928, final=960, dup=44]Processing videos:  33%|▎| 884/2700 [1:41:22<3:39:21,  7.25s/it, video=Lv7cYKTYE2g, orig=76, new=928, final=960, dup=44]                                                                                                                        
──────────────────────────────────────────────────────────────────────
📹 Video: Lv7cYKTYE2g
──────────────────────────────────────────────────────────────────────
  📊 Scores: Max=0.5633 | Min=0.0844 | Range=[0.0844, 0.5633]
  🎯 Threshold: 0.3943 (70.0% of max)
  ✅ High-Score Frames: 14/76 (18.4%)
  📍 First 10 indices: [700, 725, 750, 775, 800, 825, 850, 875, 900, 925]
──────────────────────────────────────────────────────────────────────

Processing videos:  33%|▎| 884/2700 [1:41:22<3:39:21,  7.25s/it, video=Lv7cYKTYE2g, orig=76, new=928, final=960, dup=44]Processing videos:  33%|▎| 884/2700 [1:41:28<3:39:21,  7.25s/it, video=Lv7cYKTYE2g, orig=76, new=404, final=460, dup=20]Processing videos:  33%|▎| 885/2700 [1:41:28<3:27:56,  6.87s/it, video=Lv7cYKTYE2g, orig=76, new=404, final=460, dup=20]                                                                                                                        
──────────────────────────────────────────────────────────────────────
📹 Video: bHt0Riqz0qo
──────────────────────────────────────────────────────────────────────
  📊 Scores: Max=0.8583 | Min=0.0031 | Range=[0.0031, 0.8583]
  🎯 Threshold: 0.6008 (70.0% of max)
  ✅ High-Score Frames: 28/91 (30.8%)
  📍 First 10 indices: [253, 276, 299, 322, 345, 621, 644, 667, 828, 851]
──────────────────────────────────────────────────────────────────────

Processing videos:  33%|▎| 885/2700 [1:41:28<3:27:56,  6.87s/it, video=Lv7cYKTYE2g, orig=76, new=404, final=460, dup=20]Processing videos:  33%|▎| 885/2700 [1:41:43<3:27:56,  6.87s/it, video=bHt0Riqz0qo, orig=91, new=1051, final=1095, dup=4Processing videos:  33%|▎| 886/2700 [1:41:43<4:47:27,  9.51s/it, video=bHt0Riqz0qo, orig=91, new=1051, final=1095, dup=4                                                                                                                        
──────────────────────────────────────────────────────────────────────
📹 Video: bHt0Riqz0qo
──────────────────────────────────────────────────────────────────────
  📊 Scores: Max=0.7849 | Min=0.0674 | Range=[0.0674, 0.7849]
  🎯 Threshold: 0.5494 (70.0% of max)
  ✅ High-Score Frames: 46/91 (50.5%)
  📍 First 10 indices: [299, 322, 345, 391, 414, 437, 460, 483, 506, 598]
──────────────────────────────────────────────────────────────────────

Processing videos:  33%|▎| 886/2700 [1:41:43<4:47:27,  9.51s/it, video=bHt0Riqz0qo, orig=91, new=1051, final=1095, dup=4Processing videos:  33%|▎| 886/2700 [1:42:04<4:47:27,  9.51s/it, video=bHt0Riqz0qo, orig=91, new=1470, final=1497, dup=6Processing videos:  33%|▎| 887/2700 [1:42:04<6:29:06, 12.88s/it, video=bHt0Riqz0qo, orig=91, new=1470, final=1497, dup=6                                                                                                                        
──────────────────────────────────────────────────────────────────────
📹 Video: bHt0Riqz0qo
──────────────────────────────────────────────────────────────────────
  📊 Scores: Max=0.3850 | Min=0.0009 | Range=[0.0009, 0.3850]
  🎯 Threshold: 0.2695 (70.0% of max)
  ✅ High-Score Frames: 9/91 (9.9%)
  📍 First 10 indices: [414, 437, 851, 874, 943, 1242, 1288, 1840, 1863]
──────────────────────────────────────────────────────────────────────

Processing videos:  33%|▎| 887/2700 [1:42:04<6:29:06, 12.88s/it, video=bHt0Riqz0qo, orig=91, new=1470, final=1497, dup=6Processing videos:  33%|▎| 887/2700 [1:42:10<6:29:06, 12.88s/it, video=bHt0Riqz0qo, orig=91, new=408, final=479, dup=20]Processing videos:  33%|▎| 888/2700 [1:42:10<5:27:59, 10.86s/it, video=bHt0Riqz0qo, orig=91, new=408, final=479, dup=20]                                                                                                                        
──────────────────────────────────────────────────────────────────────
📹 Video: AIs3LoU4JUo
──────────────────────────────────────────────────────────────────────
  📊 Scores: Max=0.9899 | Min=0.0781 | Range=[0.0781, 0.9899]
  🎯 Threshold: 0.6930 (70.0% of max)
  ✅ High-Score Frames: 88/122 (72.1%)
  📍 First 10 indices: [377, 406, 580, 609, 638, 667, 696, 725, 754, 783]
──────────────────────────────────────────────────────────────────────

Processing videos:  33%|▎| 888/2700 [1:42:10<5:27:59, 10.86s/it, video=bHt0Riqz0qo, orig=91, new=408, final=479, dup=20]Processing videos:  33%|▎| 888/2700 [1:42:51<5:27:59, 10.86s/it, video=AIs3LoU4JUo, orig=122, new=2718, final=2735, dup=Processing videos:  33%|▎| 889/2700 [1:42:51<9:58:10, 19.82s/it, video=AIs3LoU4JUo, orig=122, new=2718, final=2735, dup=                                                                                                                        
──────────────────────────────────────────────────────────────────────
📹 Video: AIs3LoU4JUo
──────────────────────────────────────────────────────────────────────
  📊 Scores: Max=0.9998 | Min=0.0045 | Range=[0.0045, 0.9998]
  🎯 Threshold: 0.6999 (70.0% of max)
  ✅ High-Score Frames: 47/122 (38.5%)
  📍 First 10 indices: [0, 29, 58, 87, 116, 145, 174, 203, 232, 261]
──────────────────────────────────────────────────────────────────────

Processing videos:  33%|▎| 889/2700 [1:42:51<9:58:10, 19.82s/it, video=AIs3LoU4JUo, orig=122, new=2718, final=2735, dup=Processing videos:  33%|▎| 889/2700 [1:43:14<9:58:10, 19.82s/it, video=AIs3LoU4JUo, orig=122, new=1573, final=1621, dup=Processing videos:  33%|▎| 890/2700 [1:43:14<10:22:59, 20.65s/it, video=AIs3LoU4JUo, orig=122, new=1573, final=1621, dup                                                                                                                        
──────────────────────────────────────────────────────────────────────
📹 Video: AIs3LoU4JUo
──────────────────────────────────────────────────────────────────────
  📊 Scores: Max=0.8489 | Min=0.0199 | Range=[0.0199, 0.8489]
  🎯 Threshold: 0.5942 (70.0% of max)
  ✅ High-Score Frames: 60/122 (49.2%)
  📍 First 10 indices: [580, 609, 754, 783, 812, 841, 928, 957, 986, 1015]
──────────────────────────────────────────────────────────────────────

Processing videos:  33%|▎| 890/2700 [1:43:14<10:22:59, 20.65s/it, video=AIs3LoU4JUo, orig=122, new=1573, final=1621, dupProcessing videos:  33%|▎| 890/2700 [1:43:43<10:22:59, 20.65s/it, video=AIs3LoU4JUo, orig=122, new=2016, final=2051, dupProcessing videos:  33%|▎| 891/2700 [1:43:43<11:37:09, 23.12s/it, video=AIs3LoU4JUo, orig=122, new=2016, final=2051, dup                                                                                                                        
──────────────────────────────────────────────────────────────────────
📹 Video: 4ZK-m01XSQ8
──────────────────────────────────────────────────────────────────────
  📊 Scores: Max=0.9958 | Min=0.6360 | Range=[0.6360, 0.9958]
  🎯 Threshold: 0.6970 (70.0% of max)
  ✅ High-Score Frames: 37/38 (97.4%)
  📍 First 10 indices: [30, 60, 90, 120, 150, 180, 210, 240, 270, 300]
──────────────────────────────────────────────────────────────────────

Processing videos:  33%|▎| 891/2700 [1:43:43<11:37:09, 23.12s/it, video=AIs3LoU4JUo, orig=122, new=2016, final=2051, dupProcessing videos:  33%|▎| 891/2700 [1:43:49<11:37:09, 23.12s/it, video=4ZK-m01XSQ8, orig=38, new=386, final=386, dup=38Processing videos:  33%|▎| 892/2700 [1:43:49<9:03:04, 18.02s/it, video=4ZK-m01XSQ8, orig=38, new=386, final=386, dup=38]                                                                                                                        
──────────────────────────────────────────────────────────────────────
📹 Video: 4ZK-m01XSQ8
──────────────────────────────────────────────────────────────────────
  📊 Scores: Max=0.8072 | Min=0.0097 | Range=[0.0097, 0.8072]
  🎯 Threshold: 0.5650 (70.0% of max)
  ✅ High-Score Frames: 12/38 (31.6%)
  📍 First 10 indices: [750, 780, 810, 840, 870, 900, 930, 960, 990, 1020]
──────────────────────────────────────────────────────────────────────

Processing videos:  33%|▎| 892/2700 [1:43:49<9:03:04, 18.02s/it, video=4ZK-m01XSQ8, orig=38, new=386, final=386, dup=38]Processing videos:  33%|▎| 892/2700 [1:43:51<9:03:04, 18.02s/it, video=4ZK-m01XSQ8, orig=38, new=156, final=179, dup=15]Processing videos:  33%|▎| 893/2700 [1:43:51<6:42:47, 13.37s/it, video=4ZK-m01XSQ8, orig=38, new=156, final=179, dup=15]                                                                                                                        
──────────────────────────────────────────────────────────────────────
📹 Video: 4ZK-m01XSQ8
──────────────────────────────────────────────────────────────────────
  📊 Scores: Max=0.9855 | Min=0.5915 | Range=[0.5915, 0.9855]
  🎯 Threshold: 0.6898 (70.0% of max)
  ✅ High-Score Frames: 37/38 (97.4%)
  📍 First 10 indices: [0, 30, 60, 90, 120, 150, 180, 210, 240, 270]
──────────────────────────────────────────────────────────────────────

Processing videos:  33%|▎| 893/2700 [1:43:51<6:42:47, 13.37s/it, video=4ZK-m01XSQ8, orig=38, new=156, final=179, dup=15]Processing videos:  33%|▎| 893/2700 [1:43:57<6:42:47, 13.37s/it, video=4ZK-m01XSQ8, orig=38, new=386, final=386, dup=38]Processing videos:  33%|▎| 894/2700 [1:43:57<5:37:13, 11.20s/it, video=4ZK-m01XSQ8, orig=38, new=386, final=386, dup=38]                                                                                                                        
──────────────────────────────────────────────────────────────────────
📹 Video: g7PjwIzqyCQ
──────────────────────────────────────────────────────────────────────
  📊 Scores: Max=0.5212 | Min=0.0743 | Range=[0.0743, 0.5212]
  🎯 Threshold: 0.3649 (70.0% of max)
  ✅ High-Score Frames: 47/99 (47.5%)
  📍 First 10 indices: [725, 754, 783, 812, 841, 870, 899, 928, 957, 1392]
──────────────────────────────────────────────────────────────────────

Processing videos:  33%|▎| 894/2700 [1:43:57<5:37:13, 11.20s/it, video=4ZK-m01XSQ8, orig=38, new=386, final=386, dup=38]Processing videos:  33%|▎| 894/2700 [1:44:11<5:37:13, 11.20s/it, video=g7PjwIzqyCQ, orig=99, new=1496, final=1535, dup=6Processing videos:  33%|▎| 895/2700 [1:44:11<6:01:41, 12.02s/it, video=g7PjwIzqyCQ, orig=99, new=1496, final=1535, dup=6                                                                                                                        
──────────────────────────────────────────────────────────────────────
📹 Video: g7PjwIzqyCQ
──────────────────────────────────────────────────────────────────────
  📊 Scores: Max=0.8732 | Min=0.0010 | Range=[0.0010, 0.8732]
  🎯 Threshold: 0.6112 (70.0% of max)
  ✅ High-Score Frames: 20/99 (20.2%)
  📍 First 10 indices: [290, 348, 377, 406, 435, 1392, 1421, 1450, 1479, 1595]
──────────────────────────────────────────────────────────────────────

Processing videos:  33%|▎| 895/2700 [1:44:11<6:01:41, 12.02s/it, video=g7PjwIzqyCQ, orig=99, new=1496, final=1535, dup=6Processing videos:  33%|▎| 895/2700 [1:44:18<6:01:41, 12.02s/it, video=g7PjwIzqyCQ, orig=99, new=714, final=779, dup=34]Processing videos:  33%|▎| 896/2700 [1:44:18<5:13:50, 10.44s/it, video=g7PjwIzqyCQ, orig=99, new=714, final=779, dup=34]                                                                                                                        
──────────────────────────────────────────────────────────────────────
📹 Video: g7PjwIzqyCQ
──────────────────────────────────────────────────────────────────────
  📊 Scores: Max=0.3158 | Min=0.0003 | Range=[0.0003, 0.3158]
  🎯 Threshold: 0.2210 (70.0% of max)
  ✅ High-Score Frames: 3/99 (3.0%)
  📍 First 10 indices: [1798, 1827, 1856]
──────────────────────────────────────────────────────────────────────

Processing videos:  33%|▎| 896/2700 [1:44:18<5:13:50, 10.44s/it, video=g7PjwIzqyCQ, orig=99, new=714, final=779, dup=34]Processing videos:  33%|▋ | 896/2700 [1:44:19<5:13:50, 10.44s/it, video=g7PjwIzqyCQ, orig=99, new=120, final=213, dup=6]Processing videos:  33%|▋ | 897/2700 [1:44:19<3:50:12,  7.66s/it, video=g7PjwIzqyCQ, orig=99, new=120, final=213, dup=6]                                                                                                                        
──────────────────────────────────────────────────────────────────────
📹 Video: mBD-TPIHbUs
──────────────────────────────────────────────────────────────────────
  📊 Scores: Max=0.7738 | Min=0.0003 | Range=[0.0003, 0.7738]
  🎯 Threshold: 0.5417 (70.0% of max)
  ✅ High-Score Frames: 2/70 (2.9%)
  📍 First 10 indices: [525, 550]
──────────────────────────────────────────────────────────────────────

Processing videos:  33%|▋ | 897/2700 [1:44:19<3:50:12,  7.66s/it, video=g7PjwIzqyCQ, orig=99, new=120, final=213, dup=6]Processing videos:  33%|▉  | 897/2700 [1:44:20<3:50:12,  7.66s/it, video=mBD-TPIHbUs, orig=70, new=69, final=134, dup=5]Processing videos:  33%|▉  | 898/2700 [1:44:20<2:51:44,  5.72s/it, video=mBD-TPIHbUs, orig=70, new=69, final=134, dup=5]                                                                                                                        
──────────────────────────────────────────────────────────────────────
📹 Video: mBD-TPIHbUs
──────────────────────────────────────────────────────────────────────
  📊 Scores: Max=0.9996 | Min=0.0002 | Range=[0.0002, 0.9996]
  🎯 Threshold: 0.6997 (70.0% of max)
  ✅ High-Score Frames: 13/70 (18.6%)
  📍 First 10 indices: [450, 475, 525, 750, 775, 800, 825, 850, 875, 900]
──────────────────────────────────────────────────────────────────────

Processing videos:  33%|▉  | 898/2700 [1:44:20<2:51:44,  5.72s/it, video=mBD-TPIHbUs, orig=70, new=69, final=134, dup=5]Processing videos:  33%|▎| 898/2700 [1:44:26<2:51:44,  5.72s/it, video=mBD-TPIHbUs, orig=70, new=381, final=430, dup=21]Processing videos:  33%|▎| 899/2700 [1:44:26<2:52:53,  5.76s/it, video=mBD-TPIHbUs, orig=70, new=381, final=430, dup=21]                                                                                                                        
──────────────────────────────────────────────────────────────────────
📹 Video: mBD-TPIHbUs
──────────────────────────────────────────────────────────────────────
  📊 Scores: Max=0.9920 | Min=0.0005 | Range=[0.0005, 0.9920]
  🎯 Threshold: 0.6944 (70.0% of max)
  ✅ High-Score Frames: 8/70 (11.4%)
  📍 First 10 indices: [450, 800, 825, 850, 875, 950, 975, 1000]
──────────────────────────────────────────────────────────────────────

Processing videos:  33%|▎| 899/2700 [1:44:26<2:52:53,  5.76s/it, video=mBD-TPIHbUs, orig=70, new=381, final=430, dup=21]Processing videos:  33%|▎| 899/2700 [1:44:30<2:52:53,  5.76s/it, video=mBD-TPIHbUs, orig=70, new=255, final=310, dup=15]                                                                                                                        
======================================================================
Processing videos:  33%|▎| 899/2700 [1:44:31<2:52:53,  5.76s/it, video=mBD-TPIHbUs, orig=70, new=255, final=310, dup=15]                                                                                                                        💾 CHECKPOINT SAVED [900/2700]
Processing videos:  33%|▎| 899/2700 [1:44:31<2:52:53,  5.76s/it, video=mBD-TPIHbUs, orig=70, new=255, final=310, dup=15]                                                                                                                        ======================================================================
Processing videos:  33%|▎| 899/2700 [1:44:31<2:52:53,  5.76s/it, video=mBD-TPIHbUs, orig=70, new=255, final=310, dup=15]                                                                                                                          GPU Memory: 0.00GB allocated, 0.00GB reserved
Processing videos:  33%|▎| 899/2700 [1:44:31<2:52:53,  5.76s/it, video=mBD-TPIHbUs, orig=70, new=255, final=310, dup=15]                                                                                                                          Videos processed: 900
Processing videos:  33%|▎| 899/2700 [1:44:31<2:52:53,  5.76s/it, video=mBD-TPIHbUs, orig=70, new=255, final=310, dup=15]                                                                                                                          With dense sampling: 900
Processing videos:  33%|▎| 899/2700 [1:44:31<2:52:53,  5.76s/it, video=mBD-TPIHbUs, orig=70, new=255, final=310, dup=15]                                                                                                                          Total frames: 568,993
Processing videos:  33%|▎| 899/2700 [1:44:31<2:52:53,  5.76s/it, video=mBD-TPIHbUs, orig=70, new=255, final=310, dup=15]                                                                                                                          Elapsed time: 104.52 min
Processing videos:  33%|▎| 899/2700 [1:44:31<2:52:53,  5.76s/it, video=mBD-TPIHbUs, orig=70, new=255, final=310, dup=15]                                                                                                                          Speed: 0.12 videos/sec
Processing videos:  33%|▎| 899/2700 [1:44:31<2:52:53,  5.76s/it, video=mBD-TPIHbUs, orig=70, new=255, final=310, dup=15]                                                                                                                          ✅ Safe to restart if needed
Processing videos:  33%|▎| 899/2700 [1:44:31<2:52:53,  5.76s/it, video=mBD-TPIHbUs, orig=70, new=255, final=310, dup=15]                                                                                                                        ======================================================================

Processing videos:  33%|▎| 899/2700 [1:44:31<2:52:53,  5.76s/it, video=mBD-TPIHbUs, orig=70, new=255, final=310, dup=15]Processing videos:  33%|▎| 900/2700 [1:44:31<2:41:46,  5.39s/it, video=mBD-TPIHbUs, orig=70, new=255, final=310, dup=15]                                                                                                                        
──────────────────────────────────────────────────────────────────────
📹 Video: dphq5X-rMew
──────────────────────────────────────────────────────────────────────
  📊 Scores: Max=0.9758 | Min=0.0001 | Range=[0.0001, 0.9758]
  🎯 Threshold: 0.6830 (70.0% of max)
  ✅ High-Score Frames: 16/432 (3.7%)
  📍 First 10 indices: [621, 943, 1426, 5727, 5750, 5773, 5796, 5819, 5842, 6486]
──────────────────────────────────────────────────────────────────────

Processing videos:  33%|▎| 900/2700 [1:44:31<2:41:46,  5.39s/it, video=mBD-TPIHbUs, orig=70, new=255, final=310, dup=15]Processing videos:  33%|▎| 900/2700 [1:44:41<2:41:46,  5.39s/it, video=dphq5X-rMew, orig=432, new=621, final=1022, dup=3Processing videos:  33%|▎| 901/2700 [1:44:41<3:21:25,  6.72s/it, video=dphq5X-rMew, orig=432, new=621, final=1022, dup=3                                                                                                                        
──────────────────────────────────────────────────────────────────────
📹 Video: dphq5X-rMew
──────────────────────────────────────────────────────────────────────
  📊 Scores: Max=1.0000 | Min=0.0002 | Range=[0.0002, 1.0000]
  🎯 Threshold: 0.7000 (70.0% of max)
  ✅ High-Score Frames: 158/432 (36.6%)
  📍 First 10 indices: [138, 161, 184, 207, 230, 322, 345, 483, 506, 529]
──────────────────────────────────────────────────────────────────────

Processing videos:  33%|▎| 901/2700 [1:44:41<3:21:25,  6.72s/it, video=dphq5X-rMew, orig=432, new=621, final=1022, dup=3Processing videos:  33%|▎| 901/2700 [1:45:56<3:21:25,  6.72s/it, video=dphq5X-rMew, orig=432, new=4840, final=5060, dup=Processing videos:  33%|▎| 902/2700 [1:45:56<13:35:19, 27.21s/it, video=dphq5X-rMew, orig=432, new=4840, final=5060, dup                                                                                                                        
──────────────────────────────────────────────────────────────────────
📹 Video: dphq5X-rMew
──────────────────────────────────────────────────────────────────────
  📊 Scores: Max=0.9971 | Min=0.0066 | Range=[0.0066, 0.9971]
  🎯 Threshold: 0.6979 (70.0% of max)
  ✅ High-Score Frames: 16/432 (3.7%)
  📍 First 10 indices: [322, 345, 368, 598, 1518, 1541, 1564, 1587, 1610, 1633]
──────────────────────────────────────────────────────────────────────

Processing videos:  33%|▎| 902/2700 [1:45:56<13:35:19, 27.21s/it, video=dphq5X-rMew, orig=432, new=4840, final=5060, dupProcessing videos:  33%|▎| 902/2700 [1:46:05<13:35:19, 27.21s/it, video=dphq5X-rMew, orig=432, new=594, final=1000, dup=Processing videos:  33%|▎| 903/2700 [1:46:05<10:52:02, 21.77s/it, video=dphq5X-rMew, orig=432, new=594, final=1000, dup=                                                                                                                        
──────────────────────────────────────────────────────────────────────
📹 Video: K64wRD8eaus
──────────────────────────────────────────────────────────────────────
  📊 Scores: Max=0.9999 | Min=0.0001 | Range=[0.0001, 0.9999]
  🎯 Threshold: 0.6999 (70.0% of max)
  ✅ High-Score Frames: 6/527 (1.1%)
  📍 First 10 indices: [345, 7015, 7038, 7199, 7222, 7268]
──────────────────────────────────────────────────────────────────────

Processing videos:  33%|▎| 903/2700 [1:46:05<10:52:02, 21.77s/it, video=dphq5X-rMew, orig=432, new=594, final=1000, dup=Processing videos:  33%|▎| 903/2700 [1:46:09<10:52:02, 21.77s/it, video=K64wRD8eaus, orig=527, new=265, final=779, dup=1Processing videos:  33%|▎| 904/2700 [1:46:09<8:13:09, 16.48s/it, video=K64wRD8eaus, orig=527, new=265, final=779, dup=13                                                                                                                        
──────────────────────────────────────────────────────────────────────
📹 Video: K64wRD8eaus
──────────────────────────────────────────────────────────────────────
  📊 Scores: Max=0.7011 | Min=0.0027 | Range=[0.0027, 0.7011]
  🎯 Threshold: 0.4907 (70.0% of max)
  ✅ High-Score Frames: 10/527 (1.9%)
  📍 First 10 indices: [5336, 5359, 5382, 5405, 5428, 5451, 10074, 10097, 10120, 10143]
──────────────────────────────────────────────────────────────────────

Processing videos:  33%|▎| 904/2700 [1:46:09<8:13:09, 16.48s/it, video=K64wRD8eaus, orig=527, new=265, final=779, dup=13Processing videos:  33%|▎| 904/2700 [1:46:14<8:13:09, 16.48s/it, video=K64wRD8eaus, orig=527, new=330, final=843, dup=14Processing videos:  34%|▎| 905/2700 [1:46:14<6:30:25, 13.05s/it, video=K64wRD8eaus, orig=527, new=330, final=843, dup=14                                                                                                                        
──────────────────────────────────────────────────────────────────────
📹 Video: K64wRD8eaus
──────────────────────────────────────────────────────────────────────
  📊 Scores: Max=0.9993 | Min=0.0001 | Range=[0.0001, 0.9993]
  🎯 Threshold: 0.6995 (70.0% of max)
  ✅ High-Score Frames: 138/527 (26.2%)
  📍 First 10 indices: [690, 713, 851, 1311, 1334, 1357, 1380, 1403, 1426, 2116]
──────────────────────────────────────────────────────────────────────

Processing videos:  34%|▎| 905/2700 [1:46:14<6:30:25, 13.05s/it, video=K64wRD8eaus, orig=527, new=330, final=843, dup=14Processing videos:  34%|▎| 905/2700 [1:47:22<6:30:25, 13.05s/it, video=K64wRD8eaus, orig=527, new=4496, final=4825, dup=Processing videos:  34%|▎| 906/2700 [1:47:22<14:44:47, 29.59s/it, video=K64wRD8eaus, orig=527, new=4496, final=4825, dup                                                                                                                        
──────────────────────────────────────────────────────────────────────
📹 Video: kSBB5PsRV-k
──────────────────────────────────────────────────────────────────────
  📊 Scores: Max=0.9999 | Min=0.0012 | Range=[0.0012, 0.9999]
  🎯 Threshold: 0.6999 (70.0% of max)
  ✅ High-Score Frames: 54/297 (18.2%)
  📍 First 10 indices: [943, 966, 989, 1012, 1081, 1104, 1127, 1150, 1173, 1196]
──────────────────────────────────────────────────────────────────────

Processing videos:  34%|▎| 906/2700 [1:47:22<14:44:47, 29.59s/it, video=K64wRD8eaus, orig=527, new=4496, final=4825, dupProcessing videos:  34%|▎| 906/2700 [1:47:44<14:44:47, 29.59s/it, video=kSBB5PsRV-k, orig=297, new=1565, final=1793, dupProcessing videos:  34%|▎| 907/2700 [1:47:44<13:39:59, 27.44s/it, video=kSBB5PsRV-k, orig=297, new=1565, final=1793, dup                                                                                                                        
──────────────────────────────────────────────────────────────────────
📹 Video: kSBB5PsRV-k
──────────────────────────────────────────────────────────────────────
  📊 Scores: Max=0.9996 | Min=0.0018 | Range=[0.0018, 0.9996]
  🎯 Threshold: 0.6997 (70.0% of max)
  ✅ High-Score Frames: 69/297 (23.2%)
  📍 First 10 indices: [276, 299, 437, 460, 483, 506, 529, 552, 575, 943]
──────────────────────────────────────────────────────────────────────

Processing videos:  34%|▎| 907/2700 [1:47:44<13:39:59, 27.44s/it, video=kSBB5PsRV-k, orig=297, new=1565, final=1793, dupProcessing videos:  34%|▎| 907/2700 [1:48:15<13:39:59, 27.44s/it, video=kSBB5PsRV-k, orig=297, new=2132, final=2337, dupProcessing videos:  34%|▎| 908/2700 [1:48:15<14:10:21, 28.47s/it, video=kSBB5PsRV-k, orig=297, new=2132, final=2337, dup                                                                                                                        
──────────────────────────────────────────────────────────────────────
📹 Video: kSBB5PsRV-k
──────────────────────────────────────────────────────────────────────
  📊 Scores: Max=0.4019 | Min=0.0224 | Range=[0.0224, 0.4019]
  🎯 Threshold: 0.2813 (70.0% of max)
  ✅ High-Score Frames: 21/297 (7.1%)
  📍 First 10 indices: [0, 138, 575, 598, 621, 667, 690, 713, 736, 4301]
──────────────────────────────────────────────────────────────────────

Processing videos:  34%|▎| 908/2700 [1:48:15<14:10:21, 28.47s/it, video=kSBB5PsRV-k, orig=297, new=2132, final=2337, dupProcessing videos:  34%|▎| 908/2700 [1:48:26<14:10:21, 28.47s/it, video=kSBB5PsRV-k, orig=297, new=678, final=943, dup=3Processing videos:  34%|▎| 909/2700 [1:48:26<11:26:06, 22.99s/it, video=kSBB5PsRV-k, orig=297, new=678, final=943, dup=3                                                                                                                        
──────────────────────────────────────────────────────────────────────
📹 Video: QTA8j5wSTx4
──────────────────────────────────────────────────────────────────────
  📊 Scores: Max=0.9998 | Min=0.0001 | Range=[0.0001, 0.9998]
  🎯 Threshold: 0.6998 (70.0% of max)
  ✅ High-Score Frames: 17/522 (3.3%)
  📍 First 10 indices: [1656, 1679, 1840, 1863, 1909, 1932, 1955, 1978, 2001, 9177]
──────────────────────────────────────────────────────────────────────

Processing videos:  34%|▎| 909/2700 [1:48:26<11:26:06, 22.99s/it, video=kSBB5PsRV-k, orig=297, new=678, final=943, dup=3Processing videos:  34%|▎| 909/2700 [1:48:35<11:26:06, 22.99s/it, video=QTA8j5wSTx4, orig=522, new=640, final=1134, dup=Processing videos:  34%|▎| 910/2700 [1:48:35<9:27:30, 19.02s/it, video=QTA8j5wSTx4, orig=522, new=640, final=1134, dup=2                                                                                                                        
──────────────────────────────────────────────────────────────────────
📹 Video: QTA8j5wSTx4
──────────────────────────────────────────────────────────────────────
  📊 Scores: Max=0.2820 | Min=0.0001 | Range=[0.0001, 0.2820]
  🎯 Threshold: 0.1974 (70.0% of max)
  ✅ High-Score Frames: 1/522 (0.2%)
  📍 First 10 indices: [5428]
──────────────────────────────────────────────────────────────────────

Processing videos:  34%|▎| 910/2700 [1:48:35<9:27:30, 19.02s/it, video=QTA8j5wSTx4, orig=522, new=640, final=1134, dup=2Processing videos:  34%|▋ | 910/2700 [1:48:36<9:27:30, 19.02s/it, video=QTA8j5wSTx4, orig=522, new=49, final=568, dup=3]Processing videos:  34%|▋ | 911/2700 [1:48:36<6:45:00, 13.58s/it, video=QTA8j5wSTx4, orig=522, new=49, final=568, dup=3]                                                                                                                        
──────────────────────────────────────────────────────────────────────
📹 Video: QTA8j5wSTx4
──────────────────────────────────────────────────────────────────────
  📊 Scores: Max=1.0000 | Min=0.0000 | Range=[0.0000, 1.0000]
  🎯 Threshold: 0.7000 (70.0% of max)
  ✅ High-Score Frames: 128/522 (24.5%)
  📍 First 10 indices: [506, 552, 1541, 1564, 1587, 1610, 1748, 1771, 1794, 1817]
──────────────────────────────────────────────────────────────────────

Processing videos:  34%|▋ | 911/2700 [1:48:36<6:45:00, 13.58s/it, video=QTA8j5wSTx4, orig=522, new=49, final=568, dup=3]Processing videos:  34%|▎| 911/2700 [1:49:42<6:45:00, 13.58s/it, video=QTA8j5wSTx4, orig=522, new=4284, final=4618, dup=Processing videos:  34%|▎| 912/2700 [1:49:42<14:27:32, 29.11s/it, video=QTA8j5wSTx4, orig=522, new=4284, final=4618, dup                                                                                                                        
──────────────────────────────────────────────────────────────────────
📹 Video: tuZcS2Flabw
──────────────────────────────────────────────────────────────────────
  📊 Scores: Max=0.9993 | Min=0.0001 | Range=[0.0001, 0.9993]
  🎯 Threshold: 0.6995 (70.0% of max)
  ✅ High-Score Frames: 99/347 (28.5%)
  📍 First 10 indices: [161, 184, 207, 230, 253, 276, 299, 322, 345, 598]
──────────────────────────────────────────────────────────────────────

Processing videos:  34%|▎| 912/2700 [1:49:42<14:27:32, 29.11s/it, video=QTA8j5wSTx4, orig=522, new=4284, final=4618, dupProcessing videos:  34%|▎| 912/2700 [1:50:22<14:27:32, 29.11s/it, video=tuZcS2Flabw, orig=347, new=2716, final=2946, dupProcessing videos:  34%|▎| 913/2700 [1:50:22<16:09:07, 32.54s/it, video=tuZcS2Flabw, orig=347, new=2716, final=2946, dup                                                                                                                        
──────────────────────────────────────────────────────────────────────
📹 Video: tuZcS2Flabw
──────────────────────────────────────────────────────────────────────
  📊 Scores: Max=0.7700 | Min=0.0003 | Range=[0.0003, 0.7700]
  🎯 Threshold: 0.5390 (70.0% of max)
  ✅ High-Score Frames: 17/347 (4.9%)
  📍 First 10 indices: [184, 598, 621, 644, 667, 690, 713, 1633, 1656, 1679]
──────────────────────────────────────────────────────────────────────

Processing videos:  34%|▎| 913/2700 [1:50:22<16:09:07, 32.54s/it, video=tuZcS2Flabw, orig=347, new=2716, final=2946, dupProcessing videos:  34%|▎| 913/2700 [1:50:31<16:09:07, 32.54s/it, video=tuZcS2Flabw, orig=347, new=589, final=909, dup=2Processing videos:  34%|▎| 914/2700 [1:50:31<12:38:53, 25.49s/it, video=tuZcS2Flabw, orig=347, new=589, final=909, dup=2                                                                                                                        
──────────────────────────────────────────────────────────────────────
📹 Video: tuZcS2Flabw
──────────────────────────────────────────────────────────────────────
  📊 Scores: Max=0.1189 | Min=0.0026 | Range=[0.0026, 0.1189]
  🎯 Threshold: 0.0832 (70.0% of max)
  ✅ High-Score Frames: 14/347 (4.0%)
  📍 First 10 indices: [4232, 5589, 5612, 7130, 7153, 7176, 7199, 7797, 7820, 7843]
──────────────────────────────────────────────────────────────────────

Processing videos:  34%|▎| 914/2700 [1:50:31<12:38:53, 25.49s/it, video=tuZcS2Flabw, orig=347, new=589, final=909, dup=2Processing videos:  34%|▎| 914/2700 [1:50:39<12:38:53, 25.49s/it, video=tuZcS2Flabw, orig=347, new=498, final=823, dup=2Processing videos:  34%|▎| 915/2700 [1:50:39<9:57:20, 20.08s/it, video=tuZcS2Flabw, orig=347, new=498, final=823, dup=22                                                                                                                        
──────────────────────────────────────────────────────────────────────
📹 Video: s_TGkDcjBqI
──────────────────────────────────────────────────────────────────────
  📊 Scores: Max=0.9697 | Min=0.0003 | Range=[0.0003, 0.9697]
  🎯 Threshold: 0.6788 (70.0% of max)
  ✅ High-Score Frames: 3/322 (0.9%)
  📍 First 10 indices: [3841, 3864, 3887]
──────────────────────────────────────────────────────────────────────

Processing videos:  34%|▎| 915/2700 [1:50:39<9:57:20, 20.08s/it, video=tuZcS2Flabw, orig=347, new=498, final=823, dup=22Processing videos:  34%|▎| 915/2700 [1:50:40<9:57:20, 20.08s/it, video=s_TGkDcjBqI, orig=322, new=119, final=436, dup=5]Processing videos:  34%|▎| 916/2700 [1:50:40<7:14:32, 14.61s/it, video=s_TGkDcjBqI, orig=322, new=119, final=436, dup=5]                                                                                                                        
──────────────────────────────────────────────────────────────────────
📹 Video: s_TGkDcjBqI
──────────────────────────────────────────────────────────────────────
  📊 Scores: Max=0.2116 | Min=0.0010 | Range=[0.0010, 0.2116]
  🎯 Threshold: 0.1481 (70.0% of max)
  ✅ High-Score Frames: 5/322 (1.6%)
  📍 First 10 indices: [3013, 4140, 5129, 5842, 6417]
──────────────────────────────────────────────────────────────────────

Processing videos:  34%|▎| 916/2700 [1:50:40<7:14:32, 14.61s/it, video=s_TGkDcjBqI, orig=322, new=119, final=436, dup=5]Processing videos:  34%|▎| 916/2700 [1:50:44<7:14:32, 14.61s/it, video=s_TGkDcjBqI, orig=322, new=245, final=552, dup=15Processing videos:  34%|▎| 917/2700 [1:50:44<5:39:00, 11.41s/it, video=s_TGkDcjBqI, orig=322, new=245, final=552, dup=15                                                                                                                        
──────────────────────────────────────────────────────────────────────
📹 Video: s_TGkDcjBqI
──────────────────────────────────────────────────────────────────────
  📊 Scores: Max=0.6003 | Min=0.0017 | Range=[0.0017, 0.6003]
  🎯 Threshold: 0.4202 (70.0% of max)
  ✅ High-Score Frames: 2/322 (0.6%)
  📍 First 10 indices: [1978, 2001]
──────────────────────────────────────────────────────────────────────

Processing videos:  34%|▎| 917/2700 [1:50:44<5:39:00, 11.41s/it, video=s_TGkDcjBqI, orig=322, new=245, final=552, dup=15Processing videos:  34%|▋ | 917/2700 [1:50:46<5:39:00, 11.41s/it, video=s_TGkDcjBqI, orig=322, new=96, final=414, dup=4]Processing videos:  34%|▋ | 918/2700 [1:50:46<4:10:33,  8.44s/it, video=s_TGkDcjBqI, orig=322, new=96, final=414, dup=4]                                                                                                                        
──────────────────────────────────────────────────────────────────────
📹 Video: 8l1NyR6UvxU
──────────────────────────────────────────────────────────────────────
  📊 Scores: Max=0.9996 | Min=0.0005 | Range=[0.0005, 0.9996]
  🎯 Threshold: 0.6997 (70.0% of max)
  ✅ High-Score Frames: 76/328 (23.2%)
  📍 First 10 indices: [759, 897, 966, 989, 1127, 1150, 1173, 1196, 1219, 1288]
──────────────────────────────────────────────────────────────────────

Processing videos:  34%|▋ | 918/2700 [1:50:46<4:10:33,  8.44s/it, video=s_TGkDcjBqI, orig=322, new=96, final=414, dup=4]Processing videos:  34%|▎| 918/2700 [1:51:26<4:10:33,  8.44s/it, video=8l1NyR6UvxU, orig=328, new=2655, final=2862, dup=Processing videos:  34%|▎| 919/2700 [1:51:26<8:50:59, 17.89s/it, video=8l1NyR6UvxU, orig=328, new=2655, final=2862, dup=                                                                                                                        
──────────────────────────────────────────────────────────────────────
📹 Video: 8l1NyR6UvxU
──────────────────────────────────────────────────────────────────────
  📊 Scores: Max=0.9994 | Min=0.0006 | Range=[0.0006, 0.9994]
  🎯 Threshold: 0.6996 (70.0% of max)
  ✅ High-Score Frames: 45/328 (13.7%)
  📍 First 10 indices: [759, 966, 989, 1081, 1196, 1955, 2001, 2024, 2415, 3335]
──────────────────────────────────────────────────────────────────────

Processing videos:  34%|▎| 919/2700 [1:51:26<8:50:59, 17.89s/it, video=8l1NyR6UvxU, orig=328, new=2655, final=2862, dup=Processing videos:  34%|▎| 919/2700 [1:51:48<8:50:59, 17.89s/it, video=8l1NyR6UvxU, orig=328, new=1581, final=1832, dup=Processing videos:  34%|▎| 920/2700 [1:51:48<9:31:54, 19.28s/it, video=8l1NyR6UvxU, orig=328, new=1581, final=1832, dup=                                                                                                                        
──────────────────────────────────────────────────────────────────────
📹 Video: 8l1NyR6UvxU
──────────────────────────────────────────────────────────────────────
  📊 Scores: Max=0.9847 | Min=0.0018 | Range=[0.0018, 0.9847]
  🎯 Threshold: 0.6893 (70.0% of max)
  ✅ High-Score Frames: 48/328 (14.6%)
  📍 First 10 indices: [759, 874, 2300, 2346, 2530, 2553, 2576, 2599, 2622, 3588]
──────────────────────────────────────────────────────────────────────

Processing videos:  34%|▎| 920/2700 [1:51:48<9:31:54, 19.28s/it, video=8l1NyR6UvxU, orig=328, new=1581, final=1832, dup=Processing videos:  34%|▎| 920/2700 [1:52:13<9:31:54, 19.28s/it, video=8l1NyR6UvxU, orig=328, new=1737, final=1978, dup=Processing videos:  34%|▎| 921/2700 [1:52:13<10:22:00, 20.98s/it, video=8l1NyR6UvxU, orig=328, new=1737, final=1978, dup                                                                                                                        
──────────────────────────────────────────────────────────────────────
📹 Video: wgPymD-NBQU
──────────────────────────────────────────────────────────────────────
  📊 Scores: Max=0.8806 | Min=0.0054 | Range=[0.0054, 0.8806]
  🎯 Threshold: 0.6164 (70.0% of max)
  ✅ High-Score Frames: 95/372 (25.5%)
  📍 First 10 indices: [575, 598, 621, 644, 667, 690, 713, 736, 759, 2024]
──────────────────────────────────────────────────────────────────────

Processing videos:  34%|▎| 921/2700 [1:52:13<10:22:00, 20.98s/it, video=8l1NyR6UvxU, orig=328, new=1737, final=1978, dupProcessing videos:  34%|▎| 921/2700 [1:52:56<10:22:00, 20.98s/it, video=wgPymD-NBQU, orig=372, new=2834, final=3082, dupProcessing videos:  34%|▎| 922/2700 [1:52:56<13:33:04, 27.44s/it, video=wgPymD-NBQU, orig=372, new=2834, final=3082, dup                                                                                                                        
──────────────────────────────────────────────────────────────────────
📹 Video: wgPymD-NBQU
──────────────────────────────────────────────────────────────────────
  📊 Scores: Max=0.9999 | Min=0.0001 | Range=[0.0001, 0.9999]
  🎯 Threshold: 0.6999 (70.0% of max)
  ✅ High-Score Frames: 162/372 (43.5%)
  📍 First 10 indices: [575, 598, 621, 644, 667, 690, 713, 736, 759, 943]
──────────────────────────────────────────────────────────────────────

Processing videos:  34%|▎| 922/2700 [1:52:56<13:33:04, 27.44s/it, video=wgPymD-NBQU, orig=372, new=2834, final=3082, dupProcessing videos:  34%|▎| 922/2700 [1:54:06<13:33:04, 27.44s/it, video=wgPymD-NBQU, orig=372, new=4669, final=4834, dupProcessing videos:  34%|▎| 923/2700 [1:54:06<19:49:21, 40.16s/it, video=wgPymD-NBQU, orig=372, new=4669, final=4834, dup                                                                                                                        
──────────────────────────────────────────────────────────────────────
📹 Video: wgPymD-NBQU
──────────────────────────────────────────────────────────────────────
  📊 Scores: Max=0.2881 | Min=0.0046 | Range=[0.0046, 0.2881]
  🎯 Threshold: 0.2017 (70.0% of max)
  ✅ High-Score Frames: 8/372 (2.2%)
  📍 First 10 indices: [0, 138, 3174, 4278, 6210, 6762, 7613, 7636]
──────────────────────────────────────────────────────────────────────

Processing videos:  34%|▎| 923/2700 [1:54:06<19:49:21, 40.16s/it, video=wgPymD-NBQU, orig=372, new=4669, final=4834, dupProcessing videos:  34%|▎| 923/2700 [1:54:11<19:49:21, 40.16s/it, video=wgPymD-NBQU, orig=372, new=365, final=716, dup=2Processing videos:  34%|▎| 924/2700 [1:54:11<14:41:54, 29.79s/it, video=wgPymD-NBQU, orig=372, new=365, final=716, dup=2                                                                                                                        
──────────────────────────────────────────────────────────────────────
📹 Video: tjrvKA4w9-Y
──────────────────────────────────────────────────────────────────────
  📊 Scores: Max=0.9997 | Min=0.0003 | Range=[0.0003, 0.9997]
  🎯 Threshold: 0.6998 (70.0% of max)
  ✅ High-Score Frames: 85/382 (22.3%)
  📍 First 10 indices: [46, 69, 92, 115, 138, 184, 207, 230, 276, 414]
──────────────────────────────────────────────────────────────────────

Processing videos:  34%|▎| 924/2700 [1:54:11<14:41:54, 29.79s/it, video=wgPymD-NBQU, orig=372, new=365, final=716, dup=2Processing videos:  34%|▎| 924/2700 [1:54:55<14:41:54, 29.79s/it, video=tjrvKA4w9-Y, orig=382, new=2935, final=3186, dup                                                                                                                        
======================================================================
Processing videos:  34%|▎| 924/2700 [1:54:56<14:41:54, 29.79s/it, video=tjrvKA4w9-Y, orig=382, new=2935, final=3186, dup                                                                                                                        💾 CHECKPOINT SAVED [925/2700]
Processing videos:  34%|▎| 924/2700 [1:54:56<14:41:54, 29.79s/it, video=tjrvKA4w9-Y, orig=382, new=2935, final=3186, dup                                                                                                                        ======================================================================
Processing videos:  34%|▎| 924/2700 [1:54:56<14:41:54, 29.79s/it, video=tjrvKA4w9-Y, orig=382, new=2935, final=3186, dup                                                                                                                          GPU Memory: 0.00GB allocated, 0.00GB reserved
Processing videos:  34%|▎| 924/2700 [1:54:56<14:41:54, 29.79s/it, video=tjrvKA4w9-Y, orig=382, new=2935, final=3186, dup                                                                                                                          Videos processed: 925
Processing videos:  34%|▎| 924/2700 [1:54:56<14:41:54, 29.79s/it, video=tjrvKA4w9-Y, orig=382, new=2935, final=3186, dup                                                                                                                          With dense sampling: 925
Processing videos:  34%|▎| 924/2700 [1:54:56<14:41:54, 29.79s/it, video=tjrvKA4w9-Y, orig=382, new=2935, final=3186, dup                                                                                                                          Total frames: 618,485
Processing videos:  34%|▎| 924/2700 [1:54:56<14:41:54, 29.79s/it, video=tjrvKA4w9-Y, orig=382, new=2935, final=3186, dup                                                                                                                          Elapsed time: 114.94 min
Processing videos:  34%|▎| 924/2700 [1:54:56<14:41:54, 29.79s/it, video=tjrvKA4w9-Y, orig=382, new=2935, final=3186, dup                                                                                                                          Speed: 0.12 videos/sec
Processing videos:  34%|▎| 924/2700 [1:54:56<14:41:54, 29.79s/it, video=tjrvKA4w9-Y, orig=382, new=2935, final=3186, dup                                                                                                                          ✅ Safe to restart if needed
Processing videos:  34%|▎| 924/2700 [1:54:56<14:41:54, 29.79s/it, video=tjrvKA4w9-Y, orig=382, new=2935, final=3186, dup                                                                                                                        ======================================================================

Processing videos:  34%|▎| 924/2700 [1:54:56<14:41:54, 29.79s/it, video=tjrvKA4w9-Y, orig=382, new=2935, final=3186, dupProcessing videos:  34%|▎| 925/2700 [1:54:56<16:52:06, 34.21s/it, video=tjrvKA4w9-Y, orig=382, new=2935, final=3186, dup                                                                                                                        
──────────────────────────────────────────────────────────────────────
📹 Video: tjrvKA4w9-Y
──────────────────────────────────────────────────────────────────────
  📊 Scores: Max=0.9994 | Min=0.0006 | Range=[0.0006, 0.9994]
  🎯 Threshold: 0.6996 (70.0% of max)
  ✅ High-Score Frames: 49/382 (12.8%)
  📍 First 10 indices: [529, 552, 575, 1081, 1104, 1127, 1150, 1173, 1219, 1679]
──────────────────────────────────────────────────────────────────────

Processing videos:  34%|▎| 925/2700 [1:54:56<16:52:06, 34.21s/it, video=tjrvKA4w9-Y, orig=382, new=2935, final=3186, dupProcessing videos:  34%|▎| 925/2700 [1:55:22<16:52:06, 34.21s/it, video=tjrvKA4w9-Y, orig=382, new=1807, final=2108, dupProcessing videos:  34%|▎| 926/2700 [1:55:22<15:38:30, 31.74s/it, video=tjrvKA4w9-Y, orig=382, new=1807, final=2108, dup                                                                                                                        
──────────────────────────────────────────────────────────────────────
📹 Video: tjrvKA4w9-Y
──────────────────────────────────────────────────────────────────────
  📊 Scores: Max=0.9966 | Min=0.0001 | Range=[0.0001, 0.9966]
  🎯 Threshold: 0.6976 (70.0% of max)
  ✅ High-Score Frames: 50/382 (13.1%)
  📍 First 10 indices: [184, 207, 276, 414, 644, 667, 690, 1081, 1104, 1127]
──────────────────────────────────────────────────────────────────────

Processing videos:  34%|▎| 926/2700 [1:55:22<15:38:30, 31.74s/it, video=tjrvKA4w9-Y, orig=382, new=1807, final=2108, dupProcessing videos:  34%|▎| 926/2700 [1:55:50<15:38:30, 31.74s/it, video=tjrvKA4w9-Y, orig=382, new=1969, final=2264, dupProcessing videos:  34%|▎| 927/2700 [1:55:50<15:08:06, 30.73s/it, video=tjrvKA4w9-Y, orig=382, new=1969, final=2264, dup                                                                                                                        
──────────────────────────────────────────────────────────────────────
📹 Video: A9fQPzZ1-hg
──────────────────────────────────────────────────────────────────────
  📊 Scores: Max=0.9960 | Min=0.0001 | Range=[0.0001, 0.9960]
  🎯 Threshold: 0.6972 (70.0% of max)
  ✅ High-Score Frames: 28/402 (7.0%)
  📍 First 10 indices: [575, 644, 667, 1242, 1311, 2116, 3197, 3220, 3243, 4370]
──────────────────────────────────────────────────────────────────────

Processing videos:  34%|▎| 927/2700 [1:55:50<15:08:06, 30.73s/it, video=tjrvKA4w9-Y, orig=382, new=1969, final=2264, dupProcessing videos:  34%|▎| 927/2700 [1:56:07<15:08:06, 30.73s/it, video=A9fQPzZ1-hg, orig=402, new=1118, final=1466, dupProcessing videos:  34%|▎| 928/2700 [1:56:07<13:05:12, 26.59s/it, video=A9fQPzZ1-hg, orig=402, new=1118, final=1466, dup                                                                                                                        
──────────────────────────────────────────────────────────────────────
📹 Video: A9fQPzZ1-hg
──────────────────────────────────────────────────────────────────────
  📊 Scores: Max=0.9984 | Min=0.0003 | Range=[0.0003, 0.9984]
  🎯 Threshold: 0.6989 (70.0% of max)
  ✅ High-Score Frames: 52/402 (12.9%)
  📍 First 10 indices: [46, 69, 92, 115, 575, 644, 667, 1104, 1127, 1150]
──────────────────────────────────────────────────────────────────────

Processing videos:  34%|▎| 928/2700 [1:56:07<13:05:12, 26.59s/it, video=A9fQPzZ1-hg, orig=402, new=1118, final=1466, dupProcessing videos:  34%|▎| 928/2700 [1:56:34<13:05:12, 26.59s/it, video=A9fQPzZ1-hg, orig=402, new=1900, final=2214, dupProcessing videos:  34%|▎| 929/2700 [1:56:34<13:12:11, 26.84s/it, video=A9fQPzZ1-hg, orig=402, new=1900, final=2214, dup                                                                                                                        
──────────────────────────────────────────────────────────────────────
📹 Video: A9fQPzZ1-hg
──────────────────────────────────────────────────────────────────────
  📊 Scores: Max=0.9640 | Min=0.0004 | Range=[0.0004, 0.9640]
  🎯 Threshold: 0.6748 (70.0% of max)
  ✅ High-Score Frames: 30/402 (7.5%)
  📍 First 10 indices: [1104, 1127, 1771, 1794, 1817, 1840, 1863, 1886, 1909, 2300]
──────────────────────────────────────────────────────────────────────

Processing videos:  34%|▎| 929/2700 [1:56:34<13:12:11, 26.84s/it, video=A9fQPzZ1-hg, orig=402, new=1900, final=2214, dupProcessing videos:  34%|▎| 929/2700 [1:56:50<13:12:11, 26.84s/it, video=A9fQPzZ1-hg, orig=402, new=1066, final=1422, dupProcessing videos:  34%|▎| 930/2700 [1:56:50<11:35:18, 23.57s/it, video=A9fQPzZ1-hg, orig=402, new=1066, final=1422, dup                                                                                                                        
──────────────────────────────────────────────────────────────────────
📹 Video: 4jmMWohs1XM
──────────────────────────────────────────────────────────────────────
  📊 Scores: Max=0.9998 | Min=0.0005 | Range=[0.0005, 0.9998]
  🎯 Threshold: 0.6999 (70.0% of max)
  ✅ High-Score Frames: 141/356 (39.6%)
  📍 First 10 indices: [23, 46, 69, 92, 115, 138, 161, 184, 207, 230]
──────────────────────────────────────────────────────────────────────

Processing videos:  34%|▎| 930/2700 [1:56:50<11:35:18, 23.57s/it, video=A9fQPzZ1-hg, orig=402, new=1066, final=1422, dupProcessing videos:  34%|▎| 930/2700 [1:57:53<11:35:18, 23.57s/it, video=4jmMWohs1XM, orig=356, new=4212, final=4380, dupProcessing videos:  34%|▎| 931/2700 [1:57:54<17:24:48, 35.44s/it, video=4jmMWohs1XM, orig=356, new=4212, final=4380, dup                                                                                                                        
──────────────────────────────────────────────────────────────────────
📹 Video: 4jmMWohs1XM
──────────────────────────────────────────────────────────────────────
  📊 Scores: Max=0.3820 | Min=0.0024 | Range=[0.0024, 0.3820]
  🎯 Threshold: 0.2674 (70.0% of max)
  ✅ High-Score Frames: 11/356 (3.1%)
  📍 First 10 indices: [1725, 2323, 2346, 3979, 4002, 5520, 5566, 5589, 5612, 5635]
──────────────────────────────────────────────────────────────────────

Processing videos:  34%|▎| 931/2700 [1:57:54<17:24:48, 35.44s/it, video=4jmMWohs1XM, orig=356, new=4212, final=4380, dupProcessing videos:  34%|▎| 931/2700 [1:58:00<17:24:48, 35.44s/it, video=4jmMWohs1XM, orig=356, new=456, final=790, dup=2Processing videos:  35%|▎| 932/2700 [1:58:00<13:12:13, 26.89s/it, video=4jmMWohs1XM, orig=356, new=456, final=790, dup=2                                                                                                                        
──────────────────────────────────────────────────────────────────────
📹 Video: 4jmMWohs1XM
──────────────────────────────────────────────────────────────────────
  📊 Scores: Max=0.9995 | Min=0.0004 | Range=[0.0004, 0.9995]
  🎯 Threshold: 0.6996 (70.0% of max)
  ✅ High-Score Frames: 154/356 (43.3%)
  📍 First 10 indices: [46, 69, 138, 161, 184, 207, 230, 276, 299, 437]
──────────────────────────────────────────────────────────────────────

Processing videos:  35%|▎| 932/2700 [1:58:00<13:12:13, 26.89s/it, video=4jmMWohs1XM, orig=356, new=456, final=790, dup=2Processing videos:  35%|▎| 932/2700 [1:59:07<13:12:13, 26.89s/it, video=4jmMWohs1XM, orig=356, new=4417, final=4580, dupProcessing videos:  35%|▎| 933/2700 [1:59:07<18:59:07, 38.68s/it, video=4jmMWohs1XM, orig=356, new=4417, final=4580, dup                                                                                                                        
──────────────────────────────────────────────────────────────────────
📹 Video: RBTiTcHm_ac
──────────────────────────────────────────────────────────────────────
  📊 Scores: Max=0.9999 | Min=0.0002 | Range=[0.0002, 0.9999]
  🎯 Threshold: 0.7000 (70.0% of max)
  ✅ High-Score Frames: 53/296 (17.9%)
  📍 First 10 indices: [46, 69, 92, 115, 184, 345, 575, 598, 943, 1265]
──────────────────────────────────────────────────────────────────────

Processing videos:  35%|▎| 933/2700 [1:59:07<18:59:07, 38.68s/it, video=4jmMWohs1XM, orig=356, new=4417, final=4580, dupProcessing videos:  35%|▎| 933/2700 [1:59:39<18:59:07, 38.68s/it, video=RBTiTcHm_ac, orig=296, new=2158, final=2354, dupProcessing videos:  35%|▎| 934/2700 [1:59:39<18:00:04, 36.70s/it, video=RBTiTcHm_ac, orig=296, new=2158, final=2354, dup                                                                                                                        
──────────────────────────────────────────────────────────────────────
📹 Video: RBTiTcHm_ac
──────────────────────────────────────────────────────────────────────
  📊 Scores: Max=0.9998 | Min=0.0001 | Range=[0.0001, 0.9998]
  🎯 Threshold: 0.6999 (70.0% of max)
  ✅ High-Score Frames: 11/296 (3.7%)
  📍 First 10 indices: [46, 69, 92, 115, 1403, 1426, 1886, 1909, 2047, 2070]
──────────────────────────────────────────────────────────────────────

Processing videos:  35%|▎| 934/2700 [1:59:39<18:00:04, 36.70s/it, video=RBTiTcHm_ac, orig=296, new=2158, final=2354, dupProcessing videos:  35%|▎| 934/2700 [1:59:46<18:00:04, 36.70s/it, video=RBTiTcHm_ac, orig=296, new=467, final=742, dup=2Processing videos:  35%|▎| 935/2700 [1:59:46<13:37:40, 27.80s/it, video=RBTiTcHm_ac, orig=296, new=467, final=742, dup=2                                                                                                                        
──────────────────────────────────────────────────────────────────────
📹 Video: RBTiTcHm_ac
──────────────────────────────────────────────────────────────────────
  📊 Scores: Max=0.9981 | Min=0.0000 | Range=[0.0000, 0.9981]
  🎯 Threshold: 0.6986 (70.0% of max)
  ✅ High-Score Frames: 29/296 (9.8%)
  📍 First 10 indices: [23, 207, 230, 1932, 1955, 1978, 2001, 2024, 2231, 2300]
──────────────────────────────────────────────────────────────────────

Processing videos:  35%|▎| 935/2700 [1:59:46<13:37:40, 27.80s/it, video=RBTiTcHm_ac, orig=296, new=467, final=742, dup=2Processing videos:  35%|▎| 935/2700 [2:00:03<13:37:40, 27.80s/it, video=RBTiTcHm_ac, orig=296, new=1151, final=1393, dupProcessing videos:  35%|▎| 936/2700 [2:00:03<12:04:10, 24.63s/it, video=RBTiTcHm_ac, orig=296, new=1151, final=1393, dup                                                                                                                        
──────────────────────────────────────────────────────────────────────
📹 Video: osRzbY_AdaM
──────────────────────────────────────────────────────────────────────
  📊 Scores: Max=0.9020 | Min=0.0019 | Range=[0.0019, 0.9020]
  🎯 Threshold: 0.6314 (70.0% of max)
  ✅ High-Score Frames: 6/315 (1.9%)
  📍 First 10 indices: [175, 325, 600, 625, 675, 700]
──────────────────────────────────────────────────────────────────────

Processing videos:  35%|▎| 936/2700 [2:00:03<12:04:10, 24.63s/it, video=RBTiTcHm_ac, orig=296, new=1151, final=1393, dupProcessing videos:  35%|▎| 936/2700 [2:00:06<12:04:10, 24.63s/it, video=osRzbY_AdaM, orig=315, new=190, final=491, dup=1Processing videos:  35%|▎| 937/2700 [2:00:06<8:53:44, 18.17s/it, video=osRzbY_AdaM, orig=315, new=190, final=491, dup=14                                                                                                                        
──────────────────────────────────────────────────────────────────────
📹 Video: osRzbY_AdaM
──────────────────────────────────────────────────────────────────────
  📊 Scores: Max=0.9944 | Min=0.0001 | Range=[0.0001, 0.9944]
  🎯 Threshold: 0.6961 (70.0% of max)
  ✅ High-Score Frames: 168/315 (53.3%)
  📍 First 10 indices: [225, 250, 275, 300, 450, 475, 500, 675, 725, 750]
──────────────────────────────────────────────────────────────────────

Processing videos:  35%|▎| 937/2700 [2:00:06<8:53:44, 18.17s/it, video=osRzbY_AdaM, orig=315, new=190, final=491, dup=14Processing videos:  35%|▎| 937/2700 [2:01:16<8:53:44, 18.17s/it, video=osRzbY_AdaM, orig=315, new=4647, final=4739, dup=Processing videos:  35%|▎| 938/2700 [2:01:16<16:32:06, 33.78s/it, video=osRzbY_AdaM, orig=315, new=4647, final=4739, dup                                                                                                                        
──────────────────────────────────────────────────────────────────────
📹 Video: osRzbY_AdaM
──────────────────────────────────────────────────────────────────────
  📊 Scores: Max=0.9985 | Min=0.0003 | Range=[0.0003, 0.9985]
  🎯 Threshold: 0.6990 (70.0% of max)
  ✅ High-Score Frames: 184/315 (58.4%)
  📍 First 10 indices: [0, 25, 50, 75, 100, 225, 250, 275, 300, 350]
──────────────────────────────────────────────────────────────────────

Processing videos:  35%|▎| 938/2700 [2:01:16<16:32:06, 33.78s/it, video=osRzbY_AdaM, orig=315, new=4647, final=4739, dupProcessing videos:  35%|▎| 938/2700 [2:02:32<16:32:06, 33.78s/it, video=osRzbY_AdaM, orig=315, new=5025, final=5099, dupProcessing videos:  35%|▎| 939/2700 [2:02:32<22:44:00, 46.47s/it, video=osRzbY_AdaM, orig=315, new=5025, final=5099, dup                                                                                                                        
──────────────────────────────────────────────────────────────────────
📹 Video: 1pHkv4KUiFY
──────────────────────────────────────────────────────────────────────
  📊 Scores: Max=0.9982 | Min=0.0216 | Range=[0.0216, 0.9982]
  🎯 Threshold: 0.6988 (70.0% of max)
  ✅ High-Score Frames: 224/266 (84.2%)
  📍 First 10 indices: [0, 30, 60, 240, 270, 330, 360, 420, 450, 480]
──────────────────────────────────────────────────────────────────────

Processing videos:  35%|▎| 939/2700 [2:02:32<22:44:00, 46.47s/it, video=osRzbY_AdaM, orig=315, new=5025, final=5099, dupProcessing videos:  35%|▎| 939/2700 [2:02:57<22:44:00, 46.47s/it, video=1pHkv4KUiFY, orig=266, new=2613, final=2615, dupProcessing videos:  35%|▎| 940/2700 [2:02:57<19:28:47, 39.84s/it, video=1pHkv4KUiFY, orig=266, new=2613, final=2615, dup                                                                                                                        
──────────────────────────────────────────────────────────────────────
📹 Video: 1pHkv4KUiFY
──────────────────────────────────────────────────────────────────────
  📊 Scores: Max=0.9881 | Min=0.0067 | Range=[0.0067, 0.9881]
  🎯 Threshold: 0.6917 (70.0% of max)
  ✅ High-Score Frames: 191/266 (71.8%)
  📍 First 10 indices: [240, 270, 480, 570, 600, 660, 690, 720, 750, 780]
──────────────────────────────────────────────────────────────────────

Processing videos:  35%|▎| 940/2700 [2:02:57<19:28:47, 39.84s/it, video=1pHkv4KUiFY, orig=266, new=2613, final=2615, dupProcessing videos:  35%|▎| 940/2700 [2:03:19<19:28:47, 39.84s/it, video=1pHkv4KUiFY, orig=266, new=2425, final=2444, dupProcessing videos:  35%|▎| 941/2700 [2:03:19<16:56:23, 34.67s/it, video=1pHkv4KUiFY, orig=266, new=2425, final=2444, dup                                                                                                                        
──────────────────────────────────────────────────────────────────────
📹 Video: 1pHkv4KUiFY
──────────────────────────────────────────────────────────────────────
  📊 Scores: Max=0.0822 | Min=0.0004 | Range=[0.0004, 0.0822]
  🎯 Threshold: 0.0576 (70.0% of max)
  ✅ High-Score Frames: 1/266 (0.4%)
  📍 First 10 indices: [6510]
──────────────────────────────────────────────────────────────────────

Processing videos:  35%|▎| 941/2700 [2:03:19<16:56:23, 34.67s/it, video=1pHkv4KUiFY, orig=266, new=2425, final=2444, dupProcessing videos:  35%|▎| 941/2700 [2:03:20<16:56:23, 34.67s/it, video=1pHkv4KUiFY, orig=266, new=41, final=302, dup=5]Processing videos:  35%|▎| 942/2700 [2:03:20<11:54:58, 24.40s/it, video=1pHkv4KUiFY, orig=266, new=41, final=302, dup=5]                                                                                                                        
──────────────────────────────────────────────────────────────────────
📹 Video: B2zhLYz4pYo
──────────────────────────────────────────────────────────────────────
  📊 Scores: Max=0.9675 | Min=0.0000 | Range=[0.0000, 0.9675]
  🎯 Threshold: 0.6772 (70.0% of max)
  ✅ High-Score Frames: 18/344 (5.2%)
  📍 First 10 indices: [46, 69, 92, 115, 138, 184, 207, 230, 253, 345]
──────────────────────────────────────────────────────────────────────

Processing videos:  35%|▎| 942/2700 [2:03:20<11:54:58, 24.40s/it, video=1pHkv4KUiFY, orig=266, new=41, final=302, dup=5]Processing videos:  35%|▎| 942/2700 [2:03:29<11:54:58, 24.40s/it, video=B2zhLYz4pYo, orig=344, new=597, final=914, dup=2Processing videos:  35%|▎| 943/2700 [2:03:29<9:39:45, 19.80s/it, video=B2zhLYz4pYo, orig=344, new=597, final=914, dup=27                                                                                                                        
──────────────────────────────────────────────────────────────────────
📹 Video: B2zhLYz4pYo
──────────────────────────────────────────────────────────────────────
  📊 Scores: Max=0.9152 | Min=0.0031 | Range=[0.0031, 0.9152]
  🎯 Threshold: 0.6407 (70.0% of max)
  ✅ High-Score Frames: 11/344 (3.2%)
  📍 First 10 indices: [2438, 7613, 7636, 7659, 7682, 7705, 7728, 7774, 7797, 7820]
──────────────────────────────────────────────────────────────────────

Processing videos:  35%|▎| 943/2700 [2:03:29<9:39:45, 19.80s/it, video=B2zhLYz4pYo, orig=344, new=597, final=914, dup=27Processing videos:  35%|▎| 943/2700 [2:03:34<9:39:45, 19.80s/it, video=B2zhLYz4pYo, orig=344, new=353, final=680, dup=17Processing videos:  35%|▎| 944/2700 [2:03:34<7:32:32, 15.46s/it, video=B2zhLYz4pYo, orig=344, new=353, final=680, dup=17                                                                                                                        
──────────────────────────────────────────────────────────────────────
📹 Video: B2zhLYz4pYo
──────────────────────────────────────────────────────────────────────
  📊 Scores: Max=0.9130 | Min=0.0015 | Range=[0.0015, 0.9130]
  🎯 Threshold: 0.6391 (70.0% of max)
  ✅ High-Score Frames: 12/344 (3.5%)
  📍 First 10 indices: [7613, 7636, 7659, 7682, 7705, 7728, 7751, 7774, 7797, 7820]
──────────────────────────────────────────────────────────────────────

Processing videos:  35%|▎| 944/2700 [2:03:34<7:32:32, 15.46s/it, video=B2zhLYz4pYo, orig=344, new=353, final=680, dup=17Processing videos:  35%|▎| 944/2700 [2:03:39<7:32:32, 15.46s/it, video=B2zhLYz4pYo, orig=344, new=340, final=670, dup=14Processing videos:  35%|▎| 945/2700 [2:03:39<6:00:47, 12.33s/it, video=B2zhLYz4pYo, orig=344, new=340, final=670, dup=14                                                                                                                        
──────────────────────────────────────────────────────────────────────
📹 Video: IaTaaNinolU
──────────────────────────────────────────────────────────────────────
  📊 Scores: Max=0.9995 | Min=0.0194 | Range=[0.0194, 0.9995]
  🎯 Threshold: 0.6997 (70.0% of max)
  ✅ High-Score Frames: 220/493 (44.6%)
  📍 First 10 indices: [29, 58, 87, 116, 145, 174, 203, 232, 261, 290]
──────────────────────────────────────────────────────────────────────

Processing videos:  35%|▎| 945/2700 [2:03:39<6:00:47, 12.33s/it, video=B2zhLYz4pYo, orig=344, new=340, final=670, dup=14Processing videos:  35%|▎| 945/2700 [2:05:21<6:00:47, 12.33s/it, video=IaTaaNinolU, orig=493, new=6696, final=6934, dup=Processing videos:  35%|▎| 946/2700 [2:05:21<19:06:38, 39.22s/it, video=IaTaaNinolU, orig=493, new=6696, final=6934, dup                                                                                                                        
──────────────────────────────────────────────────────────────────────
📹 Video: IaTaaNinolU
──────────────────────────────────────────────────────────────────────
  📊 Scores: Max=0.4718 | Min=0.0018 | Range=[0.0018, 0.4718]
  🎯 Threshold: 0.3303 (70.0% of max)
  ✅ High-Score Frames: 9/493 (1.8%)
  📍 First 10 indices: [5887, 5916, 5945, 5974, 6003, 6032, 6061, 6090, 6119]
──────────────────────────────────────────────────────────────────────

Processing videos:  35%|▎| 946/2700 [2:05:21<19:06:38, 39.22s/it, video=IaTaaNinolU, orig=493, new=6696, final=6934, dupProcessing videos:  35%|▎| 946/2700 [2:05:26<19:06:38, 39.22s/it, video=IaTaaNinolU, orig=493, new=294, final=775, dup=1Processing videos:  35%|▎| 947/2700 [2:05:26<14:02:22, 28.83s/it, video=IaTaaNinolU, orig=493, new=294, final=775, dup=1                                                                                                                        
──────────────────────────────────────────────────────────────────────
📹 Video: IaTaaNinolU
──────────────────────────────────────────────────────────────────────
  📊 Scores: Max=0.9995 | Min=0.0344 | Range=[0.0344, 0.9995]
  🎯 Threshold: 0.6996 (70.0% of max)
  ✅ High-Score Frames: 192/493 (38.9%)
  📍 First 10 indices: [29, 58, 87, 116, 145, 174, 203, 232, 261, 290]
──────────────────────────────────────────────────────────────────────

Processing videos:  35%|▎| 947/2700 [2:05:26<14:02:22, 28.83s/it, video=IaTaaNinolU, orig=493, new=294, final=775, dup=1Processing videos:  35%|▎| 947/2700 [2:06:53<14:02:22, 28.83s/it, video=IaTaaNinolU, orig=493, new=5842, final=6111, dupProcessing videos:  35%|▎| 948/2700 [2:06:53<22:35:27, 46.42s/it, video=IaTaaNinolU, orig=493, new=5842, final=6111, dup                                                                                                                        
──────────────────────────────────────────────────────────────────────
📹 Video: Bkheu99K5lY
──────────────────────────────────────────────────────────────────────
  📊 Scores: Max=0.9991 | Min=0.0001 | Range=[0.0001, 0.9991]
  🎯 Threshold: 0.6994 (70.0% of max)
  ✅ High-Score Frames: 273/460 (59.3%)
  📍 First 10 indices: [551, 580, 609, 638, 667, 696, 725, 754, 841, 870]
──────────────────────────────────────────────────────────────────────

Processing videos:  35%|▎| 948/2700 [2:06:53<22:35:27, 46.42s/it, video=IaTaaNinolU, orig=493, new=5842, final=6111, dup[h264 @ 0x739e3222fe00] mmco: unref short failure
[h264 @ 0x739e3222fe00] mmco: unref short failure
Processing videos:  35%|▎| 948/2700 [2:08:57<22:35:27, 46.42s/it, video=Bkheu99K5lY, orig=460, new=8195, final=8354, dupProcessing videos:  35%|▎| 949/2700 [2:08:57<33:54:04, 69.70s/it, video=Bkheu99K5lY, orig=460, new=8195, final=8354, dup                                                                                                                        
──────────────────────────────────────────────────────────────────────
📹 Video: Bkheu99K5lY
──────────────────────────────────────────────────────────────────────
  📊 Scores: Max=0.8798 | Min=0.0006 | Range=[0.0006, 0.8798]
  🎯 Threshold: 0.6159 (70.0% of max)
  ✅ High-Score Frames: 13/460 (2.8%)
  📍 First 10 indices: [10295, 12702, 12731, 12760, 12789, 12876, 12905, 13079, 13108, 13137]
──────────────────────────────────────────────────────────────────────

Processing videos:  35%|▎| 949/2700 [2:08:57<33:54:04, 69.70s/it, video=Bkheu99K5lY, orig=460, new=8195, final=8354, dupProcessing videos:  35%|▎| 949/2700 [2:09:04<33:54:04, 69.70s/it, video=Bkheu99K5lY, orig=460, new=467, final=904, dup=2                                                                                                                        
======================================================================
Processing videos:  35%|▎| 949/2700 [2:09:05<33:54:04, 69.70s/it, video=Bkheu99K5lY, orig=460, new=467, final=904, dup=2                                                                                                                        💾 CHECKPOINT SAVED [950/2700]
Processing videos:  35%|▎| 949/2700 [2:09:05<33:54:04, 69.70s/it, video=Bkheu99K5lY, orig=460, new=467, final=904, dup=2                                                                                                                        ======================================================================
Processing videos:  35%|▎| 949/2700 [2:09:05<33:54:04, 69.70s/it, video=Bkheu99K5lY, orig=460, new=467, final=904, dup=2                                                                                                                          GPU Memory: 0.00GB allocated, 0.00GB reserved
Processing videos:  35%|▎| 949/2700 [2:09:05<33:54:04, 69.70s/it, video=Bkheu99K5lY, orig=460, new=467, final=904, dup=2                                                                                                                          Videos processed: 950
Processing videos:  35%|▎| 949/2700 [2:09:05<33:54:04, 69.70s/it, video=Bkheu99K5lY, orig=460, new=467, final=904, dup=2                                                                                                                          With dense sampling: 950
Processing videos:  35%|▎| 949/2700 [2:09:05<33:54:04, 69.70s/it, video=Bkheu99K5lY, orig=460, new=467, final=904, dup=2                                                                                                                          Total frames: 683,230
Processing videos:  35%|▎| 949/2700 [2:09:05<33:54:04, 69.70s/it, video=Bkheu99K5lY, orig=460, new=467, final=904, dup=2                                                                                                                          Elapsed time: 129.09 min
Processing videos:  35%|▎| 949/2700 [2:09:05<33:54:04, 69.70s/it, video=Bkheu99K5lY, orig=460, new=467, final=904, dup=2                                                                                                                          Speed: 0.11 videos/sec
Processing videos:  35%|▎| 949/2700 [2:09:05<33:54:04, 69.70s/it, video=Bkheu99K5lY, orig=460, new=467, final=904, dup=2                                                                                                                          ✅ Safe to restart if needed
Processing videos:  35%|▎| 949/2700 [2:09:05<33:54:04, 69.70s/it, video=Bkheu99K5lY, orig=460, new=467, final=904, dup=2                                                                                                                        ======================================================================

Processing videos:  35%|▎| 949/2700 [2:09:05<33:54:04, 69.70s/it, video=Bkheu99K5lY, orig=460, new=467, final=904, dup=2Processing videos:  35%|▎| 950/2700 [2:09:05<24:49:42, 51.08s/it, video=Bkheu99K5lY, orig=460, new=467, final=904, dup=2                                                                                                                        
──────────────────────────────────────────────────────────────────────
📹 Video: Bkheu99K5lY
──────────────────────────────────────────────────────────────────────
  📊 Scores: Max=0.9825 | Min=0.0001 | Range=[0.0001, 0.9825]
  🎯 Threshold: 0.6878 (70.0% of max)
  ✅ High-Score Frames: 293/460 (63.7%)
  📍 First 10 indices: [551, 580, 609, 638, 667, 696, 725, 754, 783, 812]
──────────────────────────────────────────────────────────────────────

Processing videos:  35%|▎| 950/2700 [2:09:05<24:49:42, 51.08s/it, video=Bkheu99K5lY, orig=460, new=467, final=904, dup=2Processing videos:  35%|▎| 950/2700 [2:11:17<24:49:42, 51.08s/it, video=Bkheu99K5lY, orig=460, new=8725, final=8864, dupProcessing videos:  35%|▎| 951/2700 [2:11:17<36:36:47, 75.36s/it, video=Bkheu99K5lY, orig=460, new=8725, final=8864, dup                                                                                                                        
──────────────────────────────────────────────────────────────────────
📹 Video: QdlP8ai8trw
──────────────────────────────────────────────────────────────────────
  📊 Scores: Max=0.9891 | Min=0.0122 | Range=[0.0122, 0.9891]
  🎯 Threshold: 0.6924 (70.0% of max)
  ✅ High-Score Frames: 291/449 (64.8%)
  📍 First 10 indices: [450, 480, 510, 540, 570, 600, 630, 660, 690, 720]
──────────────────────────────────────────────────────────────────────

Processing videos:  35%|▎| 951/2700 [2:11:17<36:36:47, 75.36s/it, video=Bkheu99K5lY, orig=460, new=8725, final=8864, dupProcessing videos:  35%|▎| 951/2700 [2:12:08<36:36:47, 75.36s/it, video=QdlP8ai8trw, orig=449, new=3353, final=3455, dupProcessing videos:  35%|▎| 952/2700 [2:12:08<33:06:51, 68.20s/it, video=QdlP8ai8trw, orig=449, new=3353, final=3455, dup                                                                                                                        
──────────────────────────────────────────────────────────────────────
📹 Video: QdlP8ai8trw
──────────────────────────────────────────────────────────────────────
  📊 Scores: Max=0.2676 | Min=0.0028 | Range=[0.0028, 0.2676]
  🎯 Threshold: 0.1873 (70.0% of max)
  ✅ High-Score Frames: 23/449 (5.1%)
  📍 First 10 indices: [0, 30, 60, 90, 3420, 3450, 3480, 3510, 3540, 3570]
──────────────────────────────────────────────────────────────────────

Processing videos:  35%|▎| 952/2700 [2:12:08<33:06:51, 68.20s/it, video=QdlP8ai8trw, orig=449, new=3353, final=3455, dupProcessing videos:  35%|▎| 952/2700 [2:12:13<33:06:51, 68.20s/it, video=QdlP8ai8trw, orig=449, new=303, final=719, dup=3Processing videos:  35%|▎| 953/2700 [2:12:13<23:53:19, 49.23s/it, video=QdlP8ai8trw, orig=449, new=303, final=719, dup=3                                                                                                                        
──────────────────────────────────────────────────────────────────────
📹 Video: QdlP8ai8trw
──────────────────────────────────────────────────────────────────────
  📊 Scores: Max=0.9985 | Min=0.0041 | Range=[0.0041, 0.9985]
  🎯 Threshold: 0.6989 (70.0% of max)
  ✅ High-Score Frames: 330/449 (73.5%)
  📍 First 10 indices: [270, 300, 330, 360, 390, 420, 450, 480, 510, 540]
──────────────────────────────────────────────────────────────────────

Processing videos:  35%|▎| 953/2700 [2:12:13<23:53:19, 49.23s/it, video=QdlP8ai8trw, orig=449, new=303, final=719, dup=3Processing videos:  35%|▎| 953/2700 [2:13:09<23:53:19, 49.23s/it, video=QdlP8ai8trw, orig=449, new=3610, final=3689, dupProcessing videos:  35%|▎| 954/2700 [2:13:09<24:44:52, 51.03s/it, video=QdlP8ai8trw, orig=449, new=3610, final=3689, dup                                                                                                                        
──────────────────────────────────────────────────────────────────────
📹 Video: MrRvX5I8PyY
──────────────────────────────────────────────────────────────────────
  📊 Scores: Max=0.2800 | Min=0.0000 | Range=[0.0000, 0.2800]
  🎯 Threshold: 0.1960 (70.0% of max)
  ✅ High-Score Frames: 1/309 (0.3%)
  📍 First 10 indices: [0]
──────────────────────────────────────────────────────────────────────

Processing videos:  35%|▎| 954/2700 [2:13:09<24:44:52, 51.03s/it, video=QdlP8ai8trw, orig=449, new=3610, final=3689, dupProcessing videos:  35%|▎| 954/2700 [2:13:09<24:44:52, 51.03s/it, video=MrRvX5I8PyY, orig=309, new=17, final=325, dup=1]Processing videos:  35%|▎| 955/2700 [2:13:09<17:22:06, 35.83s/it, video=MrRvX5I8PyY, orig=309, new=17, final=325, dup=1]                                                                                                                        
──────────────────────────────────────────────────────────────────────
📹 Video: MrRvX5I8PyY
──────────────────────────────────────────────────────────────────────
  📊 Scores: Max=0.3034 | Min=0.0012 | Range=[0.0012, 0.3034]
  🎯 Threshold: 0.2124 (70.0% of max)
  ✅ High-Score Frames: 5/309 (1.6%)
  📍 First 10 indices: [1175, 1200, 1225, 1250, 4275]
──────────────────────────────────────────────────────────────────────

Processing videos:  35%|▎| 955/2700 [2:13:09<17:22:06, 35.83s/it, video=MrRvX5I8PyY, orig=309, new=17, final=325, dup=1]Processing videos:  35%|▎| 955/2700 [2:13:12<17:22:06, 35.83s/it, video=MrRvX5I8PyY, orig=309, new=162, final=461, dup=1Processing videos:  35%|▎| 956/2700 [2:13:12<12:31:39, 25.86s/it, video=MrRvX5I8PyY, orig=309, new=162, final=461, dup=1                                                                                                                        
──────────────────────────────────────────────────────────────────────
📹 Video: MrRvX5I8PyY
──────────────────────────────────────────────────────────────────────
  📊 Scores: Max=0.9996 | Min=0.0011 | Range=[0.0011, 0.9996]
  🎯 Threshold: 0.6997 (70.0% of max)
  ✅ High-Score Frames: 128/309 (41.4%)
  📍 First 10 indices: [25, 50, 75, 100, 125, 150, 175, 200, 225, 250]
──────────────────────────────────────────────────────────────────────

Processing videos:  35%|▎| 956/2700 [2:13:12<12:31:39, 25.86s/it, video=MrRvX5I8PyY, orig=309, new=162, final=461, dup=1Processing videos:  35%|▎| 956/2700 [2:14:04<12:31:39, 25.86s/it, video=MrRvX5I8PyY, orig=309, new=3483, final=3629, dupProcessing videos:  35%|▎| 957/2700 [2:14:04<16:20:21, 33.75s/it, video=MrRvX5I8PyY, orig=309, new=3483, final=3629, dup                                                                                                                        
──────────────────────────────────────────────────────────────────────
📹 Video: z2APU5ob9Og
──────────────────────────────────────────────────────────────────────
  📊 Scores: Max=0.9970 | Min=0.0012 | Range=[0.0012, 0.9970]
  🎯 Threshold: 0.6979 (70.0% of max)
  ✅ High-Score Frames: 311/571 (54.5%)
  📍 First 10 indices: [46, 138, 161, 184, 207, 230, 253, 276, 368, 391]
──────────────────────────────────────────────────────────────────────

Processing videos:  35%|▎| 957/2700 [2:14:04<16:20:21, 33.75s/it, video=MrRvX5I8PyY, orig=309, new=3483, final=3629, dupProcessing videos:  35%|▎| 957/2700 [2:15:53<16:20:21, 33.75s/it, video=z2APU5ob9Og, orig=571, new=9077, final=9245, dupProcessing videos:  35%|▎| 958/2700 [2:15:53<27:18:43, 56.44s/it, video=z2APU5ob9Og, orig=571, new=9077, final=9245, dup                                                                                                                        
──────────────────────────────────────────────────────────────────────
📹 Video: z2APU5ob9Og
──────────────────────────────────────────────────────────────────────
  📊 Scores: Max=0.9998 | Min=0.0006 | Range=[0.0006, 0.9998]
  🎯 Threshold: 0.6998 (70.0% of max)
  ✅ High-Score Frames: 235/571 (41.2%)
  📍 First 10 indices: [138, 161, 184, 276, 368, 391, 414, 437, 460, 759]
──────────────────────────────────────────────────────────────────────

Processing videos:  35%|▎| 958/2700 [2:15:53<27:18:43, 56.44s/it, video=z2APU5ob9Og, orig=571, new=9077, final=9245, dupProcessing videos:  35%|▎| 958/2700 [2:17:23<27:18:43, 56.44s/it, video=z2APU5ob9Og, orig=571, new=7490, final=7725, dupProcessing videos:  36%|▎| 959/2700 [2:17:23<32:10:52, 66.54s/it, video=z2APU5ob9Og, orig=571, new=7490, final=7725, dup                                                                                                                        
──────────────────────────────────────────────────────────────────────
📹 Video: z2APU5ob9Og
──────────────────────────────────────────────────────────────────────
  📊 Scores: Max=0.9998 | Min=0.0021 | Range=[0.0021, 0.9998]
  🎯 Threshold: 0.6999 (70.0% of max)
  ✅ High-Score Frames: 3/571 (0.5%)
  📍 First 10 indices: [6072, 6095, 6118]
──────────────────────────────────────────────────────────────────────

Processing videos:  36%|▎| 959/2700 [2:17:23<32:10:52, 66.54s/it, video=z2APU5ob9Og, orig=571, new=7490, final=7725, dupProcessing videos:  36%|▎| 959/2700 [2:17:25<32:10:52, 66.54s/it, video=z2APU5ob9Og, orig=571, new=119, final=685, dup=5Processing videos:  36%|▎| 960/2700 [2:17:25<22:43:50, 47.03s/it, video=z2APU5ob9Og, orig=571, new=119, final=685, dup=5                                                                                                                        
──────────────────────────────────────────────────────────────────────
📹 Video: 7Hk9jct2ozY
──────────────────────────────────────────────────────────────────────
  📊 Scores: Max=0.9999 | Min=0.0970 | Range=[0.0970, 0.9999]
  🎯 Threshold: 0.6999 (70.0% of max)
  ✅ High-Score Frames: 385/439 (87.7%)
  📍 First 10 indices: [0, 25, 50, 75, 100, 125, 150, 175, 200, 225]
──────────────────────────────────────────────────────────────────────

Processing videos:  36%|▎| 960/2700 [2:17:25<22:43:50, 47.03s/it, video=z2APU5ob9Og, orig=571, new=119, final=685, dup=5Processing videos:  36%|▎| 960/2700 [2:19:52<22:43:50, 47.03s/it, video=7Hk9jct2ozY, orig=439, new=9794, final=9823, dupProcessing videos:  36%|▎| 961/2700 [2:19:52<37:14:01, 77.08s/it, video=7Hk9jct2ozY, orig=439, new=9794, final=9823, dup                                                                                                                        
──────────────────────────────────────────────────────────────────────
📹 Video: 7Hk9jct2ozY
──────────────────────────────────────────────────────────────────────
  📊 Scores: Max=0.9995 | Min=0.0460 | Range=[0.0460, 0.9995]
  🎯 Threshold: 0.6997 (70.0% of max)
  ✅ High-Score Frames: 311/439 (70.8%)
  📍 First 10 indices: [0, 25, 50, 100, 125, 150, 175, 200, 225, 250]
──────────────────────────────────────────────────────────────────────

Processing videos:  36%|▎| 961/2700 [2:19:52<37:14:01, 77.08s/it, video=7Hk9jct2ozY, orig=439, new=9794, final=9823, dupProcessing videos:  36%|▎| 961/2700 [2:21:54<37:14:01, 77.08s/it, video=7Hk9jct2ozY, orig=439, new=8090, final=8175, dupProcessing videos:  36%|▎| 962/2700 [2:21:54<43:40:31, 90.47s/it, video=7Hk9jct2ozY, orig=439, new=8090, final=8175, dup                                                                                                                        
──────────────────────────────────────────────────────────────────────
📹 Video: 7Hk9jct2ozY
──────────────────────────────────────────────────────────────────────
  📊 Scores: Max=0.6479 | Min=0.1118 | Range=[0.1118, 0.6479]
  🎯 Threshold: 0.4535 (70.0% of max)
  ✅ High-Score Frames: 125/439 (28.5%)
  📍 First 10 indices: [725, 1350, 1400, 1425, 1450, 1475, 1500, 1525, 1550, 1575]
──────────────────────────────────────────────────────────────────────

Processing videos:  36%|▎| 962/2700 [2:21:54<43:40:31, 90.47s/it, video=7Hk9jct2ozY, orig=439, new=8090, final=8175, dupProcessing videos:  36%|▎| 962/2700 [2:22:46<43:40:31, 90.47s/it, video=7Hk9jct2ozY, orig=439, new=3512, final=3767, dupProcessing videos:  36%|▎| 963/2700 [2:22:46<38:09:22, 79.08s/it, video=7Hk9jct2ozY, orig=439, new=3512, final=3767, dup                                                                                                                        
──────────────────────────────────────────────────────────────────────
📹 Video: UZTf3OXJDWA
──────────────────────────────────────────────────────────────────────
  📊 Scores: Max=0.5872 | Min=0.0172 | Range=[0.0172, 0.5872]
  🎯 Threshold: 0.4110 (70.0% of max)
  ✅ High-Score Frames: 29/844 (3.4%)
  📍 First 10 indices: [1050, 3600, 3630, 3660, 3690, 3720, 3750, 3780, 3810, 3840]
──────────────────────────────────────────────────────────────────────

Processing videos:  36%|▎| 963/2700 [2:22:46<38:09:22, 79.08s/it, video=7Hk9jct2ozY, orig=439, new=3512, final=3767, dupProcessing videos:  36%|▎| 963/2700 [2:22:52<38:09:22, 79.08s/it, video=UZTf3OXJDWA, orig=844, new=567, final=1348, dup=Processing videos:  36%|▎| 964/2700 [2:22:52<27:29:57, 57.03s/it, video=UZTf3OXJDWA, orig=844, new=567, final=1348, dup=                                                                                                                        
──────────────────────────────────────────────────────────────────────
📹 Video: UZTf3OXJDWA
──────────────────────────────────────────────────────────────────────
  📊 Scores: Max=0.9991 | Min=0.0017 | Range=[0.0017, 0.9991]
  🎯 Threshold: 0.6993 (70.0% of max)
  ✅ High-Score Frames: 329/844 (39.0%)
  📍 First 10 indices: [450, 480, 810, 990, 1020, 1050, 1860, 4110, 4140, 4170]
──────────────────────────────────────────────────────────────────────

Processing videos:  36%|▎| 964/2700 [2:22:52<27:29:57, 57.03s/it, video=UZTf3OXJDWA, orig=844, new=567, final=1348, dup=Processing videos:  36%|▎| 964/2700 [2:23:34<27:29:57, 57.03s/it, video=UZTf3OXJDWA, orig=844, new=4517, final=4885, dupProcessing videos:  36%|▎| 965/2700 [2:23:34<25:25:41, 52.76s/it, video=UZTf3OXJDWA, orig=844, new=4517, final=4885, dup                                                                                                                        
──────────────────────────────────────────────────────────────────────
📹 Video: UZTf3OXJDWA
──────────────────────────────────────────────────────────────────────
  📊 Scores: Max=0.9998 | Min=0.0073 | Range=[0.0073, 0.9998]
  🎯 Threshold: 0.6998 (70.0% of max)
  ✅ High-Score Frames: 393/844 (46.6%)
  📍 First 10 indices: [150, 360, 390, 450, 480, 1350, 1380, 1410, 1440, 1680]
──────────────────────────────────────────────────────────────────────

Processing videos:  36%|▎| 965/2700 [2:23:35<25:25:41, 52.76s/it, video=UZTf3OXJDWA, orig=844, new=4517, final=4885, dupProcessing videos:  36%|▎| 965/2700 [2:24:24<25:25:41, 52.76s/it, video=UZTf3OXJDWA, orig=844, new=5268, final=5560, dupProcessing videos:  36%|▎| 966/2700 [2:24:24<24:54:24, 51.71s/it, video=UZTf3OXJDWA, orig=844, new=5268, final=5560, dup                                                                                                                        
──────────────────────────────────────────────────────────────────────
📹 Video: URUJD5NEXC8
──────────────────────────────────────────────────────────────────────
  📊 Scores: Max=0.9997 | Min=0.0018 | Range=[0.0018, 0.9997]
  🎯 Threshold: 0.6998 (70.0% of max)
  ✅ High-Score Frames: 350/441 (79.4%)
  📍 First 10 indices: [60, 90, 120, 150, 180, 210, 240, 390, 420, 450]
──────────────────────────────────────────────────────────────────────

Processing videos:  36%|▎| 966/2700 [2:24:24<24:54:24, 51.71s/it, video=UZTf3OXJDWA, orig=844, new=5268, final=5560, dupProcessing videos:  36%|▎| 966/2700 [2:25:26<24:54:24, 51.71s/it, video=URUJD5NEXC8, orig=441, new=4008, final=4041, dupProcessing videos:  36%|▎| 967/2700 [2:25:26<26:21:55, 54.77s/it, video=URUJD5NEXC8, orig=441, new=4008, final=4041, dup                                                                                                                        
──────────────────────────────────────────────────────────────────────
📹 Video: URUJD5NEXC8
──────────────────────────────────────────────────────────────────────
  📊 Scores: Max=0.8913 | Min=0.0163 | Range=[0.0163, 0.8913]
  🎯 Threshold: 0.6239 (70.0% of max)
  ✅ High-Score Frames: 57/441 (12.9%)
  📍 First 10 indices: [390, 420, 450, 2490, 2520, 2550, 2580, 3270, 3300, 3960]
──────────────────────────────────────────────────────────────────────

Processing videos:  36%|▎| 967/2700 [2:25:26<26:21:55, 54.77s/it, video=URUJD5NEXC8, orig=441, new=4008, final=4041, dupProcessing videos:  36%|▎| 967/2700 [2:25:42<26:21:55, 54.77s/it, video=URUJD5NEXC8, orig=441, new=1022, final=1350, dupProcessing videos:  36%|▎| 968/2700 [2:25:42<20:51:11, 43.34s/it, video=URUJD5NEXC8, orig=441, new=1022, final=1350, dup                                                                                                                        
──────────────────────────────────────────────────────────────────────
📹 Video: URUJD5NEXC8
──────────────────────────────────────────────────────────────────────
  📊 Scores: Max=0.9990 | Min=0.0042 | Range=[0.0042, 0.9990]
  🎯 Threshold: 0.6993 (70.0% of max)
  ✅ High-Score Frames: 315/441 (71.4%)
  📍 First 10 indices: [60, 90, 120, 150, 180, 210, 240, 390, 420, 450]
──────────────────────────────────────────────────────────────────────

Processing videos:  36%|▎| 968/2700 [2:25:42<20:51:11, 43.34s/it, video=URUJD5NEXC8, orig=441, new=1022, final=1350, dupProcessing videos:  36%|▎| 968/2700 [2:26:42<20:51:11, 43.34s/it, video=URUJD5NEXC8, orig=441, new=3853, final=3897, dupProcessing videos:  36%|▎| 969/2700 [2:26:42<23:15:49, 48.38s/it, video=URUJD5NEXC8, orig=441, new=3853, final=3897, dup                                                                                                                        
──────────────────────────────────────────────────────────────────────
📹 Video: eWUAB194qhU
──────────────────────────────────────────────────────────────────────
  📊 Scores: Max=0.7769 | Min=0.0034 | Range=[0.0034, 0.7769]
  🎯 Threshold: 0.5438 (70.0% of max)
  ✅ High-Score Frames: 5/293 (1.7%)
  📍 First 10 indices: [3552, 3576, 3600, 3624, 3648]
──────────────────────────────────────────────────────────────────────

Processing videos:  36%|▎| 969/2700 [2:26:43<23:15:49, 48.38s/it, video=URUJD5NEXC8, orig=441, new=3853, final=3897, dupProcessing videos:  36%|▎| 969/2700 [2:26:44<23:15:49, 48.38s/it, video=eWUAB194qhU, orig=293, new=65, final=349, dup=9]Processing videos:  36%|▎| 970/2700 [2:26:44<16:26:26, 34.21s/it, video=eWUAB194qhU, orig=293, new=65, final=349, dup=9]                                                                                                                        
──────────────────────────────────────────────────────────────────────
📹 Video: eWUAB194qhU
──────────────────────────────────────────────────────────────────────
  📊 Scores: Max=0.9996 | Min=0.0033 | Range=[0.0033, 0.9996]
  🎯 Threshold: 0.6997 (70.0% of max)
  ✅ High-Score Frames: 154/293 (52.6%)
  📍 First 10 indices: [72, 192, 216, 240, 408, 432, 456, 480, 504, 528]
──────────────────────────────────────────────────────────────────────

Processing videos:  36%|▎| 970/2700 [2:26:44<16:26:26, 34.21s/it, video=eWUAB194qhU, orig=293, new=65, final=349, dup=9]Processing videos:  36%|▎| 970/2700 [2:27:09<16:26:26, 34.21s/it, video=eWUAB194qhU, orig=293, new=1644, final=1721, dupProcessing videos:  36%|▎| 971/2700 [2:27:09<15:06:45, 31.47s/it, video=eWUAB194qhU, orig=293, new=1644, final=1721, dup                                                                                                                        
──────────────────────────────────────────────────────────────────────
📹 Video: eWUAB194qhU
──────────────────────────────────────────────────────────────────────
  📊 Scores: Max=0.9983 | Min=0.0001 | Range=[0.0001, 0.9983]
  🎯 Threshold: 0.6988 (70.0% of max)
  ✅ High-Score Frames: 77/293 (26.3%)
  📍 First 10 indices: [408, 432, 456, 480, 504, 528, 552, 576, 600, 624]
──────────────────────────────────────────────────────────────────────

Processing videos:  36%|▎| 971/2700 [2:27:09<15:06:45, 31.47s/it, video=eWUAB194qhU, orig=293, new=1644, final=1721, dupProcessing videos:  36%|▎| 971/2700 [2:27:24<15:06:45, 31.47s/it, video=eWUAB194qhU, orig=293, new=930, final=1098, dup=Processing videos:  36%|▎| 972/2700 [2:27:24<12:43:46, 26.52s/it, video=eWUAB194qhU, orig=293, new=930, final=1098, dup=                                                                                                                        
──────────────────────────────────────────────────────────────────────
📹 Video: CxBbw8eT624
──────────────────────────────────────────────────────────────────────
  📊 Scores: Max=1.0000 | Min=0.0006 | Range=[0.0006, 1.0000]
  🎯 Threshold: 0.7000 (70.0% of max)
  ✅ High-Score Frames: 409/908 (45.0%)
  📍 First 10 indices: [116, 551, 580, 609, 638, 667, 754, 783, 812, 841]
──────────────────────────────────────────────────────────────────────

Processing videos:  36%|▎| 972/2700 [2:27:24<12:43:46, 26.52s/it, video=eWUAB194qhU, orig=293, new=930, final=1098, dup=Processing videos:  36%|▎| 972/2700 [2:29:28<12:43:46, 26.52s/it, video=CxBbw8eT624, orig=908, new=13342, final=13690, dProcessing videos:  36%|▎| 973/2700 [2:29:28<26:49:30, 55.92s/it, video=CxBbw8eT624, orig=908, new=13342, final=13690, d                                                                                                                        
──────────────────────────────────────────────────────────────────────
📹 Video: CxBbw8eT624
──────────────────────────────────────────────────────────────────────
  📊 Scores: Max=0.9999 | Min=0.0001 | Range=[0.0001, 0.9999]
  🎯 Threshold: 0.6999 (70.0% of max)
  ✅ High-Score Frames: 324/908 (35.7%)
  📍 First 10 indices: [116, 406, 551, 580, 609, 638, 754, 783, 812, 841]
──────────────────────────────────────────────────────────────────────

Processing videos:  36%|▎| 973/2700 [2:29:28<26:49:30, 55.92s/it, video=CxBbw8eT624, orig=908, new=13342, final=13690, dProcessing videos:  36%|▎| 973/2700 [2:31:07<26:49:30, 55.92s/it, video=CxBbw8eT624, orig=908, new=10648, final=11100, dProcessing videos:  36%|▎| 974/2700 [2:31:07<32:54:54, 68.65s/it, video=CxBbw8eT624, orig=908, new=10648, final=11100, d                                                                                                                        
──────────────────────────────────────────────────────────────────────
📹 Video: CxBbw8eT624
──────────────────────────────────────────────────────────────────────
  📊 Scores: Max=0.9999 | Min=0.0014 | Range=[0.0014, 0.9999]
  🎯 Threshold: 0.6999 (70.0% of max)
  ✅ High-Score Frames: 324/908 (35.7%)
  📍 First 10 indices: [551, 580, 609, 638, 667, 812, 841, 870, 1566, 1595]
──────────────────────────────────────────────────────────────────────

Processing videos:  36%|▎| 974/2700 [2:31:07<32:54:54, 68.65s/it, video=CxBbw8eT624, orig=908, new=10648, final=11100, dProcessing videos:  36%|▎| 974/2700 [2:32:44<32:54:54, 68.65s/it, video=CxBbw8eT624, orig=908, new=10474, final=10950, d                                                                                                                        
======================================================================
Processing videos:  36%|▎| 974/2700 [2:32:45<32:54:54, 68.65s/it, video=CxBbw8eT624, orig=908, new=10474, final=10950, d                                                                                                                        💾 CHECKPOINT SAVED [975/2700]
Processing videos:  36%|▎| 974/2700 [2:32:45<32:54:54, 68.65s/it, video=CxBbw8eT624, orig=908, new=10474, final=10950, d                                                                                                                        ======================================================================
Processing videos:  36%|▎| 974/2700 [2:32:45<32:54:54, 68.65s/it, video=CxBbw8eT624, orig=908, new=10474, final=10950, d                                                                                                                          GPU Memory: 0.00GB allocated, 0.00GB reserved
Processing videos:  36%|▎| 974/2700 [2:32:45<32:54:54, 68.65s/it, video=CxBbw8eT624, orig=908, new=10474, final=10950, d                                                                                                                          Videos processed: 975
Processing videos:  36%|▎| 974/2700 [2:32:45<32:54:54, 68.65s/it, video=CxBbw8eT624, orig=908, new=10474, final=10950, d                                                                                                                          With dense sampling: 975
Processing videos:  36%|▎| 974/2700 [2:32:45<32:54:54, 68.65s/it, video=CxBbw8eT624, orig=908, new=10474, final=10950, d                                                                                                                          Total frames: 803,781
Processing videos:  36%|▎| 974/2700 [2:32:45<32:54:54, 68.65s/it, video=CxBbw8eT624, orig=908, new=10474, final=10950, d                                                                                                                          Elapsed time: 152.75 min
Processing videos:  36%|▎| 974/2700 [2:32:45<32:54:54, 68.65s/it, video=CxBbw8eT624, orig=908, new=10474, final=10950, d                                                                                                                          Speed: 0.09 videos/sec
Processing videos:  36%|▎| 974/2700 [2:32:45<32:54:54, 68.65s/it, video=CxBbw8eT624, orig=908, new=10474, final=10950, d                                                                                                                          ✅ Safe to restart if needed
Processing videos:  36%|▎| 974/2700 [2:32:45<32:54:54, 68.65s/it, video=CxBbw8eT624, orig=908, new=10474, final=10950, d                                                                                                                        ======================================================================

Processing videos:  36%|▎| 974/2700 [2:32:45<32:54:54, 68.65s/it, video=CxBbw8eT624, orig=908, new=10474, final=10950, dProcessing videos:  36%|▎| 975/2700 [2:32:45<37:08:15, 77.50s/it, video=CxBbw8eT624, orig=908, new=10474, final=10950, d                                                                                                                        
──────────────────────────────────────────────────────────────────────
📹 Video: ZGGDKC3GlrI
──────────────────────────────────────────────────────────────────────
  📊 Scores: Max=0.6659 | Min=0.0015 | Range=[0.0015, 0.6659]
  🎯 Threshold: 0.4661 (70.0% of max)
  ✅ High-Score Frames: 43/701 (6.1%)
  📍 First 10 indices: [925, 950, 1300, 1325, 1375, 1450, 1475, 1500, 1525, 1575]
──────────────────────────────────────────────────────────────────────

Processing videos:  36%|▎| 975/2700 [2:32:45<37:08:15, 77.50s/it, video=CxBbw8eT624, orig=908, new=10474, final=10950, dProcessing videos:  36%|▎| 975/2700 [2:33:05<37:08:15, 77.50s/it, video=ZGGDKC3GlrI, orig=701, new=1350, final=1965, dupProcessing videos:  36%|▎| 976/2700 [2:33:05<28:51:15, 60.25s/it, video=ZGGDKC3GlrI, orig=701, new=1350, final=1965, dup                                                                                                                        
──────────────────────────────────────────────────────────────────────
📹 Video: ZGGDKC3GlrI
──────────────────────────────────────────────────────────────────────
  📊 Scores: Max=0.9999 | Min=0.0015 | Range=[0.0015, 0.9999]
  🎯 Threshold: 0.7000 (70.0% of max)
  ✅ High-Score Frames: 141/701 (20.1%)
  📍 First 10 indices: [550, 700, 725, 750, 775, 800, 925, 950, 975, 1000]
──────────────────────────────────────────────────────────────────────

Processing videos:  36%|▎| 976/2700 [2:33:05<28:51:15, 60.25s/it, video=ZGGDKC3GlrI, orig=701, new=1350, final=1965, dupProcessing videos:  36%|▎| 976/2700 [2:34:08<28:51:15, 60.25s/it, video=ZGGDKC3GlrI, orig=701, new=4190, final=4669, dupProcessing videos:  36%|▎| 977/2700 [2:34:08<29:15:32, 61.13s/it, video=ZGGDKC3GlrI, orig=701, new=4190, final=4669, dup                                                                                                                        
──────────────────────────────────────────────────────────────────────
📹 Video: ZGGDKC3GlrI
──────────────────────────────────────────────────────────────────────
  📊 Scores: Max=0.9767 | Min=0.0015 | Range=[0.0015, 0.9767]
  🎯 Threshold: 0.6837 (70.0% of max)
  ✅ High-Score Frames: 75/701 (10.7%)
  📍 First 10 indices: [50, 500, 700, 725, 750, 775, 800, 1250, 1275, 1300]
──────────────────────────────────────────────────────────────────────

Processing videos:  36%|▎| 977/2700 [2:34:08<29:15:32, 61.13s/it, video=ZGGDKC3GlrI, orig=701, new=4190, final=4669, dupProcessing videos:  36%|▎| 977/2700 [2:34:42<29:15:32, 61.13s/it, video=ZGGDKC3GlrI, orig=701, new=2307, final=2869, dupProcessing videos:  36%|▎| 978/2700 [2:34:42<25:20:18, 52.97s/it, video=ZGGDKC3GlrI, orig=701, new=2307, final=2869, dup                                                                                                                        
──────────────────────────────────────────────────────────────────────
📹 Video: iPi-QNYgAa4
──────────────────────────────────────────────────────────────────────
  📊 Scores: Max=0.2939 | Min=0.0022 | Range=[0.0022, 0.2939]
  🎯 Threshold: 0.2058 (70.0% of max)
  ✅ High-Score Frames: 24/326 (7.4%)
  📍 First 10 indices: [350, 850, 875, 900, 925, 950, 975, 1000, 1100, 1125]
──────────────────────────────────────────────────────────────────────

Processing videos:  36%|▎| 978/2700 [2:34:42<25:20:18, 52.97s/it, video=ZGGDKC3GlrI, orig=701, new=2307, final=2869, dupProcessing videos:  36%|▎| 978/2700 [2:34:53<25:20:18, 52.97s/it, video=iPi-QNYgAa4, orig=326, new=739, final=1022, dup=Processing videos:  36%|▎| 979/2700 [2:34:53<19:20:58, 40.48s/it, video=iPi-QNYgAa4, orig=326, new=739, final=1022, dup=                                                                                                                        
──────────────────────────────────────────────────────────────────────
📹 Video: iPi-QNYgAa4
──────────────────────────────────────────────────────────────────────
  📊 Scores: Max=0.9964 | Min=0.0002 | Range=[0.0002, 0.9964]
  🎯 Threshold: 0.6975 (70.0% of max)
  ✅ High-Score Frames: 96/326 (29.4%)
  📍 First 10 indices: [125, 150, 175, 200, 225, 275, 375, 400, 550, 575]
──────────────────────────────────────────────────────────────────────

Processing videos:  36%|▎| 979/2700 [2:34:53<19:20:58, 40.48s/it, video=iPi-QNYgAa4, orig=326, new=739, final=1022, dup=Processing videos:  36%|▎| 979/2700 [2:35:37<19:20:58, 40.48s/it, video=iPi-QNYgAa4, orig=326, new=2865, final=3030, dupProcessing videos:  36%|▎| 980/2700 [2:35:37<19:47:21, 41.42s/it, video=iPi-QNYgAa4, orig=326, new=2865, final=3030, dup                                                                                                                        
──────────────────────────────────────────────────────────────────────
📹 Video: iPi-QNYgAa4
──────────────────────────────────────────────────────────────────────
  📊 Scores: Max=0.9979 | Min=0.0011 | Range=[0.0011, 0.9979]
  🎯 Threshold: 0.6985 (70.0% of max)
  ✅ High-Score Frames: 45/326 (13.8%)
  📍 First 10 indices: [150, 650, 675, 700, 725, 1375, 1400, 1425, 1450, 1475]
──────────────────────────────────────────────────────────────────────

Processing videos:  36%|▎| 980/2700 [2:35:37<19:47:21, 41.42s/it, video=iPi-QNYgAa4, orig=326, new=2865, final=3030, dupProcessing videos:  36%|▎| 980/2700 [2:35:57<19:47:21, 41.42s/it, video=iPi-QNYgAa4, orig=326, new=1356, final=1606, dupProcessing videos:  36%|▎| 981/2700 [2:35:57<16:44:16, 35.05s/it, video=iPi-QNYgAa4, orig=326, new=1356, final=1606, dup                                                                                                                        
──────────────────────────────────────────────────────────────────────
📹 Video: ckn9zybpYZ8
──────────────────────────────────────────────────────────────────────
  📊 Scores: Max=0.7821 | Min=0.0559 | Range=[0.0559, 0.7821]
  🎯 Threshold: 0.5474 (70.0% of max)
  ✅ High-Score Frames: 25/270 (9.3%)
  📍 First 10 indices: [225, 250, 275, 300, 1050, 1075, 1100, 1175, 1200, 1225]
──────────────────────────────────────────────────────────────────────

Processing videos:  36%|▎| 981/2700 [2:35:57<16:44:16, 35.05s/it, video=iPi-QNYgAa4, orig=326, new=1356, final=1606, dupProcessing videos:  36%|▎| 981/2700 [2:36:09<16:44:16, 35.05s/it, video=ckn9zybpYZ8, orig=270, new=780, final=1006, dup=Processing videos:  36%|▎| 982/2700 [2:36:09<13:23:44, 28.07s/it, video=ckn9zybpYZ8, orig=270, new=780, final=1006, dup=                                                                                                                        
──────────────────────────────────────────────────────────────────────
📹 Video: ckn9zybpYZ8
──────────────────────────────────────────────────────────────────────
  📊 Scores: Max=0.9999 | Min=0.0074 | Range=[0.0074, 0.9999]
  🎯 Threshold: 0.7000 (70.0% of max)
  ✅ High-Score Frames: 183/270 (67.8%)
  📍 First 10 indices: [125, 150, 175, 200, 225, 250, 275, 300, 325, 350]
──────────────────────────────────────────────────────────────────────

Processing videos:  36%|▎| 982/2700 [2:36:09<13:23:44, 28.07s/it, video=ckn9zybpYZ8, orig=270, new=780, final=1006, dup=Processing videos:  36%|▎| 982/2700 [2:37:22<13:23:44, 28.07s/it, video=ckn9zybpYZ8, orig=270, new=4915, final=4958, dupProcessing videos:  36%|▎| 983/2700 [2:37:22<19:48:35, 41.53s/it, video=ckn9zybpYZ8, orig=270, new=4915, final=4958, dup                                                                                                                        
──────────────────────────────────────────────────────────────────────
📹 Video: ckn9zybpYZ8
──────────────────────────────────────────────────────────────────────
  📊 Scores: Max=1.0000 | Min=0.0576 | Range=[0.0576, 1.0000]
  🎯 Threshold: 0.7000 (70.0% of max)
  ✅ High-Score Frames: 249/270 (92.2%)
  📍 First 10 indices: [25, 50, 75, 100, 125, 150, 175, 200, 225, 250]
──────────────────────────────────────────────────────────────────────

Processing videos:  36%|▎| 983/2700 [2:37:22<19:48:35, 41.53s/it, video=ckn9zybpYZ8, orig=270, new=4915, final=4958, dupProcessing videos:  36%|▎| 983/2700 [2:38:56<19:48:35, 41.53s/it, video=ckn9zybpYZ8, orig=270, new=6336, final=6342, dupProcessing videos:  36%|▎| 984/2700 [2:38:56<27:18:21, 57.29s/it, video=ckn9zybpYZ8, orig=270, new=6336, final=6342, dup                                                                                                                        
──────────────────────────────────────────────────────────────────────
📹 Video: 3uV8XZcIBbk
──────────────────────────────────────────────────────────────────────
  📊 Scores: Max=0.6593 | Min=0.0042 | Range=[0.0042, 0.6593]
  🎯 Threshold: 0.4615 (70.0% of max)
  ✅ High-Score Frames: 16/799 (2.0%)
  📍 First 10 indices: [2369, 2392, 2415, 2438, 4347, 4370, 4393, 4416, 4439, 4462]
──────────────────────────────────────────────────────────────────────

Processing videos:  36%|▎| 984/2700 [2:38:56<27:18:21, 57.29s/it, video=ckn9zybpYZ8, orig=270, new=6336, final=6342, dupProcessing videos:  36%|▎| 984/2700 [2:39:04<27:18:21, 57.29s/it, video=3uV8XZcIBbk, orig=799, new=544, final=1319, dup=Processing videos:  36%|▎| 985/2700 [2:39:04<20:20:15, 42.69s/it, video=3uV8XZcIBbk, orig=799, new=544, final=1319, dup=                                                                                                                        
──────────────────────────────────────────────────────────────────────
📹 Video: 3uV8XZcIBbk
──────────────────────────────────────────────────────────────────────
  📊 Scores: Max=1.0000 | Min=0.0000 | Range=[0.0000, 1.0000]
  🎯 Threshold: 0.7000 (70.0% of max)
  ✅ High-Score Frames: 127/799 (15.9%)
  📍 First 10 indices: [414, 667, 690, 828, 920, 1081, 1104, 1150, 1403, 1495]
──────────────────────────────────────────────────────────────────────

Processing videos:  36%|▎| 985/2700 [2:39:04<20:20:15, 42.69s/it, video=3uV8XZcIBbk, orig=799, new=544, final=1319, dup=Processing videos:  36%|▎| 985/2700 [2:40:11<20:20:15, 42.69s/it, video=3uV8XZcIBbk, orig=799, new=4443, final=5037, dupProcessing videos:  37%|▎| 986/2700 [2:40:11<23:46:50, 49.95s/it, video=3uV8XZcIBbk, orig=799, new=4443, final=5037, dup                                                                                                                        
──────────────────────────────────────────────────────────────────────
📹 Video: 3uV8XZcIBbk
──────────────────────────────────────────────────────────────────────
  📊 Scores: Max=0.8641 | Min=0.0001 | Range=[0.0001, 0.8641]
  🎯 Threshold: 0.6048 (70.0% of max)
  ✅ High-Score Frames: 14/799 (1.8%)
  📍 First 10 indices: [414, 3312, 3358, 3381, 5819, 12328, 12351, 12397, 13248, 13271]
──────────────────────────────────────────────────────────────────────

Processing videos:  37%|▎| 986/2700 [2:40:11<23:46:50, 49.95s/it, video=3uV8XZcIBbk, orig=799, new=4443, final=5037, dupProcessing videos:  37%|▎| 986/2700 [2:40:21<23:46:50, 49.95s/it, video=3uV8XZcIBbk, orig=799, new=602, final=1371, dup=Processing videos:  37%|▎| 987/2700 [2:40:21<17:58:20, 37.77s/it, video=3uV8XZcIBbk, orig=799, new=602, final=1371, dup=                                                                                                                        
──────────────────────────────────────────────────────────────────────
📹 Video: cMim0uU1yzA
──────────────────────────────────────────────────────────────────────
  📊 Scores: Max=0.5994 | Min=0.0111 | Range=[0.0111, 0.5994]
  🎯 Threshold: 0.4196 (70.0% of max)
  ✅ High-Score Frames: 8/525 (1.5%)
  📍 First 10 indices: [175, 200, 225, 300, 12875, 12900, 13000, 13100]
──────────────────────────────────────────────────────────────────────

Processing videos:  37%|▎| 987/2700 [2:40:21<17:58:20, 37.77s/it, video=3uV8XZcIBbk, orig=799, new=602, final=1371, dup=Processing videos:  37%|▎| 987/2700 [2:40:25<17:58:20, 37.77s/it, video=cMim0uU1yzA, orig=525, new=265, final=772, dup=1Processing videos:  37%|▎| 988/2700 [2:40:25<13:09:54, 27.68s/it, video=cMim0uU1yzA, orig=525, new=265, final=772, dup=1                                                                                                                        
──────────────────────────────────────────────────────────────────────
📹 Video: cMim0uU1yzA
──────────────────────────────────────────────────────────────────────
  📊 Scores: Max=0.9288 | Min=0.0006 | Range=[0.0006, 0.9288]
  🎯 Threshold: 0.6502 (70.0% of max)
  ✅ High-Score Frames: 4/525 (0.8%)
  📍 First 10 indices: [175, 3375, 3425, 3450]
──────────────────────────────────────────────────────────────────────

Processing videos:  37%|▎| 988/2700 [2:40:25<13:09:54, 27.68s/it, video=cMim0uU1yzA, orig=525, new=265, final=772, dup=1Processing videos:  37%|▎| 988/2700 [2:40:27<13:09:54, 27.68s/it, video=cMim0uU1yzA, orig=525, new=129, final=645, dup=9Processing videos:  37%|▎| 989/2700 [2:40:27<9:30:49, 20.02s/it, video=cMim0uU1yzA, orig=525, new=129, final=645, dup=9]                                                                                                                        
──────────────────────────────────────────────────────────────────────
📹 Video: cMim0uU1yzA
──────────────────────────────────────────────────────────────────────
  📊 Scores: Max=0.9998 | Min=0.0004 | Range=[0.0004, 0.9998]
  🎯 Threshold: 0.6998 (70.0% of max)
  ✅ High-Score Frames: 146/525 (27.8%)
  📍 First 10 indices: [25, 175, 350, 375, 400, 425, 450, 675, 700, 725]
──────────────────────────────────────────────────────────────────────

Processing videos:  37%|▎| 989/2700 [2:40:27<9:30:49, 20.02s/it, video=cMim0uU1yzA, orig=525, new=129, final=645, dup=9]Processing videos:  37%|▎| 989/2700 [2:41:30<9:30:49, 20.02s/it, video=cMim0uU1yzA, orig=525, new=4194, final=4501, dup=Processing videos:  37%|▎| 990/2700 [2:41:30<15:40:07, 32.99s/it, video=cMim0uU1yzA, orig=525, new=4194, final=4501, dup                                                                                                                        
──────────────────────────────────────────────────────────────────────
📹 Video: t6V9i8fFADI
──────────────────────────────────────────────────────────────────────
  📊 Scores: Max=0.9554 | Min=0.0024 | Range=[0.0024, 0.9554]
  🎯 Threshold: 0.6688 (70.0% of max)
  ✅ High-Score Frames: 33/382 (8.6%)
  📍 First 10 indices: [299, 322, 345, 368, 391, 414, 437, 460, 483, 506]
──────────────────────────────────────────────────────────────────────

Processing videos:  37%|▎| 990/2700 [2:41:30<15:40:07, 32.99s/it, video=cMim0uU1yzA, orig=525, new=4194, final=4501, dupProcessing videos:  37%|▎| 990/2700 [2:41:46<15:40:07, 32.99s/it, video=t6V9i8fFADI, orig=382, new=1055, final=1392, dupProcessing videos:  37%|▎| 991/2700 [2:41:46<13:11:22, 27.78s/it, video=t6V9i8fFADI, orig=382, new=1055, final=1392, dup                                                                                                                        
──────────────────────────────────────────────────────────────────────
📹 Video: t6V9i8fFADI
──────────────────────────────────────────────────────────────────────
  📊 Scores: Max=0.9912 | Min=0.0003 | Range=[0.0003, 0.9912]
  🎯 Threshold: 0.6938 (70.0% of max)
  ✅ High-Score Frames: 38/382 (9.9%)
  📍 First 10 indices: [506, 644, 667, 690, 1472, 1495, 1518, 1541, 1564, 1587]
──────────────────────────────────────────────────────────────────────

Processing videos:  37%|▎| 991/2700 [2:41:46<13:11:22, 27.78s/it, video=t6V9i8fFADI, orig=382, new=1055, final=1392, dupProcessing videos:  37%|▎| 991/2700 [2:42:04<13:11:22, 27.78s/it, video=t6V9i8fFADI, orig=382, new=1249, final=1576, dupProcessing videos:  37%|▎| 992/2700 [2:42:04<11:52:17, 25.02s/it, video=t6V9i8fFADI, orig=382, new=1249, final=1576, dup                                                                                                                        
──────────────────────────────────────────────────────────────────────
📹 Video: t6V9i8fFADI
──────────────────────────────────────────────────────────────────────
  📊 Scores: Max=0.9980 | Min=0.0006 | Range=[0.0006, 0.9980]
  🎯 Threshold: 0.6986 (70.0% of max)
  ✅ High-Score Frames: 71/382 (18.6%)
  📍 First 10 indices: [69, 92, 115, 138, 161, 184, 207, 230, 1104, 1127]
──────────────────────────────────────────────────────────────────────

Processing videos:  37%|▎| 992/2700 [2:42:04<11:52:17, 25.02s/it, video=t6V9i8fFADI, orig=382, new=1249, final=1576, dupProcessing videos:  37%|▎| 992/2700 [2:42:34<11:52:17, 25.02s/it, video=t6V9i8fFADI, orig=382, new=2053, final=2346, dupProcessing videos:  37%|▎| 993/2700 [2:42:34<12:28:08, 26.30s/it, video=t6V9i8fFADI, orig=382, new=2053, final=2346, dup                                                                                                                        
──────────────────────────────────────────────────────────────────────
📹 Video: zIbNJCSCEjk
──────────────────────────────────────────────────────────────────────
  📊 Scores: Max=0.9131 | Min=0.0163 | Range=[0.0163, 0.9131]
  🎯 Threshold: 0.6392 (70.0% of max)
  ✅ High-Score Frames: 39/632 (6.2%)
  📍 First 10 indices: [1357, 1472, 1518, 1633, 1771, 1817, 1840, 1863, 1909, 1932]
──────────────────────────────────────────────────────────────────────

Processing videos:  37%|▎| 993/2700 [2:42:34<12:28:08, 26.30s/it, video=t6V9i8fFADI, orig=382, new=2053, final=2346, dupProcessing videos:  37%|▎| 993/2700 [2:42:55<12:28:08, 26.30s/it, video=zIbNJCSCEjk, orig=632, new=1449, final=2010, dupProcessing videos:  37%|▎| 994/2700 [2:42:55<11:43:01, 24.73s/it, video=zIbNJCSCEjk, orig=632, new=1449, final=2010, dup                                                                                                                        
──────────────────────────────────────────────────────────────────────
📹 Video: zIbNJCSCEjk
──────────────────────────────────────────────────────────────────────
  📊 Scores: Max=0.9997 | Min=0.0001 | Range=[0.0001, 0.9997]
  🎯 Threshold: 0.6998 (70.0% of max)
  ✅ High-Score Frames: 54/632 (8.5%)
  📍 First 10 indices: [621, 3036, 3059, 3082, 3105, 3473, 3496, 3519, 3542, 3565]
──────────────────────────────────────────────────────────────────────

Processing videos:  37%|▎| 994/2700 [2:42:55<11:43:01, 24.73s/it, video=zIbNJCSCEjk, orig=632, new=1449, final=2010, dupProcessing videos:  37%|▎| 994/2700 [2:43:22<11:43:01, 24.73s/it, video=zIbNJCSCEjk, orig=632, new=1865, final=2412, dupProcessing videos:  37%|▎| 995/2700 [2:43:22<12:02:27, 25.42s/it, video=zIbNJCSCEjk, orig=632, new=1865, final=2412, dup                                                                                                                        
──────────────────────────────────────────────────────────────────────
📹 Video: zIbNJCSCEjk
──────────────────────────────────────────────────────────────────────
  📊 Scores: Max=0.9923 | Min=0.0002 | Range=[0.0002, 0.9923]
  🎯 Threshold: 0.6946 (70.0% of max)
  ✅ High-Score Frames: 13/632 (2.1%)
  📍 First 10 indices: [4646, 4669, 4692, 4715, 4738, 4761, 9039, 9062, 9085, 9108]
──────────────────────────────────────────────────────────────────────

Processing videos:  37%|▎| 995/2700 [2:43:22<12:02:27, 25.42s/it, video=zIbNJCSCEjk, orig=632, new=1865, final=2412, dupProcessing videos:  37%|▎| 995/2700 [2:43:28<12:02:27, 25.42s/it, video=zIbNJCSCEjk, orig=632, new=399, final=1014, dup=Processing videos:  37%|▎| 996/2700 [2:43:28<9:17:39, 19.64s/it, video=zIbNJCSCEjk, orig=632, new=399, final=1014, dup=1                                                                                                                        
──────────────────────────────────────────────────────────────────────
📹 Video: 9XCKnN6o19k
──────────────────────────────────────────────────────────────────────
  📊 Scores: Max=0.9976 | Min=0.0006 | Range=[0.0006, 0.9976]
  🎯 Threshold: 0.6983 (70.0% of max)
  ✅ High-Score Frames: 116/593 (19.6%)
  📍 First 10 indices: [2075, 2100, 2125, 2150, 2175, 2200, 2225, 2250, 2275, 2300]
──────────────────────────────────────────────────────────────────────

Processing videos:  37%|▎| 996/2700 [2:43:28<9:17:39, 19.64s/it, video=zIbNJCSCEjk, orig=632, new=399, final=1014, dup=1Processing videos:  37%|▎| 996/2700 [2:44:15<9:17:39, 19.64s/it, video=9XCKnN6o19k, orig=593, new=3162, final=3609, dup=Processing videos:  37%|▎| 997/2700 [2:44:15<13:12:45, 27.93s/it, video=9XCKnN6o19k, orig=593, new=3162, final=3609, dup                                                                                                                        
──────────────────────────────────────────────────────────────────────
📹 Video: 9XCKnN6o19k
──────────────────────────────────────────────────────────────────────
  📊 Scores: Max=0.9999 | Min=0.0022 | Range=[0.0022, 0.9999]
  🎯 Threshold: 0.6999 (70.0% of max)
  ✅ High-Score Frames: 174/593 (29.3%)
  📍 First 10 indices: [200, 225, 250, 350, 550, 625, 900, 925, 2050, 2325]
──────────────────────────────────────────────────────────────────────

Processing videos:  37%|▎| 997/2700 [2:44:15<13:12:45, 27.93s/it, video=9XCKnN6o19k, orig=593, new=3162, final=3609, dupProcessing videos:  37%|▎| 997/2700 [2:45:26<13:12:45, 27.93s/it, video=9XCKnN6o19k, orig=593, new=4764, final=5129, dupProcessing videos:  37%|▎| 998/2700 [2:45:26<19:17:42, 40.81s/it, video=9XCKnN6o19k, orig=593, new=4764, final=5129, dup                                                                                                                        
──────────────────────────────────────────────────────────────────────
📹 Video: 9XCKnN6o19k
──────────────────────────────────────────────────────────────────────
  📊 Scores: Max=0.9998 | Min=0.0027 | Range=[0.0027, 0.9998]
  🎯 Threshold: 0.6998 (70.0% of max)
  ✅ High-Score Frames: 153/593 (25.8%)
  📍 First 10 indices: [450, 550, 625, 925, 2050, 2325, 2350, 2375, 2400, 2425]
──────────────────────────────────────────────────────────────────────

Processing videos:  37%|▎| 998/2700 [2:45:26<19:17:42, 40.81s/it, video=9XCKnN6o19k, orig=593, new=4764, final=5129, dupProcessing videos:  37%|▎| 998/2700 [2:46:29<19:17:42, 40.81s/it, video=9XCKnN6o19k, orig=593, new=4213, final=4601, dupProcessing videos:  37%|▎| 999/2700 [2:46:29<22:24:45, 47.43s/it, video=9XCKnN6o19k, orig=593, new=4213, final=4601, dup                                                                                                                        
──────────────────────────────────────────────────────────────────────
📹 Video: 257wV-AbKaE
──────────────────────────────────────────────────────────────────────
  📊 Scores: Max=0.5141 | Min=0.0127 | Range=[0.0127, 0.5141]
  🎯 Threshold: 0.3599 (70.0% of max)
  ✅ High-Score Frames: 16/298 (5.4%)
  📍 First 10 indices: [138, 4968, 5037, 6555, 6578, 6601, 6624, 6647, 6670, 6693]
──────────────────────────────────────────────────────────────────────

Processing videos:  37%|▎| 999/2700 [2:46:29<22:24:45, 47.43s/it, video=9XCKnN6o19k, orig=593, new=4213, final=4601, dupProcessing videos:  37%|▎| 999/2700 [2:46:36<22:24:45, 47.43s/it, video=257wV-AbKaE, orig=298, new=493, final=768, dup=2                                                                                                                        
======================================================================
Processing videos:  37%|▎| 999/2700 [2:46:37<22:24:45, 47.43s/it, video=257wV-AbKaE, orig=298, new=493, final=768, dup=2                                                                                                                        💾 CHECKPOINT SAVED [1000/2700]
Processing videos:  37%|▎| 999/2700 [2:46:37<22:24:45, 47.43s/it, video=257wV-AbKaE, orig=298, new=493, final=768, dup=2                                                                                                                        ======================================================================
Processing videos:  37%|▎| 999/2700 [2:46:37<22:24:45, 47.43s/it, video=257wV-AbKaE, orig=298, new=493, final=768, dup=2                                                                                                                          GPU Memory: 0.00GB allocated, 0.00GB reserved
Processing videos:  37%|▎| 999/2700 [2:46:37<22:24:45, 47.43s/it, video=257wV-AbKaE, orig=298, new=493, final=768, dup=2                                                                                                                          Videos processed: 1000
Processing videos:  37%|▎| 999/2700 [2:46:37<22:24:45, 47.43s/it, video=257wV-AbKaE, orig=298, new=493, final=768, dup=2                                                                                                                          With dense sampling: 1000
Processing videos:  37%|▎| 999/2700 [2:46:37<22:24:45, 47.43s/it, video=257wV-AbKaE, orig=298, new=493, final=768, dup=2                                                                                                                          Total frames: 869,750
Processing videos:  37%|▎| 999/2700 [2:46:37<22:24:45, 47.43s/it, video=257wV-AbKaE, orig=298, new=493, final=768, dup=2                                                                                                                          Elapsed time: 166.63 min
Processing videos:  37%|▎| 999/2700 [2:46:37<22:24:45, 47.43s/it, video=257wV-AbKaE, orig=298, new=493, final=768, dup=2                                                                                                                          Speed: 0.09 videos/sec
Processing videos:  37%|▎| 999/2700 [2:46:37<22:24:45, 47.43s/it, video=257wV-AbKaE, orig=298, new=493, final=768, dup=2                                                                                                                          ✅ Safe to restart if needed
Processing videos:  37%|▎| 999/2700 [2:46:37<22:24:45, 47.43s/it, video=257wV-AbKaE, orig=298, new=493, final=768, dup=2                                                                                                                        ======================================================================

Processing videos:  37%|▎| 999/2700 [2:46:37<22:24:45, 47.43s/it, video=257wV-AbKaE, orig=298, new=493, final=768, dup=2Processing videos:  37%|▎| 1000/2700 [2:46:37<16:49:46, 35.64s/it, video=257wV-AbKaE, orig=298, new=493, final=768, dup=                                                                                                                        
──────────────────────────────────────────────────────────────────────
📹 Video: 257wV-AbKaE
──────────────────────────────────────────────────────────────────────
  📊 Scores: Max=0.9973 | Min=0.0003 | Range=[0.0003, 0.9973]
  🎯 Threshold: 0.6981 (70.0% of max)
  ✅ High-Score Frames: 30/298 (10.1%)
  📍 First 10 indices: [1288, 1311, 1380, 1403, 1426, 1449, 1495, 1702, 1725, 1748]
──────────────────────────────────────────────────────────────────────

Processing videos:  37%|▎| 1000/2700 [2:46:37<16:49:46, 35.64s/it, video=257wV-AbKaE, orig=298, new=493, final=768, dup=Processing videos:  37%|▎| 1000/2700 [2:46:54<16:49:46, 35.64s/it, video=257wV-AbKaE, orig=298, new=1137, final=1382, duProcessing videos:  37%|▎| 1001/2700 [2:46:54<14:13:06, 30.13s/it, video=257wV-AbKaE, orig=298, new=1137, final=1382, du                                                                                                                        
──────────────────────────────────────────────────────────────────────
📹 Video: 257wV-AbKaE
──────────────────────────────────────────────────────────────────────
  📊 Scores: Max=0.8702 | Min=0.0011 | Range=[0.0011, 0.8702]
  🎯 Threshold: 0.6091 (70.0% of max)
  ✅ High-Score Frames: 1/298 (0.3%)
  📍 First 10 indices: [6187]
──────────────────────────────────────────────────────────────────────

Processing videos:  37%|▎| 1001/2700 [2:46:54<14:13:06, 30.13s/it, video=257wV-AbKaE, orig=298, new=1137, final=1382, duProcessing videos:  37%|▎| 1001/2700 [2:46:55<14:13:06, 30.13s/it, video=257wV-AbKaE, orig=298, new=49, final=344, dup=3Processing videos:  37%|▎| 1002/2700 [2:46:55<10:03:56, 21.34s/it, video=257wV-AbKaE, orig=298, new=49, final=344, dup=3                                                                                                                        
──────────────────────────────────────────────────────────────────────
📹 Video: GPOv72Awo68
──────────────────────────────────────────────────────────────────────
  📊 Scores: Max=0.8833 | Min=0.0001 | Range=[0.0001, 0.8833]
  🎯 Threshold: 0.6183 (70.0% of max)
  ✅ High-Score Frames: 37/713 (5.2%)
  📍 First 10 indices: [667, 690, 874, 897, 943, 966, 989, 1012, 1058, 1081]
──────────────────────────────────────────────────────────────────────

Processing videos:  37%|▎| 1002/2700 [2:46:55<10:03:56, 21.34s/it, video=257wV-AbKaE, orig=298, new=49, final=344, dup=3Processing videos:  37%|▎| 1002/2700 [2:47:13<10:03:56, 21.34s/it, video=GPOv72Awo68, orig=713, new=1228, final=1881, duProcessing videos:  37%|▎| 1003/2700 [2:47:13<9:33:13, 20.27s/it, video=GPOv72Awo68, orig=713, new=1228, final=1881, dup                                                                                                                        
──────────────────────────────────────────────────────────────────────
📹 Video: GPOv72Awo68
──────────────────────────────────────────────────────────────────────
  📊 Scores: Max=1.0000 | Min=0.0000 | Range=[0.0000, 1.0000]
  🎯 Threshold: 0.7000 (70.0% of max)
  ✅ High-Score Frames: 342/713 (48.0%)
  📍 First 10 indices: [253, 322, 345, 414, 483, 552, 575, 667, 690, 713]
──────────────────────────────────────────────────────────────────────

Processing videos:  37%|▎| 1003/2700 [2:47:13<9:33:13, 20.27s/it, video=GPOv72Awo68, orig=713, new=1228, final=1881, dupProcessing videos:  37%|▎| 1003/2700 [2:50:29<9:33:13, 20.27s/it, video=GPOv72Awo68, orig=713, new=1e+4, final=10289, duProcessing videos:  37%|▎| 1004/2700 [2:50:29<34:22:25, 72.96s/it, video=GPOv72Awo68, orig=713, new=1e+4, final=10289, d                                                                                                                        
──────────────────────────────────────────────────────────────────────
📹 Video: GPOv72Awo68
──────────────────────────────────────────────────────────────────────
  📊 Scores: Max=0.9999 | Min=0.0000 | Range=[0.0000, 0.9999]
  🎯 Threshold: 0.6999 (70.0% of max)
  ✅ High-Score Frames: 200/713 (28.1%)
  📍 First 10 indices: [230, 253, 322, 345, 414, 483, 552, 598, 621, 644]
──────────────────────────────────────────────────────────────────────

Processing videos:  37%|▎| 1004/2700 [2:50:29<34:22:25, 72.96s/it, video=GPOv72Awo68, orig=713, new=1e+4, final=10289, dProcessing videos:  37%|▎| 1004/2700 [2:52:08<34:22:25, 72.96s/it, video=GPOv72Awo68, orig=713, new=6584, final=6995, duProcessing videos:  37%|▎| 1005/2700 [2:52:08<38:07:03, 80.96s/it, video=GPOv72Awo68, orig=713, new=6584, final=6995, du                                                                                                                        
──────────────────────────────────────────────────────────────────────
📹 Video: ZCFkWDdmXG8
──────────────────────────────────────────────────────────────────────
  📊 Scores: Max=0.9979 | Min=0.0001 | Range=[0.0001, 0.9979]
  🎯 Threshold: 0.6985 (70.0% of max)
  ✅ High-Score Frames: 65/1098 (5.9%)
  📍 First 10 indices: [253, 1886, 2231, 2254, 2277, 2300, 2323, 2346, 5612, 10649]
──────────────────────────────────────────────────────────────────────

Processing videos:  37%|▎| 1005/2700 [2:52:09<38:07:03, 80.96s/it, video=GPOv72Awo68, orig=713, new=6584, final=6995, duProcessing videos:  37%|▎| 1005/2700 [2:52:30<38:07:03, 80.96s/it, video=ZCFkWDdmXG8, orig=1098, new=2399, final=3380, dProcessing videos:  37%|▎| 1006/2700 [2:52:30<29:46:10, 63.26s/it, video=ZCFkWDdmXG8, orig=1098, new=2399, final=3380, d                                                                                                                        
──────────────────────────────────────────────────────────────────────
📹 Video: ZCFkWDdmXG8
──────────────────────────────────────────────────────────────────────
  📊 Scores: Max=0.9991 | Min=0.0001 | Range=[0.0001, 0.9991]
  🎯 Threshold: 0.6993 (70.0% of max)
  ✅ High-Score Frames: 221/1098 (20.1%)
  📍 First 10 indices: [345, 368, 391, 414, 460, 483, 621, 667, 690, 713]
──────────────────────────────────────────────────────────────────────

Processing videos:  37%|▎| 1006/2700 [2:52:30<29:46:10, 63.26s/it, video=ZCFkWDdmXG8, orig=1098, new=2399, final=3380, dProcessing videos:  37%|▎| 1006/2700 [2:53:35<29:46:10, 63.26s/it, video=ZCFkWDdmXG8, orig=1098, new=7012, final=7796, dProcessing videos:  37%|▎| 1007/2700 [2:53:35<29:53:23, 63.56s/it, video=ZCFkWDdmXG8, orig=1098, new=7012, final=7796, d                                                                                                                        
──────────────────────────────────────────────────────────────────────
📹 Video: ZCFkWDdmXG8
──────────────────────────────────────────────────────────────────────
  📊 Scores: Max=0.9978 | Min=0.0012 | Range=[0.0012, 0.9978]
  🎯 Threshold: 0.6985 (70.0% of max)
  ✅ High-Score Frames: 242/1098 (22.0%)
  📍 First 10 indices: [345, 368, 391, 414, 460, 483, 506, 529, 621, 690]
──────────────────────────────────────────────────────────────────────

Processing videos:  37%|▎| 1007/2700 [2:53:35<29:53:23, 63.56s/it, video=ZCFkWDdmXG8, orig=1098, new=7012, final=7796, dProcessing videos:  37%|▎| 1007/2700 [2:54:42<29:53:23, 63.56s/it, video=ZCFkWDdmXG8, orig=1098, new=7354, final=8120, dProcessing videos:  37%|▎| 1008/2700 [2:54:42<30:27:36, 64.81s/it, video=ZCFkWDdmXG8, orig=1098, new=7354, final=8120, d                                                                                                                        
──────────────────────────────────────────────────────────────────────
📹 Video: CC9VeHrI3Es
──────────────────────────────────────────────────────────────────────
  📊 Scores: Max=0.9999 | Min=0.0006 | Range=[0.0006, 0.9999]
  🎯 Threshold: 0.6999 (70.0% of max)
  ✅ High-Score Frames: 157/275 (57.1%)
  📍 First 10 indices: [58, 87, 116, 145, 174, 203, 232, 261, 290, 319]
──────────────────────────────────────────────────────────────────────

Processing videos:  37%|▎| 1008/2700 [2:54:42<30:27:36, 64.81s/it, video=ZCFkWDdmXG8, orig=1098, new=7354, final=8120, dProcessing videos:  37%|▎| 1008/2700 [2:55:55<30:27:36, 64.81s/it, video=CC9VeHrI3Es, orig=275, new=4868, final=4951, duProcessing videos:  37%|▎| 1009/2700 [2:55:55<31:33:20, 67.18s/it, video=CC9VeHrI3Es, orig=275, new=4868, final=4951, du                                                                                                                        
──────────────────────────────────────────────────────────────────────
📹 Video: CC9VeHrI3Es
──────────────────────────────────────────────────────────────────────
  📊 Scores: Max=0.9946 | Min=0.0011 | Range=[0.0011, 0.9946]
  🎯 Threshold: 0.6962 (70.0% of max)
  ✅ High-Score Frames: 102/275 (37.1%)
  📍 First 10 indices: [116, 812, 841, 870, 899, 928, 957, 986, 1015, 1044]
──────────────────────────────────────────────────────────────────────

Processing videos:  37%|▎| 1009/2700 [2:55:55<31:33:20, 67.18s/it, video=CC9VeHrI3Es, orig=275, new=4868, final=4951, duProcessing videos:  37%|▎| 1009/2700 [2:56:50<31:33:20, 67.18s/it, video=CC9VeHrI3Es, orig=275, new=3184, final=3331, duProcessing videos:  37%|▎| 1010/2700 [2:56:50<29:47:16, 63.45s/it, video=CC9VeHrI3Es, orig=275, new=3184, final=3331, du                                                                                                                        
──────────────────────────────────────────────────────────────────────
📹 Video: CC9VeHrI3Es
──────────────────────────────────────────────────────────────────────
  📊 Scores: Max=1.0000 | Min=0.0004 | Range=[0.0004, 1.0000]
  🎯 Threshold: 0.7000 (70.0% of max)
  ✅ High-Score Frames: 165/275 (60.0%)
  📍 First 10 indices: [174, 203, 232, 261, 377, 406, 435, 812, 841, 870]
──────────────────────────────────────────────────────────────────────

Processing videos:  37%|▎| 1010/2700 [2:56:50<29:47:16, 63.45s/it, video=CC9VeHrI3Es, orig=275, new=3184, final=3331, duProcessing videos:  37%|▎| 1010/2700 [2:58:07<29:47:16, 63.45s/it, video=CC9VeHrI3Es, orig=275, new=5154, final=5225, duProcessing videos:  37%|▎| 1011/2700 [2:58:07<31:38:36, 67.45s/it, video=CC9VeHrI3Es, orig=275, new=5154, final=5225, du                                                                                                                        
──────────────────────────────────────────────────────────────────────
📹 Video: GFTKKyYSCKs
──────────────────────────────────────────────────────────────────────
  📊 Scores: Max=0.9938 | Min=0.0017 | Range=[0.0017, 0.9938]
  🎯 Threshold: 0.6956 (70.0% of max)
  ✅ High-Score Frames: 7/306 (2.3%)
  📍 First 10 indices: [184, 230, 253, 276, 299, 322, 345]
──────────────────────────────────────────────────────────────────────

Processing videos:  37%|▎| 1011/2700 [2:58:07<31:38:36, 67.45s/it, video=CC9VeHrI3Es, orig=275, new=5154, final=5225, duProcessing videos:  37%|▎| 1011/2700 [2:58:10<31:38:36, 67.45s/it, video=GFTKKyYSCKs, orig=306, new=212, final=508, dup=Processing videos:  37%|▎| 1012/2700 [2:58:10<22:35:37, 48.19s/it, video=GFTKKyYSCKs, orig=306, new=212, final=508, dup=                                                                                                                        
──────────────────────────────────────────────────────────────────────
📹 Video: GFTKKyYSCKs
──────────────────────────────────────────────────────────────────────
  📊 Scores: Max=0.9908 | Min=0.0001 | Range=[0.0001, 0.9908]
  🎯 Threshold: 0.6935 (70.0% of max)
  ✅ High-Score Frames: 26/306 (8.5%)
  📍 First 10 indices: [69, 92, 115, 138, 1265, 1288, 1518, 1541, 1564, 3542]
──────────────────────────────────────────────────────────────────────

Processing videos:  37%|▎| 1012/2700 [2:58:10<22:35:37, 48.19s/it, video=GFTKKyYSCKs, orig=306, new=212, final=508, dup=Processing videos:  37%|▎| 1012/2700 [2:58:25<22:35:37, 48.19s/it, video=GFTKKyYSCKs, orig=306, new=997, final=1259, dupProcessing videos:  38%|▍| 1013/2700 [2:58:25<17:55:39, 38.26s/it, video=GFTKKyYSCKs, orig=306, new=997, final=1259, dup                                                                                                                        
──────────────────────────────────────────────────────────────────────
📹 Video: GFTKKyYSCKs
──────────────────────────────────────────────────────────────────────
  📊 Scores: Max=0.9879 | Min=0.0001 | Range=[0.0001, 0.9879]
  🎯 Threshold: 0.6915 (70.0% of max)
  ✅ High-Score Frames: 15/306 (4.9%)
  📍 First 10 indices: [1357, 1518, 1541, 4347, 4370, 4393, 4807, 4830, 4853, 4876]
──────────────────────────────────────────────────────────────────────

Processing videos:  38%|▍| 1013/2700 [2:58:25<17:55:39, 38.26s/it, video=GFTKKyYSCKs, orig=306, new=997, final=1259, dupProcessing videos:  38%|▍| 1013/2700 [2:58:33<17:55:39, 38.26s/it, video=GFTKKyYSCKs, orig=306, new=545, final=826, dup=Processing videos:  38%|▍| 1014/2700 [2:58:33<13:42:19, 29.26s/it, video=GFTKKyYSCKs, orig=306, new=545, final=826, dup=                                                                                                                        
──────────────────────────────────────────────────────────────────────
📹 Video: qFUuUzZNznY
──────────────────────────────────────────────────────────────────────
  📊 Scores: Max=0.9993 | Min=0.0003 | Range=[0.0003, 0.9993]
  🎯 Threshold: 0.6995 (70.0% of max)
  ✅ High-Score Frames: 97/513 (18.9%)
  📍 First 10 indices: [598, 989, 1518, 1541, 1564, 1587, 1610, 1679, 1702, 1748]
──────────────────────────────────────────────────────────────────────

Processing videos:  38%|▍| 1014/2700 [2:58:33<13:42:19, 29.26s/it, video=GFTKKyYSCKs, orig=306, new=545, final=826, dup=Processing videos:  38%|▍| 1014/2700 [2:59:20<13:42:19, 29.26s/it, video=qFUuUzZNznY, orig=513, new=3065, final=3445, duProcessing videos:  38%|▍| 1015/2700 [2:59:20<16:06:27, 34.41s/it, video=qFUuUzZNznY, orig=513, new=3065, final=3445, du                                                                                                                        
──────────────────────────────────────────────────────────────────────
📹 Video: qFUuUzZNznY
──────────────────────────────────────────────────────────────────────
  📊 Scores: Max=0.9991 | Min=0.0002 | Range=[0.0002, 0.9991]
  🎯 Threshold: 0.6993 (70.0% of max)
  ✅ High-Score Frames: 164/513 (32.0%)
  📍 First 10 indices: [460, 483, 506, 529, 552, 575, 598, 690, 713, 759]
──────────────────────────────────────────────────────────────────────

Processing videos:  38%|▍| 1015/2700 [2:59:20<16:06:27, 34.41s/it, video=qFUuUzZNznY, orig=513, new=3065, final=3445, duProcessing videos:  38%|▍| 1015/2700 [3:00:37<16:06:27, 34.41s/it, video=qFUuUzZNznY, orig=513, new=5188, final=5467, duProcessing videos:  38%|▍| 1016/2700 [3:00:37<22:09:19, 47.36s/it, video=qFUuUzZNznY, orig=513, new=5188, final=5467, du                                                                                                                        
──────────────────────────────────────────────────────────────────────
📹 Video: qFUuUzZNznY
──────────────────────────────────────────────────────────────────────
  📊 Scores: Max=1.0000 | Min=0.0012 | Range=[0.0012, 1.0000]
  🎯 Threshold: 0.7000 (70.0% of max)
  ✅ High-Score Frames: 198/513 (38.6%)
  📍 First 10 indices: [46, 69, 299, 322, 345, 368, 391, 414, 437, 460]
──────────────────────────────────────────────────────────────────────

Processing videos:  38%|▍| 1016/2700 [3:00:37<22:09:19, 47.36s/it, video=qFUuUzZNznY, orig=513, new=5188, final=5467, duProcessing videos:  38%|▍| 1016/2700 [3:02:04<22:09:19, 47.36s/it, video=qFUuUzZNznY, orig=513, new=5799, final=6055, duProcessing videos:  38%|▍| 1017/2700 [3:02:04<27:43:50, 59.32s/it, video=qFUuUzZNznY, orig=513, new=5799, final=6055, du                                                                                                                        
──────────────────────────────────────────────────────────────────────
📹 Video: p7HKvqRI_Bo
──────────────────────────────────────────────────────────────────────
  📊 Scores: Max=0.8705 | Min=0.0184 | Range=[0.0184, 0.8705]
  🎯 Threshold: 0.6093 (70.0% of max)
  ✅ High-Score Frames: 29/280 (10.4%)
  📍 First 10 indices: [1472, 1495, 1518, 1541, 3358, 3381, 3404, 3450, 3473, 3496]
──────────────────────────────────────────────────────────────────────

Processing videos:  38%|▍| 1017/2700 [3:02:04<27:43:50, 59.32s/it, video=qFUuUzZNznY, orig=513, new=5799, final=6055, duProcessing videos:  38%|▍| 1017/2700 [3:02:17<27:43:50, 59.32s/it, video=p7HKvqRI_Bo, orig=280, new=838, final=1083, dupProcessing videos:  38%|▍| 1018/2700 [3:02:17<21:08:27, 45.25s/it, video=p7HKvqRI_Bo, orig=280, new=838, final=1083, dup                                                                                                                        
──────────────────────────────────────────────────────────────────────
📹 Video: p7HKvqRI_Bo
──────────────────────────────────────────────────────────────────────
  📊 Scores: Max=0.9997 | Min=0.0010 | Range=[0.0010, 0.9997]
  🎯 Threshold: 0.6998 (70.0% of max)
  ✅ High-Score Frames: 32/280 (11.4%)
  📍 First 10 indices: [2208, 2231, 2254, 2277, 2300, 2323, 2346, 2369, 2392, 2530]
──────────────────────────────────────────────────────────────────────

Processing videos:  38%|▍| 1018/2700 [3:02:17<21:08:27, 45.25s/it, video=p7HKvqRI_Bo, orig=280, new=838, final=1083, dupProcessing videos:  38%|▍| 1018/2700 [3:02:30<21:08:27, 45.25s/it, video=p7HKvqRI_Bo, orig=280, new=909, final=1150, dupProcessing videos:  38%|▍| 1019/2700 [3:02:30<16:41:08, 35.73s/it, video=p7HKvqRI_Bo, orig=280, new=909, final=1150, dup                                                                                                                        
──────────────────────────────────────────────────────────────────────
📹 Video: p7HKvqRI_Bo
──────────────────────────────────────────────────────────────────────
  📊 Scores: Max=0.9996 | Min=0.0004 | Range=[0.0004, 0.9996]
  🎯 Threshold: 0.6997 (70.0% of max)
  ✅ High-Score Frames: 28/280 (10.0%)
  📍 First 10 indices: [1886, 1909, 1932, 1955, 1978, 2001, 2024, 2047, 2070, 2093]
──────────────────────────────────────────────────────────────────────

Processing videos:  38%|▍| 1019/2700 [3:02:30<16:41:08, 35.73s/it, video=p7HKvqRI_Bo, orig=280, new=909, final=1150, dupProcessing videos:  38%|▍| 1019/2700 [3:02:45<16:41:08, 35.73s/it, video=p7HKvqRI_Bo, orig=280, new=970, final=1206, dupProcessing videos:  38%|▍| 1020/2700 [3:02:45<13:42:12, 29.36s/it, video=p7HKvqRI_Bo, orig=280, new=970, final=1206, dup                                                                                                                        
──────────────────────────────────────────────────────────────────────
📹 Video: tBVUTFPate0
──────────────────────────────────────────────────────────────────────
  📊 Scores: Max=0.5332 | Min=0.0929 | Range=[0.0929, 0.5332]
  🎯 Threshold: 0.3732 (70.0% of max)
  ✅ High-Score Frames: 87/538 (16.2%)
  📍 First 10 indices: [232, 290, 348, 609, 667, 1566, 1885, 2088, 2146, 2175]
──────────────────────────────────────────────────────────────────────

Processing videos:  38%|▍| 1020/2700 [3:02:45<13:42:12, 29.36s/it, video=p7HKvqRI_Bo, orig=280, new=970, final=1206, dupProcessing videos:  38%|▍| 1020/2700 [3:03:33<13:42:12, 29.36s/it, video=tBVUTFPate0, orig=538, new=3143, final=3514, duProcessing videos:  38%|▍| 1021/2700 [3:03:33<16:15:37, 34.86s/it, video=tBVUTFPate0, orig=538, new=3143, final=3514, du                                                                                                                        
──────────────────────────────────────────────────────────────────────
📹 Video: tBVUTFPate0
──────────────────────────────────────────────────────────────────────
  📊 Scores: Max=0.9890 | Min=0.2037 | Range=[0.2037, 0.9890]
  🎯 Threshold: 0.6923 (70.0% of max)
  ✅ High-Score Frames: 512/538 (95.2%)
  📍 First 10 indices: [174, 203, 232, 261, 290, 319, 348, 377, 406, 435]
──────────────────────────────────────────────────────────────────────

Processing videos:  38%|▍| 1021/2700 [3:03:33<16:15:37, 34.86s/it, video=tBVUTFPate0, orig=538, new=3143, final=3514, du